normalized,pnsp_compound,pur_chemname,pur_chem_code,cfr180_chemical,cfr180_section,n_sources
1010OXYBISPHENOXYARSINE,,"10,10'-OXYBISPHENOXYARSINE",1402,,,1
1080,,1080,633,,,1
1113HEXADECADIENAL,,"(Z,Z)-11,13-HEXADECADIENAL",5314,,,1
111TRICHLOROETHANE,,"1,1,1-TRICHLOROETHANE",138,,,1
1123TETRAMETHYLBUTYLAMINEDODECYLBENZENESULFONATE,,"1,1,2,3-TETRAMETHYL BUTYLAMINE DODECYL BENZENE SULFONATE",3472,,,1
112TRICHLORO122TRIFLUOROETHANE,,"1,1,2-TRICHLORO-1,2,2-TRIFLUORO-ETHANE",2960,,,1
112TRICHLOROETHANE,,"1,1,2-TRICHLOROETHANE",1425,,,1
1133DIMETHYLBUTANE2OL,,"1-(4-PHENYL PHENOXY)-1-(1,2,4-TRIAZOLE-1)-3,3-DIMETHYL BUTANE-2-OL",2773,,,1
11BIS,,"1,1-(2-BUTENYLENE) BIS (3,5,7-TRIAZA-1-AZONIA ADAMANTANE CHLORIDE)",1943,,,1
11DICHLORO1NITROPROPANE,,"1,1-DICHLORO-1-NITROPROPANE",3902,,,1
11DIMETHYLHYDRAZINE,,"1,1-DIMETHYL HYDRAZINE",2518,,,1
11HEXADECEN1OLACETATE,,(Z)-11-HEXADECEN-1-OL ACETATE,5767,,,1
11HEXADECEN1YLACETATE,,(Z)-11-HEXADECEN-1-YL ACETATE,5316,,,1
11HEXADECENAL,,(Z)-11-HEXADECENAL,2126,,,1
11SULFITE,,1-(PARA-TERT-BUTYL PHENOXY)-1-(2-BUTYNYL) SULFITE,1721,,,1
123PROPANETRICARBOXYLIC2HYDROXYTRILITHIUM,,"1,2,3-PROPANE TRICARBOXYLIC ACID, 2-HYDROXY, TRILITHIUM SALT",3925,,,1
123PROPANETRIOLHOMOPOLYMER9OCTADECENOATE,,"1,2,3-PROPANETRIOL, HOMOPOLYMER, (Z)-9-OCTADECENOATE",2833,,,1
123PROPANETRIOLHOMOPOLYMERDODECANOATE,,"1,2,3-PROPANETRIOL, HOMOPOLYMER, DODECANOATE",6442,,,1
124TRIAZOLE,,"1,2,4-TRIAZOLE",3560,,,1
124TRICHLOROBENZENE,,"1,2,4-TRICHLOROBENZENE",600,,,1
124TRIMETHYLBENZENE,,"1,2,4-TRIMETHYLBENZENE",5883,,,1
12ALKYL2IMIDAZOLINEALKYLDERIVEDFROMTALLOILFATTYACIDS,,"1-(2-HYDROXYETHYL)-2-ALKYL-2-IMIDAZOLINE, ALKYL DERIVED FROM TALL OIL FATTY ACIDS",1664,,,1
12BENZISOTHIAZOLIN3ONE,,"1,2-BENZISOTHIAZOLIN-3-ONE",1893,,,1
12DIBROMO24DICYANOBUTANE,,"1,2-DIBROMO-2,4-DICYANOBUTANE",2313,,,1
12DICHLOROPROPANE,,"1,2-DICHLOROPROPANE",2501,,,1
12DICHLOROPROPANE13DICHLOROPROPENEANDRELATEDC3COMPOUNDS,,"1,2-DICHLOROPROPANE, 1,3-DICHLOROPROPENE AND RELATED C3 COMPOUNDS",185,,,1
12DIMETHYLHYDRAZINE,,"1,2-DIMETHYL HYDRAZINE",3165,,,1
12EPOXYBUTANE,,"1,2-EPOXY BUTANE",3190,,,1
12OCTANEDIOL,,"1,2-OCTANEDIOL",6243,,,1
12PIPERIDINE,,1-(1-METHYL-PROPOXYCARBONYL)-2-(2-HYDROXYETHYL)-PIPERIDINE,5009,,,1
1346TETRACHLOROGLYCOLURIL,,"1,3,4,6-TETRACHLOROGLYCOLURIL",182,,,1
1346TETRACHLOROGLYCOLURILOTHERRELATED,,"1,3,4,6-TETRACHLOROGLYCOLURIL, OTHER RELATED",90182,,,1
1357TETRAAZABICYCLONONANE37DINITROSO,,"1,3,5,7-TETRAAZA BICYCLO (3.3.1) NONANE, 3,7-DINITROSO",3468,,,1
1357TRIAZA1AZONIAADAMANTANECHLORIDE,,"1-(3-CHLOROALLYL)-3,5,7-TRIAZA-1-AZONIA ADAMANTANE CHLORIDE",250,,,1
135TRIMETHYLBENZENE,,"1,3,5-TRIMETHYLBENZENE",5884,,,1
13AMINOPROPANE,,1-(ALKYLAMINO)-3-AMINOPROPANE,1830,,,1
13BIS55DIMETHYLHYDANTOIN,,"1,3-BIS(HYDROXYMETHYL)-5,5-DIMETHYL HYDANTOIN",2298,,,1
13BUTADIENE,,"1,3-BUTADIENE",2431,,,1
13BUTYLENEGLYCOL,,"1,3-BUTYLENE GLYCOL",1034,,,1
13DIBROMO55DIMETHYLHYDANTOIN,,"1,3-DIBROMO-5,5-DIMETHYLHYDANTOIN",4036,,,1
13DICHLORO55DIMETHYLHYDANTOIN,,"1,3-DICHLORO-5,5-DIMETHYLHYDANTOIN",37,,,1
13DICHLORO5ETHYL5METHYLHYDANTOIN,,"1,3-DICHLORO-5-ETHYL-5-METHYLHYDANTOIN",2264,,,1
13DICHLOROPROPENE,,"1,3-DICHLOROPROPENE",573,"1,3-dichloropropene",180.636,2
13DIETHYL2THIOUREA,,"1,3-DIETHYL-2-THIOUREA",2509,,,1
13DINBUTYL2THIOUREA,,"1,3-DI-N-BUTYL-2-THIOUREA",3132,,,1
13METHYLUREA,,"1-(3,4-DICHLOROPHENYL)-3-METHYL UREA",6371,,,1
13PENTADIENE,,"1,3-PENTADIENE",3316,,,1
13PROPANEDIAMINEDODECYLBENZENESULFONATE,,"1,3-PROPANE DIAMINE DODECYL BENZENE SULFONATE",3369,,,1
13PROPANEDIOL,,"1,3-PROPANEDIOL",1699,,,1
145677HEXACHLORO5NORBORNENE23DIMETHANOL,,"1,4,5,6,7,7-HEXACHLORO-5-NORBORNENE-2,3-DIMETHANOL",2588,,,1
14BENZENEDICARBOXYLIC2356TETRACHLOROMONOMETHYL,,"1,4-BENZENEDICARBOXYLIC ACID, 2,3,5,6-TETRACHLORO-, MONOMETHYL ESTER",6046,,,1
14BIS2BUTENE,,"1,4-BIS (BROMOACETOXY)-2-BUTENE",2219,,,1
14DIMETHYLNAPHTHALENE,,"1,4-DIMETHYLNAPHTHALENE",5067,,,1
150SOLVENTNEUTRALBP901BASEOIL,,150 SOLVENT NEUTRAL BP 901 BASE OIL,2724,,,1
16HEXANEDIAMINE,,"1,6-HEXANEDIAMINE",3892,,,1
17DIOXASPIROUNDECANE,,"1,7-DIOXASPIRO-(5,5)-UNDECANE",5786,,,1
1ALKYLAMINO2AMINOPROPANEMONOACETATEALKYLDERIVEDFROMCOCONUTOILFATTYACIDS,,"1-ALKYLAMINO-2-AMINOPROPANE MONOACETATE, ALKYL DERIVED FROM COCONUT OIL FATTY ACIDS",1335,,,1
1ALKYLAMINO3AMINOPROPANEACETATE,,1-ALKYL (C6-C18) AMINO-3-AMINOPROPANE ACETATE,2365,,,1
1ALKYLAMINO3AMINOPROPANEDIACETATE,,1-ALKYL (C6-C18) AMINO-3-AMINOPROPANE DIACETATE,1954,,,1
1AMINOCYCLOPROPANE1CARBOXYLIC,,1-AMINOCYCLOPROPANE-1-CARBOXYLIC ACID,6503,,,1
1AZONAPHTHALENOL,,1-((4-METHYL-2-NITROPHENYL) AZO) NAPHTHALENOL,2682,,,1
1BENZYL2STEARYLBENZENIDAZOL63DISULFONIC,,"1-BENZYL-2-STEARYL-BENZENIDAZOL-6,3'-DISULFONIC ACID, SODIUM SALT",3066,,,1
1BROMO3CHLORO55DIMETHYLHYDANTOIN,,"1-BROMO-3-CHLORO-5,5-DIMETHYL HYDANTOIN",2080,,,1
1BUTOXY2PROPANOL,,1-BUTOXY-2-PROPANOL,2625,,,1
1BUTOXYETHOXY2PROPANOL,,1-BUTOXY ETHOXY-2-PROPANOL,3074,,,1
1CHLORO11DIFLUOROETHANE,,"1-CHLORO-1,1-DIFLUORO ETHANE",3103,,,1
1CHLORO2NITROPROPANE,,1-CHLORO-2-NITROPROPANE,351,,,1
1CHLORO55DIMETHYLHYDANTOIN,,"1-CHLORO-5,5-DIMETHYLHYDANTOIN",6125,,,1
1CHLOROBUTANE,,1-CHLOROBUTANE,1151,,,1
1DECANOL,,1-DECANOL,1791,,,1
1H124TRIAZOLE,,"1H-1,2,4-TRIAZOLE",6488,,,1
1HBENZOTRIAZOLE,,1H-BENZO TRIAZOLE,2418,,,1
1HEPTADECENYL22IMIDAZOLINIUMCHLORIDE,,1-HEPTADECENYL-2-(2-HYDROXYETHYL)-2-IMIDAZOLINIUM CHLORIDE,3219,,,1
1HEPTANOL,,1-HEPTANOL,3222,,,1
1HEXANOL,,1-HEXANOL,3229,,,1
1HYDROXYETHYL1BENZYL2ALKYLIMIDAZOLINIUMCHLORIDE,,1-HYDROXYETHYL-1-BENZYL-2-ALKYL IMIDAZOLINIUM CHLORIDE,2603,,,1
1ISOBUTOXY2PROPANOL,,1-ISOBUTOXY-2-PROPANOL,5913,,,1
1METHYL1TALLOILAMIDOETHYL2TALLOILIMIDAZOLINOMETHOSULFATE,,1-METHYL-1-TALL OIL AMIDO ETHYL-2-TALL OIL-IMIDAZOLINO METHOSULFATE,3289,,,1
1METHYL1TALLOWALKYLAMIDOETHYL2HEPTADECYLIMIDAZOLINIUMMETHOSULFATE,,1-METHYL-1-TALLOWALKYLAMIDOETHYL-2-HEPTADECYLIMIDAZOLINIUM METHOSULFATE,3290,,,1
1METHYL357TRIAZA1AZONIATRICYCLODECANECHLORIDE,,"1-METHYL-3,5,7-TRIAZA-1-AZONIA TRICYCLO (3.3.1.1.3.7) DECANE CHLORIDE",2290,,,1
1METHYLCYCLOPROPENE,,1-METHYLCYCLOPROPENE,5295,,,1
1METHYLPYRROLIDINE,,1-METHYL PYRROLIDINE,3287,,,1
1NAPHTHALENEACETAMIDE,,1-NAPHTHALENEACETAMIDE,422,,,1
1NAPHTHALENEACETIC,,,,1-Naphthaleneacetic acid,180.155,1
1NAPHTHOL,,1-NAPHTHOL,6374,,,1
1OCTEN3OL,,1-OCTEN-3-OL,4029,,,1
1TETRADEANAMINENNDIMETHYLNOXIDE,,"1-TETRADEANAMINE, N,N- DIMETHYL-, N-OXIDE",6444,,,1
1TETRADECYLPYRIDINIUMBROMIDE,,1-TETRADECYL PYRIDINIUM BROMIDE,3469,,,1
1VERDEGREENSOLUTION,,1% VERDE GREEN SOLUTION,2982,,,1
1VINYL2PYRROLIDINONE,,1-VINYL-2-PYRROLIDINONE,2985,,,1
22AZOBISISOBUTYRONITRILE,,"2,2'-AZOBIS ISOBUTYRONITRILE",2407,,,1
22BIS,,"2,2'-(1-METHYLTRIMETHYLENEDIOXY)BIS-(4-METHYL-1,3,2-DIOXABORINANE)",2227,,,1
22BISMETHANE,,"2,2'-BIS(6-T-BUTYL-P-CRESYL)-METHANE",3280,,,1
22BISWITHBISPHOSPHATE,,"2,2'-(COCOALKYLIMINO)-BIS-(ETHANOL) WITH BIS-(2-ETHYLHEXYL) PHOSPHATE (1:1)",3837,,,1
22BISWITHMONOPHOSPHATE,,"2,2'-(COCOALKYLIMINO)-BIS-(ETHANOL) WITH MONO (2-ETHYLHEXYL) PHOSPHATE (1:1)",3836,,,1
22DIBROMO3NITRILOPROPIONAMIDE,,"2,2-DIBROMO-3-NITRILOPROPIONAMIDE",1749,,,1
22DIETHANOL,,"2,2'-(ETHYL IMINO) DIETHANOL",3191,,,1
22HEXADECYLIMINODIETHANOL,,"2,2'-HEXADECYL IMINO DIETHANOL",3225,,,1
22METHYLENEBIS,,"2,2-METHYLENE BIS(4,6-DICHLOROPHENOL), SODIUM SALT",1843,,,1
22OCTADECYLIMINODIETHANOL,,"2,2'-OCTADECYL IMINO DIETHANOL",3306,,,1
22OXYBIS,,"2,2'-OXYBIS (4,4,6-TRIMETHYL-1,3,2-DIOXABORINANE)|2,2-OXYBIS (4-DODECYL BENZENE SULFONATE)",1741|792,,,1
2346TETRACHLOROPHENOL,,"2,3,4,6-TETRACHLOROPHENOL, POTASSIUM SALT",1725,,,1
2356TETRACHLORO4PYRIDINE,,"2,3,5,6-TETRACHLORO-4-(METHYLSULFONYL) PYRIDINE",1675,,,1
2356TETRACHLORO4PYRIDINEOTHERRELATED,,"2,3,5,6-TETRACHLORO-4-(METHYLSULFONYL) PYRIDINE, OTHER RELATED",91675,,,1
2356TETRAFLUORO4METHYLBENZYL1RSCIS3Z2CHLORO333CARBOXYLATE,,"2,3,5,6-TETRAFLUORO-4-METHYLBENZYL (1RS-CIS-3-Z-2-CHLORO-3,3,3-CARBOXYLATE",2932,,,1
235TRICHLORO4PYRIDINE,,"2,3,5-TRICHLORO-4-(PROPYLSULFONYL) PYRIDINE",1819,,,1
235TRICHLORO4PYRIDINEOTHERRELATED,,"2,3,5-TRICHLORO-4-(PROPYLSULFONYL)PYRIDINE, OTHER RELATED",91819,,,1
235TRIIODOBENZOICDIMETHYLAMINE,,"2,3,5-TRIIODO BENZOIC ACID, DIMETHYLAMINE SALT",797,,,1
235TRIIODOBENZOICDIMETHYLAMINEOTHERRELATED,,"2,3,5-TRIIODOBENZOIC ACID, DIMETHYLAMINE SALT, OTHER RELATED",90797,,,1
236TICHLOROBENZOICDIMETHYLAMINEOTHERRELATED,,"2,3,6-TICHLOROBENZOIC ACID, DIMETHYLAMINE SALT, OTHER RELATED",90800,,,1
236TRICHLOROBENZOICDIMETHYLAMINE,,"2,3,6-TRICHLOROBENZOIC ACID, DIMETHYLAMINE SALT",800,,,1
23DICHLOROPROPENE,,"2,3-DICHLOROPROPENE",506,,,1
245T,,"2,4,5-T",639,,,1
245T2ETHYLHEXYL,,"2,4,5-T, 2-ETHYLHEXYL ESTER",1092,,,1
245TALKYLAMINE,,"2,4,5-T, ALKYLAMINE SALT",818,,,1
245TBUTOXYETHANOL,,"2,4,5-T, BUTOXYETHANOL ESTER",819,,,1
245TBUTOXYPROPYL,,"2,4,5-T, BUTOXYPROPYL ESTER",824,,,1
245TBUTYL,,"2,4,5-T, BUTYL ESTER",822,,,1
245TDIMETHYLAMINE,,"2,4,5-T, DIMETHYLAMINE SALT",1474,,,1
245TDODECYLAMINE,,"2,4,5-T, DODECYLAMINE SALT",1988,,,1
245TISOOCTYL,,"2,4,5-T, ISOOCTYL ESTER",851,,,1
245TNOLEYL13PROPYLENEDIAMINE,,"2,4,5-T, N-OLEYL-1,3-PROPYLENEDIAMINE SALT",1097,,,1
245TRICHLOROPHENOL,,"2,4,5-TRICHLOROPHENOL|2,4,5-TRICHLOROPHENOL, POTASSIUM SALT|2,4,5-TRICHLOROPHENOL, SODIUM SALT",1050|1382|1656,,,1
245TRICHLOROPHENOLOTHERRELATED,,"2,4,5-TRICHLOROPHENOL, POTASSIUM SALT, OTHER RELATED|2,4,5-TRICHLOROPHENOL, SODIUM SALT, OTHER RELATED",91050|91656,,,1
245TTETRADECYLAMINE,,"2,4,5-T, TETRADECYLAMINE SALT",1989,,,1
245TTRIETHYLAMINE,,"2,4,5-T, TRIETHYLAMINE SALT",850,,,1
246TRICHLOROPHENOL,,"2,4,6-TRICHLOROPHENOL|2,4,6-TRICHLOROPHENOL, SODIUM SALT",1189|640|960,,,1
246TRICHLOROPHENOLOTHERRELATED,,"2,4,6-TRICHLOROPHENOL, SODIUM SALT, OTHER RELATED",90960,,,1
246TRIISOPROPYLPHENOL,,"2,4,6-TRIISOPROPYL PHENOL",3492,,,1
246TRISPHENOL,,"2,4,6-TRIS(DIMETHYLAMINOMETHYL)PHENOL",6059,,,1
2479TETRAMETHYL5DECYNE47DIOL,,"2,4,7,9-TETRAMETHYL-5-DECYNE-4,7-DIOL",2934,,,1
24D,"2,4-D","2,4-D|2,4-D, LITHIUM SALT|2,4-D, SODIUM SALT",636|811|813,"2,4-D",180.142,3
24D2ETHYLHEXYL,,"2,4-D, 2-ETHYLHEXYL ESTER",1622,,,1
24DALKANOLAMINE,,"2,4-D, ALKANOLAMINE SALTS (ETHANOL AND ISOPROPANOL AMINES)",801,,,1
24DB,"2,4-DB","2,4-DB ACID",5020,,,2
24DBUTOXYETHANOL,,"2,4-D, BUTOXYETHANOL ESTER",802,,,1
24DBUTOXYETHOXYPROPANOL,,"2,4-D, BUTOXY ETHOXY PROPANOL ESTER",1255,,,1
24DBUTOXYPROPYL,,"2,4-D, BUTOXYPROPYL ESTER",803,,,1
24DBUTYL,,"2,4-D, BUTYL ESTER",804,,,1
24DDIETHANOLAMINE,,"2,4-D, DIETHANOLAMINE SALT",805,,,1
24DDIETHYLAMINE,,"2,4-D, DIETHYLAMINE SALT",875,,,1
24DDIMETHYLAMINE,,"2,4-D, DIMETHYLAMINE SALT",806,,,1
24DDODECYLAMINE,,"2,4-D, DODECYLAMINE SALT",807,,,1
24DECADIENOICETHYL,,"2,4-DECADIENOIC ACID, ETHYL ESTER, (2E,4Z)-",6129,,,1
24DHEPTYLAMINE,,"2,4-D, HEPTYLAMINE SALT",1962,,,1
24DICHLOROANILINE,,"2,4-DICHLORO ANILINE",3135,,,1
24DICHLOROPHENOL,,"2,4-DICHLOROPHENOL",2499,,,1
24DICHLOROPHENOXYACETICCHOLINE,,"2,4-DICHLOROPHENOXYACETIC ACID, CHOLINE SALT",6426,,,1
24DIMETHYLPHENYLFORMAMIDE,,"2,4-DIMETHYLPHENYL FORMAMIDE",6343,,,1
24DINITRO6OCTYLPHENYLCROTONATEAND26DINITRO4OCTYLPHENYLCROTONATE,,,,"2,4-Dinitro-6-octylphenyl crotonate and 2,6-dinitro-4-octylphenyl crotonate",180.341,1
24DINITROPHENOL,,"2,4-DINITROPHENOL",221,,,1
24DISOOCTYL,,"2,4-D, ISOOCTYL ESTER",809,,,1
24DISOPROPYL,,"2,4-D, ISOPROPYL ESTER",810,,,1
24DISOPROPYLAMINE,,"2,4-D, ISOPROPYLAMINE SALT",3953,,,1
24DMETHYL,,"2,4-D, METHYL ESTER",6041,,,1
24DMORPHOLINE,,"2,4-D, MORPHOLINE SALT",1032,,,1
24DNNDIMETHYLOLEYLLINOLEYLAMINE,,"2,4-D, N,N-DIMETHYL OLEYL-LINOLEYLAMINE SALT",1259,,,1
24DNOLEYL13PROPYLENEDIAMINE,,"2,4-D, N-OLEYL-1,3-PROPYLENEDIAMINE SALT",1096,,,1
24DOCTYL,,"2,4-D, OCTYL ESTER",1999,,,1
24DP2ETHYLHEXYL,,"2,4-DP, 2-ETHYLHEXYL ESTER",5061,,,1
24DPDIETHANOLAMINE,,"2,4-DP, DIETHANOLAMINE SALT",2242,,,1
24DPISOOCTYL,,"2,4-DP, ISOOCTYL ESTER",1820,,,1
24DPPDIMETHYLAMINE,,"2,4-DP-P, DIMETHYLAMINE SALT",5336,,,1
24DPPISOOCTYL,,"2,4-DP-P, ISOOCTYL ESTER",5337,,,1
24DPROPYL,,"2,4-D, PROPYL ESTER",1275,,,1
24DPROPYLENEGLYCOLBUTYLETHER,,"2,4-D, PROPYLENE GLYCOL BUTYL ETHER ESTER",812,,,1
24DPTRIETHANOLAMINE,,"2,4-DP, TRIETHANOLAMINE SALT",789,,,1
24DTETRADECYLAMINE,,"2,4-D, TETRADECYLAMINE SALT",814,,,1
24DTRIETHANOLAMINE,,"2,4-D, TRIETHANOLAMINE SALT",815,,,1
24DTRIETHYLAMINE,,"2,4-D, TRIETHYLAMINE SALT",1138,,,1
24DTRIISOPROPANOLAMINE,,"2,4-D, TRIISOPROPANOLAMINE SALT",5538,,,1
24DTRIISOPROPYLAMINE,,"2,4-D, TRIISOPROPYLAMINE SALT",816,,,1
24EPIBRASSINOLIDE,,"2,4-EPIBRASSINOLIDE",6367,,,1
24METHYL2OXAZOLINE4METHANOL,,2-(8-HEPTA DECENYL)-4-METHYL-2-OXAZOLINE-4-METHANOL,3220,,,1
24PENTANEDIONE,,"2,4-PENTANEDIONE",3540,,,1
24XYLENESULFONIC,,"2,4-XYLENE SULFONIC ACID",1091,,,1
24XYLENOL,,"2,4-XYLENOL",638,,,1
25DICHLOROANILINE,,"2,5-DICHLORO ANILINE",3136,,,1
25SULFONYL134THIADIAZOLE,,"2-(1-METHYLETHYL)-5-[(3,4,4-TRIFLUORO-3-BUTEN-1-YL)SULFONYL]-1,3,4-THIADIAZOLE",6460,,,1
268TRIMETHYL4NONANOL,,"2,6,8-TRIMETHYL-4-NONANOL",3303,,,1
26BISMETHYLCYCLOHEXANONE,,"2,6-BIS ((DIMETHYL AMINO) METHYL) CYCLOHEXANONE",1165,,,1
26BISPCRESOL,,"2,6-BIS (1-METHYL HEPTADECYL)-P-CRESOL",3069,,,1
26DICHLOROANILINE,,"2,6-DICHLORO ANILINE",3137,,,1
26DIETHYLANILINE,,"2,6-DIETHYLANILINE",5743,,,1
26DIISOPROPYLNAPHTHALENE,,"2,6-DIISOPROPYLNAPHTHALENE",6344,"2, 6-Diisopropylnaphthalene (2, 6-DIPN)",180.59,2
26DIMETHYL26OCTADIENAL,,"(E)-2,6-DIMETHYL-2,6-OCTADIENAL",3307,,,1
26DIMETHYL2OCTEN8YLNBUTYRATE,,"2,6-DIMETHYL-2-OCTEN-8-YL-N-BUTYRATE",2523,,,1
26DIMETHYL4TRIDECYLMORPHOLINE,,,,"2,6-Dimethyl-4-tridecylmorpholine",180.372,1
26DINITRO4OCTYLPHENYLCROTONATE,,"2,6-DINITRO-4-OCTYLPHENYL CROTONATE",1712,,,1
26METHYLANILINE,,"2-(1-HYDROXYETHYL)-6-METHYLANILINE
",6375,,,1
2ALKYL1BENZYL12IMIDAZOLINIUMCHLORIDE,,2-ALKYL-1-BENZYL-1-(2-HYDROXYETHYL)-2-IMIDAZOLINIUM CHLORIDE (ALKYL DERIVED FROM COCONUT FATTY ACIDS),2342,,,1
2ALKYLISOQUINOLINIUMBROMIDE,,"2-ALKYL (50%C12, 30%C14, 17%C16, 3%C18) ISOQUINOLINIUM BROMIDE",1833,,,1
2AMINO2METHYL1PROPANOL,,2-((HYDROXYMETHYL)AMINO)-2-METHYL-1-PROPANOL,1922,,,1
2AMINOETHANOL,,2-((HYDROXYMETHYL)AMINO) ETHANOL,1662,,,1
2AMINOETHANOLDODECYLBENZENESULFONATE,,2-((2-AMINO ETHYL) AMINO) ETHANOL DODECYL BENZENE SULFONATE,3034,,,1
2BENZOTHIAZOLE,,,,2-(Thiocyanomethylthio)benzothiazole,180.288,1
2BENZOTRIAZOLE,,2-(2'-HYDROXY-5-METHYL PHENYL)-BENZOTRIAZOLE,2607,,,1
2BROMO4HYDROXYACETOPHENONE,,2-BROMO-4-HYDROXYACETOPHENONE,969,,,1
2BUTANONEOXIME,,2-BUTANONE OXIME,3071,,,1
2BUTOXYETHANOL,,2-BUTOXYETHANOL,89,,,1
2BUTOXYETHANOLPHOSPHATE,,2-BUTOXYETHANOL PHOSPHATE,3073,,,1
2CHLORO4ISOPROPYLAMINO6AMINOSTRIAZINE,,2-CHLORO-4-ISOPROPYLAMINO-6-AMINO-S-TRIAZINE,6048,,,1
2CHLORO4PHENYLPHENOL,,"2-CHLORO-4-PHENYLPHENOL|2-CHLORO-4-PHENYLPHENOL, POTASSIUM SALT|2-CHLORO-4-PHENYLPHENOL, SODIUM SALT",1061|1632|846,,,1
2CHLORONACETAMIDE,,"2-CHLORO-N-(2,6-DIETHYLPHENYL)ACETAMIDE|2-CHLORO-N-(HYDROXYMETHYL)ACETAMIDE",2079|6042,,,1
2CHLOROPYRIDINENOXIDE,,2-CHLOROPYRIDINE-N-OXIDE,2466,,,1
2CHLOROSALICYLANILIDE,,2-CHLORO-SALICYLANILIDE,2055,,,1
2CYCLOPENTEN1ONE3METHYL22PENTENYL,,"2-CYCLOPENTEN-1-ONE, 3-METHYL-2-(2Z)-2-PENTENYL-",6456,,,1
2DIETHYLAMINOETHANOL,,2-DIETHYL AMINO ETHANOL,3145,,,1
2DIMETHYLAMINE,,"2-(2,4-DP), DIMETHYLAMINE SALT",2247,,,1
2DIMETHYLETHYL5AMINO134THIADIAZOLE,,"2-DIMETHYLETHYL-5-AMINO-1,3,4-THIADIAZOLE",5996,,,1
2DIMETHYLETHYL5METHYLAMINO134THIADIAZOL,,"2-DIMETHYLETHYL-5-METHYLAMINO-1,3,4-THIADIAZOL",5994,,,1
2ETHANAMINEHYDROCHLORIDE,,"2-(DECYLTHIO)ETHANAMINE, HYDROCHLORIDE SALT",3987,,,1
2ETHANOL,,"(Z)-2-(3,3-DIMETHYL CYCLO HEXYLIDENE)ETHANOL",5079,,,1
2ETHOXYETHANOL,,2-ETHOXYETHANOL,2554,,,1
2ETHYL1HEXANOL,,2-ETHYL-1-HEXANOL,2560,,,1
2ETHYL2BENZIMIDAZOLECARBAMATE,,2-(2-ETHOXYETHOXY) ETHYL 2-BENZIMIDAZOLE CARBAMATE,1983,,,1
2ETHYL6METHYLANILINE,,2-ETHYL-6-METHYLANILINE,6050,,,1
2ETHYLHEXANOIC,,2-ETHYL HEXANOIC ACID,3228,,,1
2ETHYLHEXYLACRYLATE,,2-ETHYL HEXYL ACRYLATE,2115,,,1
2ETHYLHEXYLAMMONIUMISOOCTYLPHOSPHATE,,2-ETHYL HEXYL AMMONIUM ISOOCTYL PHOSPHATE,3202,,,1
2ETHYLHEXYLOXYSTEARATE,,2-ETHYL HEXYL OXYSTEARATE,2561,,,1
2ETHYLHEXYLSULFATE,,"2-ETHYLHEXYL SULFATE, SODIUM SALT",1937,,,1
2ETHYLTHIOCYANATE,,2-(2-BUTOXY ETHOXY) ETHYL THIOCYANATE,355,,,1
2HEPTADECYL1HYDROXYETHYLIMIDAZOLINIUMHYDROCHLORIDE,,2-HEPTADECYL-1-HYDROXYETHYL-IMIDAZOLINIUM HYDROCHLORIDE,931,,,1
2HEPTADECYL1METHYL1ETHYLIMIDAZOLINIUMMETHYLSULFATE,,2-HEPTADECYL-1-METHYL-1-(2-STEAROYL AMIDE) ETHYL) IMIDAZOLINIUMMETHYL SULFATE,3221,,,1
2HEPTAMETHYLTRISILOXANEETHOXYLATEDACETATE,,"2-(3-HYDROXYPROPYL)-HEPTA-METHYL TRISILOXANE, ETHOXYLATED, ACETATE",2610,,,1
2HEPTANONE,,2-HEPTANONE,3223,,,1
2HEPTYL2IMIDAZOLINIUMHYDROXIDE1CARBOXYMETHYLOXYETHYL1CARBOXYMETHYLDISODIUM,,"2-HEPTYL-2-IMIDAZOLINIUM HYDROXIDE-1-CARBOXY METHYLOXY ETHYL-1-CARBOXY METHYL, DISODIUM SALT",3224,,,1
2HEXEN1OLACETATE,,2-HEXEN-1-OL ACETATE,2593,,,1
2HYDROXY4NOCTYLBENZOPHENONE,,2-HYDROXY-4-N-OCTYL BENZOPHENONE,2608,,,1
2HYDROXY6ETHYLAMINO4AMINOSTRIAZINE,,2-HYDROXY-6-ETHYLAMINO-4-AMINO-S-TRIAZINE,6485,,,1
2HYDROXYALACHLOR,,2-HYDROXY ALACHLOR,2602,,,1
2HYDROXYCYCLOHEXYLHEXAZINONE,,2-HYDROXYCYCLOHEXYL HEXAZINONE,5835,,,1
2HYDROXYETHYLDIMETHL3OCTADECANAMIDOPROPYLAMMONIUMNITRATE,,2-HYDROXY ETHYL DIMETHL 3-OCTADECANAMIDO PROPYL AMMONIUM NITRATE,3234,,,1
2HYDROXYETHYLOCTYLSULFIDE,,2-HYDROXYETHYL OCTYL SULFIDE,926,,,1
2HYDROXYPROPYLGUARGUM,,2-HYDROXYPROPYL GUAR GUM,5905,,,1
2ISOPROPYL6METHYL4PYRIMIDINOL,,2-ISOPROPYL-6-METHYL-4-PYRIMIDINOL,6377,,,1
2ISOVALERYL113INDANDIONE,,"2-ISOVALERYL 1-1,3-INDANDIONE|2-ISOVALERYL 1-1,3-INDANDIONE, CALCIUM SALT",1435|1736,,,1
2MERCAPTOBENZOTHIAZOLE,,2-MERCAPTOBENZOTHIAZOLE,556,,,1
2MERCAPTOPYRIDINE,,2-MERCAPTO PYRIDINE,2671,,,1
2METHOXY5NITROPHENOL,,"2-METHOXY-5-NITRO PHENOL, SODIUM SALT",5117,,,1
2METHOXYBENZOYLSULFONAMIDE,,2-METHOXYBENZOYLSULFONAMIDE,6504,,,1
2METHYL13PROPANEDIOL,,"2-METHYL-1,3-PROPANEDIOL",5134,,,1
2METHYL1BUTANOL,,2-METHYL-1-BUTANOL,5988,,,1
2METHYL1NAPHTHALENEACETAMIDE,,2-METHYL-1-NAPHTHALENE ACETAMIDE,782,,,1
2METHYL1NAPHTHALENEACETIC,,2-METHYL-1-NAPHTHALENE ACETIC ACID,783,,,1
2METHYL3BUTYN2OL,,2-METHYL-3-BUTYN-2-OL,3285,,,1
2METHYL45TRIMETHYLENE4ISOTHIAZOLIN3ONE,,"2-METHYL-4,5-TRIMETHYLENE-4-ISOTHIAZOLIN-3-ONE",5013,,,1
2METHYL4ISOTHIAZOLIN3ONE,,2-METHYL-4-ISOTHIAZOLIN-3-ONE,2039,,,1
2METHYL78EPOXYOCTADECANE,,"2-METHYL-7(R),8(S)-EPOXY OCTADECANE",2165,,,1
2NAPHTHOL,,2-NAPHTHOL,886,,,1
2NITRO1BUTYLPHOSPHATE,,2-NITRO-1-BUTYL PHOSPHATE,2033,,,1
2NITROPROPANE,,2-NITROPROPANE,3301,,,1
2NNDIETHYLPROPIONAMIDE,,"2-(ALPHA-NAPHTHOXY-4-HYDROXY)-N,N-DIETHYL PROPIONAMIDE|2-(ALPHA-NAPHTHOXY-5-HYDROXY)-N,N-DIETHYL PROPIONAMIDE",2696|2697,,,1
2PARACYMENOLCHLOROETHYL,,"2-PARA-CYMENOL, CHLOROETHYL ESTER",1162,,,1
2PHENOXYETHOXYETHYLDIMETHYLBENZYLAMMONIUMCHLORIDE,,2-(2-(P-(DIISOBUTYL) PHENOXY) ETHOXY) ETHYL DIMETHYLBENZYL AMMONIUM CHLORIDE,66,,,1
2PHOSPHONO124BUTANETRICARBOXYLICAQUEOUS,,"2-PHOSPHONO-1,2,4-BUTANETRICARBOXYLIC ACID AQUEOUS",2776,,,1
2PROPANOL1AMINO,,"2-PROPANOL, 1-AMINO",3917,,,1
2PROPENOICPOLYMERWITH2PROPENAMIDE,,"2-PROPENOIC ACID, POLYMER WITH 2-PROPENAMIDE, SODIUM SALT",6257,,,1
2PROPENOICTELOMERWITHSODIUMHYDROGENSULFITE,,"2-PROPENOIC ACID, TELOMER WITH SODIUM HYDROGEN SULFITE",6312,,,1
2PROPIONAMIDE,,2-(3-CHLOROPHENOXY)PROPIONAMIDE,2464,,,1
2SECBUTYLPHENOL,,2-SEC-BUTYLPHENOL,6286,,,1
313OCTADECADIEN1YLACETATE,,"3,13 OCTADECADIEN-1-YL ACETATE",5859,,,1
3344TETRACHLOROTETRAHYDROTHIOPHENE11DIOXIDE,,"3,3,4,4-TETRACHLORO TETRAHYDROTHIOPHENE 1,1-DIOXIDE",1898,,,1
3344TETRACHLOROTETRAHYDROTHIOPHENE11DIOXIDEOTHERRELATED,,"3,3,4,4-TETRACHLOROTETRAHYDROTHIOPHENE 1,1-DIOXIDE, OTHER RELATED",91898,,,1
335TRIMETHYLCYCLOHEXANOL,,"3,3,5-TRIMETHYL CYCLOHEXANOL",3493,,,1
33DIMETHYL2METHYLENENORCAMPHENE,,"3,3-DIMETHYL-2-METHYLENE NORCAMPHENE",2530,,,1
344TRIMETHYLOXAZOLIDINE,,"3,4,4-TRIMETHYL OXAZOLIDINE",2157,,,1
345TRIBROMOSALICYLANILIDE,,"3,4',5-TRIBROMOSALICYLANILIDE",833,,,1
345TRIBROMOSALICYLANILIDEOTHERRELATED,,"3,4',5-TRIBROMOSALICYLANILIDE, OTHER RELATED",90833,,,1
34DICHLOROANILINE,,"3,4-DICHLORO ANILINE",3138,,,1
34DIHYDRO2HPYRAN,,"3,4-DIHYDRO-2H-PYRAN",2511,,,1
355TRIMETHYL2CYCLOHEXEN1ONE,,"3,5,5-TRIMETHYL-2-CYCLOHEXEN-1-ONE",2964,,,1
35DIBROMOSALICYLANILIDE,,"3,5-DIBROMOSALICYLANILIDE",1256,,,1
35DICHLOROANILINE,,"3,5-DICHLORO ANILINE|3,5-DICHLOROANILINE",3139|6068,,,1
35DICHLOROBENZOIC,,"3,5-DICHLOROBENZOIC ACID",4066,,,1
35DIMETHYL1HEXYL3OL,,"3,5-DIMETHYL-1-HEXYL-3-OL",3164,,,1
36DIMETHYL4OCTYNE36DIOL,,"3,6-DIMETHYL-4-OCTYNE-3,6-DIOL",3166,,,1
37DIMETHYL6OCTANOL,,"3,7-DIMETHYL-6-OCTANOL",2140,,,1
37DIMETHYL6OCTEN1OL,,"3,7-DIMETHYL-6-OCTEN-1-OL",2139,,,1
37DIMETHYL6OCTEN1OLACETATE,,"3,7-DIMETHYL-6-OCTEN-1-OL ACETATE",2522,,,1
3ALKOXY2HYDROXYPROPYLTRIMETHYLAMMONIUMCHLORIDE,,3-ALKOXY (C12-C15)-2-HYDROXYPROPYL TRIMETHYL AMMONIUM CHLORIDE,2020,,,1
3BUTOXY1PROPANOL,,3-BUTOXY-1-PROPANOL,5912,,,1
3CHLORO2METHYLPROPENE,,3-CHLORO-2-METHYL PROPENE,2463,,,1
3CHLOROPTOLUIDINEHYDROCHLORIDE,,3-CHLORO-P-TOLUIDINE HYDROCHLORIDE,549,,,1
3CPA,,3-CPA,17,,,1
3DECEN2ONE,,3-DECEN-2-ONE,6111,,,1
3HYDROXYCARBOFURAN,,3-HYDROXYCARBOFURAN,4074,,,1
3IODO2PROPYNYLBUTYLCARBAMATE,,3-IODO-2-PROPYNYL BUTYLCARBAMATE,1938,,,1
3KETOCARBOFURANPHENOL,,3-KETOCARBOFURAN PHENOL,4075,,,1
3METHYL6ISOPROPENYL9DECEN1YLACETATE,,"(3S, 6R)-3-METHYL-6-ISOPROPENYL-9-DECEN-1-YL ACETATE|(3S, 6S)-3-METHYL-6-ISOPROPENYL-9-DECEN-1-YL ACETATE",5825|5826,,,1
3METHYL6ISOPROPENYL9DECENYLACETATE,,3-METHYL-6-ISOPROPENYL-9-DECENYL ACETATE,6455,,,1
3OXAPENTANE15DIOL,,"3-OXAPENTANE-1,5-DIOL",6150,,,1
3PHENOXYBENZALDEHYDE,,3-PHENOXYBENZALDEHYDE,2769,,,1
3PHENOXYBENZOIC,,3-PHENOXYBENZOIC ACID,2770,,,1
3PHENOXYBENZYLALCOHOL,,3-PHENOXYBENZYL ALCOHOL,2771,,,1
3PROPYLDIMETHYLOCTADECYLAMMONIUMCHLORIDE,,3-(TRIHYDROXYSILYL) PROPYL DIMETHYL OCTADECYL AMMONIUM CHLORIDE|3-(TRIMETHOXYSILYL) PROPYLDIMETHYLOCTADECYL AMMONIUM CHLORIDE,2127|6053,,,1
41OXA4AZASPIRO45DECANE,,,,4-(Dichloroacetyl)-1-oxa-4-azaspiro[4.5]decane.,180.465,1
43BUTEN2ONE,,4-(P-METHOXYPHENYL)-3-BUTEN-2-ONE,2674,,,1
44DIMETHYL2OXAZOLIDINONE,,"4,4-DIMETHYL-2-OXAZOLIDINONE",4017,,,1
44DIMETHYLOXAZOLIDINE,,"4,4-DIMETHYL OXAZOLIDINE",2156,,,1
44DIMORPHOLINE,,"4,4-(2-ETHYL-2-NITROTRIMETHYLENE)DIMORPHOLINE",2114,,,1
456788HEXACHLORO233A77AHEXAHYDRO47METHANOBENZOFURAN,,"4,5,6,7,8,8-HEXACHLORO-2,3,3A,7,7A-HEXAHYDRO-4,7-METHANO BENZOFURAN",2589,,,1
45DIBROMOSALICYLANILIDE,,"4',5-DIBROMOSALICYLANILIDE",839,,,1
45DICHLORO2NOCTYL3ISOTHIAZOLONE,,"4,5-DICHLORO-2-N-OCTYL-3(2H)-ISOTHIAZOLONE",3982,,,1
46CHLORO2PHENYLPHENOL,,4 & 6 - CHLORO-2-PHENYLPHENOL,1566,,,1
46CHLORO2PHENYLPHENOLOTHERRELATED,,"4 & 6-CHLORO-2-PHENYLPHENOL, OTHER RELATED",91566,,,1
46CHLORO2PHENYLPHENOLPOTASSIUMMIXED,,"4 & 6 - CHLORO-2-PHENYLPHENOL, POTASSIUM SALTS, MIXED",1604,,,1
46CHLORO2PHENYLPHENOLSODIUMMIXED,,"4 & 6 - CHLORO-2-PHENYLPHENOL, SODIUM SALTS, MIXED",1594,,,1
46DICHLORO2PHENYLPHENOL,,"4,6-DICHLORO-2-PHENYLPHENOL|4,6-DICHLORO-2-PHENYLPHENOL, POTASSIUM SALT",1059|1062,,,1
46DIMETHOXY2PYRIMIDINE,,"4,6-DIMETHOXY-2-PYRIMIDINE",3844,,,1
4AMINOPYRIDINE,,4-AMINOPYRIDINE,50,,,1
4BUTOXYETHANOL,,"4-(2,4-DB), BUTOXYETHANOL ESTER",837,,,1
4BUTYRIC,,,,"4-(2,4-Dichlorophenoxy) butyric acid|4-(2-Methyl-4-chlorophenoxy) butyric acid",180.318|180.331,1
4CHLORO2CYCLOPENTYLPHENOL,,"4-CHLORO-2-CYCLOPENTYL PHENOL, POTASSIUM SALT|4-CHLORO-2-CYCLOPENTYLPHENOL",1237|836,,,1
4CHLORO2PHENYLPHENOL,,"4-CHLORO-2-PHENYLPHENOL|4-CHLORO-2-PHENYLPHENOL, POTASSIUM SALT|4-CHLORO-2-PHENYLPHENOL, SODIUM SALT",945|946|947,,,1
4CHLORO35XYLENOL,,"4-CHLORO-3,5-XYLENOL",925,,,1
4CHLOROCYCLOPENTYLPHENOL,,"4-CHLORO-CYCLOPENTYLPHENOL, SODIUM SALT",1395,,,1
4CHLOROORTHOCRESOL,,4-CHLORO-ORTHO-CRESOL,4061,,,1
4CPA,,4-CPA,643,,,1
4CPADIETHANOLAMINE,,"4-CPA, DIETHANOLAMINE SALT",1550,,,1
4CYCLOHEXENE12DICARBOXIMIDE,,"4-CYCLOHEXENE-1,2-DICARBOXIMIDE",3122,,,1
4DIMETHYLAMINE,,"4-(2,4-DB), DIMETHYLAMINE SALT",838,,,1
4HYDROXYCHLOROTHALONIL,,4-HYDROXY CHLOROTHALONIL,6378,,,1
4HYDROXYHEXAZINONEA,,4-HYDROXYHEXAZINONE A,6471,,,1
4HYDROXYMOLINATE,,4-HYDROXY MOLINATE,6379,,,1
4HYDROXYMPHENOXYBENZOIC,,4'-HYDROXY-M-PHENOXY BENZOIC ACID,2609,,,1
4ISOOCTYL,,"4-(2,4-DB), ISOOCTYL ESTER",1385,,,1
4MORPHOLINE,,4-(2-NITROBUTYL)MORPHOLINE,2113,,,1
4NONYLPHENOLFORMALDEHYDERESINETHOXYLATED,,"4-NONYLPHENOL, FORMALDEHYDE RESIN, ETHOXYLATED",3752,,,1
4NONYLPHENOLFORMALDEHYDERESINPROPOXYLATED,,"4-NONYLPHENOL, FORMALDEHYDE RESIN, PROPOXYLATED",1788,,,1
4PENDIMETHALIN,,4-(HYDROXYMETHYL) PENDIMETHALIN,6473,,,1
4TRIDECEN1YLACETATE,,(E)-4-TRIDECEN-1-YL-ACETATE|(Z)-4-TRIDECEN-1-YL-ACETATE,2199|2200,,,1
4VINYLCYCLOHEXENEDIEPOXIDE,,4-VINYLCYCLOHEXENEDIEPOXIDE,6316,,,1
55DIMETHYLHYDANTOIN,,"5,5-DIMETHYLHYDANTOIN",5833,,,1
5CHLORO13DIHYDRO21BENZOXOBOROL1OL,,"5-CHLORO-1,3-DIHYDRO-2,1-BENZOXOBOROL-1-OL",6247,,,1
5CHLORO2MERCAPTOBENZOTHIAZOLELAURYLPYRIDINIUM,,"5-CHLORO-2-MERCAPTOBENZOTHIAZOLE, LAURYL PYRIDINIUM SALT",1597,,,1
5CHLORO2METHYL4ISOTHIAZOLIN3ONE,,5-CHLORO-2-METHYL-4-ISOTHIAZOLIN-3-ONE,2038,,,1
5CHLORO2PHENOL,,"5-CHLORO-2-(2,4-DICHLOROPHENOXY) PHENOL",1371,,,1
5DECEN1OL,,(E)-5-DECEN-1-OL,5315,,,1
5DECENOL,,(E)-5-DECENOL,3974,,,1
5DECENYLACETATE,,(E)-5-DECENYL ACETATE,3975,,,1
5DIHYDRO2FURANONE,,"(R,Z)-5-(1-DECENYL) DIHYDRO-2-(3H)-FURANONE",2096,,,1
5ETHOXY3124THIADIAZOLE,,,,"5-Ethoxy-3-(trichloromethyl)-1,2,4-thiadiazole",180.37,1
5HYDROXYDICAMBA,,5-HYDROXY-DICAMBA,4065,,,1
5HYDROXYMETHOXYMETHYL1AZA37DIOXABICYCLOOCTANE,,"5-HYDROXY METHOXY METHYL-1-AZA-3,7-DIOXABICYCLO (3.3.0) OCTANE",1965,,,1
5HYDROXYMETHYL1AZA37DIOXABICYCLOOCTANE,,"5-HYDROXYMETHYL-1-AZA-3,7-DIOXABICYCLO (3.3.0) OCTANE",1966,,,1
5HYDROXYPOLYMETHYL1AZA37DIOXABICYCLOOCTANE,,"5-HYDROXYPOLY (METHYLENEOXY) (74%C2, 21%C3, 4%C4, 1%C5) METHYL-1-AZA-3,7-DIOXABICYCLO (3.3.0) OCTANE",1967,,,1
5METHYL2HEXANONE,,5-METHYL-2-HEXANONE,3230,,,1
6BENZYLADENINE,6-BENZYLADENINE,,,6-benzyladenine,180.703,2
6CHLORO2PHENYLPHENOL,,"6-CHLORO-2-PHENYLPHENOL|6-CHLORO-2-PHENYLPHENOL, POTASSIUM SALT|6-CHLORO-2-PHENYLPHENOL, SODIUM SALT",948|949|950,,,1
6HYDROXY5AZO2NAPHTHALENESULFONIC,,"6-HYDROXY-5-((P-SULFOPHENYL) AZO-2-NAPHTHALENE SULFONIC ACID,SODIUM SALT",2611,,,1
71113HEXADECATRIENAL,,"(Z,Z,E)-7, 11, 13 - HEXADECATRIENAL",6028,,,1
711HEXADECADIEN1YLACETATE,,"(Z,E)-7,11-HEXADECADIEN-1-YL ACETATE|(Z,Z)-7,11-HEXADECADIEN-1-YL ACETATE",1997|1998,,,1
711HEXADECADIEN1YLACETATEOTHERRELATED,,"(Z,E) 7,11-HEXADECADIEN-1-YL ACETATE, OTHER RELATED|(Z,Z) 7,11-HEXADECADIEN-1-YL ACETATE, OTHER RELATED",91997|91998,,,1
711HEXADECADIENAL,,"(Z,Z)-7,11-HEXADECADIENAL",6326,,,1
74METHYLCOUMARIN,,7-(DIETHYL AMINO)-4-METHYL COUMARIN,3146,,,1
7911DODECATRIENYLFORMATE,,"(Z,E)-7,9,11-DODECATRIENYL FORMATE",6121,,,1
79DODECADIEN1YLACETATE,,"(E,Z)-7,9-DODECADIEN-1-YL ACETATE",6019,,,1
8DODECENE1OLOTHERRELATED,,"8-DODECENE-1-OL, OTHER RELATED",92253,,,1
8QUINOLINOL,,8-QUINOLINOL,2843,,,1
8QUINOLINOLSULFATE,,8-QUINOLINOL SULFATE,2050,,,1
911TETRADECADIEN1YLACETATE,,"(E,E)-9, 11-TETRADECADIEN-1-YL ACETATE",5966,,,1
9DECEN1OL,,(E)-9-DECEN-1-OL,5071,,,1
9DODECENYLACETATE,,(E)-9-DODECENYL ACETATE|(Z)-9-DODECENYL ACETATE,2141|2142,,,1
9HEXADECENAL,,(Z)-9-HEXADECENAL,6187,,,1
9TETRADECENAL,,(Z)-9-TETRADECENAL,2209,,,1
ABAMECTIN,ABAMECTIN,ABAMECTIN,2254,,,2
ABAMECTINOTHERRELATED,,"ABAMECTIN, OTHER RELATED",92254,,,1
ABIETIC,,ABIETIC ACID,1158,,,1
ABIETICANHYDRIDE,,ABIETIC ANHYDRIDE,1212,,,1
ACACIA,,ACACIA,2346,,,1
ACENAPHTHENE,,ACENAPHTHENE,4048,,,1
ACEPHATE,ACEPHATE,ACEPHATE,1685,Acephate,180.108,3
ACEQUINOCYL,ACEQUINOCYL,ACEQUINOCYL,5801,Acequinocyl,180.599,3
ACETALDEHYDE,,"(E)-(3,3-DIMETHYLCYCLOHEXYLIDENE)ACETALDEHYDE|(Z)-(3,3-DIMETHYLCYCLOHEXYLIDENE)ACETALDEHYDE|ACETALDEHYDE",3012|5080|5081,,,1
ACETAMIPRID,ACETAMIPRID,ACETAMIPRID,5762,Acetamiprid,180.578,3
ACETIC,,"ACETIC ACID|ACETIC ACID, COPPER (2+) SALT|ACETIC ACID, SODIUM SALT (2:1)",3013|5065|933,,,1
ACETICANHYDRIDE,,ACETIC ANHYDRIDE,3014,,,1
ACETOCHLOR,ACETOCHLOR,ACETOCHLOR,2349,Acetochlor,180.47,3
ACETOCHLORESA,,ACETOCHLOR ESA,6381,,,1
ACETOCHLOROA,,ACETOCHLOR OA,6382,,,1
ACETOHEXAMIDE,,ACETOHEXAMIDE,2350,,,1
ACETONE,,ACETONE,747,,,1
ACETONITRILE,,ACETONITRILE,3015,,,1
ACETOPHENONE,,ACETOPHENONE,2074,,,1
ACETYLATEDLANOLIN,,ACETYLATED LANOLIN,3017,,,1
ACETYLATEDLANOLINALCOHOL,,ACETYLATED LANOLIN ALCOHOL,3018,,,1
ACETYLSALICYLIC,,ACETYLSALICYLIC ACID,5113,,,1
ACIBENZOLAR,ACIBENZOLAR,,,,,1
ACIBENZOLARSMETHYL,,ACIBENZOLAR-S-METHYL,5338,Acibenzolar-S-methyl,180.561,2
ACIFLUORFEN,ACIFLUORFEN,"ACIFLUORFEN, SODIUM SALT",2218,,,2
ACRIFLAVINE,,ACRIFLAVINE,1340,,,1
ACROLEIN,,ACROLEIN,3,,,1
ACRYLAMIDESODIUMACRYLATECOPOLYMER,,ACRYLAMIDE/SODIUM ACRYLATE COPOLYMER,3567,,,1
ACRYLIC,,ACRYLIC ACID,2118,,,1
ACRYLONITRILE,,ACRYLONITRILE,3019,,,1
ADIPIC,,ADIPIC ACID,1724,,,1
ADIPICDIISOBUTYL,,"ADIPIC ACID, DIISOBUTYL ESTER",3872,,,1
AERON,,AERON,2355,,,1
AFIDOPYROPEN,,AFIDOPYROPEN,6134,Afidopyropen,180.7,2
AGAR,,AGAR,3568,,,1
AGENT55185,,AGENT 551-85,2356,,,1
AGROBACTERIUMRADIOBACTER,,AGROBACTERIUM RADIOBACTER,1984,,,1
AGROBACTERIUMRADIOBACTERSTRAINK1026,,"AGROBACTERIUM RADIOBACTER, STRAIN K1026",5477,,,1
AGROBODIES,,AGROBODIES (PROTEIN),6437,,,1
AGROTISIPSILONMULTINUCLEOPOLYHEDROVIRUSSTRAINBV0050,,"AGROTIS IPSILON MULTINUCLEOPOLYHEDROVIRUS, STRAIN BV-0050",6188,,,1
AKTON,,AKTON,1421,,,1
AKTONOTHERRELATED,,"AKTON, OTHER RELATED",91421,,,1
ALACHLOR,ALACHLOR,ALACHLOR,678,Alachlor,180.249,3
ALACHLORETHANESULFONIC,,ALACHLOR ETHANESULFONIC ACID,5804,,,1
ALACHLOROXANILIC,,ALACHLOR OXANILIC ACID,5805,,,1
ALACHORSULFINYLACETIC,,ALACHOR SULFINYLACETIC ACID,6383,,,1
ALCOHOLALKOXYLATE,,ALCOHOL ALKOXYLATE,6080,,,1
ALCOHOLETHOXYLATEPHOSPHATE,,ALCOHOL ETHOXYLATE PHOSPHATE ESTER,6147,,,1
ALCOHOLSC12C13ETHOXYLATED,,"ALCOHOLS, C12 - C13, ETHOXYLATED",6214,,,1
ALCOHOLSC12C14ALIPHATIC,,"ALCOHOLS, C12-C14, ALIPHATIC",5844,,,1
ALCOHOLSC4C12NORMAL,,"ALCOHOLS, C4-C12, NORMAL",2067,,,1
ALCOHOLSC612,,"ALCOHOLS, C6-12",5072,,,1
ALCOHOLSC6C10,,"ALCOHOLS, C6-C10",5824,,,1
ALCOHOLSC810,,"ALCOHOLS, C8-10",5073,,,1
ALCOHOLSULFATES,,ALCOHOL SULFATES,2011,,,1
ALDICARB,ALDICARB,ALDICARB,575,Aldicarb,180.269,3
ALDICARBSULFOXIDE,,ALDICARB SULFOXIDE,2361,,,1
ALDOXYCARB,,ALDOXYCARB,2265,,,1
ALDRIN,,ALDRIN,9,,,1
ALDRINOTHERRELATED,,"ALDRIN, OTHER RELATED",90009,,,1
ALFALFA,,ALFALFA,3569,,,1
ALFALFAMEAL,,ALFALFA MEAL,3570,,,1
ALGIN,,ALGIN,3571,,,1
ALKANOICANDALKENOICMONOANDDIESTERSOFALPHAHYDROOMEGAHYDROXYPOLY,,ALKANOIC AND ALKENOIC (C18) MONO- AND DIESTERS OF ALPHA-HYDRO-OMEGA-HYDROXYPOLY(OXYETHYLENE),5869,,,1
ALKENYLDIMETHYLAMINEACETATE,,"ALKENYL (75%C18, 25%C16) DIMETHYLAMINE ACETATE",1036,,,1
ALKENYLDIMETHYLETHYLAMMONIUMBROMIDE,,"ALKENYL (90%C18, 10%C16) DIMETHYLETHYL AMMONIUM BROMIDE",1243,,,1
ALKOXYLATEDETHOXYLATEDALCOHOLS,,ALKOXYLATED ETHOXYLATED ALCOHOLS,6201,,,1
ALKYL13PROPANEDIAMINE,,"ALKYL (53%C12, 19%C14, 8.5%C16, 7%C8, 6.5%C10, 6%C18)-1,3-PROPANE DIAMINE",1780,,,1
ALKYL13PROPYLENEDIAMINE,,"ALKYL(42%C12, 26%C18, 15%C14, 8%C16, 5%C10, 4%C8)1,3-PROPYLENEDIAMINE",5068,,,1
ALKYL13PROPYLENEDIAMINEACETATEALKYLDERIVEDFROMCOCONUTOILFATTYACIDS,,"ALKYL-1,3-PROPYLENE DIAMINE ACETATE, ALKYL DERIVED FROM COCONUT OIL FATTY ACIDS",1380,,,1
ALKYL13PROPYLENEDIAMINEADIPATEALKYLDERIVEDFROMCOCONUTOILFATTYACIDS,,"ALKYL-1,3-PROPYLENE DIAMINE ADIPATE, ALKYL DERIVED FROM COCONUT OIL FATTY ACIDS",1841,,,1
ALKYL13PROPYLENEDIAMINEALKYLDERIVEDFROMCOCONUTOILFATTYACIDS,,"ALKYL-1,3-PROPYLENE DIAMINE, ALKYL DERIVED FROM COCONUT OIL FATTY ACIDS",1379,,,1
ALKYLALCOHOLALKOXYLATEPHOSPHATE,,ALKYL ALCOHOL ALKOXYLATE PHOSPHATE,6254,,,1
ALKYLALKOXYLATE,,ALKYLALKOXYLATE,6152,,,1
ALKYLAMIDOPROPYLDIMETHYLAMINEPROPYLENEGLYCOL,,ALKYL AMIDOPROPYL DIMETHYLAMINE PROPYLENE GLYCOL,6313,,,1
ALKYLAMINEHYDROCHLORIDEALKYLDERIVEDFROMCOCONUTOILFATTYACIDS,,ALKYLAMINE HYDROCHLORIDE ALKYL DERIVED FROM COCONUT OIL FATTY ACIDS,1122,,,1
ALKYLAMINO3AMINOPROPANEHYDROXYACETATEALKYLDERIVEDFROMCOCONUTOILFATTYACIDS,,"ALKYLAMINO-3-AMINOPROPANE HYDROXYACETATE, ALKYL DERIVED FROM COCONUT OIL FATTY ACIDS",1972,,,1
ALKYLANDALKYLARYLPOLYGLYCOLSMIXED,,"ALKYL AND ALKYLARYL POLY (OXYETHYLENE) GLYCOLS, MIXED",1706,,,1
ALKYLARYLPOLYETHOXYETHANOLSULFATES,,ALKYLARYL POLYETHOXYETHANOL SULFATES,5323,,,1
ALKYLARYLSULFONATES,,ALKYLARYL SULFONATES,1199,,,1
ALKYLARYLSULFONATESAMINE,,"ALKYLARYL SULFONATES, AMINE SALTS",1211,,,1
ALKYLBENZENES,,ALKYL (C9H12) BENZENES,2371,,,1
ALKYLBENZENESULFONIC,,"ALKYL (C10-C14) BENZENE SULFONIC ACID, CALCIUM SALT|ALKYL BENZENE SULFONIC ACID",1218|1630,,,1
ALKYLBENZYLGLYOXALIDINIUMCHLORIDE,,ALKYL BENZYL GLYOXALIDINIUM CHLORIDE,1438,,,1
ALKYLBISBENZYLAMMONIUMCHLORIDE,,ALKYL (C8-C18) BIS (2-HYDROXYETHYL) BENZYL AMMONIUM CHLORIDE,2031,,,1
ALKYLCARBOXYLATEPEG,,ALKYLCARBOXYLATE PEG ESTER,6149,,,1
ALKYLDIALKYLPHENOXYBENZENEDISULFONIC,,"ALKYL & DIALKYL (C8-C13) PHENOXYBENZENE DISULFONIC ACID, SODIUM SALT",1903,,,1
ALKYLDIALKYLSUCCINICACIDSOF,,"ALKYL & DIALKYL SUCCINIC ACIDS, SALTS OF",1714,,,1
ALKYLDIETHYLAMIDEALKYLDERIVEDFROMPALMKERNALOILFATTYACIDS,,"ALKYL DIETHYLAMIDE, ALKYL DERIVED FROM PALM KERNAL OIL FATTY ACIDS",3969,,,1
ALKYLDIMETHYL1NAPHTHYLMETHYLAMMONIUMCHLORIDE,,"ALKYL (98%C12, 2%C14) DIMETHYL 1-NAPHTHYLMETHYL AMMONIUM CHLORIDE",1839,,,1
ALKYLDIMETHYLAMINE,,ALKYL DIMETHYL AMINE,2372,,,1
ALKYLDIMETHYLAMINEOXIDE,,ALKYL (C10-16) DIMETHYL AMINE OXIDE,3896,,,1
ALKYLDIMETHYLAMMONIOACETATE,,ALKYL DIMETHYL AMMONIO ACETATE,6130,,,1
ALKYLDIMETHYLBENZYLAMMONIUMCHLORIDE,,"ALKYL (47%C12, 18%C14, 10%C18, 10%C16, 15%C8-C10) DIMETHYLBENZYL AMMONIUM CHLORIDE|ALKYL (50%C12, 30%C14, 17%C16, 3%C18) DIMETHYLBENZYL AMMONIUM CHLORIDE|ALKYL (50%C14, 40%C12, 10%C16) DIMETHYLBENZYL AMMONIUM CHLORIDE|ALKYL (53%C12, 19%C14, 8.5%C16, 7%C8, 6.5%C10, 6%C18) DIMETHYL BENZYLAMMONIUM CHLORIDE",1846|1847|1850|1853,,,1
ALKYLDIMETHYLBENZYLAMMONIUMCHLORIDEDIHYDRATE,,"ALKYL (95%C14, 3%C12, 2%C16) DIMETHYL BENZYL AMMONIUM CHLORIDE DIHYDRATE",2152,,,1
ALKYLDIMETHYLBENZYLAMMONIUMCHLORIDEMONOHYDRATE,,"ALKYL (95%C14, 3%C12, 2%C16) DIMETHYL BENZYL AMMONIUM CHLORIDE MONOHYDRATE",3897,,,1
ALKYLDIMETHYLBENZYLAMMONIUMSACCHARINATE,,"ALKYL (50%C14, 40%C12, 10%C16) DIMETHYLBENZYL AMMONIUM SACCHARINATE",324,,,1
ALKYLDIMETHYLCUMENYLAMMONIUMCHLORIDE,,ALKYL DIMETHYL CUMENYL AMMONIUM CHLORIDE,1919,,,1
ALKYLDIMETHYLDICHLOROBENZYLAMMONIUMCHLORIDE,,"ALKYL (50%C12, 30%C14, 17%C16, 3%C18) DIMETHYL DICHLOROBENZYL AMMONIUM CHLORIDE|ALKYL (90%C14, 5%C12, 5%C16) DIMETHYL DICHLOROBENZYL AMMONIUM CHLORIDE",1909|2027,,,1
ALKYLDIMETHYLDIMETHYLBENZYLAMMONIUMCHLORIDE,,"ALKYL (68%C12, 32%C14) DIMETHYL DIMETHYLBENZYL AMMONIUM CHLORIDE",5126,,,1
ALKYLDIMETHYLETHYLAMMONIUMBROMIDE,,"ALKYL (90%C14, 5%C12, 5%C16) DIMETHYL ETHYL AMMONIUM BROMIDE",2057,,,1
ALKYLDIMETHYLETHYLBENZYLAMMONIUMCHLORIDE,,"ALKYL (50%C12, 30%C14, 17%C16, 3%C18) DIMETHYLETHYLBENZYL AMMONIUM CHLORIDE|ALKYL (68%C12, 32%C14) DIMETHYLETHYLBENZYL AMMONIUM CHLORIDE",1849|1854,,,1
ALKYLDIMETHYLETHYLBENZYLAMMONIUMCYCLOHEXYLSULFAMATE,,ALKYL DIMETHYL ETHYLBENZYL AMMONIUM CYCLOHEXYL SULFAMATE,1722,,,1
ALKYLDIMETHYLETHYLBENZYLAMMONIUMCYCLOHEXYLSULFONATE,,ALKYL DIMETHYL ETHYL BENZYL AMMONIUM CYCLOHEXYL SULFONATE,1002,,,1
ALKYLDIMETHYLISOPROPYLBENZYLAMMONIUMCHLORIDE,,ALKYL DIMETHYL ISOPROPYL BENZYL AMMONIUM CHLORIDE,884,,,1
ALKYLETHOXYLATE,,ALKYL ETHOXYLATE,6148,,,1
ALKYLIMIDAZOLINEMONOCARBOXYLATEMONOSODIUM,,"ALKYL IMIDAZOLINE MONOCARBOXYLATE, MONOSODIUM SALT",1558,,,1
ALKYLMETHYLISOQUINOLINIUMCHLORIDE,,ALKYL METHYL ISOQUINOLINIUM CHLORIDE,928,,,1
ALKYLMONOETHANOLAMIDE,,ALKYL (AS IN FATTY ACIDS OF COCONUT OIL) MONOETHANOLAMIDE,3573,,,1
ALKYLMONOETHYOXYETHANOLDIETHOXYETHYLBENZYLAMMONIUMCHLORIDE,,"ALKYL MONOETHYOXYETHANOL, DIETHOXYETHYL BENZYL AMMONIUM CHLORIDE",1045,,,1
ALKYLNNBIS,,"ALKYL N,N-BIS (2-HYDROXY ETHYLAMINE) (100% C12-C18)",3021,,,1
ALKYLOLIGOMERICDGLUCOPYRANOSIDE,,ALKYL (C9-C11) OLIGOMERIC D-GLUCOPYRANOSIDE,4006,,,1
ALKYLPEGPOLYPHOSPHORIC,,ALKYL PEG POLYPHOSPHORIC ACID,6151,,,1
ALKYLPOLYGLUCOSIDE,,"ALKYL (C8,C10) POLYGLUCOSIDE",4015,,,1
ALKYLPOLYPOLYIODINECOMPLEX,,"ALKYL (29%C14, 29%C13, 21%C12, 21%C15) POLY(OXYPROPYLENE) POLY (OXYETHYLENE) - IODINE COMPLEX|ALKYL (C12-C15)-POLY(OXYPROPYLENE) POLY(OXYETHYLENE) - IODINE COMPLEX",1734|2063,,,1
ALKYLPYRIDINESMIXED,,"ALKYL PYRIDINES, MIXED",1137,,,1
ALKYLSULFATE,,"ALKYL SULFATE|ALKYL SULFATE, SODIUM SALT",1197|1648,,,1
ALKYLTRIMETHYLAMMONIUMBROMIDES,,ALKYL TRIMETHYL AMMONIUM BROMIDES,1827,,,1
ALKYLTRIMETHYLAMMONIUMCHLORIDE,,"ALKYL (58%C18, 40%C16, 1%C14, 1%C12) TRIMETHYL AMMONIUM CHLORIDE|ALKYL (70%C18, 27%C16, 3%C14) TRIMETHYL AMMONIUM CHLORIDE",10|2228,,,1
ALLANTOIN,,ALLANTOIN,3022,,,1
ALLETHRIN,,ALLETHRIN,12,,,1
ALLETHRINOTHERRELATED,,"ALLETHRIN, OTHER RELATED",90012,,,1
ALLIDOCHLOR,,ALLIDOCHLOR,114,,,1
ALLYLALCOHOL,,ALLYL ALCOHOL,3023,,,1
ALLYLCHLORIDE,,ALLYL CHLORIDE,6384,,,1
ALLYLISOTHIOCYANATE,,ALLYL ISOTHIOCYANATE,1010,,,1
ALLYLOXYPOLYETHYLENEGLYCOLACETATE,,ALLYLOXYPOLYETHYLENE GLYCOL ACETATE,2376,,,1
ALMONDBITTER,,"ALMOND, BITTER",3576,,,1
ALMONDHULLS,,ALMOND HULLS,3577,,,1
ALMONDSHELLS,,ALMOND SHELLS,3578,,,1
ALOEVERAOIL,,ALOE VERA OIL,5454,,,1
ALPHA246TRIMETHYL4NONYLOXYOMEGAHYDROXYPOLY,,"ALPHA-2,4,6-TRIMETHYL-4-NONYLOXY-OMEGA-HYDROXYPOLY(OXYETHYLENE)",2197,,,1
ALPHA246TRISTYRYLPHENYLOMEGAHYDROXYPOLY,,"ALPHA-2,4,6-TRISTYRYLPHENYL-OMEGA-HYDROXYPOLY(OXYETHYLENE)",5875,,,1
ALPHA246TRISTYRYLPHENYLOMEGAHYDROXYPOLYPHOSPHATE,,"ALPHA-2,4,6-TRISTYRYLPHENYL-OMEGA-HYDROXYPOLY(OXYETHYLENE) PHOSPHATE|ALPHA-2,4,6-TRISTYRYLPHENYL-OMEGA-HYDROXYPOLY(OXYETHYLENE) PHOSPHATE, POTASSIUM SALT",3325|5882,,,1
ALPHA268TRIMETHYL4NONYLOXYOMEGAHYDROXYPOLY,,"ALPHA-2,6,8-TRIMETHYL-4-NONYLOXY-OMEGA-HYDROXYPOLY(OXYETHYLENE)",1196,,,1
ALPHAALKYLARYLOMEGAHYDROXYPOLY,,ALPHA-ALKYLARYL-OMEGA-HYDROXYPOLY(OXYETHYLENE),748,,,1
ALPHAALKYLARYLOMEGAHYDROXYPOLYPHOSPHATE,,ALPHA-ALKYLARYL-OMEGA-HYDROXYPOLY(OXYETHYLENE) PHOSPHATE,2368,,,1
ALPHAALKYLOMEGAHYDROXYPOLY,,ALPHA-ALKYL (C10-C12)-OMEGA-HYDROXYPOLY(OXYETHYLENE)|ALPHA-ALKYL (C10-C14)-OMEGA-HYDROXYPOLY(OXYETHYLENE)|ALPHA-ALKYL (C10-C16)-OMEGA-HYDROXYPOLY(OXYETHYLENE)|ALPHA-ALKYL (C10-C18)-OMEGA-HYDROXYPOLY(OXYETHYLENE),1766|1844|1874|1878,,,1
ALPHAALKYLOMEGAHYDROXYPOLYPHOSPHATE,,ALPHA-ALKYL-(C10-C13)-OMEGA-HYDROXYPOLY(OXYETHYLENE) PHOSPHATE|ALPHA-ALKYL-(C10-C14)-OMEGA-HYDROXYPOLY(OXYETHYLENE) PHOSPHATE|ALPHA-ALKYL-OMEGA-HYDROXYPOLY(OXYETHYLENE) PHOSPHATE,1715|3574|3575,,,1
ALPHAALKYLOMEGAHYDROXYPOLYPOLY,,ALPHA-ALKYL (C12-C18)-OMEGA-HYDROXYPOLY(OXYETHYLENE) POLY(OXYPROPYLENE)|ALPHA-ALKYL (C6-C10)-OMEGA-HYDROXYPOLY(OXYETHYLENE) POLY(OXYPROPYLENE)|ALPHA-ALKYL (C6-C14)-OMEGA-HYDROXYPOLY(OXYETHYLENE) POLY(OXYPROPYLENE)|ALPHA-ALKYL (C8-C18)-OMEGA-HYDROXYPOLY(OXYETHYLENE) POLY(OXYPROPYLENE),2023|2035|2123|5855,,,1
ALPHAALKYLOMEGAHYDROXYPOLYPOLYPHOSPHATE,,ALPHA-ALKYL (C10-C16)-OMEGA-HYDROXYPOLY(OXYETHYLENE) POLY(OXYPROPYLENE) PHOSPHATE,3920,,,1
ALPHAALKYLOMEGAHYDROXYPOLYSULFATE,,"ALPHA-ALKYL (C10-C18)- OMEGA-HYDROXYPOLY (OXYETHYLENE) SULFATE|ALPHA-ALKYL (C12-C15)-OMEGA-HYDROXYPOLY(OXYETHYLENE) SULFATE|ALPHA-ALKYL (C12-C15)-OMEGA-HYDROXYPOLY(OXYETHYLENE) SULFATE, SODIUM SALT|ALPHA-ALKYL (MIXED)-OMEGA-HYDROXYPOLY (OXYETHYLENE) SULFATE",1392|1700|3651|5740,,,1
ALPHAALKYLPHENOXYOMEGAHYDROXYPOLY,,ALPHA-ALKYL (SECONDARY C11-C15) PHENOXY-OMEGA-HYDROXYPOLY(OXYETHYLENE),3572,,,1
ALPHAALKYLPHENYLOMEGAHYDROXYPOLY,,ALPHA-ALKYLPHENYL-OMEGA-HYDROXYPOLY(OXYETHYLENE),1173,,,1
ALPHAALKYLPOLYPOLYIODINECOMPLEX,,"ALPHA-ALKYL (43%C10, 30%C14, 12%C12, 10%C16, 5%C18) POLY (OXYETHYLENE) POLY (OXYPROPYLENE) - IODINE COMPLEX",1834,,,1
ALPHABUTYLALPHA1HIMIDAZOLEPROPANENITRILE,,ALPHA-BUTYL-ALPHA-1H-IMIDAZOLE-PROPANENITRILE,2083,,,1
ALPHABUTYLOMEGAHYDROXYPOLYPHOSPHATE,,ALPHA-BUTYL-OMEGA-HYDROXYPOLY(OXYETHYLENE) PHOSPHATE,3594,,,1
ALPHACHLORALOSE,,ALPHA-CHLORALOSE,6235,,,1
ALPHACHLOROHYDRIN,,ALPHA-CHLOROHYDRIN,2173,,,1
ALPHACYCLODEXTRIN,,ALPHA-CYCLODEXTRIN,6255,,,1
ALPHACYPERMETHRIN,,ALPHA-CYPERMETHRIN,6131,,,1
ALPHADECYLOMEGAHYDROXYPOLY,,ALPHA-DECYL-OMEGA-HYDROXYPOLY(OXYETHYLENE),4004,,,1
ALPHADECYLOMEGAHYDROXYPOLYPHOSPHATE,,ALPHA-DECYL-OMEGA-HYDROXYPOLY(OXYETHYLENE) PHOSPHATE,5872,,,1
ALPHADECYLOMEGAHYDROXYPOLYPOLY,,ALPHA-DECYL-OMEGA-HYDROXYPOLY(OXYETHYLENE) POLY(OXYPROPYLENE),3636,,,1
ALPHADELTAGLUCOHEPTONIC,,"ALPHA-DELTA-GLUCOHEPTONIC ACID, SODIUM SALT",3211,,,1
ALPHADODECYLOMEGAHYDROXYPOLY,,ALPHA-DODECYL-OMEGA-HYDROXYPOLY(OXYETHYLENE),2048,,,1
ALPHADODECYLOMEGAHYDROXYPOLYPHOSPHATE,,"ALPHA-DODECYL-OMEGA-HYDROXYPOLY(OXYETHYLENE) PHOSPHATE|ALPHA-DODECYL-OMEGA-HYDROXYPOLY(OXYETHYLENE) PHOSPHATE, AMMONIUM SALT",3580|5910,,,1
ALPHAENDOSULFAN,,ALPHA-ENDOSULFAN,6380,,,1
ALPHAIONONE,,ALPHA-IONONE,1518,,,1
ALPHAISODECYLOMEGAHYDROXYPOLY,,ALPHA-ISODECYL-OMEGA-HYDROXYPOLY(OXYETHYLENE),4010,,,1
ALPHAISODECYLOMEGAHYDROXYPOLYPHOSPHATE,,ALPHA-ISODECYL-OMEGA-HYDROXYPOLY(OXYETHYLENE) PHOSPHATE,4008,,,1
ALPHAISOOCTADECYLOMEGAHYDROXYPOLY,,ALPHA-ISOOCTADECYL-OMEGA-HYDROXYPOLY(OXYETHYLENE),2216,,,1
ALPHAISOOCTYLPHENYLOMEGAHYDROXYPOLY,,ALPHA-ISOOCTYLPHENYL-OMEGA-HYDROXYPOLY(OXYETHYLENE),864,,,1
ALPHAISOTRIDECYLOMEGAHYDROXYPOLYPHOSPHATE,,ALPHA-ISOTRIDECYL-OMEGA-HYDROXYPOLY(OXYETHYLENE) PHOSPHATE,5896,,,1
ALPHAMETHYLOMEGAHYDROXYPOLY,,ALPHA-METHYL-OMEGA-HYDROXYPOLY(OXYPROPYLENE),1803,,,1
ALPHAOCTADECYLOMEGAHYDROXYPOLY,,ALPHA-OCTADECYL-OMEGA-HYDROXYPOLY(OXYPROPYLENE),2817,,,1
ALPHAOCTADECYLPHENYLOMEGAHYDROXYPOLY,,ALPHA-OCTADECYLPHENYL-OMEGA-HYDROXYPOLY(OXYETHYLENE),3753,,,1
ALPHAOCTYLOMEGAHYDROXYPOLYPOLY,,ALPHA-OCTYL-OMEGA-HYDROXYPOLY(OXYETHYLENE) POLY(OXYPROPYLENE),3707,,,1
ALPHAOCTYLPHENYLOMEGABENZYLPOLY,,ALPHA-OCTYLPHENYL-OMEGA-BENZYLPOLY(OXYETHYLENE),3588,,,1
ALPHAOCTYLPHENYLOMEGAHYDROXYPOLY,,ALPHA-OCTYLPHENYL-OMEGA-HYDROXYPOLY(OXYETHYLENE),1244,,,1
ALPHAOLEYLOMEGAHYDROXYPOLY,,ALPHA-OLEYL-OMEGA-HYDROXYPOLY(OXYETHYLENE),2810,,,1
ALPHAOMEGAHYDROXYPOLY,,"ALPHA-(ORTHO,PARA-DINONYLPHENYL)-OMEGA-HYDROXYPOLY(OXYETHYLENE)|ALPHA-(PARA-DODECYLPHENYL)-OMEGA-HYDROXYPOLY(OXYETHYLENE)|ALPHA-(PARA-NONYLPHENYL)-OMEGA-HYDROXYPOLY(OXYETHYLENE)|ALPHA-(PARA-NONYLPHENYL)-OMEGA-HYDROXYPOLY(OXYPROPYLENE)",1381|1743|1786|1879,,,1
ALPHAOMEGAHYDROXYPOLYBRANCHED,,"ALPHA-(PARA-NONYLPHENYL)-OMEGA-HYDROXYPOLY(OXYETHYLENE), BRANCHED",2066,,,1
ALPHAOMEGAHYDROXYPOLYOXYPHOSPHATE,,"ALPHA-(ORTHO,PARA-DINONYLPHENYL)-OMEGA-HYDROXYPOLYOXY(ETHYLENE) PHOSPHATE",5895,,,1
ALPHAOMEGAHYDROXYPOLYPHOSPHATE,,"ALPHA-(DODECYLPHENYL)-OMEGA-HYDROXYPOLY(OXYETHYLENE) PHOSPHATE|ALPHA-(PARA-NONYLPHENYL)-OMEGA-HYDROXYPOLY(OXYETHYLENE) PHOSPHATE, SODIUM SALT|ALPHA-(PARA-NONYLPHENYL)-OMEGA-HYDROXYPOLY(OXYETHYLENE), PHOSPHATE ESTER|ALPHA-(PARA-TERT-BUTYLPHENYL)-OMEGA-HYDROXYPOLY(OXYETHYLENE) PHOSPHATE",1605|3422|5016|5870,,,1
ALPHAOMEGAHYDROXYPOLYSULFATE,,"ALPHA-(PARA-NONYL PHENYL)-OMEGA-HYDROXY POLY (OXYETHYLENE)SULFATE|ALPHA-(PARA-NONYLPHENYL)-OMEGA-HYDROXYPOLY (OXYETHYLENE) SULFATE, AMMONIUM SALT",1649|2046,,,1
ALPHAOMEGAHYDROYXPOLYPHOSPHATE,,"ALPHA-(DODECYLPHENYL)-OMEGA-HYDROYXPOLY(OXYETHYLENE) PHOSPHATE, SODIUM SALT",3798,,,1
ALPHAPARAPHENYLOMEGAHYDROXYPOLY,,"ALPHA-[PARA-(1,1,3,3-TETRAMETHYLBUTYL)PHENYL]-OMEGA-HYDROXYPOLY(OXYETHYLENE)",1932,,,1
ALPHAPARAPHENYLOMEGAHYDROXYPOLYPHOSPHATE,,"ALPHA-[PARA-(1,1,3,3,-TETRAMETHYLBUTYL)PHENYL]-OMEGA-HYDROXYPOLY(OXYETHYLENE) PHOSPHATE ESTER",2024,,,1
ALPHAPINENEBETAPINENECOPOLYMER,,ALPHA-PINENE BETA-PINENE COPOLYMER,3996,,,1
ALPHASULFOSUCCINYLOMEGAHYDROXYPOLYOXYETHYLENEALKYLETHERDISODIUM,,"ALPHA-SULFOSUCCINYL-OMEGA-HYDROXY POLYOXY ETHYLENE ALKYL(C10-16) ETHER, DISODIUM SALT                                            ",3952,,,1
ALPHATERPINEOL,,ALPHA-TERPINEOL,3467,,,1
ALPHATRIDECYLOMEGAHYDROXYPOLY,,ALPHA-TRIDECYL-OMEGA-HYDROXYPOLY(OXYETHYLENE),2809,,,1
ALPHATRIDECYLOMEGAHYDROXYPOLYPHOSPHATE,,ALPHA-TRIDECYL-OMEGA-HYDROXYPOLY(OXYETHANOL) PHOSPHATE,5837,,,1
ALPHATRIDECYLOMEGAHYDROXYPOLYSULFATE,,"ALPHA-TRIDECYL-OMEGA-HYDROXYPOLY(OXYETHYLENE) SULFATE, SODIUM SALT",3820,,,1
ALPHAUNDECYLOMEGAHYDROXYPOLY,,ALPHA-UNDECYL-OMEGA-HYDROXYPOLY(OXYETHYLENE),3929,,,1
ALTERNARIATENUISSIMAACTIVATIONPROTEIN,,ALTERNARIA TENUISSIMA ACTIVATION PROTEIN,6245,,,1
ALUMINUM,,ALUMINUM,1042,,,1
ALUMINUMACETATE,,ALUMINUM ACETATE,3025,,,1
ALUMINUMBICARBONATE,,ALUMINUM BICARBONATE,3026,,,1
ALUMINUMCAPRYLATE,,ALUMINUM CAPRYLATE,3027,,,1
ALUMINUMCHLORIDE,,ALUMINUM CHLORIDE,3028,,,1
ALUMINUMDIACETATE,,ALUMINUM DIACETATE,3029,,,1
ALUMINUMHYDROXIDE,,ALUMINUM HYDROXIDE,2145,,,1
ALUMINUMMAGNESIUMSILICATE,,ALUMINUM MAGNESIUM SILICATE,2378,,,1
ALUMINUMOXIDE,,ALUMINUM OXIDE,3030,,,1
ALUMINUMPHOSPHIDE,ALUMINUM PHOSPHIDE,ALUMINUM PHOSPHIDE,484,,,2
ALUMINUMPOTASSIUMSULFATE,,ALUMINUM POTASSIUM SULFATE,3031,,,1
ALUMINUMSILICATE,,ALUMINUM SILICATE,2379,,,1
ALUMINUMSTEARATE,,ALUMINUM STEARATE,3032,,,1
ALUMINUMSULFATE,,ALUMINUM SULFATE,1415,,,1
ALUMINUMTRIS,,,,Aluminum tris (O-ethylphosphonate),180.415,1
AMECTOCTRADIN,AMECTOCTRADIN,,,,,1
AMETOCTRADIN,,AMETOCTRADIN,6025,Ametoctradin,180.663,2
AMETRYN,AMETRYN,,,Ametryn,180.258,2
AMETRYNE,,AMETRYNE,18,,,1
AMETRYNEOTHERRELATED,,"AMETRYNE, OTHER RELATED",90018,,,1
AMICARBAZONE,,AMICARBAZONE,6104,Amicarbazone,180.615,2
AMIDEAMINEOLEATEFATTYACIDSANDPOLYAMINESMIXED,,"AMIDE-AMINE OLEATE FATTY ACIDS AND POLYAMINES, MIXED",860,,,1
AMIDOCHLOR,,AMIDOCHLOR,2351,,,1
AMINACRINEHYDROCHLORIDE,,AMINACRINE HYDROCHLORIDE,1487,,,1
AMINE220,,AMINE 220,3033,,,1
AMINEALKOXYLATE,,AMINE ALKOXYLATE,6097,,,1
AMINESALIPHATIC,,"AMINES, ALIPHATIC",1747,,,1
AMINOACIDSANDAMINO,,AMINO ACIDS AND AMINO SALTS,1039,,,1
AMINOCARB,,AMINOCARB,2435,,,1
AMINOCYCLOPYRACHLOR,,"AMINOCYCLOPYRACHLOR|AMINOCYCLOPYRACHLOR, POTASSIUM SALT",5998|6057,Aminocyclopyrachlor,180.689,2
AMINOCYCLOPYRACHLORMETHYL,,"AMINOCYCLOPYRACHLOR, METHYL ESTER",6058,,,1
AMINOETHOXYVINYLGLYCINEHYDROCHLORIDE,,AMINO ETHOXY VINYL GLYCINE HYDROCHLORIDE,3907,Aminoethoxyvinylglycine hydrochloride (aviglycine HCl),180.502,2
AMINOETHYLPIPERAZINE,,AMINOETHYLPIPERAZINE,6271,,,1
AMINOMETHYLPHOSPHONIC,,AMINOMETHYLPHOSPHONIC ACID,6049,,,1
AMINOPYRALID,AMINOPYRALID,AMINOPYRALID,5927,Aminopyralid,180.61,3
AMINOPYRALIDPOTASSIUM,,AMINOPYRALID POTASSIUM,6427,,,1
AMINOPYRALIDTRIISOPROPANOLAMINE,,"AMINOPYRALID, TRIISOPROPANOLAMINE SALT",5928,,,1
AMISULBROM,,,,Amisulbrom,180.656,1
AMITRAZ,,AMITRAZ,2016,Amitraz,180.287,2
AMITROLE,,AMITROLE,20,,,1
AMMONIA,,AMMONIA,22,,,1
AMMONIATEDCASEINATE,,AMMONIATED CASEINATE,3579,,,1
AMMONIUMACETATE,,AMMONIUM ACETATE,3036,,,1
AMMONIUMALUM,,AMMONIUM ALUM,3037,,,1
AMMONIUMARSENATE,,AMMONIUM ARSENATE,2380,,,1
AMMONIUMBICARBONATE,,AMMONIUM BICARBONATE,3038,,,1
AMMONIUMBISULFATE,,AMMONIUM BISULFATE,3039,,,1
AMMONIUMBROMIDE,,AMMONIUM BROMIDE,3040,,,1
AMMONIUMCARBAMATE,,AMMONIUM CARBAMATE,3041,,,1
AMMONIUMCARBONATE,,AMMONIUM CARBONATE,3042,,,1
AMMONIUMCHLORIDE,,AMMONIUM CHLORIDE,3043,,,1
AMMONIUMCITRATE,,AMMONIUM CITRATE,3044,,,1
AMMONIUMDIISODECYLSULFOSUCCINATE,,AMMONIUM DIISODECYL SULFOSUCCINATE,3045,,,1
AMMONIUMDODECYLPOLYOXYETHYLENESULFATE,,AMMONIUM DODECYL POLY OXYETHYLENE SULFATE,3046,,,1
AMMONIUMFERRICSULFATE,,AMMONIUM FERRIC SULFATE,3047,,,1
AMMONIUMFLUOSILICATE,,AMMONIUM FLUOSILICATE,695,,,1
AMMONIUMHYDROXIDE,,AMMONIUM HYDROXIDE,2381,,,1
AMMONIUMISOBUTYRATE,,AMMONIUM ISOBUTYRATE,2109,,,1
AMMONIUMLACTATE,,AMMONIUM LACTATE,3048,,,1
AMMONIUMLAURYLSULFATE,,AMMONIUM LAURYL SULFATE,1017,,,1
AMMONIUMLIGNOSULPHONATE,,AMMONIUM LIGNOSULPHONATE,2382,,,1
AMMONIUMNITRATE,,AMMONIUM NITRATE,3052,,,1
AMMONIUMNONANOATE,,AMMONIUM NONANOATE,5963,,,1
AMMONIUMNONYLPHENYLPOLYOXYETHYLENESULFATE,,AMMONIUM NONYL PHENYL POLY OXYETHYLENE SULFATE,3050,,,1
AMMONIUMOLEATE,,AMMONIUM OLEATE,1230,,,1
AMMONIUMOXALATE,,AMMONIUM OXALATE,891,,,1
AMMONIUMPARETH25SULFATE,,AMMONIUM PARETH-25 SULFATE,2383,,,1
AMMONIUMPROPIONATE,,AMMONIUM PROPIONATE,5015,,,1
AMMONIUMSTEARATE,,AMMONIUM STEARATE,3053,,,1
AMMONIUMSULFAMATE,,AMMONIUM SULFAMATE,21,,,1
AMMONIUMSULFATE,,AMMONIUM SULFATE,1363,,,1
AMMONIUMTALLOILFATTYSOAP,,AMMONIUM TALL OIL FATTY ACID SOAP,995,,,1
AMMONIUMTHIOCYANATE,,AMMONIUM THIOCYANATE,25,,,1
AMMONIUMTHIOSULFATE,,AMMONIUM THIOSULFATE,892,,,1
AMMONIUMXYLENESULFONATE,,AMMONIUM XYLENE SULFONATE,3054,,,1
AMOCO6342,,AMOCO 6342,2384,,,1
AMPELOMYCESQUISQUALIS,,AMPELOMYCES QUISQUALIS,2385,,,1
AMSCOSOLV,,AMSCO-SOLV,2386,,,1
AMYCOLPOTATOALPHASTARCH,,AMYCOL POTATO ALPHA STARCH,2387,,,1
AMYLACETATE,,AMYL ACETATE,1889,,,1
ANAGRAPHAFALCIFERAMULTINUCLEARPOLYHEDROSISVIRUS,,ANAGRAPHA FALCIFERA MULTI-NUCLEAR POLYHEDROSIS VIRUS (AFMNPV),5089,,,1
ANCYMIDOL,,ANCYMIDOL,1744,,,1
ANETHOL,,ANETHOL,1478,,,1
ANHYDROUSZIRCONIUMOXIDE,,ANHYDROUS ZIRCONIUM (IV) OXIDE,2204,,,1
ANILAZINE,,ANILAZINE,256,,,1
ANILINE,,ANILINE,3056,,,1
ANIMALGLANDEXTRACTS,,ANIMAL GLAND EXTRACTS,1345,,,1
ANIMALGLUE,,ANIMAL GLUE,3581,,,1
ANIONICHETEROPOLYSACCHARIDE,,ANIONIC HETEROPOLYSACCHARIDE,2628,,,1
ANNATTO,,ANNATTO,3893,,,1
ANTHRANILAMIDE,,ANTHRANILAMIDE,6158,,,1
ANTHRAQUINONE,,ANTHRAQUINONE,5329,,,1
ANTIMONY,,ANTIMONY,2388,,,1
ANTIMONYPOTASSIUMTARTRATE,,ANTIMONY POTASSIUM TARTRATE,3057,,,1
ANTIMYCINA,,ANTIMYCIN A,2001,,,1
ANTU,,ANTU,38,,,1
APPLEPOMACE,,APPLE POMACE,3582,,,1
ARAMITE,,ARAMITE,39,,,1
ARMUL1426,,ARMUL 1426,3878,,,1
ARMUL1426HF,,ARMUL 1426 HF,3877,,,1
ARMUL1427,,ARMUL 1427,3883,,,1
ARMUL1427HF,,ARMUL 1427 HF,3876,,,1
ARMUL214215,,ARMUL 214/215,2391,,,1
ARMUL22,,ARMUL 22,2389,,,1
ARMUL33,,ARMUL 33,2390,,,1
ARMUL358,,ARMUL 358,2392,,,1
ARMUL646,,ARMUL 646,2393,,,1
ARMUL88,,ARMUL 88,3908,,,1
AROMATIC100,,AROMATIC 100,2394,,,1
AROMATIC150,,AROMATIC 150,2395,,,1
AROMATIC200,,AROMATIC 200,2396,,,1
ARSENIC,,ARSENIC|ARSENIC ACID,40|710,,,1
ARSENICPENTOXIDE,,ARSENIC PENTOXIDE,631,,,1
ARSENICTRIOXIDE,,ARSENIC TRIOXIDE,42,,,1
ARTIFICIALPEANUTBUTTERFLAVORWL5344,,ARTIFICIAL PEANUT BUTTER FLAVOR WL-5344,2397,,,1
ARYLAMINOTRIAZOLE,,ARYL-AMINO-TRIAZOLE,6159,,,1
ASBESTOS,,ASBESTOS,2398,,,1
ASCORBYLPALMITATE,,ASCORBYL PALMITATE,3058,,,1
ASPERGILLUSFLAVUSSTRAINAF36,,ASPERGILLUS FLAVUS STRAIN AF36,5887,,,1
ASPERGILLUSFLAVUSSTRAINNRRL21882,,ASPERGILLUS FLAVUS STRAIN NRRL 21882,6128,,,1
ASPHALTSOLIDS,,ASPHALT SOLIDS,1140,,,1
ASPON,,ASPON,1693,,,1
ASTRAZONYELLOW4G200,,ASTRAZON YELLOW 4G200,2399,,,1
ASULAM,ASULAM,"ASULAM|ASULAM, SODIUM SALT",1746|5076,Asulam,180.36,3
ATLOX1045A,,ATLOX 1045A,3911,,,1
ATLOX3401,,ATLOX 3401,3912,,,1
ATLOX3403F,,ATLOX 3403F,2401,,,1
ATLOX3404F,,ATLOX 3404F,3921,,,1
ATLOX3404XF,,ATLOX 3404-XF(ZS),2402,,,1
ATLOX3406F,,ATLOX 3406F,2403,,,1
ATLOX3409F,,ATLOX 3409F,2404,,,1
ATLOX3453F,,ATLOX 3453F,3913,,,1
ATLOX3454F,,ATLOX 3454F,3922,,,1
ATLOX3455F,,ATLOX 3455F,3914,,,1
ATLOX3472F,,ATLOX 3472F,3915,,,1
ATLOX847,,ATLOX 847,3910,,,1
ATLOX848,,ATLOX 848,2400,,,1
ATPLUS300F,,ATPLUS 300F,3916,,,1
ATRATON,,ATRATON,4050,,,1
ATRAZINE,ATRAZINE,ATRAZINE,45,Atrazine,180.22,3
ATRAZINEDEALKYLATED,,ATRAZINE DEALKYLATED,4052,,,1
ATRAZINEOTHERRELATED,,"ATRAZINE, OTHER RELATED",90045,,,1
ATROPINE,,ATROPINE,3059,,,1
ATTAPULGITE,,ATTAPULGITE,5143,,,1
AURAMINE,,AURAMINE,702,,,1
AUREOBASIDIUMPULLULANSSTRAINDSM14940,,AUREOBASIDIUM PULLULANS STRAIN DSM 14940,6026,,,1
AUREOBASIDIUMPULLULANSSTRAINDSM14941,,AUREOBASIDIUM PULLULANS STRAIN DSM 14941,6027,,,1
AUTOGRAPHACALIFORNICA,,AUTOGRAPHA CALIFORNICA,2405,,,1
AUTOGRAPHACALIFORNICAMULTIPLENUCLEOPOLYHEDROSESVIRUSSTRAINFV11,,"AUTOGRAPHA CALIFORNICA MULTIPLE NUCLEOPOLYHEDROSES VIRUS, STRAIN FV#11",6190,,,1
AVERMECTINB1A,,AVERMECTIN B1A,5916,,,1
AVERMECTINB1ANDITSDELTA89ISOMER,,,,"Avermectin B1 and its delta-8,9-isomer",180.449,1
AVERMECTINB1B,,AVERMECTIN B1B,5917,,,1
AVIGLYCINE,AVIGLYCINE,,,,,1
AZACOSTEROL,,AZACOSTEROL,2026,,,1
AZADIRACHTIN,AZADIRACHTIN,AZADIRACHTIN,2328,,,2
AZAFENIDIN,,AZAFENIDIN,5025,,,1
AZETIDINE3CARBOXYLIC,,AZETIDINE-3-CARBOXYLIC ACID,2406,,,1
AZINPHOSETHYL,,AZINPHOS-ETHYL,4053,,,1
AZINPHOSMETHYL,AZINPHOS-METHYL,AZINPHOS-METHYL,314,,,2
AZINPHOSMETHYLOXYGENANALOG,,AZINPHOS-METHYL OXYGEN ANALOG,4054,,,1
AZOCYCLOTIN,,AZOCYCLOTIN,2408,,,1
AZODICARBONAMIDE,,AZODICARBONAMIDE,3890,,,1
AZOTOBACTERCHROOCOCCUM,,AZOTOBACTER CHROOCOCCUM,6345,,,1
AZOXYSTROBIN,AZOXYSTROBIN,AZOXYSTROBIN|AZOXYSTROBIN ACID,4037|6066,Azoxystrobin,180.507,3
AZOXYSTROBINZ,,AZOXYSTROBIN Z,6067,,,1
BACILLUSAMYLOLIQUEFACIENSFZB42,,BACILLUS AMYLOLIQUEFACIENS FZB42,6216,,,1
BACILLUSAMYLOLIQUEFACIENSSTRAIND747,,BACILLUS AMYLOLIQUEFACIENS STRAIN D747,6082,,,1
BACILLUSAMYLOLIQUEFACIENSSTRAINF727,,BACILLUS AMYLOLIQUEFACIENS STRAIN F727,6259,,,1
BACILLUSAMYLOLIQUEFACIENSSTRAINMBI600,,BACILLUS AMYLOLIQUEFACIENS STRAIN MBI 600,5120,,,1
BACILLUSAMYLOLIQUEFACIENSSTRAINPTA4838,,"BACILLUS AMYLOLIQUEFACIENS, STRAIN PTA4838",6358,,,1
BACILLUSAMYLOLIQUIFACIEN,BACILLUS AMYLOLIQUIFACIEN,,,,,1
BACILLUSAMYLOLIQUIFACIENSSTRAINOA001,,"BACILLUS AMYLOLIQUIFACIENS, STRAIN OA-001 (UV MUTANT)",6452,,,1
BACILLUSCEREUS,BACILLUS CEREUS,,,,,1
BACILLUSCEREUSSTRAINBP01,,"BACILLUS CEREUS, STRAIN BP01",5183,,,1
BACILLUSFIRMUS,BACILLUS FIRMUS,BACILLUS FIRMUS (STRAIN I-1582),6075,,,2
BACILLUSLICHENIFORMISSB3086,,BACILLUS LICHENIFORMIS SB 3086,5852,,,1
BACILLUSLYCHENIFORMISNRRLB67023,,BACILLUS LYCHENIFORMIS NRRL B-67023,6446,,,1
BACILLUSMEGATERIUM,,BACILLUS MEGATERIUM,6347,,,1
BACILLUSMEGATERIUMH491,,BACILLUS MEGATERIUM H491,6154,,,1
BACILLUSMEGATERIUMSTRAINNCIM2087,,BACILLUS MEGATERIUM STRAIN NCIM 2087,6276,,,1
BACILLUSMYCOIDES,,BACILLUS MYCOIDES,6350,,,1
BACILLUSMYCOIDESISOLATEJ,,BACILLUS MYCOIDES ISOLATE J,6164,,,1
BACILLUSPOPILLIAE,,BACILLUS POPILLIAE,2183,,,1
BACILLUSPUMILIS,BACILLUS PUMILIS,,,,,1
BACILLUSPUMILUSGHA180,,BACILLUS PUMILUS GHA 180,6095,,,1
BACILLUSPUMILUSSTRAINQST2808,,"BACILLUS PUMILUS, STRAIN QST 2808",5770,,,1
BACILLUSSPHAERICUS,,BACILLUS SPHAERICUS,2274,,,1
BACILLUSSPHAERICUS2362SEROTYPEH5A5BSTRAINABTS1743FERMENTATIONSOLIDSSPORESANDINSECTICIDALTOXINS,,"BACILLUS SPHAERICUS 2362, SEROTYPE H5A5B, STRAIN ABTS 1743 FERMENTATION SOLIDS, SPORES AND INSECTICIDAL TOXINS",2409,,,1
BACILLUSSUBTILIS,BACILLUS SUBTILIS,,,,,1
BACILLUSSUBTILISGB03,,BACILLUS SUBTILIS GB03,3945,,,1
BACILLUSSUBTILISNRRLB50393,,BACILLUS SUBTILIS NRRL B-50393,6445,,,1
BACILLUSSUBTILISSTRAINAFS032321,,BACILLUS SUBTILIS STRAIN AFS032321,6463,,,1
BACILLUSSUBTILISSTRAINC1302,,BACILLUS SUBTILIS STRAIN C-1302,6169,,,1
BACILLUSSUBTILISSTRAINIABBS03,,BACILLUS SUBTILIS STRAIN IAB/BS03,6165,,,1
BACILLUSSUBTILISVARAMYLOLIQUEFACIENSSTRAINFZB24,,BACILLUS SUBTILIS VAR. AMYLOLIQUEFACIENS STRAIN FZB24,5934,,,1
BACILLUSSUBTILISY1336,,BACILLUS SUBTILIS Y1336,6280,,,1
BACILLUSTHURINGIENSIS,BACILLUS THURINGIENSIS,BACILLUS THURINGIENSIS (BERLINER),86,,,2
BACILLUSTHURINGIENSISAIZAWAINRRLB50765,,BACILLUS THURINGIENSIS AIZAWAI NRRL B-50765,6450,,,1
BACILLUSTHURINGIENSISCRY1A105PROTEINANDGENETICMATERIALNECESSARYFORITSPRODUCTIONINCORN,,BACILLUS THURINGIENSIS CRY 1A.105 PROTEIN AND GENETIC MATERIAL NECESSARY (VECTOR PV-ZMIR245) FOR ITS PRODUCTION IN CORN,6092,,,1
BACILLUSTHURINGIENSISDELTAENDOTOXINPRODUCEDINCORN,,BACILLUS THURINGIENSIS DELTA ENDOTOXIN PRODUCED IN CORN,3954,,,1
BACILLUSTHURINGIENSISNRRLB50551,,BACILLUS THURINGIENSIS NRRL B-50551,6451,,,1
BACILLUSTHURINGIENSISSPPKURSTAKISTRAINEVB11319,,"BACILLUS THURINGIENSIS SPP. KURSTAKI, STRAIN EVB-113-19",6454,,,1
BACILLUSTHURINGIENSISSSPKURSTAKISTRAINEVB11319,,"BACILLUS THURINGIENSIS SSP KURSTAKI, STRAIN EVB 113 19",6323,,,1
BACILLUSTHURINGIENSISSTRAINDARMSTADIENSIS,,"BACILLUS THURINGIENSIS, STRAIN DARMSTADIENSIS",2410,,,1
BACILLUSTHURINGIENSISSUBKURSTAKISTRAINEG7673COLEOPTERANACTIVETOXIN,,BACILLUS THURINGIENSIS SUB. KURSTAKI STRAIN EG7673 COLEOPTERAN ACTIVE TOXIN,5051,,,1
BACILLUSTHURINGIENSISSUBKURSTAKISTRAINEG7673LEPIDOPTERANACTIVETOXIN,,BACILLUS THURINGIENSIS SUB. KURSTAKI STRAIN EG7673 LEPIDOPTERAN ACTIVE TOXIN,5049,,,1
BACILLUSTHURINGIENSISSUBSPAIZAWAIGC91PROTEIN,,"BACILLUS THURINGIENSIS (BERLINER), SUBSP. AIZAWAI, GC-91 PROTEIN",3843,,,1
BACILLUSTHURINGIENSISSUBSPAIZAWAISEROTYPEH7,,"BACILLUS THURINGIENSIS (BERLINER), SUBSP. AIZAWAI, SEROTYPE H-7",3856,,,1
BACILLUSTHURINGIENSISSUBSPAIZAWAISTRAINABTS1857,,"BACILLUS THURINGIENSIS, SUBSP. AIZAWAI, STRAIN ABTS-1857",5879,,,1
BACILLUSTHURINGIENSISSUBSPAIZAWAISTRAINSD1372LEPIDOPTERANACTIVETOXIN,,"BACILLUS THURINGIENSIS, SUBSP. AIZAWAI, STRAIN SD-1372, LEPIDOPTERAN ACTIVE TOXIN(S)",5226,,,1
BACILLUSTHURINGIENSISSUBSPECIESISRAELENSISSTRAINIPS78,,"BACILLUS THURINGIENSIS SUBSPECIES ISRAELENSIS, STRAIN IPS-78",4018,,,1
BACILLUSTHURINGIENSISSUBSPECIESKURSTAKIGENETICALLYENGINEEREDSTRAINEG7841LEPIDOPTERANACTIVETOXIN,,"BACILLUS THURINGIENSIS SUBSPECIES KURSTAKI, GENETICALLY ENGINEERED STRAIN EG7841 LEPIDOPTERAN ACTIVE TOXIN",3988,,,1
BACILLUSTHURINGIENSISSUBSPECIESKURSTAKISTRAINBMP123,,BACILLUS THURINGIENSIS SUBSPECIES KURSTAKI STRAIN BMP 123,4024,,,1
BACILLUSTHURINGIENSISSUBSPECIESKURSTAKISTRAINHD1LEPIDOPTERANACTIVETOXIN,,"BACILLUS THURINGIENSIS SUBSPECIES KURSTAKI STRAIN HD-1, LEPIDOPTERAN ACTIVE TOXIN",5010,,,1
BACILLUSTHURINGIENSISSUBSPECIESKURSTAKISTRAINVBTS2546,,"BACILLUS THURINGIENSIS SUBSPECIES KURSTAKI, STRAIN VBTS-2546",6205,,,1
BACILLUSTHURINGIENSISSUBSPECTENEBRIONISDELTAENDOTOXIN,,BACILLUS THURINGIENSIS SUBSPEC. TENEBRIONIS DELTA ENDOTOXIN,3972,,,1
BACILLUSTHURINGIENSISSUBSPGALLERIAESTRAINSDS502FERMENTATIONSOLIDSSPORESANDINSECTICIDALTOXINS,,"BACILLUS THURINGIENSIS SUBSP. GALLERIAE, STRAIN SDS-502 FERMENTATION SOLIDS, SPORES AND INSECTICIDAL TOXINS",6219,,,1
BACILLUSTHURINGIENSISSUBSPISRAELENSISSEROTYPEH14,,"BACILLUS THURINGIENSIS (BERLINER), SUBSP. ISRAELENSIS, SEROTYPE H-14",3857,,,1
BACILLUSTHURINGIENSISSUBSPISRAELENSISSTRAINAM6552,,"BACILLUS THURINGIENSIS, SUBSP. ISRAELENSIS, STRAIN AM 65-52",5841,,,1
BACILLUSTHURINGIENSISSUBSPISRAELENSISSTRAINSUM6218,,"BACILLUS THURINGIENSIS SUBSP. ISRAELENSIS, STRAIN SUM-6218",6206,,,1
BACILLUSTHURINGIENSISSUBSPKURSTAKIDELTAENDOTOXINASPRODUCEDINCORNBYANHD1GENEANDITSCONTROLLINGSEQUENCESANDFOUNDONPLASMIDVECTORPZO1502,,"BACILLUS THURINGIENSIS SUBSP. KURSTAKI, DELTA-ENDOTOXIN  AS PRODUCED IN CORN BY AN HD-1 GENE, AND ITS CONTROLLING SEQUENCES AND FOUND ON PLASMID VECTOR, PZO1502",5048,,,1
BACILLUSTHURINGIENSISSUBSPKURSTAKIGENETICALLYENGINEEREDSTRAINABG6413BYABBOTT,,"BACILLUS THURINGIENSIS, SUBSP. KURSTAKI, GENETICALLY ENGINEERED STRAIN ABG-6413 (ABTS-2198) BY ABBOTT",3990,,,1
BACILLUSTHURINGIENSISSUBSPKURSTAKIGENETICALLYENGINEEREDSTRAINAGRO1BYAGREVO,,"BACILLUS THURINGIENSIS SUBSP. KURSTAKI, GENETICALLY ENGINEERED STRAIN AGRO1 BY AGREVO",5004,,,1
BACILLUSTHURINGIENSISSUBSPKURSTAKIGENETICALLYENGINEEREDSTRAINAGRO2BYAGREVO,,"BACILLUS THURINGIENSIS SUBSP. KURSTAKI, GENETICALLY ENGINEERED STRAIN AGRO2 BY AGREVO",5005,,,1
BACILLUSTHURINGIENSISSUBSPKURSTAKIGENETICALLYENGINEEREDSTRAINS3158CRYABYSANDOZ,,"BACILLUS THURINGIENSIS, SUBSP. KURSTAKI, GENETICALLY ENGINEERED STRAIN S3158::CRY A BY SANDOZ",4041,,,1
BACILLUSTHURINGIENSISSUBSPKURSTAKIGENETICALLYENGINEEREDSTRAINS3159G27BYSANDOZ,,"BACILLUS THURINGIENSIS, SUBSP. KURSTAKI, GENETICALLY ENGINEERED STRAIN S3159::G27 BY SANDOZ",3989,,,1
BACILLUSTHURINGIENSISSUBSPKURSTAKISEROTYPE3A3B,,"BACILLUS THURINGIENSIS (BERLINER), SUBSP. KURSTAKI, SEROTYPE 3A,3B",3858,,,1
BACILLUSTHURINGIENSISSUBSPKURSTAKISTRAIN2424,,"BACILLUS THURINGIENSIS (BERLINER), SUBSP. KURSTAKI, STRAIN 2424",3861,,,1
BACILLUSTHURINGIENSISSUBSPKURSTAKISTRAINABTS351FERMENTATIONSOLIDSANDSOLUBLES,,"BACILLUS THURINGIENSIS, SUBSP. KURSTAKI, STRAIN ABTS-351, FERMENTATION SOLIDS AND SOLUBLES",5829,,,1
BACILLUSTHURINGIENSISSUBSPKURSTAKISTRAINEG2348,,"BACILLUS THURINGIENSIS (BERLINER), SUBSP. KURSTAKI, STRAIN EG 2348",3859,,,1
BACILLUSTHURINGIENSISSUBSPKURSTAKISTRAINEG2371,,"BACILLUS THURINGIENSIS (BERLINER), SUBSP. KURSTAKI, STRAIN EG2371",3860,,,1
BACILLUSTHURINGIENSISSUBSPKURSTAKISTRAINHD1,,"BACILLUS THURINGIENSIS, SUBSP. KURSTAKI, STRAIN HD-1",4023,,,1
BACILLUSTHURINGIENSISSUBSPKURSTAKISTRAINHD1DELTAENDOTOXINASPRODUCEDINCORNBYACRYIAGENEANDITSCONTROLLINGSEQUENCESBYMONSANTO,,"BACILLUS THURINGIENSIS, SUBSP. KURSTAKI, STRAIN HD-1,DELTA-ENDOTOXIN AS PRODUCED IN CORN BY A CRY IA(B) GENE AND ITS CONTROLLING SEQUENCES BY MONSANTO",3986,,,1
BACILLUSTHURINGIENSISSUBSPKURSTAKISTRAINSA11,,"BACILLUS THURINGIENSIS (BERLINER), SUBSP. KURSTAKI, STRAIN SA-11",3862,,,1
BACILLUSTHURINGIENSISSUBSPKURSTAKISTRAINSA12,,"BACILLUS THURINGIENSIS (BERLINER), SUBSP. KURSTAKI STRAIN SA-12",3970,,,1
BACILLUSTHURINGIENSISSUBSPMORRISONISEROTYPE8A8B,,"BACILLUS THURINGIENSIS (BERLINER), SUBSP. MORRISONI, SEROTYPE 8A8B",3863,,,1
BACILLUSTHURINGIENSISSUBSPSANDIEGO,,"BACILLUS THURINGIENSIS (BERLINER), SUBSP. SAN DIEGO",3864,,,1
BACILLUSTHURINGIENSISSUBSPTENEBRIONIS,,BACILLUS THURINGIENSIS SUBSP. TENEBRIONIS,5043,,,1
BACILLUSTHURINGIENSISVARAIZAWAIMOCRY1FANDTHEGENETICMATERIALNECESSARYFORITSPRODUCTIONINMAIZE,,BACILLUS THURINGIENSIS VAR. AIZAWAI MOCRY1F AND THE GENETIC MATERIAL NECESSARY FOR ITS PRODUCTION (PLASMID INSERT PHP 12537) IN MAIZE,5819,,,1
BACILLUSTHURINGIENSISVARJAPONENSISSTRAINBUIBUI,,"BACILLUS THURINGIENSIS, VAR. JAPONENSIS, STRAIN BUIBUI",4005,,,1
BACILLUSTHURINGIENSISVARKURSTAKIAIZAWAI,,BACILLUS THURINGIENSIS VAR. KURSTAKI/AIZAWAI,3955,,,1
BACILLUSTHURINGIENSISVARKURSTAKIDELTAENDOTOXINSCRY1AANDCRY1CENCAPSULATEDINPSEUDOMONASFLUORESCENS,,"BACILLUS THURINGIENSIS, VAR. KURSTAKI DELTA ENDOTOXINS CRY 1A(C) AND CRY 1C (GENETICALLY ENGINEERED) ENCAPSULATED IN PSEUDOMONAS FLUORESCENS (KILLED)",3965,,,1
BACILLUSTHURINGIENSISVARKURSTAKIGENETICALLYENGINEEREDSTRAINECX9441,,"BACILLUS THURINGIENSIS VAR. KURSTAKI, GENETICALLY ENGINEERED STRAIN ECX 9441",3962,,,1
BACILLUSTHURINGIENSISVARKURSTAKIGENETICALLYENGINEEREDSTRAINEG7618,,"BACILLUS THURINGIENSIS, VAR. KURSTAKI, GENETICALLY ENGINEERED, STRAIN EG7618",3963,,,1
BACILLUSTHURINGIENSISVARKURSTAKIGENETICALLYENGINEEREDSTRAINEG7826,,"BACILLUS THURINGIENSIS VAR. KURSTAKI, GENETICALLY ENGINEERED STRAIN EG7826",5325,,,1
BACILLUSTHURINGIENSISVARKURSTAKIPROTEININCOTTONSEED,,BACILLUS THURINGIENSIS VAR. KURSTAKI PROTEIN IN COTTONSEED,3554,,,1
BACILLUSTHURINGIENSISVARKURSTAKISTRAINM200,,BACILLUS THURINGIENSIS VAR. KURSTAKI STRAIN M-200,3978,,,1
BACTERIALPROTEASE,,BACTERIAL PROTEASE,3522,,,1
BACTERIOPHAGEACTIVEAGAINSTCLAVIBACTERMICHIGANENSISSUBSPMICHIGANENSIS,,BACTERIOPHAGE ACTIVE AGAINST CLAVIBACTER MICHIGANENSIS SUBSP. MICHIGANENSIS,6494,,,1
BACTERIOPHAGEACTIVEAGAINSTERWINIAAMYLOVORA,,BACTERIOPHAGE ACTIVE AGAINST ERWINIA AMYLOVORA,6495,,,1
BACTERIOPHAGEACTIVEAGAINSTXANTHOMONASCAMPESTRISPVVESICATORIAANDPSEUDOMONASSYRINGAEPVTOMATO,,BACTERIOPHAGE ACTIVE AGAINST XANTHOMONAS CAMPESTRIS PV. VESICATORIA AND PSEUDOMONAS SYRINGAE PV. TOMATO,5940,,,1
BACTERIOPHAGESACTIVEAGAINSTXYLELLAFASTIDIOSA,,BACTERIOPHAGES ACTIVE AGAINST XYLELLA FASTIDIOSA,6270,,,1
BACULOVIRUSGENETICALLYENGINEEREDSTRAINACMNPVLQHIT2,,"BACULOVIRUS, GENETICALLY ENGINEERED, STRAIN ACMNPV-LQHIT2",5157,,,1
BACULOVIRUSGENETICALLYENGINEEREDSTRAINVEGTDELAAIT,,"BACULOVIRUS, GENETICALLY ENGINEERED, STRAIN VEGTDEL-AAIT",5021,,,1
BACULOVIRUSGENETICALLYENGINEEREDSTRAINVEGTDELTOX34,,"BACULOVIRUS, GENETICALLY ENGINEERED, STRAIN VEGTDEL-TOX34",5404,,,1
BACULOVIRUSGENETICALLYENGINEREDSTRAIN,,"BACULOVIRUS, GENETICALLY ENGINERED, STRAIN (VEGTDEL)",3958,,,1
BALSAMFIROIL,,BALSAM FIR OIL,5969,,,1
BALSAMPERU,,BALSAM PERU,1146,,,1
BANDANE,,BANDANE,54,,,1
BARBAN,,BARBAN,55,,,1
BARIUMCARBONATE,,BARIUM CARBONATE,3060,,,1
BARIUMCHLORIDE,,BARIUM CHLORIDE,3061,,,1
BARIUMMETABORATE,,BARIUM METABORATE,973,,,1
BARIUMSULFATE,,BARIUM SULFATE,2411,,,1
BARLEYSTRAW,,BARLEY STRAW,5138,,,1
BAROCHEMB460,,BAROCHEM B460,2412,,,1
BAROCHEMB464,,BAROCHEM B464,2413,,,1
BASICVIOLET1,,BASIC VIOLET 1,3584,,,1
BEAUVERIABASSIANA,,BEAUVERIA BASSIANA,3948,,,1
BEAUVERIABASSIANAHF23,,BEAUVERIA BASSIANA HF 23,5976,,,1
BEAUVERIABASSIANASTRAINANT03,,BEAUVERIA BASSIANA STRAIN ANT-03,6137,,,1
BEAUVERIABASSIANASTRAINGHA,,BEAUVERIA BASSIANA STRAIN GHA,3993,,,1
BEAUVERIABASSIANASTRAINPPRI5339,,BEAUVERIA BASSIANA STRAIN PPRI 5339,6217,,,1
BEESWAX,,BEESWAX (YELLOW AND WHITE),3586,,,1
BEETPOWDER,,BEET POWDER,3587,,,1
BENALAXYLM,,,,Benalaxyl-M,180.684,1
BENDIOCARB,,BENDIOCARB,1924,,,1
BENEFIN,,BENEFIN,53,,,1
BENFLURALIN,BENFLURALIN,,,Benfluralin,180.208,2
BENOMYL,BENOMYL,BENOMYL,1552,,,2
BENOXACOR,,,,Benoxacor,180.46,1
BENSULFURON,BENSULFURON,,,,,1
BENSULFURONMETHYL,,BENSULFURON METHYL,2263,Bensulfuron methyl,180.445,2
BENSULIDE,BENSULIDE,BENSULIDE,70,Bensulide,180.241,3
BENTAZON,,"BENTAZON|BENTAZON, SODIUM SALT",1944|2999,Bentazon,180.355,2
BENTAZONE,BENTAZONE,,,,,1
BENTHIAVALICARBISOPROPYL,,,,Benthiavalicarb-isopropyl,180.618,1
BENTONITE,,BENTONITE,1399,,,1
BENZALDEHYDE,,BENZALDEHYDE,65,,,1
BENZENE,,BENZENE,67,,,1
BENZENE11OXYBISTETRAPROPYLENEDERIVATIVESSULFONATEDSODIUM,,"BENZENE, 1,1'-OXYBIS-TETRAPROPYLENE DERIVATIVES, SULFONATED, SODIUM",3561,,,1
BENZENEC1016ALKYLDERIVATIVES,,"BENZENE, C10-16-ALKYL DERIVATIVES",6338,,,1
BENZENESULFONICC1016ALKYLDERIVATIVES,,"BENZENESULFONIC ACID, C10-16-ALKYL DERIVATIVES",6337,,,1
BENZENESULFONICMONOC1113BRANCHEDALKYLDERIVATIVESCALCIUM,,"BENZENESULFONIC ACID, MONO C11-13 BRANCHED ALKYL DERIVATIVES, CALCIUM SALTS",6328,,,1
BENZENESULFONYLCHLORIDE,,BENZENE SULFONYL CHLORIDE,2415,,,1
BENZIN,,BENZIN,2416,,,1
BENZOBICYCLON,,BENZOBICYCLON,6076,Benzobicyclon,180.693,2
BENZOCAINE,,BENZOCAINE,962,,,1
BENZOIC,,BENZOIC ACID,1329,,,1
BENZOPHENONE2,,BENZOPHENONE-2,3063,,,1
BENZOPHENONE3,,BENZOPHENONE-3,2417,,,1
BENZOVINDIFLUPYR,,BENZOVINDIFLUPYR,6113,Benzovindiflupyr,180.686,2
BENZOYLCHLORIDEHYDRAZONE,,BENZOYL CHLORIDE HYDRAZONE,1705,,,1
BENZPYRIMOXAN,,,,Benzpyrimoxan,180.724,1
BENZYLALCOHOL,,BENZYL ALCOHOL,915,,,1
BENZYLBENZOATE,,BENZYL BENZOATE,68,,,1
BENZYLBROMOACETATE,,BENZYL BROMOACETATE,1653,,,1
BENZYLC1214ALKYLDIMETHYLQUATERNARYAMMONIUMCOMPOUNDS,,BENZYL-C12-14-ALKYLDIMETHYL QUATERNARY AMMONIUM COMPOUNDS,5069,,,1
BENZYLCHLORIDE,,BENZYL CHLORIDE,2419,,,1
BENZYLDIETHYLMETHYLAMMONIUMSACCHARIDE,,"BENZYLDIETHYL [(2,6-XYLYLCARBAMOYL)METHYL] AMMONIUM SACCHARIDE",3981,,,1
BENZYLDIMETHYLOCTADECYLAMMONIUMCHLORIDE,,BENZYL DIMETHYL OCTADECYL AMMONIUM CHLORIDE,1186,,,1
BETAALPHA1H124TRIAZOLE1ETHANOL,,,,"Beta-(4-Chlorophenoxy)-alpha-(1,1-dimethylethyl)-1H-1,2,4-triazole-1-ethanol",180.45,1
BETABROMOBETANITROSTYRENE,,BETA-BROMO-BETA-NITROSTYRENE,1892,,,1
BETABUTYROLACTONE,,BETA-BUTYROLACTONE,3084,,,1
BETACARYOPHYLLENE,,BETA-CARYOPHYLLENE,2188,,,1
BETACONGLUTIN,,BETA-CONGLUTIN,6078,,,1
BETACYFLUTHRIN,,BETA-CYFLUTHRIN,3956,,,1
BETAINE,,BETAINE,6261,,,1
BETAPINENEMALEAMIDECOPOLYMER,,BETA-PINENE-MALEAMIDE COPOLYMER,5228,,,1
BETAPINENEPOLYMER,,BETA-PINENE POLYMER,3998,,,1
BETAPINENEPOLYMERTOLUENEANDXYLENEALKYLATEDWITHDECYCLOPENTADIENE,,BETA-PINENE POLYMER -TOLUENE AND XYLENE ALKYLATED WITH DECYCLOPENTADIENE,3328,,,1
BETATHIOCYANOETHYLOFMIXEDFATTYACIDS,,BETA-THIOCYANOETHYL ESTERS OF MIXED FATTY ACIDS,356,,,1
BHA,,BHA,2420,,,1
BHC,,BHC|BHC (OTHER THAN GAMMA ISOMER),767|90359,,,1
BICYCLICANDMETHENERESINS,,BICYCLIC AND METHENE RESINS,3516,,,1
BICYCLOPYRONE,,BICYCLOPYRONE,6241,Bicyclopyrone,180.682,2
BIFENAZATE,BIFENAZATE,BIFENAZATE,5657,Bifenazate,180.572,3
BIFENOX,,BIFENOX,1953,,,1
BIFENTHRIN,BIFENTHRIN,BIFENTHRIN,2300,Bifenthrin,180.442,3
BINAPACRYL,,BINAPACRYL,73,,,1
BIONECTRIAOCHROLEUCANRRL50823,,BIONECTRIA OCHROLEUCA NRRL 50823,6449,,,1
BIPHENYL,,BIPHENYL,227,,,1
BISADIPATE,,BIS(TRIBUTYLTIN) ADIPATE,1990,,,1
BISALKYLAMINEACETATE,,BIS (2-HYDROXYETHYL) ALKYL (AS IN FATTY ACIDS OF COCONUT OIL) AMINE ACETATE,2243,,,1
BISBUTENYLENETETRAHYDROFURFURAL,,BIS BUTENYLENE TETRAHYDRO FURFURAL,397,,,1
BISETHER,,"BIS-(2,2-DICHLOROETHYL) ETHER|BIS-(CHLOROETHYL) ETHER",201|203,,,1
BISPHENOLA,,BISPHENOL A,3070,,,1
BISPYRIBAC,BISPYRIBAC,,,,,1
BISPYRIBACSODIUM,,BISPYRIBAC-SODIUM,5749,Bispyribac-sodium,180.577,2
BISSALICYLATE,,BIS(TRIBUTYLTIN) SALICYLATE,5074,,,1
BISSUCCINATE,,BIS(TRIBUTYLTIN) SUCCINATE,74,,,1
BISSULFIDE,,BIS(TRIBUTYLTIN)SULFIDE,1886,,,1
BISSULFONE,,BIS(TRIBUTYLTIN) SULFONE|BIS(TRICHLOROMETHYL) SULFONE,1665|1865,,,1
BITERTANOL,,,,Bitertanol,180.457,1
BITTERORANGEEXTRACT,,BITTER ORANGE EXTRACT,6429,,,1
BIXAFEN,,BIXAFEN,6506,Bixafen,180.702,2
BLASTFURNACESLAG,,BLAST FURNACE SLAG,2425,,,1
BLUE7,,ACID BLUE 7,2352,,,1
BLUE9DIAMMONIUM,,"ACID BLUE 9, DIAMMONIUM SALT",2154,,,1
BLUE9DISODIUM,,"ACID BLUE 9, DISODIUM SALT",3562,,,1
BOMYL,,BOMYL,77,,,1
BONEMEAL,,BONE MEAL,3589,,,1
BONEOIL,,BONE OIL,78,,,1
BORAX,,BORAX,79,,,1
BORIC,,BORIC ACID,769,,,1
BORICOXIDE,,BORIC OXIDE,2090,,,1
BORON,,BORON,2426,,,1
BORONOXIDE,,BORON OXIDE,5951,,,1
BOSCALID,BOSCALID,BOSCALID,5790,Boscalid,180.589,3
BRAN,,BRAN,3590,,,1
BREADCRUMBS,,BREAD CRUMBS,3591,,,1
BREVIBACILLUSBREVISNRRLB50390,,BREVIBACILLUS BREVIS NRRL B-50390,6447,,,1
BRODIFACOUM,,BRODIFACOUM,2049,,,1
BROFLANILIDE,,BROFLANILIDE,6430,Broflanilide,180.714,2
BROMACIL,BROMACIL,"BROMACIL|BROMACIL, LITHIUM SALT|BROMACIL, SODIUM SALT",1573|83|842,Bromacil,180.21,3
BROMACILDIMETHYLAMINE,,"BROMACIL, DIMETHYLAMINE SALT",840,,,1
BROMADIOLONE,,BROMADIOLONE,2135,,,1
BROMETHALIN,,BROMETHALIN,2288,,,1
BROMIDE,,BROMIDE,4055,,,1
BROMINE,,BROMINE,2296,,,1
BROMINECHLORIDE,,BROMINE CHLORIDE,2323,,,1
BROMOETHANE,,BROMOETHANE,2427,,,1
BROMOPROPYLATE,,BROMOPROPYLATE,2428,,,1
BROMOXYNIL,BROMOXYNIL,,,Bromoxynil,180.324,2
BROMOXYNILBUTYRATE,,BROMOXYNIL BUTYRATE,2163,,,1
BROMOXYNILHEPTANOATE,,BROMOXYNIL HEPTANOATE,5036,,,1
BROMOXYNILOCTANOATE,,BROMOXYNIL OCTANOATE,834,,,1
BROMOXYNILPHENOL,,BROMOXYNIL PHENOL,2429,,,1
BROMUCONAZOLE,,BROMUCONAZOLE,6465,,,1
BRONOPOL,,BRONOPOL,2295,,,1
BUFENCARB,,BUFENCARB,91,,,1
BUFFALOGOURDROOTPOWDER,,BUFFALO GOURD ROOT POWDER,3928,,,1
BUPIRIMATE,,BUPIRIMATE,2430,,,1
BUPROFEZIN,BUPROFEZIN,BUPROFEZIN,3947,Buprofezin,180.511,3
BURKHOLDERIARINOJENSISA396,,BURKHOLDERIA RINOJENSIS A 396 (NRRL B-50319),6138,,,1
BURKHOLDERIASPSTRAINA396CELLSANDFERMENTATIONMEDIA,,BURKHOLDERIA SP STRAIN A396 CELLS AND FERMENTATION MEDIA,6064,,,1
BUTACHLOR,,BUTACHLOR,4056,,,1
BUTADIENEACRYLONITRILECOPOLYMER,,BUTADIENE-ACRYLONITRILE COPOLYMER,2432,,,1
BUTAFENACIL,,,,Butafenacil,180.592,1
BUTANE,,BUTANE,1562,,,1
BUTATHIOFOS,,BUTATHIOFOS,2433,,,1
BUTENEDIOL,,BUTENEDIOL,3072,,,1
BUTONATE,,BUTONATE,255,,,1
BUTOPYRONOXYL,,BUTOPYRONOXYL,90,,,1
BUTOXYCARBOXIM,,BUTOXYCARBOXIM,2201,,,1
BUTOXYPOLYETHANOL,,BUTOXYPOLY(ETHYLENEOXY) ETHANOL,3592,,,1
BUTOXYPOLYPROPOXYPOLYETHOXYETHANOLIODINECOMPLEX,,BUTOXY POLYPROPOXY POLYETHOXY ETHANOL - IODINE COMPLEX,1633,,,1
BUTOXYPOLYPROPYLENEGLYCOL,,BUTOXY POLYPROPYLENE GLYCOL,170,,,1
BUTRALIN,BUTRALIN,BUTRALIN,1756,,,2
BUTYLACETYLAMINOPROPIONIC,,BUTYLACETYLAMINOPROPIONIC ACID,5379,,,1
BUTYLALCOHOL,,BUTYL ALCOHOL,1482,,,1
BUTYLAMINEDODECYLBENZENESULFONATE,,BUTYLAMINE DODECYL BENZENE SULFONATE,3079,,,1
BUTYLANTHRANILATE,,BUTYL ANTHRANILATE,6297,,,1
BUTYLATE,,BUTYLATE,565,,,1
BUTYLATEDHYDROXYTOLUENE,,BUTYLATED HYDROXYTOLUENE,1309,,,1
BUTYLATEDSTYRENATEDCRESOLS,,BUTYLATED STYRENATED CRESOLS,3593,,,1
BUTYLBENZYLPHTHALATE,,BUTYL BENZYL PHTHALATE,3080,,,1
BUTYLLACTATE,,BUTYL LACTATE,6127,,,1
BUTYLMERCAPTAN,,BUTYL MERCAPTAN,5087,,,1
BUTYLSTEARATE,,BUTYL STEARATE,3076,,,1
BUTYRIC,,BUTYRIC ACID,3083,,,1
BUTYRICANHYDRIDE,,BUTYRIC ANHYDRIDE,2007,,,1
CACODYLIC,,CACODYLIC ACID,32,,,1
CADMIUMCARBONATE,,CADMIUM CARBONATE,93,,,1
CADMIUMCHLORIDE,,CADMIUM CHLORIDE,94,,,1
CADMIUMCOCOATE,,CADMIUM COCOATE,3085,,,1
CADMIUMCOMPOUNDS,,CADMIUM COMPOUNDS,2438,,,1
CADMIUMPERBORATE,,CADMIUM PERBORATE,3086,,,1
CADMIUMSEBACATE,,CADMIUM SEBACATE,699,,,1
CADMIUMSUCCINATE,,CADMIUM SUCCINATE,92,,,1
CADMIUMYELLOWPIGMENTS,,CADMIUM YELLOW PIGMENTS,2439,,,1
CADUSAFOS,,,,Cadusafos,180.461,1
CALCAREOUSSHALE,,CALCAREOUS SHALE,3595,,,1
CALCIUMABIETATE,,CALCIUM ABIETATE,3087,,,1
CALCIUMACETATE,,CALCIUM ACETATE,5989,,,1
CALCIUMARSENATE,,CALCIUM ARSENATE,96,,,1
CALCIUMCARBIDE,,CALCIUM CARBIDE,1571,,,1
CALCIUMCARBONATE,,CALCIUM CARBONATE,1007,,,1
CALCIUMCARBONATETREATED,,"CALCIUM CARBONATE, TREATED",2440,,,1
CALCIUMCHLORIDE,,CALCIUM CHLORIDE,920,,,1
CALCIUMCITRATE,,CALCIUM CITRATE,3090,,,1
CALCIUMCYANAMIDE,,CALCIUM CYANAMIDE,98,,,1
CALCIUMCYANIDE,,CALCIUM CYANIDE,176,,,1
CALCIUMHYDROXIDE,,CALCIUM HYDROXIDE,99,,,1
CALCIUMHYPOCHLORITE,,CALCIUM HYPOCHLORITE,326,,,1
CALCIUMMETHANEARSONATE,,CALCIUM ACID METHANEARSONATE,101,,,1
CALCIUMNEODECANOATE,,CALCIUM NEODECANOATE,3091,,,1
CALCIUMNITRATE,,CALCIUM NITRATE,5809,,,1
CALCIUMOCTOATE,,CALCIUM OCTOATE,3092,,,1
CALCIUMOFCASEINANDSOY,,CALCIUM SALTS OF CASEIN AND SOY,1252,,,1
CALCIUMOFFATTYACIDS,,CALCIUM SALTS OF FATTY ACIDS,3596,,,1
CALCIUMOFPHOSPHOROUS,,CALCIUM SALTS OF PHOSPHOROUS ACID,6435,,,1
CALCIUMPEROXIDE,,CALCIUM PEROXIDE,6505,,,1
CALCIUMPETROLEMSULFONATE,,CALCIUM PETROLEM SULFONATE,3094,,,1
CALCIUMPHOSPHATETRIBASIC,,"CALCIUM PHOSPHATE, TRIBASIC",1607,,,1
CALCIUMPOLYSULFIDE,CALCIUM POLYSULFIDE,,,,,1
CALCIUMPROPIONATE,,CALCIUM PROPIONATE,2441,,,1
CALCIUMSILICATE,,CALCIUM SILICATE,1908,,,1
CALCIUMSTEARATE,,CALCIUM STEARATE,3096,,,1
CALCIUMSULFATE,,CALCIUM SULFATE,2442,,,1
CALCIUMTHIOSULFATE,,CALCIUM THIOSULFATE,930,,,1
CALCIUMZINCLN193,,CALCIUM-ZINC LN 193 (COMPLEX),3871,,,1
CALFSMILKREPLACER,,CALF'S MILK REPLACER,5741,,,1
CALOMEL,,CALOMEL,100,,,1
CAMPHENE,,CAMPHENE,5227,,,1
CAMPHOR,,CAMPHOR,102,,,1
CANARYSEED,,CANARY SEED,3597,,,1
CANDIDAOLEOPHILAISOLATEI182,,CANDIDA OLEOPHILA ISOLATE I-182,3961,,,1
CANDLEWAX,,CANDLE WAX,2443,,,1
CANESYRUP,,CANE SYRUP,3598,,,1
CANOLAOIL,,CANOLA OIL,5332,,,1
CAPRIC,,CAPRIC ACID,2315,,,1
CAPRYLIC,,CAPRYLIC ACID,2316,,,1
CAPSICUMOLEORESIN,,CAPSICUM OLEORESIN,470,,,1
CAPTAFOL,,CAPTAFOL,292,,,1
CAPTAN,CAPTAN,CAPTAN,104,Captan,180.103,3
CAPTANOTHERRELATED,,"CAPTAN, OTHER RELATED",90104,,,1
CARAMELCOLOR,,CARAMEL COLOR,2444,,,1
CARBARYL,CARBARYL,CARBARYL,105,Carbaryl,180.169,3
CARBENDAZIM,,CARBENDAZIM,2176,,,1
CARBENDAZIMPHOSPHATE,,CARBENDAZIM PHOSPHATE,1974,,,1
CARBOFURAN,,CARBOFURAN,106,Carbofuran,180.254,2
CARBOFURANPHENOL,,CARBOFURAN PHENOL,4058,,,1
CARBOMETHOXYETHERCELLULOSE,,"CARBO METHOXY ETHER CELLULOSE, SODIUM SALT",2446,,,1
CARBON,,CARBON,712,,,1
CARBONBLACKPIGMENT,,CARBON BLACK PIGMENT,2445,,,1
CARBONDIOXIDE,,CARBON DIOXIDE,2207,,,1
CARBONDISULFIDE,,CARBON DISULFIDE,108,Carbon disulfide,180.467,2
CARBONTETRACHLORIDE,,CARBON TETRACHLORIDE,109,,,1
CARBONTETRAFLUORIDE,,CARBON TETRAFLUORIDE,3099,,,1
CARBOPHENOTHION,CARBOPHENOTHION,CARBOPHENOTHION,110,,,2
CARBOSULFAN,,CARBOSULFAN,2182,,,1
CARBOXIN,CARBOXIN,CARBOXIN,1755,Carboxin,180.301,3
CARBOXYMOLINATE,,CARBOXY MOLINATE,6385,,,1
CARBOXYPOLYMETHYLENE,,CARBOXY POLYMETHYLENE,2447,,,1
CARDBOARD,,CARDBOARD,3599,,,1
CARFENTRAZONEETHYL,CARFENTRAZONE-ETHYL,CARFENTRAZONE-ETHYL,5130,Carfentrazone-ethyl,180.515,3
CARNUBAWAX,,CARNUBA WAX,1657,,,1
CARRAGEENAN,,CARRAGEENAN,3600,,,1
CARROTS,,CARROTS,3601,,,1
CARVACROL,,CARVACROL,1161,,,1
CASEIN,,CASEIN,1075,,,1
CASTOROIL,,CASTOR OIL,1013,,,1
CASTOROILETHOXYLATE,,CASTOR OIL ETHOXYLATE,5974,,,1
CASTORWAXDERIVATIVE,,CASTOR WAX DERIVATIVE,2448,,,1
CATALASE,,CATALASE,6054,,,1
CATFOOD,,CAT FOOD,3602,,,1
CELLULOSE,,CELLULOSE,3100,,,1
CELLULOSEETHYLHYDROXYETHYLETHER,,CELLULOSE ETHYL HYDROXY ETHYL ETHER,3101,,,1
CELLWALLOFSACCHAROMYCESCEREVISIAESTRAINLAS117,,CELL WALL OF SACCHAROMYCES CEREVISIAE STRAIN LAS117,6438,,,1
CERESIN,,CERESIN,3603,,,1
CETYLALCOHOL,,CETYL ALCOHOL,2449,,,1
CETYLDIMETHYLETHYLAMMONIUMBROMIDE,,CETYLDIMETHYLETHYLAMMONIUM BROMIDE,122,,,1
CETYLPALMITATE,,CETYL PALMITATE,2450,,,1
CETYLPYRIDIUMBROMIDE,,CETYL PYRIDIUM BROMIDE,1486,,,1
CETYLTRIMETHYLAMMONIUMBROMIDE,,CETYLTRIMETHYLAMMONIUM BROMIDE,116,,,1
CHARTERSOL1,,CHARTERSOL-1,2453,,,1
CHEESE,,CHEESE,3604,,,1
CHEMOTHANED3860D3861,,CHEM-O-THANE D-3860/D-3861,2454,,,1
CHENOPODIUMAMBROSIODESNEARAMBROSIODES,,CHENOPODIUM AMBROSIODES NEAR AMBROSIODES,5973,,,1
CHEVRON100NEUTRALOIL,,CHEVRON 100 NEUTRAL OIL,2456,,,1
CHEVRONBASEOILC,,CHEVRON BASE OIL 'C',2455,,,1
CHEVRONSOLVENT425,,CHEVRON SOLVENT 425,2457,,,1
CHICAGOSLUDGE,,CHICAGO SLUDGE,3605,,,1
CHINOMETHIONAT,CHINOMETHIONAT,,,,,1
CHITINOLYTICENZYMES,,CHITINOLYTIC ENZYMES,4026,,,1
CHITOSAN,,CHITOSAN,2792,,,1
CHLORACETIC,,CHLORACETIC ACID,3102,,,1
CHLORAMBEN,,"CHLORAMBEN|CHLORAMBEN, AMMONIUM SALT",2184|831,,,1
CHLORAMBENME,,CHLORAMBEN ME,6088,,,1
CHLORAMBENOTHERRELATED,,"CHLORAMBEN, AMMONIUM SALT, OTHER RELATED",90831,,,1
CHLORAMINEB,,CHLORAMINE B,124,,,1
CHLORAMINET,,CHLORAMINE T,125,,,1
CHLORANTRANILIPROLE,CHLORANTRANILIPROLE,CHLORANTRANILIPROLE,5964,Chlorantraniliprole,180.628,3
CHLORBISAN,,CHLORBISAN,127,,,1
CHLORBROMURON,,CHLORBROMURON,1733,,,1
CHLORDANE,,CHLORDANE,130,,,1
CHLORDANEOTHERRELATED,,"CHLORDANE, OTHER RELATED",90130,,,1
CHLORDECONE,,CHLORDECONE,347,,,1
CHLORDIMEFORM,,CHLORDIMEFORM,300,,,1
CHLORDIMEFORMHYDROCHLORIDE,,CHLORDIMEFORM HYDROCHLORIDE,301,,,1
CHLORETHOXYFOS,CHLORETHOXYFOS,,,Chlorethoxyfos,180.486,2
CHLORETHOXYPHOS,,CHLORETHOXYPHOS,5106,,,1
CHLORFENAPYR,CHLORFENAPYR,CHLORFENAPYR,3938,Chlorfenapyr,180.513,3
CHLORFENVINPHOS,,CHLORFENVINPHOS,306,,,1
CHLORFLURENOLMETHYL,,"CHLORFLURENOL, METHYL ESTER",760,,,1
CHLORHEXIDINEDIACETATE,,CHLORHEXIDINE DIACETATE,1144,,,1
CHLORHEXIDINEGLUCONATE,,CHLORHEXIDINE GLUCONATE,5933,,,1
CHLORIMURON,CHLORIMURON,,,,,1
CHLORIMURONETHYL,,CHLORIMURON ETHYL,2458,Chlorimuron ethyl,180.429,2
CHLORINATEDRUBBER,,CHLORINATED RUBBER,3606,,,1
CHLORINATEDTRISODIUMPHOSPHATE,,CHLORINATED TRISODIUM PHOSPHATE (PRIOR TSP & SODIUM HYPOCHLORITE),2214,,,1
CHLORINE,,CHLORINE,131,,,1
CHLORINEDIOXIDE,,CHLORINE DIOXIDE,2053,,,1
CHLORMEQUAT,CHLORMEQUAT,,,,,1
CHLORMEQUATCHLORIDE,,CHLORMEQUAT CHLORIDE,1512,Chlormequat chloride,180.698,2
CHLOROACRYLATE,,CHLOROACRYLATE,2459,,,1
CHLOROALLYLALCOHOL,,CHLOROALLYL ALCOHOL ,4059,,,1
CHLOROBENZENE,,CHLOROBENZENE,2460,,,1
CHLOROBENZILATE,,CHLOROBENZILATE,132,,,1
CHLORODIBROMOMETHANE,,CHLORODIBROMOMETHANE,2462,,,1
CHLORODIFLUOROMETHANE,,CHLORO DIFLUORO METHANE,3104,,,1
CHLOROFORM,,CHLOROFORM,133,,,1
CHLOROHYDROXYALLANTOINATE,,CHLORO HYDROXY ALLANTOINATE,1142,,,1
CHLOROMETHOXYPROPYLMERCURICACETAMIDE,,CHLOROMETHOXY PROPYL MERCURIC ACETAMIDE,887,,,1
CHLORONEB,CHLORONEB,CHLORONEB,135,,,2
CHLOROPHACINONE,,CHLOROPHACINONE,1625,,,1
CHLOROPHYLL,,CHLOROPHYLL,3105,,,1
CHLOROPHYLLOILSOLUBLEZZ,,CHLOROPHYLL OIL SOLUBLE-ZZ,2465,,,1
CHLOROPICRIN,CHLOROPICRIN,CHLOROPICRIN,136,,,2
CHLOROPROPYLATE,,CHLOROPROPYLATE,137,,,1
CHLOROTETRACYCLINE,,CHLOROTETRACYCLINE,47,,,1
CHLOROTHALONIL,CHLOROTHALONIL,CHLOROTHALONIL,677,Chlorothalonil,180.275,3
CHLOROTOLUENE,,CHLOROTOLUENE,2467,,,1
CHLOROXURON,,CHLOROXURON,576,,,1
CHLORPROPHAM,CHLORPROPHAM,CHLORPROPHAM,141,Chlorpropham,180.181,3
CHLORPYRIFOS,CHLORPYRIFOS,CHLORPYRIFOS,253,Chlorpyrifos,180.342,3
CHLORPYRIFOSMETHYL,,CHLORPYRIFOS-METHYL,2468,Chlorpyrifos-methyl,180.419,2
CHLORPYRIFOSOXON,,CHLORPYRIFOS OXON,5034,,,1
CHLORSULFONAMIDE,,CHLORSULFONAMIDE ACID,6386,,,1
CHLORSULFURON,CHLORSULFURON,CHLORSULFURON,2143,Chlorsulfuron,180.405,3
CHLORTHALDIMETHYL,,CHLORTHAL-DIMETHYL,179,,,1
CHLORTHALMONOMETHYL,,CHLORTHAL-MONOMETHYL,6387,,,1
CHLORTHIOPHOS,,CHLORTHIOPHOS,2469,,,1
CHOLECALCIFEROL,,CHOLECALCIFEROL,2232,,,1
CHOLINECHLORIDE,,CHOLINE CHLORIDE,6260,,,1
CHROMAFENOZIDE,,CHROMAFENOZIDE,6267,,,1
CHROMIC,,CHROMIC ACID,1188,,,1
CHROMIUMDIOXIDE,,CHROMIUM DIOXIDE,2470,,,1
CHROMOBACTERIUMSUBTSUGAESTRAINPRAA41,,CHROMOBACTERIUM SUBTSUGAE STRAIN PRAA4-1,6024,,,1
CINMETHYLIN,,CINMETHYLIN,3536,,,1
CINNAMALDEHYDE,,CINNAMALDEHYDE,2277,,,1
CINNAMON,,CINNAMON,3607,,,1
CINNAMONOIL,,CINNAMON OIL,5577,,,1
CISCITRAL,,CIS-CITRAL,3107,,,1
CISCYHALOTHRIC,,CIS-CYHALOTHRIC ACID,6388|6477,,,1
CITRAL,,CITRAL,1009,,,1
CITRIC,,"CITRIC ACID|CITRIC ACID, AMMONIUM SALT",142|1816,,,1
CITRININANTIMYCIN,,"CITRININ, ANTIMYCIN",1001,,,1
CITRUSMEAL,,CITRUS MEAL,3608,,,1
CITRUSPECTIN,,CITRUS PECTIN,3609,,,1
CITRUSPULP,,CITRUS PULP,3610,,,1
CLAMSHELLS,,CLAM SHELLS,3611,,,1
CLARIFIEDHYDROPHOBICEXTRACTOFNEEMOIL,,CLARIFIED HYDROPHOBIC EXTRACT OF NEEM OIL,3979,,,1
CLETHODIM,CLETHODIM,CLETHODIM,3566,Clethodim,180.458,3
CLITORIATERNATEABIOLOGICALEXTRACT,,"CLITORIA TERNATEA, BIOLOGICAL EXTRACT",6457,,,1
CLODINAFOP,CLODINAFOP,,,,,1
CLODINAFOPPROPARGYL,,,,Clodinafop-propargyl,180.559,1
CLOFENTEZINE,CLOFENTEZINE,CLOFENTEZINE,2249,Clofentezine,180.446,3
CLOMAZONE,CLOMAZONE,CLOMAZONE,3537,Clomazone,180.425,3
CLONOSTACHYSROSEA,,CLONOSTACHYS ROSEA,6182,,,1
CLONOSTACHYSROSEASTRAINCR7,,CLONOSTACHYS ROSEA STRAIN CR-7,6335,,,1
CLONOSTACHYSROSEASTRAINJ1446,,CLONOSTACHYS ROSEA STRAIN J1446,5962,,,1
CLOPYRALID,CLOPYRALID,CLOPYRALID,5135,Clopyralid,180.431,3
CLOPYRALIDMONOETHANOLAMINE,,"CLOPYRALID, MONOETHANOLAMINE SALT",5050,,,1
CLOPYRALIDTRIETHYLAMINE,,"CLOPYRALID,TRIETHYLAMINE SALT",2339,,,1
CLOQUINTOCETMEXYL,,CLOQUINTOCET-MEXYL,6099,Cloquintocet-mexyl,180.56,2
CLORANSULAMMETHYL,CLORANSULAM-METHYL,CLORANSULAM-METHYL,5781,Cloransulam-methyl,180.514,3
CLOTHIANIDIN,CLOTHIANIDIN,CLOTHIANIDIN,5792,Clothianidin,180.586,3
CLOVEOIL,,CLOVE OIL,5018,,,1
CLOVES,,CLOVES,2333,,,1
COALTARDISTILLATEBOILINGBETWEEN270300DEGREESCELCIUS,,COAL TAR DISTILLATE BOILING BETWEEN 270-300 DEGREES CELCIUS,5042,,,1
COALTARHYDROCARBONS,,COAL TAR HYDROCARBONS,1719,,,1
COALTARNEUTRALOILSANDCOALTARCOMBINATIONS,,COAL TAR NEUTRAL OILS AND COAL TAR ACID COMBINATIONS,144,,,1
COALTARPHENOLS,,COAL TAR PHENOLS,1720,,,1
COBALTNAPHTHENATE,,COBALT NAPHTHENATE,3108,,,1
COBALTOCTOATE,,COBALT OCTOATE,3109,,,1
COBALTOUSSULFATE,,COBALTOUS SULFATE,3110,,,1
COCAMIDOPROPYLBETAINE,,COCAMIDOPROPYL BETAINE,2473,,,1
COCOA,,COCOA,3613,,,1
COCOAMPHOCARBOXYGLYCINATE,,COCO AMPHO CARBOXY GLYCINATE,2474,,,1
COCOASHELLS,,COCOA SHELLS,3614,,,1
COCOBETAINE,,COCO BETAINE,2475,,,1
COCODIAMINE,,COCODIAMINE,3615,,,1
COCONUTDIETHANOLAMIDE,,COCONUT DIETHANOLAMIDE,1598,,,1
COCONUTIMIDAZOLINESODIUMCARBOXYLATE,,COCONUT IMIDAZOLINE SODIUM CARBOXYLATE,1659,,,1
COCONUTOILAMINE,,COCONUT OIL AMINE,1759,,,1
COCONUTOILAMINEACETATE,,COCONUT OIL AMINE ACETATE,1164,,,1
COCONUTOILFATTYACIDS,,COCONUT OIL FATTY ACIDS,3616,,,1
COCONUTOILMONOETHANOLAMINE,,COCONUT OIL MONOETHANOLAMINE,1361,,,1
COCONUTOILPROPYLENEDIAMINE,,COCONUT OIL PROPYLENE DIAMINE,1740,,,1
COCONUTOILSOAP,,COCONUT OIL SOAP,2088,,,1
COCOSHELLFLOUR,,COCO SHELL FLOUR,3617,,,1
CODLINGMOTHGRANULOSISVIRUS,,CODLING MOTH GRANULOSIS VIRUS,2225,,,1
CODLIVEROIL,,COD LIVER OIL,2250,,,1
COFFEEGROUNDS,,COFFEE GROUNDS,3619,,,1
COLLAGEN,,COLLAGEN,1805,,,1
COLLETOTRICHUMGLOEOSPORIOIDESFSPAESCHYNOMENEATCC20358,,COLLETOTRICHUM GLOEOSPORIOIDES F.SP.AESCHYNOMENE ATCC20358,5128,,,1
COLLOID643,,COLLOID 643,2477,,,1
COLLOID840,,COLLOID 840,3527,,,1
COMPLEXCARBOHYDRATEPOLYMERDERIVATIVE,,COMPLEX CARBOHYDRATE POLYMER DERIVATIVE,4027,,,1
COMPLEXPOLYMERICPOLYHYDROXYACIDS,,COMPLEX POLYMERIC POLYHYDROXY ACIDS,6135,,,1
COMPOUNDEDSILICONE,,COMPOUNDED SILICONE,2124,,,1
CONDENSATIONPRODUCTOFMIXEDCRESOLSFORMALDEHYDEANDSULFANILIC,,"CONDENSATION PRODUCT OF MIXED CRESOLS, FORMALDEHYDE AND SULFANILIC",3620,,,1
CONIOTHYRIUMMINITANS,CONIOTHYRIUM MINITANS,,,,,1
CONIOTHYRIUMMINITANSSTRAINCONM9108,,CONIOTHYRIUM MINITANS STRAIN CON/M/91-08,5753,,,1
CONOCOLPA,,CONOCO LPA,2478,,,1
COOKIES,,COOKIES,3621,,,1
COPPER,COPPER,COPPER,714,Copper,180.1021,3
COPPER2ETHYLHEXANOATE,,COPPER 2-ETHYLHEXANOATE,2235,,,1
COPPER2PYRIDINETHIOL1OXIDE,,COPPER 2-PYRIDINETHIOL-1-OXIDE,5975,,,1
COPPER8QUINOLINOLEATE,,COPPER 8-QUINOLINOLEATE,159,,,1
COPPERACETATE,,COPPER ACETATE,147,,,1
COPPERAMMONIUMCARBONATE,,COPPER AMMONIUM CARBONATE,1762,,,1
COPPERAMMONIUMCOMPLEX,,COPPER AMMONIUM COMPLEX,3550,,,1
COPPERBRONZEPOWDER,,COPPER BRONZE POWDER,1457,,,1
COPPERCARBONATEBASIC,,"COPPER CARBONATE, BASIC",60,,,1
COPPERCITRATE,,COPPER CITRATE,1406,,,1
COPPERCITRATECHELATE,,COPPER CITRATE CHELATE,3547,,,1
COPPERDIAMMONIUMDIACETATECOMPLEX,,COPPER DIAMMONIUM DIACETATE COMPLEX,6103,,,1
COPPERDIHYDRAZINIUMSULFATE,,COPPER DIHYDRAZINIUM SULFATE,753,,,1
COPPERETHANOLAMINECOMPLEXESMIXED,,"COPPER ETHANOLAMINE COMPLEXES, MIXED",3551,,,1
COPPERETHYLENEDIAMINECOMPLEX,,COPPER ETHYLENEDIAMINE COMPLEX,3549,,,1
COPPERGLUCONATECHELATE,,COPPER GLUCONATE CHELATE,3548,,,1
COPPERHYDROXIDE,COPPER HYDROXIDE,COPPER HYDROXIDE,151,,,2
COPPERHYDROXIDETRIETHANOLAMINECOMPLEX,,COPPER HYDROXIDE - TRIETHANOLAMINE COMPLEX,1826,,,1
COPPERLINOLEATE,,COPPER LINOLEATE,1110,,,1
COPPERMONOETHANOLAMINECOMPLEX,,COPPER MONOETHANOLAMINE COMPLEX,3552,,,1
COPPERNAPHTHENATE,,COPPER NAPHTHENATE,153,,,1
COPPEROCTANOATE,COPPER OCTANOATE,COPPER OCTANOATE,5225,,,2
COPPEROFFATTYANDROSINACIDS,,COPPER SALTS OF FATTY AND ROSIN ACIDS,155,,,1
COPPEROLEATE,,COPPER OLEATE,154,,,1
COPPEROXIDE,,COPPER OXIDE (IC)|COPPER OXIDE (OUS),175|2231,,,1
COPPEROXYCHLORIDE,COPPER OXYCHLORIDE,COPPER OXYCHLORIDE,156,,,2
COPPEROXYCHLORIDES,COPPER OXYCHLORIDE S,,,,,1
COPPEROXYCHLORIDESULFATE,,COPPER OXYCHLORIDE SULFATE,158,,,1
COPPERPHTHALOCYANINE,,COPPER PHTHALOCYANINE,2479,,,1
COPPERPYRITHIONE,,COPPER PYRITHIONE,6018,,,1
COPPERSODIUMSULFATEPHOSPHATECOMPLEX,,COPPER SODIUM SULFATE-PHOSPHATE COMPLEX,755,,,1
COPPERSULFATE,COPPER SULFATE,COPPER SULFATE (ANHYDROUS)|COPPER SULFATE (BASIC)|COPPER SULFATE (PENTAHYDRATE),161|162|1778,,,2
COPPERSULFATEETHYLENEDIAMINE,,COPPER SULFATE ETHYLENE DIAMINE,2480,,,1
COPPERSULFATEMONOHYDRATE,,"COPPER SULFATE, MONOHYDRATE",1789,,,1
COPPERSULFTRIBASIC,COPPER SULF TRIBASIC,,,,,1
COPPERTRIETHANOLAMINECOMPLEX,,COPPER TRIETHANOLAMINE COMPLEX,1615,,,1
COPPERZINCCHROMATECOMPLEX,,COPPER-ZINC CHROMATE COMPLEX,163,,,1
COPPERZINCSULFATECOMPLEX,,COPPER-ZINC SULFATE COMPLEX,164,,,1
COPPERZINCSULFATECOMPLEXMONOHYDRATE,,"COPPER-ZINC SULFATE COMPLEX, MONOHYDRATE",1751,,,1
CORK,,CORK,3622,,,1
CORN,,CORN,5144,,,1
CORNCOBS,,CORN COBS,3624,,,1
CORNFLOUR,,CORN FLOUR,3625,,,1
CORNGLUTENMEAL,,CORN GLUTEN MEAL,2481,,,1
CORNMINTOIL,,CORN MINT OIL,6032,,,1
CORNOIL,,CORN OIL,3626,,,1
CORNPRODUCTHYDROLYZED,,"CORN PRODUCT, HYDROLYZED",2322,,,1
CORNSTARCH,,CORNSTARCH,3627,,,1
CORNSTEEPLIQUOR,,CORN STEEP LIQUOR,5960,,,1
CORNSYRUP,,CORN SYRUP,3628,,,1
COSOGA,,COS-OGA,6322,,,1
COTTON,,COTTON,3629,,,1
COTTONFIBRECORD,,COTTON FIBRE CORD,2482,,,1
COTTONSEEDFLOUR,,COTTONSEED FLOUR,2078,,,1
COTTONSEEDMEAL,,COTTONSEED MEAL,3630,,,1
COTTONSEEDOIL,,COTTONSEED OIL,1015,,,1
COUMAFURYL,,"COUMAFURYL|COUMAFURYL, SODIUM SALT",298|299,,,1
COUMAPHOS,,COUMAPHOS,165,Coumaphos,180.189,2
COUMAPHOSOTHERRELATED,,"COUMAPHOS, OTHER RELATED",90165,,,1
COUMARONEINDENERESIN,,COUMARONE-INDENE RESIN,3631,,,1
COYOTEURINE,,COYOTE URINE,5925,,,1
CPA1224BLACK,,C-PA-1224 BLACK,2483,,,1
CPPU,CPPU,,,,,1
CRACKEDOATS,,CRACKED OATS,3632,,,1
CRACKEDWHEAT,,CRACKED WHEAT,3633,,,1
CREMAPHOR,,CREMAPHOR,2484,,,1
CREOSOTE,,CREOSOTE,171,,,1
CRESYLIC,,"CRESYLIC ACID|CRESYLIC ACID, POTASSIUM SALT",1941|5095,,,1
CROPGROUPTABLES,,,,Crop group tables.,180.41,1
CROTOXYPHOS,,CROTOXYPHOS,140,,,1
CROTOXYPHOSOTHERRELATED,,"CROTOXYPHOS, OTHER RELATED",90140,,,1
CRUFOMATE,,CRUFOMATE,519,,,1
CRYOFLUORANE,,CRYOFLUORANE,3115,,,1
CRYOLITE,CRYOLITE,CRYOLITE,173,,,2
CUBEEXTRACTS,,CUBE EXTRACTS,756,,,1
CUMENE,,CUMENE,3116,,,1
CUMYLURON,,CUMYLURON,5986,,,1
CUNIMENE,,CUNIMENE,1831,,,1
CUPRICGLUCONATE,,CUPRIC GLUCONATE,3117,,,1
CUPRICNITRATE,,CUPRIC NITRATE,3118,,,1
CUPROUSCHLORIDE,,CUPROUS CHLORIDE,5597,,,1
CUPROUSOXIDE,CUPROUS OXIDE,,,,,1
CUPROUSTHIOCYANATE,,CUPROUS THIOCYANATE,2108,,,1
CYANAMIDE,CYANAMIDE,,,,,1
CYANAZINE,,CYANAZINE,1640,,,1
CYANAZINEOTHERRELATED,,"CYANAZINE, OTHER RELATED",91640,,,1
CYANTRANILIPROLE,,CYANTRANILIPROLE,6072,Cyantraniliprole,180.672,2
CYANURIC,,CYANURIC ACID,2138,,,1
CYANURICCHLORIDE,,CYANURIC ACID CHLORIDE,3529,,,1
CYANURICMONOSODIUM,,"CYANURIC ACID, MONOSODIUM SALT",1031,,,1
CYAZOFAMID,CYAZOFAMID,CYAZOFAMID,5930,Cyazofamid,180.601,3
CYCLAMIC,,"CYCLAMIC ACID, SODIUM SALT",3120,,,1
CYCLANILIDE,CYCLANILIDE,CYCLANILIDE,4030,Cyclanilide,180.506,3
CYCLANILIPROLE,,CYCLANILIPROLE|CYCLANILIPROLE (USE 6218),6157|6218,Cyclaniliprole,180.694,2
CYCLOATE,CYCLOATE,CYCLOATE,516,,,2
CYCLOBUTRIFLURAM,,,,Cyclobutrifluram,180.729,1
CYCLOHEXANE,,CYCLOHEXANE,2087,,,1
CYCLOHEXANOL,,CYCLOHEXANOL,3121,,,1
CYCLOHEXANONE,,CYCLOHEXANONE,177,,,1
CYCLOHEXIMIDE,,CYCLOHEXIMIDE,5,,,1
CYCLOPINOLEIC,,CYCLOPINOLEIC ACID,5402,,,1
CYDIAPOMONELLA,CYDIA POMONELLA,,,,,1
CYFLUFENAMID,CYFLUFENAMID,CYFLUFENAMID,6003,,,2
CYFLUFENAMIDTOLERANCEFORRESIDUES,,,,"Cyflufenamid, tolerance for residues.",180.667,1
CYFLUMETOFEN,,CYFLUMETOFEN,6083,Cyflumetofen,180.677,2
CYFLUTHRIN,CYFLUTHRIN,CYFLUTHRIN,2223,,,2
CYFLUTHRINANDTHEISOMERBETACYFLUTHRIN,,,,Cyfluthrin and the isomer beta-cyfluthrin,180.436,1
CYHALOFOP,CYHALOFOP,,,,,1
CYHALOFOPBUTYL,,CYHALOFOP-BUTYL,5748,Cyhalofop-butyl,180.576,2
CYHALOTHRINGAMMA,CYHALOTHRIN-GAMMA,,,,,1
CYHALOTHRINLAMBDA,CYHALOTHRIN-LAMBDA,,,,,1
CYHEXATIN,,CYHEXATIN,1638,,,1
CYMOXANIL,CYMOXANIL,CYMOXANIL,4002,,,2
CYMOXANILTOLERANCEFORRESIDUES,,,,"Cymoxanil, tolerance for residues.",180.503,1
CYPERMETHRIN,CYPERMETHRIN,(S)-CYPERMETHRIN|CYPERMETHRIN,2171|3866,,,2
CYPERMETHRINANDISOMERSALPHACYPERMETHRINANDZETACYPERMETHRIN,,,,Cypermethrin and isomers alpha-cypermethrin and zeta-cypermethrin,180.418,1
CYPHENOTHRIN,,CYPHENOTHRIN,3885,,,1
CYPRAZINE,,CYPRAZINE,1701,,,1
CYPROCONAZOLE,CYPROCONAZOLE,CYPROCONAZOLE,5105,Cyproconazole,180.485,3
CYPRODINIL,CYPRODINIL,CYPRODINIL,4000,Cyprodinil,180.532,3
CYPROMID,,CYPROMID,178,,,1
CYPROSULFAMIDE,,,,Cyprosulfamide,180.644,1
CYROMAZINE,CYROMAZINE,CYROMAZINE,2286,Cyromazine,180.414,3
CYTOKININ,CYTOKININ,CYTOKININ (AS KINETIN),2082,,,2
D425,,D-425,2489,,,1
D79SOLVENT,,D-79 SOLVENT,2488,,,1
DALAPON,,"DALAPON|DALAPON, SODIUM SALT",1081|180,,,1
DALAPONMAGNESIUM,,"DALAPON, MAGNESIUM SALT",1731,,,1
DALLETHRIN,,D-ALLETHRIN,2293,,,1
DALLETHRINOTHERRELATED,,"D-ALLETHRIN, OTHER RELATED",92293,,,1
DAMINOZIDE,DAMINOZIDE,DAMINOZIDE,7,,,2
DAXAD23,,DAXAD 23,2491,,,1
DAYGLOSATURNYELLOWAX17N,,DAY-GLO SATURN YELLOW AX-17-N,2492,,,1
DAZOMET,DAZOMET,"DAZOMET|DAZOMET, SODIUM SALT",2029|233,,,2
DBCP,,DBCP,183,,,1
DBCPOTHERRELATED,,"DBCP, OTHER RELATED",90183,,,1
DCPA,DCPA,,,DCPA,180.185,2
DCPAMETABOLITES,,DCPA ACID METABOLITES,4062,,,1
DCREDNO28,,D & C RED NO. 28,3515,,,1
DCREDNO37,,D & C RED NO. 37,3634,,,1
DCYELLOW10LAKE,,D & C YELLOW 10 LAKE,2487,,,1
DCYELLOWNO8,,D & C YELLOW NO. 8,3991,,,1
DDD,,DDD,184,,,1
DDDOTHERRELATED,,"DDD, OTHER RELATED",90184,,,1
DDE,,DDE,2092,,,1
DDT,,DDT,186,,,1
DDVP,,DDVP,187,,,1
DDVPOTHERRELATED,,"DDVP, OTHER RELATED",90187,,,1
DEADODECYLBENZNESULFONATE,,DEA-DODECYL BENZNE SULFONATE,3123,,,1
DECAN1OL,DECAN-1-OL,,,,,1
DECHLOROFIPRONIL,,DECHLOROFIPRONIL,6389,,,1
DECHLOROMETOLACHLOR,,DECHLOROMETOLACHLOR,6390,,,1
DECYCLOHEXYL4HYDROXYHEXAZINONE,,DECYCLOHEXYL-4-HYDROXY HEXAZINONE,5836,,,1
DECYLBETAINE,,DECYL BETAINE,2493,,,1
DECYLNMETHYLNPROPYL1DECANAMINIUMCHLORIDE,,DECYL-N-METHYL-N-(3-TRIMETHOXYSILYL)PROPYL)-1-DECANAMINIUM CHLORIDE,5127,,,1
DECYLPHENOXYBENZENEDISULFONIC,,DECYL PHENOXY BENZENE DISULFONIC ACID,3125,,,1
DECYLPHENOXYBENZENEDISULFONICDISODIUM,,"DECYL PHENOXY BENZENE DISULFONIC ACID, DISODIUM SALT",3126,,,1
DEET,,DEET,189,,,1
DEETHYLATRAZINE,,DEETHYL-ATRAZINE,4051,,,1
DEETHYLHYDROXYSIMAZINE,,DEETHYLHYDROXYSIMAZINE,5031,,,1
DEETHYLSIMAZINE,,DEETHYL-SIMAZINE,4096,,,1
DEETOTHERRELATED,,"DEET, OTHER RELATED",90189,,,1
DEFINITIONSANDINTERPRETATIONS,,,,Definitions and interpretations.,180.1,1
DEHYDROABIETYLAMINE,,DEHYDROABIETYLAMINE,1686,,,1
DEHYDROABIETYLAMINEACETATE,,DEHYDROABIETYLAMINE ACETATE,932,,,1
DEHYDROABIETYLAMINEETHYLENEOXIDECONDENSATE,,DEHYDROABIETYLAMINE-ETHYLENE OXIDE CONDENSATE,1863,,,1
DEHYDROABIETYLAMMONIUMPHENOXIDE,,DEHYDROABIETYL AMMONIUM PHENOXIDE,1939,,,1
DEHYDROACETIC,,"DEHYDROACETIC ACID, SODIUM SALT",1501,,,1
DEIODOFLUBENDIAMIDE,,DEIODO FLUBENDIAMIDE,6391,,,1
DEISOPROPYLPROMETRYN,,DEISOPROPYL PROMETRYN,6392,,,1
DELTAMETHRIN,DELTAMETHRIN,DELTAMETHRIN,3010,Deltamethrin,180.435,3
DELTAMETHRINOTHERRELATED,,"DELTAMETHRIN, OTHER RELATED",93010,,,1
DELVET65,,DELVET 65,2494,,,1
DEMETHYLFLUOMETURON,,DEMETHYL FLUOMETURON,6393,,,1
DEMETHYLNORFLURAZON,,DEMETHYLNORFLURAZON,5890,,,1
DEMETON,,DEMETON,566,,,1
DEMETONSMETHYL,,DEMETON-S-METHYL,4063,,,1
DENATONIUMBENZOATE,,DENATONIUM BENZOATE,2229,,,1
DENATUREDETHANOL,,DENATURED ETHANOL,2102,,,1
DEQUEST2010PHOSPHONATE,,DEQUEST 2010 PHOSPHONATE,2496,,,1
DERIVATEDNATURALPOLYMERS,,DERIVATED NATURAL POLYMERS,5719,,,1
DESAMINOMETRIBUZIN,,DESAMINO METRIBUZIN,6469,,,1
DESMEDIPHAM,DESMEDIPHAM,DESMEDIPHAM,1748,Desmedipham,180.353,3
DESOTOURETHANERESIN,,DESOTO URETHANE RESIN,2497,,,1
DESULFINYLFIPRONIL,,DESULFINYL FIPRONIL,6373,,,1
DESULFINYLFIPRONILAMIDE,,DESULFINYL FIPRONIL AMIDE,6070,,,1
DEVICEELECTRICAL,,DEVICE ELECTRICAL,5745,,,1
DEVICEHEAT,,DEVICE HEAT,5747,,,1
DEVICEMICROWAVE,,DEVICE MICROWAVE,5746,,,1
DEVOLATILIZEDPYROLIGNEOUS,,DEVOLATILIZED PYROLIGNEOUS ACID,6234,,,1
DEXTRIN,,DEXTRIN,1108,,,1
DEXTROSE,,DEXTROSE,3129,,,1
DIACETONEALCOHOL,,DIACETONE ALCOHOL,3130,,,1
DIACETOXYPROPENE,,DIACETOXY PROPENE,196,,,1
DIACETYLTARTARICOFMONOANDDIGLYCERIDESOFEDIBLE,,DIACETYL TARTARIC ACID ESTERS OF MONO AND DIGLYCERIDES OF EDIBLE,3637,,,1
DIALIFOR,,DIALIFOR,1799,,,1
DIALIFOROTHERRELATED,,"DIALIFOR, OTHER RELATED",91799,,,1
DIALKYLDIMETHYLAMMONIUMCHLORIDE,,"DIALKYL (85%C18, 15%C16) DIMETHYL AMMONIUM CHLORIDE",197,,,1
DIALKYLPHTHALATE,,DIALKYL PHTHALATE,1209,,,1
DIALKYLSULFOSUCCINATE,,DIALKYL SULFOSUCCINATE,2498,,,1
DIALLATE,,DIALLATE,48,,,1
DIALLYLDIMETHYLAMMONIUMCHLORIDEPOLYMERS,,DIALLYL DIMETHYL AMMONIUM CHLORIDE POLYMERS,5092,,,1
DIALLYLDISULFIDE,,DIALLYL DISULFIDE,5795,,,1
DIALLYLMONOSULFIDE,,DIALLYL MONOSULFIDE,5794,,,1
DIALLYLSULFIDES,,DIALLYL SULFIDES,5793,,,1
DIALLYLTETRASULFIDE,,DIALLYL TETRASULFIDE,5797,,,1
DIALLYLTRISULFIDE,,DIALLYL TRISULFIDE,5796,,,1
DIAMINOCHLOROTRIAZINE,,DIAMINOCHLOROTRIAZINE,5028,,,1
DIAMINOHYDROXYTRIAZINE,,DIAMINOHYDROXYTRIAZINE,5032,,,1
DIAMMONIUMOFPHOSPHOROUS,,DIAMMONIUM SALT OF PHOSPHOROUS ACID,5780,,,1
DIAMMONIUMPHOSPHATE,,DIAMMONIUM PHOSPHATE,654,,,1
DIATOMACEOUSEARTH,,DIATOMACEOUS EARTH,195,,,1
DIATOMACEOUSEARTHOTHERRELATED,,"DIATOMACEOUS EARTH, OTHER RELATED",90195,,,1
DIAZINON,DIAZINON,DIAZINON,198,Diazinon,180.153,3
DIAZOXON,,DIAZOXON,4064,,,1
DIBUTYLPHTHALATE,,DIBUTYLPHTHALATE,199,,,1
DIBUTYLSUCCINATE,,DIBUTYL SUCCINATE,567,,,1
DICAMBA,DICAMBA,"DICAMBA|DICAMBA, POTASSIUM SALT|DICAMBA, SODIUM SALT",200|5057|5110,Dicamba,180.227,3
DICAMBADIETHANOLAMINE,,"DICAMBA, DIETHANOLAMINE SALT",780,,,1
DICAMBADIMETHYLAMINE,,"DICAMBA, DIMETHYLAMINE SALT",849,,,1
DICAMBADIMETHYLAMINEOTHERRELATED,,"DICAMBA, DIMETHYLAMINE SALT, OTHER RELATED",90849,,,1
DICAMBAISOPROPYLAMINE,,"DICAMBA, ISOPROPYLAMINE SALT",5098,,,1
DICAMBAMONOETHANOLAMINE,,"DICAMBA, MONOETHANOLAMINE SALT",1829,,,1
DICAMBAMONOETHANOLAMINEOTHERRELATED,,"DICAMBA, MONOETHANOLAMINE SALT, OTHER RELATED",91829,,,1
DICAMBANNBISMETHYLAMINE,,"DICAMBA, N,N-BIS-(3-AMINOPROPYL)METHYLAMINE SALT",6193,,,1
DICAMBAOTHERRELATED,,"DICAMBA, OTHER RELATED",90200,,,1
DICAMBATRIETHANOLAMINE,,"DICAMBA, TRIETHANOLAMINE SALT",1113,,,1
DICAPRYLADIPATE,,DI-CAPRYL ADIPATE,3934,,,1
DICHLOBENIL,DICHLOBENIL,DICHLOBENIL,112,Dichlobenil,180.231,3
DICHLOFENTHION,,DICHLOFENTHION,614,,,1
DICHLONE,,DICHLONE,202,,,1
DICHLORMATE,,DICHLORMATE,690,,,1
DICHLORMID,,DICHLORMID,5831,Dichlormid,180.469,2
DICHLORO12DITHIOL3ONE,,"DICHLORO-1,2-DITHIOL-3-ONE",5116,,,1
DICHLOROACETIC,,DICHLORO ACETIC ACID,3133,,,1
DICHLOROFLUOROMETHANE,,DICHLOROFLUOROMETHANE,1815,,,1
DICHLOROISOCYANURIC,,"DICHLOROISOCYANURIC ACID, POTASSIUM SALT",2,,,1
DICHLOROPHEN,,DICHLOROPHEN,206,,,1
DICHLOROPROPENE,DICHLOROPROPENE,,,,,1
DICHLOROSTRIAZINETRIONE,,DICHLORO-S-TRIAZINETRIONE,204,,,1
DICHLOROVINYL,,DICHLOROVINYL ACID,2502,,,1
DICHLORPROP,DICHLORPROP,DICHLORPROP,2503,,,2
DICHLORPROPBUTOXYETHANOL,,"DICHLORPROP, BUTOXYETHANOL ESTER",923,,,1
DICHLORPROPP,,DICHLORPROP-P,5060,,,1
DICHLORVOS,,,,Dichlorvos,180.235,1
DICLOFOP,DICLOFOP,,,,,1
DICLOFOPMETHYL,,DICLOFOP-METHYL,2034,Diclofop-methyl,180.385,2
DICLORAN,DICLORAN,DICLORAN,81,Dicloran,180.2,3
DICLOSULAM,DICLOSULAM,,,Diclosulam,180.543,2
DICOFOL,DICOFOL,DICOFOL,346,Dicofol,180.163,3
DICROTOPHOS,DICROTOPHOS,DICROTOPHOS,72,Dicrotophos,180.299,3
DICYANDIAMIDE,,DICYANDIAMIDE,2504,,,1
DICYANOETHYLDIETHYLENETRIAMINE,,DICYANO ETHYL DIETHYLENE TRIAMINE,3141,,,1
DIDECYLDIMETHYLAMMONIUMBICARBONATE,,DIDECYL DIMETHYL AMMONIUM BICARBONATE,5840,,,1
DIDECYLDIMETHYLAMMONIUMCARBONATE,,DIDECYL DIMETHYL AMMONIUM CARBONATE,5839,,,1
DIDECYLDIMETHYLAMMONIUMCHLORIDE,,DIDECYL DIMETHYL AMMONIUM CHLORIDE,1682,,,1
DIDEMETHYLTEBUTHIURON,,DIDEMETHYL TEBUTHIURON,6394,,,1
DIDIMETHYLAMMONIUMCHLORIDE,,DI(TALLOWALKYL)DIMETHYL AMMONIUM CHLORIDE,3177,,,1
DIDODECENYLSUCCINATE,,DI(PHENYLMERCURIC) DODECENYL SUCCINATE,501,,,1
DIELDRIN,,DIELDRIN,210,,,1
DIELDRINOTHERRELATED,,"DIELDRIN, OTHER RELATED",90210,,,1
DIENOCHLOR,DIENOCHLOR,DIENOCHLOR,468,,,2
DIESELFUELNO2,,DIESEL FUEL NO. 2,3923,,,1
DIETHANOLAMIDEOFLAURICANDMYRISTIC,,DIETHANOLAMIDE OF LAURIC AND MYRISTIC ACID,1660,,,1
DIETHANOLAMINE,,DIETHANOLAMINE,3142,,,1
DIETHANOLAMINELAURYLSULFATE,,DIETHANOLAMINE LAURYL SULFATE,3144,,,1
DIETHANOLAMINEOLEATE,,DIETHANOLAMINE OLEATE,3134,,,1
DIETHATYL,DIETHATYL,,,,,1
DIETHATYLETHYL,,DIETHATYL-ETHYL,1995,,,1
DIETHOFENCARB,,,,Diethofencarb,180.688,1
DIETHYLAMINEOFCOCONUTFATTY,,DIETHYLAMINE SALT OF COCONUT FATTY ACID,1066,,,1
DIETHYLENEGLYCOL,,DIETHYLENE GLYCOL,2334,,,1
DIETHYLENEGLYCOLABIETATE,,DIETHYLENE GLYCOL ABIETATE,1213,,,1
DIETHYLENEGLYCOLMONOETHYLETHER,,DIETHYLENE GLYCOL MONOETHYL ETHER,2505,,,1
DIETHYLENEGLYCOLMONOMETHYLETHER,,DIETHYLENE GLYCOL MONOMETHYL ETHER,2506,,,1
DIETHYLENETRIAMINE,,DIETHYLENE TRIAMINE,3151,,,1
DIETHYLSULFIDE,,DIETHYL SULFIDE,5088,,,1
DIFENACOUM,,DIFENACOUM,5942,,,1
DIFENOCONAZOLE,DIFENOCONAZOLE,DIFENOCONAZOLE,5024,Difenoconazole,180.475,3
DIFENZOQUATMETHYLSULFATE,,DIFENZOQUAT METHYL SULFATE,1930,,,1
DIFETHIALONE,,DIFETHIALONE,4014,,,1
DIFLUBENZURON,DIFLUBENZURON,DIFLUBENZURON,1992,Diflubenzuron,180.377,3
DIFLUFENICAN,,DIFLUFENICAN,6258,Diflufenican,180.728,2
DIFLUFENZOPYR,DIFLUFENZOPYR,"DIFLUFENZOPYR|DIFLUFENZOPYR, SODIUM SALT",5750|5751,Diflufenzopyr,180.549,3
DIGLYCERIDESOFFATTYACIDS,,DIGLYCERIDES OF FATTY ACIDS,1249,,,1
DIGLYCOLAMINEOF36DICHLOROOANISIC,,"DIGLYCOLAMINE SALT OF 3,6-DICHLORO-O-ANISIC ACID",5007,,,1
DIGLYCOLIC,,DIGLYCOLIC ACID,3152,,,1
DIHYDRO5HEPTYL2FURANONE,,DIHYDRO-5-HEPTYL-2(3H)-FURANONE,2221,,,1
DIHYDRO5PENTYL2FURANONE,,DIHYDRO-5-PENTYL-2(3H)-FURANONE,2220,,,1
DIHYDROABIETYLAMINEACETATE,,DIHYDRO ABIETYLAMINE ACETATE,1804,,,1
DIHYDROAZADIRACHTIN,,DIHYDROAZADIRACHTIN,3994,,,1
DIHYDROGENATEDTALLOWDIMETHYLAMMONIUMMETHOSULFATE,,DIHYDROGENATED TALLOW DIMETHYL AMMONIUM METHOSULFATE,3153,,,1
DIHYDROGENATEDTALLOWHYDROXYETHYLMETHYLAMMONIUMCHLORIDE,,DIHYDROGENATED TALLOW HYDROXY ETHYL METHYL AMMONIUM CHLORIDE,3154,,,1
DIHYDROTERPINEOL,,DIHYDRO TERPINEOL,2512,,,1
DIIODOMETHYLPTOLYLSULFONE,,DIIODOMETHYL P-TOLYL SULFONE,2150,,,1
DIISOAMYLKETONE,,DIISOAMYL KETONE,3155,,,1
DIISOBUTYLCRESOXYETHOXYETHYLDIMETHYLBENZYLAMMONIUMCHLORIDEORTHOPHENYLPHENOLETHOXYNONYLPHENOLCOMPLEX,,DIISOBUTYL CRESOXY ETHOXY ETHYL DIMETHYL BENZYL AMMONIUM CHLORIDE- ORTHO-PHENYLPHENOL ETHOXY NONYL PHENOL COMPLEX,1643,,,1
DIISOBUTYLKETONE,,DIISOBUTYL KETONE,1946,,,1
DIISODECYLPHTHALATE,,DIISODECYL PHTHALATE,2513,,,1
DIISOPROPANOLAMINE,,DIISOPROPANOLAMINE,3009,,,1
DIISOPROPYLADIPATE,,DIISOPROPYL ADIPATE,5846,,,1
DIISOPROPYLAMINEDODECYLBENZENESULFONATE,,DIISOPROPYLAMINE DODECYL BENZENE SULFONATE,3156,,,1
DIISOPROPYLAMINEOLEATE,,DIISOPROPYLAMINE OLEATE,1823,,,1
DIISOPROPYLPHENOLS,,DIISOPROPYL PHENOLS,3638,,,1
DIKEGULACSODIUM,,DIKEGULAC SODIUM,2004,,,1
DILAURYLTHIODIPROPIONATE,,DILAURYL THIODIPROPIONATE,3157,,,1
DIMER,,DIMER ACID,3158,,,1
DIMETHAMETRYN,,DIMETHAMETRYN,2287,,,1
DIMETHAMINEEDTA,,DIMETHAMINE EDTA,3159,,,1
DIMETHENAMID,DIMETHENAMID,DIMETHENAMID,5112,Dimethenamid,180.464,3
DIMETHENAMIDOXANILIC,,DIMETHENAMID OXANILIC ACID,6395,,,1
DIMETHENAMIDP,DIMETHENAMID-P,DIMETHENAMID-P,5919,,,2
DIMETHENAMIDSULFINYLACETIC,,DIMETHENAMID SULFINYLACETIC ACID,6396,,,1
DIMETHICONECOPOLYOL,,DIMETHICONE COPOLYOL,2515,,,1
DIMETHIPIN,DIMETHIPIN,DIMETHIPIN,2159,,,2
DIMETHOATE,DIMETHOATE,DIMETHOATE,216,Dimethoate,180.204,3
DIMETHOMORPH,DIMETHOMORPH,DIMETHOMORPH,4003,Dimethomorph,180.493,3
DIMETHOXANE,,DIMETHOXANE,1359,,,1
DIMETHYL1PYRAZOLE,,DIMETHYL-1-(HYDROXYMETHYL)PYRAZOLE,5114,,,1
DIMETHYLADIPATE,,DIMETHYL ADIPATE,5957,,,1
DIMETHYLALKYLTERTIARYAMINES,,DIMETHYL ALKYL TERTIARY AMINES,3639,,,1
DIMETHYLALMINEPROPYLAMINETRIDECYLBENZENESULFONATE,,DIMETHYLALMINE PROPYLAMINE TRIDECYL BENZENE SULFONATE,3162,,,1
DIMETHYLAMIDEOFTALLOILFATTYACIDS,,DIMETHYL AMIDE OF TALL OIL FATTY ACIDS,3640,,,1
DIMETHYLAMINE,,DIMETHYLAMINE,3160,,,1
DIMETHYLAMINEDODECYLBENZENESULFONATE,,DIMETHYLAMINE DODECYL BENZENE SULFONATE,3161,,,1
DIMETHYLANDMETHYLNAPTHALENESULFONIC,,"DIMETHYL AND METHYL NAPTHALENE SULFONIC ACID, SODIUM SALT",1914,,,1
DIMETHYLBENZYLHYDROGENATEDTALLOWAMMONIUMCATION,,DIMETHYL BENZYL HYDROGENATED TALLOW AMMONIUM CATION,3641,,,1
DIMETHYLDICOCOALKYLAMMONIUMCHLORIDE,,DIMETHYL DICOCOALKYL AMMONIUM CHLORIDE,1945,,,1
DIMETHYLDICOCOALKYLWITHNAPHTHALENESULFONICFORMALDEHYDECONDENSATE,,"DIMETHYL DICOCOALKYL AMMONIUM SALT WITH NAPHTHALENESULFONIC ACID, FORMALDEHYDE CONDENSATE",5181,,,1
DIMETHYLDIOCTADECYLAMMONIUMBENTONITE,,DIMETHYL DIOCTADECYL AMMONIUM BENTONITE,3163,,,1
DIMETHYLDISULFIDE,DIMETHYL DISULFIDE,DIMETHYLDISULFIDE,5899,,,2
DIMETHYLETHER,,DIMETHYL ETHER,2517,,,1
DIMETHYLGLUTARATE,,DIMETHYL GLUTARATE,5959,,,1
DIMETHYLHYDROGENPHOSPHITE,,DIMETHYL HYDROGEN PHOSPHITE,2519,,,1
DIMETHYLISOPROPYLAMINOPHENANTHRENE,,DIMETHYL ISOPROPYL AMINO PHENANTHRENE,1228,,,1
DIMETHYLPHTHALATE,,DIMETHYL PHTHALATE,232,,,1
DIMETHYLPOLYSILOXANE,,DIMETHYLPOLYSILOXANE,1861,,,1
DIMETHYLSEBACATE,,DIMETHYL SEBACATE,5958,,,1
DIMETHYLSILICONEFLUIDEMULSION,,DIMETHYL SILICONE FLUID EMULSION,2028,,,1
DIMETHYLSOYAAMINE,,DIMETHYL SOYA AMINE,2525,,,1
DIMETHYLSULFOXIDE,,DIMETHYL SULFOXIDE,3169,,,1
DINICONAZOLE,,DINICONAZOLE,2500,,,1
DINITRAMINE,,DINITRAMINE,1683,,,1
DINITRO1METHYLHEPTYLPHENOL,,DINITRO-1-METHYL HEPTYL PHENOL,758,,,1
DINITROCRESOL,,DINITRO CRESOL,3170,,,1
DINITROGENTETROXIDE,,DINITROGEN TETROXIDE,6123,,,1
DINOBUTON,,DINOBUTON,2526,,,1
DINOCAP,,DINOCAP,344,,,1
DINOCAPOTHERRELATED,,"DINOCAP, OTHER RELATED",90344,,,1
DINOSEB,DINOSEB,"DINOSEB|DINOSEB, AMMONIUM SALT|DINOSEB, SODIUM SALT",1445|238|240,,,2
DINOSEBAMINE,,"DINOSEB, AMINE SALT",239,,,1
DINOSEBTRIETHANOLAMINE,,"DINOSEB, TRIETHANOLAMINE SALT",235,,,1
DINOTEFURAN,DINOTEFURAN,DINOTEFURAN,5822,Dinotefuran,180.603,3
DIOCTADECYLDIMETHYLAMMONIUMCHLORIDE,,DIOCTADECYL DIMETHYL AMMONIUM CHLORIDE,3176,,,1
DIOCTYLADIPATE,,DIOCTYL ADIPATE,2527,,,1
DIOCTYLDIMETHYLAMMONIUMCHLORIDE,,DIOCTYL DIMETHYL AMMONIUM CHLORIDE,1710,,,1
DIOCTYLPHTHALATE,,DIOCTYL PHTHALATE,223,,,1
DIOCTYLTEREPHTHALATE,,DIOCTYL TEREPHTHALATE,2528,,,1
DIOXACARB,,DIOXACARB,4067,,,1
DIOXANE,,DIOXANE,2529,,,1
DIOXATHION,,DIOXATHION,192,,,1
DIOXATHIONOTHERRELATED,,"DIOXATHION, OTHER RELATED",90192,,,1
DIOXIN,,DIOXIN,4068,,,1
DIPHACINONE,,"DIPHACINONE|DIPHACINONE, SODIUM SALT",1636|225,,,1
DIPHENAMID,,DIPHENAMID,226,,,1
DIPHENYLAMINE,,DIPHENYLAMINE,228,Diphenylamine,180.19,2
DIPHENYLMETHANE,,DIPHENYL METHANE,3171,,,1
DIPHENYLSULFIDE,,DIPHENYL SULFIDE,1796,,,1
DIPOTASSIUMOFPHOSPHOROUS,,DIPOTASSIUM SALT OF PHOSPHOROUS ACID,5778,,,1
DIPROPETRYN,,DIPROPETRYN,2532,,,1
DIPROPYLENEGLYCOL,,DIPROPYLENE GLYCOL,1004,,,1
DIPROPYLENEGLYCOLETHER,,DIPROPYLENE GLYCOL ETHER,2533,,,1
DIPROPYLENEGLYCOLMETHYLETHER,,DIPROPYLENE GLYCOL METHYL ETHER,1776,,,1
DIPROPYLISOCINCHOMERONATE,,DIPROPYL ISOCINCHOMERONATE,681,,,1
DIQUAT,DIQUAT,,,Diquat,180.226,2
DIQUATDIBROMIDE,,DIQUAT DIBROMIDE,229,,,1
DISODIUM22OXYBISSULFONATE,,"DISODIUM 2,2'-OXYBIS(4-DODECYLBENZENE)SULFONATE",3175,,,1
DISODIUM4DODECYL24OXYDIBENZENESULFONATE,,"DISODIUM 4-DODECYL-2,4'-OXYDIBENZENE SULFONATE",3172,,,1
DISODIUMCYANODITHIOIMIDOCARBONATE,,DISODIUM CYANODITHIOIMIDO CARBONATE,967,,,1
DISODIUMEDTACOPPER,,DISODIUM EDTA-COPPER,3173,,,1
DISODIUMLAURYLSULFOSUCCINATE,,DISODIUM LAURYL SULFOSUCCINATE,6223,,,1
DISODIUMMONOETHANOLAMINEPHOSPHATE,,DISODIUM MONO ETHANOLAMINE PHOSPHATE,1608,,,1
DISODIUMNIMINODIACETATE,,DISODIUM N-(2-HYDROXYETHYL) IMINODIACETATE,1592,,,1
DISODIUMOCTABORATEANHYDROUS,,DISODIUM OCTABORATE ANHYDROUS,5053,,,1
DISODIUMOCTABORATETETRAHYDRATE,,DISODIUM OCTABORATE TETRAHYDRATE,1800,,,1
DISODIUMOFETHYLENEDIAMINETETRAACETICDIHYDRATE,,DISODIUM SALT OF ETHYLENEDIAMINETETRAACETIC ACID DIHYDRATE,5811,,,1
DISODIUMOFPHOSPHOROUS,,DISODIUM SALT OF PHOSPHOROUS ACID,5776,,,1
DISODIUMPHOSPHATE,,DISODIUM PHOSPHATE,1790,,,1
DISPROPORTIONEDRESIN,,DISPROPORTIONED RESIN,3643,,,1
DISULFOTON,DISULFOTON,DISULFOTON,230,,,2
DISULFOTONOXONSULFONE,,DISULFOTON OXON SULFONE,6397,,,1
DISULFOTONOXONSULFOXIDE,,DISULFOTON OXON SULFOXIDE,6398,,,1
DISULFOTONSULFONE,,DISULFOTON SULFONE,6043,,,1
DITHIANON,,,,Dithianon,180.621,1
DITHIOPYR,DITHIOPYR,DITHIOPYR,2308,,,2
DIURON,DIURON,DIURON,231,Diuron,180.106,3
DIXANTHOGEN,,DIXANTHOGEN,2535,,,1
DMPA,,DMPA,632,,,1
DMPEPOXYCURINGAGENTS,,DMP (DIMETHYL AMINO METHYL PHENOLS) - EPOXY CURING AGENTS,3644,,,1
DNOC,,"DNOC, SODIUM SALT",533,,,1
DODECANOIC,,"DODECANOIC ACID, SODIUM SALT",6443,,,1
DODECYLALKYLSULFONATE,,DODECYL ALKYL SULFONATE,1599,,,1
DODECYLAMINEACETATE,,DODECYLAMINE ACETATE,3180,,,1
DODECYLAMINELACTATE,,DODECYLAMINE LACTATE,2002,,,1
DODECYLAMINESALICYLATE,,DODECYLAMINE SALICYLATE,2003,,,1
DODECYLAMMONIUMMETHANEARSONATE,,DODECYL AMMONIUM METHANEARSONATE,857,,,1
DODECYLBENZENESULFONIC,,"DODECYLBENZENE SULFONIC ACID|DODECYLBENZENE SULFONIC ACID, CALCIUM SALT",2537|941,,,1
DODECYLBENZENESULFONICAMINE,,"DODECYLBENZENE SULFONIC ACID, AMINE SALT",2536,,,1
DODECYLBENZENESULFONICIODINECOMPLEX,,DODECYL BENZENE SULFONIC ACID - IODINE COMPLEX,6366,,,1
DODECYLBENZYLALKYLDIMETHYLAMMONIUMCHLORIDE,,"DODECYLBENZYL ALKYL (70%C12, 30%C14) DIMETHYL AMMONIUM CHLORIDE",1038,,,1
DODECYLBENZYLTRIMETHYLAMMONIUMCHLORIDE,,DODECYLBENZYL TRIMETHYL AMMONIUM CHLORIDE,918,,,1
DODECYLDIMETHYLBENZYLAMMONIUMCHLORIDE,,DODECYL DIMETHYL BENZYL AMMONIUM CHLORIDE,1167,,,1
DODECYLDIMETHYLBENZYLAMMONIUMNAPHTHENATE,,DODECYL DIMETHYL BENZYL AMMONIUM NAPHTHENATE,1446,,,1
DODECYLDIMETHYLBETAINE,,DODECYL DIMETHYL BETAINE,6250,,,1
DODECYLDIPHENYLETHERDISULFONIC,,DODECYL DIPHENYL ETHER DISULFONIC ACID,3181,,,1
DODECYLGUANIDINEHYDROCHLORIDE,,DODECYL GUANIDINE HYDROCHLORIDE,1047,,,1
DODECYLPHENOLMIXEDISOMERS,,"DODECYLPHENOL, MIXED ISOMERS",3323,,,1
DODECYLPHENOXYBENZENEDISULFONATE,,DODECYL PHENOXY BENZENE DISULFONATE,1737,,,1
DODECYLPHENOXYBENZENESULFONIC,,"DODECYL PHENOXY BENZENE SULFONIC ACID, SODIUM SALT",1948,,,1
DODEMORPHACETATE,,DODEMORPH ACETATE,2120,,,1
DODINE,DODINE,DODINE,245,Dodine,180.172,3
DOGORCATCOLLARS,,DOG OR CAT COLLARS,3645,,,1
DOUGLASFIRBARKGROUND,,"DOUGLAS FIR BARK, GROUND",3647,,,1
DOWANOLDESGSOLVENT,,DOWANOL DESG SOLVENT,2538,,,1
DOWCORNINGANTIFOAMY30EMULSION,,DOW CORNING ANTIFOAM Y-30 EMULSION,2539,,,1
DOWCORNINGDB110AANTIFOAMEMULSION,,DOW CORNING DB-110A-ANTIFOAM EMULSION,2540,,,1
DOWCORNINGFG10,,DOW CORNING FG-10,2541,,,1
DOXORUBICIN,,DOXORUBICIN,3184,,,1
DREWPLUSL768,,DREWPLUS L-768,2542,,,1
DRIEDBLOOD,,DRIED BLOOD,1315,,,1
DRYMILKSOLIDS,,DRY MILK SOLIDS,1976,,,1
DSMA,,DSMA,251,,,1
DTRANSALLETHRIN,,D-TRANS ALLETHRIN,4038,,,1
DTRANSALLETHRINOTHERRELATED,,"D-TRANS ALLETHRIN, OTHER RELATED",94038,,,1
DUDDINGTONIAFLAGRANSSTRAINIAH1297,,DUDDINGTONIA FLAGRANS STRAIN IAH 1297,6306,,,1
DULCITE,,DULCITE,1671,,,1
DUPLICATEOF4096,,DUPLICATE OF 4096,6047,,,1
DUPLICATEOF6087,,DUPLICATE OF 6087,6376,,,1
DYESTUFFS,,DYESTUFFS,1913,,,1
E11TETRADECEN1YLACETATE,,E-11-TETRADECEN-1-YL ACETATE,5022,,,1
E2HEXENOL,,E2-HEXENOL,6272,,,1
E33DIMETHYLDELTAALPHACYCLOHEXANEETHANAL,,"E-3,3-DIMETHYL-DELTA,ALPHA-CYCLOHEXANE ETHANAL",2193,,,1
E8DODECENYLACETATE,,E-8-DODECENYL ACETATE,2252,,,1
EDIFENPHOS,,EDIFENPHOS,1964,,,1
EDTA,,"EDTA|EDTA, AMMONIUM SALT|EDTA, POTASSIUM SALT|EDTA, SODIUM SALT",1702|1757|3350|889,,,1
EDTACOPPERCOMPLEX,,"EDTA, COPPER COMPLEX",1135,,,1
EDTADIAMMONIUM,,"EDTA, DIAMMONIUM COPPER SALT",1613,,,1
EDTADIETHANOLAMINE,,"EDTA, DIETHANOLAMINE SALT",3187,,,1
EDTADISODIUM,,"EDTA, DISODIUM SALT|EDTA, DISODIUM ZINC SALT",3189|954,,,1
EDTADISODIUMMANGANESE,,"EDTA, DISODIUM MANGANESE SALT",3188,,,1
EDTAIRONCHELATE,,"EDTA, IRON CHELATE",3240,,,1
EDTAMONOETHANOLAMINE,,"EDTA, MONOETHANOLAMINE SALT",2013,,,1
EDTATETRAPOTASSIUM,,"EDTA, TETRAPOTASSIUM SALT",1054,,,1
EDTATETRASODIUM,,"EDTA, TETRASODIUM SALT",759,,,1
EDTATRIPOTASSIUM,,"EDTA, TRIPOTASSIUM SALT",1177,,,1
EDTATRISODIUM,,"EDTA, TRISODIUM SALT",953,,,1
EE810DODECADIEN1OL,,"E,E-8,10-DODECADIEN-1-OL",1851,,,1
EGGS,,EGGS,3648,,,1
EGGSHELLS,,EGG SHELLS,3649,,,1
EMAMECTIN,EMAMECTIN,,,Emamectin,180.505,2
EMAMECTINBENZOATE,,EMAMECTIN BENZOATE,4020,,,1
EMCOLAL6949,,EMCOL AL69-49,2544,,,1
EMPHOSCS121,,EMPHOS CS-121,2545,,,1
EMULGATOR,,EMULGATOR,2546,,,1
EMULSIFIABLEMETHYLATEDVEGETABLEOIL,,EMULSIFIABLE METHYLATED VEGETABLE OIL,5224,,,1
EMULSIFIABLEPOLYETHYLENE,,EMULSIFIABLE POLYETHYLENE,1514,,,1
ENCAP,,ENCAP,2549,,,1
ENCAPSULATEDDELTAENDOTOXINOFBACILLUSTHURINGIENSISVARKURSTAKIINKILLEDPSEUDOMONASFLUORESCENS,,ENCAPSULATED DELTA ENDOTOXIN OF BACILLUS THURINGIENSIS VAR. KURSTAKI IN KILLED PSEUDOMONAS FLUORESCENS,2337,,,1
ENCAPSULATEDDELTAENDOTOXINOFBACILLUSTHURINGIENSISVARSANDIEGOINKILLEDPSEUDOMONASFLUORESCENS,,ENCAPSULATED DELTA ENDOTOXIN OF BACILLUS THURINGIENSIS VAR. SAN DIEGO IN KILLED PSEUDOMONAS FLUORESCENS,3005,,,1
ENDOSULFAN,ENDOSULFAN,ENDOSULFAN,259,,,2
ENDOSULFANETHER,,ENDOSULFAN ETHER,6479,,,1
ENDOSULFANII,,ENDOSULFAN II,4046,,,1
ENDOSULFANSULFATE,,ENDOSULFAN SULFATE,4047,,,1
ENDOTHAL,ENDOTHAL,,,,,1
ENDOTHALL,,ENDOTHALL,5813,Endothall,180.293,2
ENDOTHALLDI,,"ENDOTHALL, DI (N,N-DIETHYLALKYLAMINE) SALT|ENDOTHALL, DI (N,N-DIMETHYLALKYLAMINE) SALT",1355|1904,,,1
ENDOTHALLDIPOTASSIUM,,"ENDOTHALL, DIPOTASSIUM SALT",1356,,,1
ENDOTHALLDISODIUM,,"ENDOTHALL, DISODIUM SALT",260,,,1
ENDOTHALLMIXEDMONOANDDI,,"ENDOTHALL, MIXED MONO- AND DI- (N,N-DIMETHYLALKYLAMINE) SALTS",5808,,,1
ENDOTHALLMONO,,"ENDOTHALL, MONO (N,N-DIETHYL ALKYLAMINE) SALT",1354,,,1
ENDOTHALLMONONNDIMETHYLALKYLAMINE,,"ENDOTHALL, MONO [N,N-DIMETHYL ALKYLAMINE] SALT",2056,,,1
ENDRIN,,ENDRIN,262,,,1
ENDRINALDEHYDE,,ENDRIN ALDEHYDE,4069,,,1
ENDRINKETONE,,ENDRIN KETONE,5029,,,1
ENDRINOTHERRELATED,,"ENDRIN, OTHER RELATED",90262,,,1
EPICHLOROHYDRIN,,EPICHLOROHYDRIN,1927,,,1
EPN,,EPN,263,,,1
EPOCHOLEONE,,EPOCHOLEONE,6228,,,1
EPOXICONAZOLE,,EPOXICONAZOLE,6170,Epoxiconazole,180.619,2
EPOXIDIZEDLINSEEDOIL,,EPOXIDIZED LINSEED OIL,2550,,,1
EPOXIDIZEDSOYBEANOIL,,EPOXIDIZED SOYBEAN OIL,2551,,,1
EPOXYRESINS,,EPOXY RESINS,3650,,,1
EPTC,EPTC,EPTC,264,,,2
EPTCDEGRADATER248722,,"EPTC DEGRADATE R248722
",6480,,,1
EPYRIFENACIL,,,,Epyrifenacil,180.731,1
ERBON,,ERBON,266,,,1
ERBONOTHERRELATED,,"ERBON, OTHER RELATED",90266,,,1
ERYTHROMYCINPHOSPHATE,,ERYTHROMYCIN PHOSPHATE,1785,,,1
ERYTHROSINEB,,ERYTHROSINE B,2224,,,1
ESBIOTHRIN,,ESBIOTHRIN,4040,,,1
ESCOREZ1102,,ESCOREZ 1102,3546,,,1
ESFENVALERATE,ESFENVALERATE,ESFENVALERATE,2321,Esfenvalerate,180.533,3
ESPESOLI,,ESPESOL I,2552,,,1
ESSENTIALOILS,,ESSENTIAL OILS,873,,,1
ETACONAZOLE,,ETACONAZOLE,2452,,,1
ETHABOXAM,,ETHABOXAM,6105,Ethaboxam,180.622,2
ETHALFLURALIN,ETHALFLURALIN,ETHALFLURALIN,2166,Ethalfluralin,180.416,3
ETHAMETSULFURONMETHYL,,,,Ethametsulfuron-methyl,180.563,1
ETHANOLAMINE,,ETHANOLAMINE,1065,,,1
ETHEPHON,ETHEPHON,ETHEPHON,1626,Ethephon,180.3,3
ETHIOLATE,,ETHIOLATE,1793,,,1
ETHION,ETHION,ETHION,268,,,2
ETHIONMONOOXON,,ETHION MONOOXON,6044,,,1
ETHIPROLE,,,,Ethiprole,180.652,1
ETHOFUMESATE,ETHOFUMESATE,ETHOFUMESATE,1900,Ethofumesate,180.345,3
ETHOMEEN,,ETHOMEEN,2553,,,1
ETHOPROP,,ETHOPROP,404,Ethoprop,180.262,2
ETHOPROPHOS,ETHOPROPHOS,,,,,1
ETHOXYLATED2479TETRAMETHYL5DECYN47DIOL,,"ETHOXYLATED 2,4,7,9-TETRAMETHYL 5 DECYN-4,7-DIOL",6369,,,1
ETHOXYLATEDAMINES,,ETHOXYLATED AMINES,1703,,,1
ETHOXYLATEDLIGNOSULFONIC,,"ETHOXYLATED LIGNOSULFONIC ACID, SODIUM SALT",5909,,,1
ETHOXYLATEDPOLYARYLPHENOL,,ETHOXYLATED POLYARYL PHENOL,6282,,,1
ETHOXYQUIN,,ETHOXYQUIN,269,Ethoxyquin,180.178,2
ETHYL3METHYL3PHENYLGLYCIDATE,,ETHYL 3-METHYL-3-PHENYLGLYCIDATE,2562,,,1
ETHYLACRYLATE,,ETHYL ACRYLATE,2117,,,1
ETHYLACRYLATEANDMETHYLMETHACRYLATECOPOLYMER,,ETHYL ACRYLATE AND METHYL METHACRYLATE COPOLYMER,5842,,,1
ETHYLALCOHOL,,ETHYL ALCOHOL,8,,,1
ETHYLAMINOBENZOATE,,ETHYL AMINO BENZOATE,3192,,,1
ETHYLAMYLKETONE,,ETHYL AMYL KETONE,3196,,,1
ETHYLAN,,ETHYLAN,472,,,1
ETHYLANOTHERRELATED,,"ETHYLAN, OTHER RELATED",90472,,,1
ETHYLBENZENE,,ETHYL BENZENE,3197,,,1
ETHYLBUTYLACETYLAMINOPROPIONATE,,ETHYL BUTYLACETYLAMINOPROPIONATE,5359,,,1
ETHYLCELLULOSE,,ETHYL CELLULOSE,3652,,,1
ETHYLCHLORIDE,,ETHYL CHLORIDE,3198,,,1
ETHYLENE,,ETHYLENE,270,,,1
ETHYLENEACRYLICCOPOLYMER,,ETHYLENE-ACRYLIC ACID COPOLYMER,3653,,,1
ETHYLENEACRYLICTERPOLYMER,,ETHYLENE-ACRYLIC TERPOLYMER,1950,,,1
ETHYLENECHLOROBROMIDE,,ETHYLENE CHLOROBROMIDE,2557,,,1
ETHYLENEDIAMINE,,ETHYLENEDIAMINE,968,,,1
ETHYLENEDIAMINEACETATE,,ETHYLENE DIAMINE ACETATE,2062,,,1
ETHYLENEDIAMINEDIHYDROIODIDE,,ETHYLENE DIAMINE DIHYDRO IODIDE,1654,,,1
ETHYLENEDIAMINEDODECYLBENZENESULFONATE,,ETHYLENE DIAMINE DODECYL BENZENE SULFONATE,3200,,,1
ETHYLENEDIAMINEHYDROIODIDE,,ETHYLENE DIAMINE HYDRO IODIDE,3201,,,1
ETHYLENEDIBROMIDE,,ETHYLENE DIBROMIDE,271,,,1
ETHYLENEDICHLORIDE,,ETHYLENE DICHLORIDE,274,,,1
ETHYLENEGLYCOL,,ETHYLENE GLYCOL,276,,,1
ETHYLENEGLYCOLMONOMETHYLETHER,,ETHYLENE GLYCOL MONOMETHYL ETHER,1582,,,1
ETHYLENEGLYCOLOLEIC,,"ETHYLENE GLYCOL, OLEIC ESTER",1232,,,1
ETHYLENEOXIDE,,ETHYLENE OXIDE,277,Ethylene oxide,180.151,2
ETHYLENEOXIDEALKYLATEDCRESOLCONDENSATE,,ETHYLENE OXIDE - ALKYLATED CRESOL CONDENSATE,874,,,1
ETHYLENETHIOUREA,,ETHYLENE THIOUREA,2559,,,1
ETHYLFORMATE,,ETHYL FORMATE,278,,,1
ETHYLHEXANEDIOL,,ETHYL HEXANEDIOL,280,,,1
ETHYLMERCURICPHOSPHATE,,ETHYLMERCURIC PHOSPHATE,357,,,1
ETHYLMETHACRYLATE,,ETHYL METHACRYLATE,3203,,,1
ETHYLOAMINOBENZOATE,,ETHYL-O-AMINO BENZOATE,3195,,,1
ETHYLPARABEN,,ETHYL PARABEN,3204,,,1
ETHYLTHIOGLYCOLATEANDRELATEDALKYLMERCAPTANS,,ETHYL THIOGLYCOLATE AND RELATED ALKYL MERCAPTANS,1678,,,1
ETIDRONIC,,ETIDRONIC ACID,2563,,,1
ETOFENPROX,,ETOFENPROX,2292,Etofenprox,180.62,2
ETOXAZOLE,ETOXAZOLE,ETOXAZOLE,5849,Etoxazole,180.593,3
ETRIDIAZOLE,ETRIDIAZOLE,,,,,1
EUCALYPTUSOIL,,EUCALYPTUS OIL,281,,,1
EUCAROLAGEECLF,,EUCAROL AGE EC/LF,6299,,,1
EUGENOL,,EUGENOL,2095,,,1
EVANSBLUE,,EVANS BLUE,2353,,,1
EXTRACTOFCHENOPODIUMQUINOASAPONINS,,EXTRACT OF CHENOPODIUM QUINOA SAPONINS,6224,,,1
FAMOXADONE,FAMOXADONE,FAMOXADONE,5878,Famoxadone,180.587,3
FAMPHUR,,FAMPHUR,282,,,1
FARNESANE,,FARNESANE,6423,,,1
FARNESOL,,FARNESOL,2269,,,1
FATTYACIDSC1618ANDC18UNSATURATEDBRANCHEDANDLINEAR,,"FATTY ACIDS, C16-18 AND C18-UNSATURATED, BRANCHED AND LINEAR",6094,,,1
FATTYACIDSC16C18ANDC18UNSATURATEDMETHYL,,"FATTY ACIDS, C16-C18 AND C18-UNSATURATED, METHYL ESTERS",5881,,,1
FATTYACIDSDERIVEDFROMTALLOW,,FATTY ACIDS DERIVED FROM TALLOW,5204,,,1
FATTYACIDSETHYL,,"FATTY ACIDS, ETHYL ESTER",2565,,,1
FATTYACIDSMETHYL,,"FATTY ACIDS (C12-C18), METHYL ESTERS|FATTY ACIDS, METHYL ESTERS",2893|389,,,1
FATTYACIDSMIXED,,"FATTY ACIDS, MIXED",2069,,,1
FATTYALCOHOLS,FATTY ALCOHOLS,FATTY ALCOHOLS (100% C4-C10),3654,,,2
FATTYANDPHOSPHATIC,,FATTY ACID AND PHOSPHATIC,2012,,,1
FATTYPOLYOL,,FATTY ACID POLYOL ESTER,6439,,,1
FDCBLUENO1ALUMINUMLAKE,,FD&C BLUE NO. 1 ALUMINUM LAKE,3000,,,1
FDCGREENNO3,,FD&C GREEN NO. 3,2566,,,1
FDCREDNO40,,FD&C RED NO. 40,2567,,,1
FEEDSUPPLEMENTS,,FEED SUPPLEMENTS,3655,,,1
FELDSPAR,,FELDSPAR,3656,,,1
FENAC,,"FENAC, AMMONIUM SALT|FENAC, SODIUM SALT",285|799,,,1
FENACDIMETHYLAMINE,,"FENAC, DIMETHYLAMINE SALT",1026,,,1
FENAMIDONE,FENAMIDONE,FENAMIDONE,5791,Fenamidone,180.579,3
FENAMINOSULF,,FENAMINOSULF,194,,,1
FENAMIPHOS,FENAMIPHOS,FENAMIPHOS,1857,Fenamiphos,180.349,3
FENAMIPHOSSULFONE,,FENAMIPHOS SULFONE,4070,,,1
FENAMIPHOSSULFOXIDE,,FENAMIPHOS SULFOXIDE,4071,,,1
FENARIMOL,FENARIMOL,FENARIMOL,1980,Fenarimol,180.421,3
FENAZAQUIN,,FENAZAQUIN|FENAZAQUIN (USE 6029),6029|6174,Fenazaquin,180.632,2
FENBUCONAZOLE,FENBUCONAZOLE,FENBUCONAZOLE,3905,Fenbuconazole,180.48,3
FENBUTATINOXIDE,FENBUTATIN OXIDE,FENBUTATIN-OXIDE,1876,Fenbutatin-oxide,180.362,3
FENHEXAMID,FENHEXAMID,FENHEXAMID,4032,Fenhexamid,180.553,3
FENITROTHION,,,,Fenitrothion,180.54,1
FENOBUCARB,,FENOBUCARB,6422,,,1
FENOXAPROP,FENOXAPROP,,,,,1
FENOXAPROPETHYL,,FENOXAPROP-ETHYL,2311,Fenoxaprop-ethyl,180.43,2
FENOXAPROPPETHYL,,FENOXAPROP-P-ETHYL,5123,,,1
FENOXYCARB,FENOXYCARB,FENOXYCARB,2283,,,2
FENPICOXAMID,,,,Fenpicoxamid,180.109,1
FENPROPATHRIN,FENPROPATHRIN,FENPROPATHRIN,2234,Fenpropathrin,180.466,3
FENPROPIDIN,,,,Fenpropidin,180.676,1
FENPROPIMORPH,,FENPROPIMORPH,6240,Fenpropimorph,180.616,2
FENPYRAZAMINE,,FENPYRAZAMINE,6077,Fenpyrazamine,180.671,2
FENPYROXIMATE,FENPYROXIMATE,FENPYROXIMATE,5784,Fenpyroximate,180.566,3
FENRIDAZONEPOTASSIUM,,FENRIDAZONE-POTASSIUM,2568,,,1
FENSULFOTHION,,FENSULFOTHION,181,,,1
FENTHION,,FENTHION,63,,,1
FENTIN,FENTIN,,,,,1
FENTINHYDROXIDE,,FENTIN HYDROXIDE,599,,,1
FENUGREEK,,FENUGREEK,3657,,,1
FENURON,,FENURON,4072,,,1
FENURONTRICHLOROACETATE,,FENURON TRICHLOROACETATE,5035,,,1
FENVALERATE,,FENVALERATE,1963,,,1
FENVALERATEOTHERRELATED,,"FENVALERATE, OTHER RELATED",91963,,,1
FERBAM,FERBAM,FERBAM,288,Ferbam,180.114,3
FERMONEBOVERIN,,FERMONE BOVERIN,5093,,,1
FERRICCHLORIDE,,FERRIC CHLORIDE,3205,,,1
FERRICOXIDE,,FERRIC OXIDE,3206,,,1
FERRICSODIUMEDTA,,FERRIC SODIUM EDTA,5950,,,1
FERRICSULFATE,,FERRIC SULFATE (ANHYDROUS),1811,,,1
FERROUSAMMONIUMSULFATE,,FERROUS AMMONIUM SULFATE,1307,,,1
FERROUSSULFATE,,FERROUS SULFATE|FERROUS SULFATE (MONOHYDRATE),1812|289,,,1
FERTILIZERGENERAL,,"FERTILIZER, GENERAL",2569,,,1
FILTERPAPERED60125,,FILTER PAPER E-D-601-25,3525,,,1
FIPRONIL,FIPRONIL,FIPRONIL,3995,Fipronil,180.517,3
FIPRONILAMIDE,,FIPRONIL AMIDE,6040,,,1
FIPRONILSULFIDE,,FIPRONIL SULFIDE,6037,,,1
FIPRONILSULFONATE,,FIPRONIL SULFONATE,6399,,,1
FIPRONILSULFONE,,FIPRONIL SULFONE,6038,,,1
FIRNEEDLEOILSIBERIAN,,"FIR NEEDLE OIL, SIBERIAN",2570,,,1
FISHMEAL,,FISH MEAL,2571,,,1
FISHOIL,,FISH OIL,3658,,,1
FLAVOBACTERIUMSPH492,,FLAVOBACTERIUM SP H492,6153,,,1
FLAZASULFURON,FLAZASULFURON,FLAZASULFURON,6035,Flazasulfuron,180.655,3
FLOMO1212,,FLOMO 1212,2572,,,1
FLOMO4NP,,FLOMO 4NP,2573,,,1
FLOMOTA5,,FLOMO TA-5,2574,,,1
FLONICAMID,FLONICAMID,FLONICAMID,5886,Flonicamid,180.613,3
FLORASULAM,FLORASULAM,FLORASULAM,6142,Florasulam,180.633,3
FLORPYRAUXIFENBENZYL,,FLORPYRAUXIFEN-BENZYL,6428,,,1
FLORYLPICOXAMID,,,,Florylpicoxamid,180.727,1
FLOUR,,FLOUR,3659,,,1
FLUAZAINDOLIZINE,,FLUAZAINDOLIZINE,6496,Fluazaindolizine,180.72,2
FLUAZIFOP,FLUAZIFOP,,,,,1
FLUAZIFOPBUTYL,,FLUAZIFOP-BUTYL,2186,,,1
FLUAZIFOPPBUTYL,,FLUAZIFOP-P-BUTYL,5815,Fluazifop-P-butyl,180.411,2
FLUAZINAM,FLUAZINAM,FLUAZINAM,3898,Fluazinam,180.574,3
FLUBENDIAMIDE,FLUBENDIAMIDE,FLUBENDIAMIDE,5948,Flubendiamide,180.639,3
FLUCARBAZONE,FLUCARBAZONE,,,,,1
FLUCARBAZONESODIUM,,FLUCARBAZONE-SODIUM,5803,Flucarbazone-sodium,180.562,2
FLUCHLORALIN,,FLUCHLORALIN,1848,,,1
FLUCYTHRINATE,,FLUCYTHRINATE,2168,,,1
FLUDIOXONIL,FLUDIOXONIL,FLUDIOXONIL,5027,Fludioxonil,180.516,3
FLUENSULFONE,,FLUENSULFONE,6091,Fluensulfone,180.68,2
FLUFENACET,FLUFENACET,FLUFENACET,5293,,,2
FLUFENOXURON,,,,Flufenoxuron,180.623,1
FLUFENPYRETHYL,,,,Flufenpyr-ethyl,180.595,1
FLUINDAPYR,,FLUINDAPYR,6464,Fluindapyr,180.716,2
FLUMETHRIN,,FLUMETHRIN,6074,,,1
FLUMETRALIN,FLUMETRALIN,FLUMETRALIN,5085,,,2
FLUMETSULAM,FLUMETSULAM,FLUMETSULAM,3927,Flumetsulam,180.468,3
FLUMICLORAC,FLUMICLORAC,,,,,1
FLUMICLORACPENTYL,,FLUMICLORAC-PENTYL,5090,Flumiclorac pentyl,180.477,2
FLUMIOXAZIN,FLUMIOXAZIN,FLUMIOXAZIN,5802,Flumioxazin,180.568,3
FLUOMETURON,FLUOMETURON,FLUOMETURON,166,Fluometuron,180.229,3
FLUOPICOLIDE,FLUOPICOLIDE,FLUOPICOLIDE,5949,Fluopicolide,180.627,3
FLUOPYRAM,FLUOPYRAM,FLUOPYRAM,6004,Fluopyram,180.661,3
FLUOPYRAMBENZAMIDE,,FLUOPYRAM-BENZAMIDE,6253,,,1
FLUORIDAMID,,FLUORIDAMID,2669,,,1
FLUORIDAMIDDIETHANOLAMINE,,"FLUORIDAMID, DIETHANOLAMINE SALT",1782,,,1
FLUORINECOMPOUNDS,,,,Fluorine compounds,180.145,1
FLUORODIFEN,,FLUORODIFEN,1822,,,1
FLUOROPHENE,,FLUOROPHENE,1651,,,1
FLUOROSILICIC,,FLUOROSILICIC ACID,6248,,,1
FLUOXAPIPROLIN,,,,Fluoxapiprolin,180.732,1
FLUOXASTROBIN,FLUOXASTROBIN,FLUOXASTROBIN,5915,Fluoxastrobin,180.609,3
FLUPYRADIFURONE,,FLUPYRADIFURONE,6098,Flupyradifurone,180.679,2
FLUQUINCONAZOLE,,FLUQUINCONAZOLE,6101,,,1
FLURECOLMETHYL,,FLURECOL-METHYL,1436,,,1
FLURIDONE,FLURIDONE,FLURIDONE,2279,Fluridone,180.42,3
FLUROXYPYR,FLUROXYPYR,FLUROXYPYR,5768,,,2
FLUROXYPYR1METHYLHEPTYL,,"FLUROXYPYR, 1-METHYLHEPTYL ESTER",5918,Fluroxypyr 1-methylheptyl ester,180.535,2
FLURPRIMIDOL,,FLURPRIMIDOL,2320,,,1
FLUSILAZOLE,,FLUSILAZOLE,2278,,,1
FLUTHIACETMETHYL,FLUTHIACET-METHYL,,,Fluthiacet-methyl,180.551,2
FLUTIANIL,,FLUTIANIL,6172,Flutianil,180.697,2
FLUTOLANIL,FLUTOLANIL,FLUTOLANIL,2305,Flutolanil,180.484,3
FLUTRIAFOL,FLUTRIAFOL,FLUTRIAFOL,5971,Flutriafol,180.629,3
FLUVALINATETAU,FLUVALINATE-TAU,,,,,1
FLUXAMETAMIDE,,,,Fluxametamide,180.715,1
FLUXAPYROXAD,FLUXAPYROXAD,FLUXAPYROXAD,6033,Fluxapyroxad,180.666,3
FOLIC,,FOLIC ACID,6352,,,1
FOLPET,,FOLPET,294,Folpet,180.191,2
FOMESAFEN,FOMESAFEN,,,Fomesafen,180.433,2
FOMESAFENSODIUM,,FOMESAFEN SODIUM,5086,,,1
FOMESFOMENTARIUSEXTRACT,,FOMES FOMENTARIUS EXTRACT,6303,,,1
FONOFOS,,FONOFOS,254,,,1
FONOFOSOXON,,FONOFOS OXON,6085,,,1
FORAMSULFURON,FORAMSULFURON,FORAMSULFURON,5851,,,2
FORCHLORFENURON,,FORCHLORFENURON,5557,Forchlorfenuron,180.569,2
FORMALDEHYDE,,FORMALDEHYDE,295,,,1
FORMETANATE,FORMETANATE,,,,,1
FORMETANATEHYDROCHLORIDE,,FORMETANATE HYDROCHLORIDE,111,Formetanate hydrochloride,180.276,2
FORMIC,,FORMIC ACID,3208,,,1
FORMULATIONOFCELLSOFYEASTMETSCHNIKOWIAFRUCTICOLA,,FORMULATION OF CELLS OF YEAST METSCHNIKOWIA FRUCTICOLA,6458,,,1
FOSAMINE,,"FOSAMINE, AMMONIUM SALT",1921,,,1
FOSETYL,FOSETYL,,,,,1
FOSETYLAL,,FOSETYL-AL,2210,,,1
FOSPIRATE,,FOSPIRATE,1856,,,1
FOSTHIAZATE,,FOSTHIAZATE,2325,Fosthiazate,180.596,2
FOXURINE,,FOX URINE,5926,,,1
FRAGRANCE1256H,,FRAGRANCE 1256 H,2575,,,1
FRAGRANCEFORMOSQUITOREPELLENTP7510,,FRAGRANCE FOR MOSQUITO REPELLENT P-7510,3007,,,1
FRAGRANCEN5716,,FRAGRANCE N-5716,3852,,,1
FRAGRANCEORANGE418228,,FRAGRANCE ORANGE 418228,3889,,,1
FRAGRANCEPNLF6986,,FRAGRANCE PNLF 6986,3563,,,1
FRAGRANCERS2661,,FRAGRANCE RS-2661,3891,,,1
FRANTEURIAAURANTIA,,FRANTEURIA AURANTIA,6348,,,1
FREEFATTYACIDSANDORAMINE,,FREE FATTY ACIDS AND/OR AMINE SALTS,1198,,,1
FREON12,,FREON 12,1459,,,1
FRONTALIN,,FRONTALIN,6176,,,1
FRUCTOSE,,FRUCTOSE,5742,,,1
FUMARIC,,FUMARIC ACID,297,,,1
FURANEOL15PG,,FURANEOL 15% P.G.,2576,,,1
FURFURAL,,FURFURAL,1522,,,1
FURILAZOLE,,,,Furilazole,180.471,1
GALLEX,GALLEX,,,,,1
GAMMAAMINOBUTYRIC,GAMMA AMINOBUTYRIC ACID,GAMMA AMINOBUTYRIC ACID,5160,,,2
GAMMABUTYROLACTONE,,GAMMA-BUTYROLACTONE,2436,,,1
GAMMACYHALOTHRIN,,GAMMA-CYHALOTHRIN,5877,,,1
GANODERMARESINACEUMEXTRACTS,,"GANODERMA RESINACEUM, EXTRACTS",6304,,,1
GARDOL,,GARDOL,3210,,,1
GARLIC,,GARLIC,2213,,,1
GASOLINE,,GASOLINE,1899,,,1
GELATIN,,GELATIN,3660,,,1
GENTIANVIOLET,,GENTIAN VIOLET,1270,,,1
GERANIOL,,GERANIOL,309,,,1
GERMABENII,,GERMABEN II,2579,,,1
GERMANCOCKROACHPHEROMONE,,GERMAN COCKROACH PHEROMONE,5132,,,1
GIBBERELLIC,GIBBERELLIC ACID,,,,,1
GIBBERELLINS,,"GIBBERELLINS|GIBBERELLINS, POTASSIUM SALT",310|771,,,1
GIVAUDANMUQUETPA6664,,GIVAUDAN MUQUET PA-6664,2580,,,1
GLIOCLADIUMVIRENSGL21,,GLIOCLADIUM VIRENS GL-21 (SPORES),3854,,,1
GLUE,,GLUE,3661,,,1
GLUFOSINATE,GLUFOSINATE,,,Glufosinate,180.473,2
GLUFOSINATEAMMONIUM,,GLUFOSINATE-AMMONIUM,3946,,,1
GLUTAMIC,,GLUTAMIC ACID,5159,,,1
GLUTARALDEHYDE,,GLUTARALDEHYDE,139,,,1
GLYCERINE,,GLYCERINE,6221,,,1
GLYCEROL,,GLYCEROL,1147,,,1
GLYCERYLDIACETATE,,GLYCERYL DIACETATE,6008,,,1
GLYCERYLPAMINOBENZOATE,,GLYCERYL P-AMINOBENZOATE,2205,,,1
GLYCERYLRICINIOLEATE,,GLYCERYL RICINIOLEATE,3214,,,1
GLYCERYLSTEARATE,,GLYCERYL STEARATE,2582,,,1
GLYCIDYLETHER,,GLYCIDYL ETHER,6056,,,1
GLYCINEOFTALLOILFATTYACIDS,,GLYCINE OF TALL OIL FATTY ACIDS,3662,,,1
GLYCOLDISTEARATE,,GLYCOL DISTEARATE,3215,,,1
GLYCOLIC,,GLYCOLIC ACID,934,,,1
GLYCOLSTEARATE,,GLYCOL STEARATE,3216,,,1
GLYCOLURIL,,GLYCOLURIL,3901,,,1
GLYPHOSATE,GLYPHOSATE,"GLYPHOSATE|GLYPHOSATE, POTASSIUM SALT",2997|5820,Glyphosate,180.364,3
GLYPHOSATEDIAMMONIUM,,"GLYPHOSATE, DIAMMONIUM SALT",5810,,,1
GLYPHOSATEDIMETHYLAMINE,,"GLYPHOSATE, DIMETHYLAMINE SALT",5972,,,1
GLYPHOSATEISOPROPYLAMINE,,"GLYPHOSATE, ISOPROPYLAMINE SALT",1855,,,1
GLYPHOSATEMONOAMMONIUM,,"GLYPHOSATE, MONOAMMONIUM SALT",2301,,,1
GLYPHOSATESODIUMSESQUI,,"GLYPHOSATE, SODIUM SESQUI SALT",2275,,,1
GLYPHOSATETRIMESIUM,,GLYPHOSATE-TRIMESIUM,2327,,,1
GONADOTROPINRELEASINGHORMONE,,GONADOTROPIN RELEASING HORMONE ,6468,,,1
GRANITE,,GRANITE,3663,,,1
GRAPEPOMACE,,GRAPE POMACE,5145,,,1
GRAPHITE,,GRAPHITE,3217,,,1
GREENMLIQUIDDYE,,GREEN M LIQUID DYE,3840,,,1
GREENVITRIOL,,GREEN VITRIOL,1687,,,1
GROUNDCORNCOBS,,GROUND CORN COBS,2583,,,1
GROUNDOATS,,GROUND OATS,3664,,,1
GROUNDRICEHULLS,,GROUND RICE HULLS,2584,,,1
GROUNDSESAMEPLANT,,GROUND SESAME PLANT,2585,,,1
GSOMEGAKAPPAHXTXHV1A,,GS-OMEGA/KAPPA-HXTX-HV1A (VERSITUDE PEPTIDE),6089,,,1
GUARGUM,,GUAR GUM,3666,,,1
GUMTRAGACANTH,,GUM TRAGACANTH,3218,,,1
GYPSYMOTHNPV,,GYPSY MOTH NPV,5077,,,1
HALAUXIFENMETHYL,,HALAUXIFEN-METHYL,6314,Halauxifen-methyl,180.691,2
HALAZONE,,HALAZONE,316,,,1
HALOFENOZIDE,,HALOFENOZIDE,5019,,,1
HALOSULFURON,HALOSULFURON,,,,,1
HALOSULFURONMETHYL,,HALOSULFURON-METHYL,3919,Halosulfuron-methyl,180.479,2
HALOXYFOP,,HALOXYFOP,6204,,,1
HALOXYFOPPMETHYL,,HALOXYFOP-P-METHYL (C-14),6453,,,1
HARPINPROTEIN,HARPIN PROTEIN,HARPIN PROTEIN,5761,,,2
HASSOLVENT,,H.A.S. SOLVENT,2586,,,1
HEARTSOFCORNFLOUR,,HEARTS OF CORN FLOUR,3667,,,1
HELICOVERPAARMIGERANUCLEOPOLYHEDROVIRUSSTRAINBV0003,,"HELICOVERPA ARMIGERA NUCLEOPOLYHEDROVIRUS, STRAIN BV-0003",6189,,,1
HEPTACHLOR,,HEPTACHLOR,317,,,1
HEPTACHLOREPOXIDE,,HEPTACHLOR EPOXIDE,4073,,,1
HEPTACHLOROTHERRELATED,,"HEPTACHLOR, OTHER RELATED",90317,,,1
HEPTADECYLHYDROXYETHYLIMIDAZOLINEPHOSPHATE,,HEPTADECYL HYDROXYETHYL IMIDAZOLINE PHOSPHATE,1729,,,1
HEPTAMETHYLTRISILOXANE13PROPANEDIOLETHERETHOXYLATEDPROPOXYLATED,,"HEPTAMETHYLTRISILOXANE-1,3-PROPANEDIOL ETHER, ETHOXYLATED PROPOXYLATED",5827,,,1
HEPTAMETHYLTRISILOXANEETHOXYLATED,,HEPTAMETHYLTRISILOXANE ETHOXYLATED,4009,,,1
HEPTYLBUTYRATE,,HEPTYL BUTYRATE,3668,,,1
HEXACHLOROACETONE,,HEXACHLOROACETONE,320,,,1
HEXACHLOROACETONEOTHERRELATED,,"HEXACHLOROACETONE, OTHER RELATED",90320,,,1
HEXACHLOROBENZENE,,HEXACHLOROBENZENE,321,,,1
HEXACHLORODIBENZOPDIOXIN,,HEXACHLORO DIBENZO-P-DIOXIN,2587,,,1
HEXACHLOROPHENE,,"HEXACHLOROPHENE|HEXACHLOROPHENE, SODIUM SALT",322|413,,,1
HEXACONAZOLE,,HEXACONAZOLE,6278,,,1
HEXADECYLCYCLOPROPANECARBOXYLATE,,HEXADECYL CYCLOPROPANE CARBOXYLATE,1968,,,1
HEXADECYLDIMETHYLBENZYLAMMONIUMCHLORIDE,,HEXADECYL DIMETHYL BENZYL AMMONIUM CHLORIDE,1168,,,1
HEXAFLUMURON,,HEXAFLUMURON,3899,,,1
HEXAHEXYLDISTANNOXANE,,HEXAHEXYLDISTANNOXANE,2590,,,1
HEXAHYDRICALCOHOL,,HEXAHYDRIC ALCOHOL,1384,,,1
HEXAHYDRO135TRIETHYLSTRIAZINE,,"HEXAHYDRO-1,3,5-TRIETHYL-S-TRIAZINE",1670,,,1
HEXAHYDRO135TRIS2HYDROXYPROPYLSTRIAZINE,,"HEXAHYDRO-1,3,5-TRIS-2-HYDROXYPROPYL-S-TRIAZINE",1915,,,1
HEXAHYDRO135TRISSTRIAZINE,,"HEXAHYDRO-1,3,5-TRIS (2-HYDROXYETHYL)-S-TRIAZINE",1171,,,1
HEXAMETHYLENEHYDROCHLORIDE,,HEXAMETHYLENE HYDROCHLORIDE,3226,,,1
HEXAMINE,,HEXAMINE,2591,,,1
HEXANEDITHIOLDIACETATE,,HEXANE DITHIOL DIACETATE,2592,,,1
HEXANOIC,,HEXANOIC ACID,6332,,,1
HEXAZINONE,HEXAZINONE,HEXAZINONE,1871,Hexazinone,180.396,3
HEXYLENEGLYCOL,,HEXYLENE GLYCOL,1254,,,1
HEXYTHIAZOX,HEXYTHIAZOX,HEXYTHIAZOX,2303,Hexythiazox,180.448,3
HISOL15,,HI-SOL 15,2594,,,1
HOMOBRASSINOLIDE,,HOMOBRASSINOLIDE,6146,,,1
HOMOSALATE,,HOMOSALATE,3231,,,1
HONEY,,HONEY,2595,,,1
HOPBETAACIDS,,HOP BETA ACIDS,6063,,,1
HOSTAPHATMDARN040,,HOSTAPHAT MDAR-N-040,2596,,,1
HOSTAPONTPOWDERHIGHLYCONCENTRATED,,HOSTAPON T POWDER HIGHLY CONCENTRATED,3942,,,1
HUMATES,,HUMATES (AS DERIVED FROM LENARDITE),6200,,,1
HUMIC,,HUMIC ACID,2597,,,1
HYDRAMETHYLNON,HYDRAMETHYLNON,HYDRAMETHYLNON,2203,Hydramethylnon,180.395,3
HYDRATEDLIME,HYDRATED LIME,,,,,1
HYDRAZINE,,HYDRAZINE,2598,,,1
HYDROCARBONSC9AROMATIC,,"HYDROCARBONS, C9, AROMATIC",6327,,,1
HYDROCARBYLPOLYALKYLENEOXIDE,,HYDROCARBYL POLYALKYLENE OXIDE,6096,,,1
HYDROCHLORIDE,,HYDROCHLORIDE SALT,4031,,,1
HYDROCORTISONE,,HYDROCORTISONE,964,,,1
HYDROFLUOROCARBON152A,,HYDROFLUOROCARBON 152A,2599,,,1
HYDROGENATEDCASTOROIL,,HYDROGENATED CASTOR OIL,3830,,,1
HYDROGENATEDCASTOROILETHOXYLATE,,HYDROGENATED CASTOR OIL ETHOXYLATE,3521,,,1
HYDROGENATEDDIMERDIFARNESENE,,HYDROGENATED DIMER DIFARNESENE,6424,,,1
HYDROGENATEDSOYBEANOIL,,HYDROGENATED SOYBEAN OIL,3670,,,1
HYDROGENATEDVEGETABLEOILS,,HYDROGENATED VEGETABLE OILS,5146,,,1
HYDROGENATEDWAXNEUTRALWAXANDALKALISOAPSOFFATTYACIDS,,"HYDROGENATED WAX, NEUTRAL WAX AND ALKALI SOAPS OF FATTY ACIDS",1368,,,1
HYDROGENCHLORIDE,,HYDROGEN CHLORIDE,329,,,1
HYDROGENCYANAMIDE,,HYDROGEN CYANAMIDE,2238,,,1
HYDROGENCYANIDE,,,,Hydrogen Cyanide,180.13,1
HYDROGENPEROXIDE,HYDROGEN PEROXIDE,HYDROGEN PEROXIDE,1794,,,2
HYDROPHOBICALLYMODIFIEDALKALISOLUBLEACRYLICPOLYMEREMULSION,,HYDROPHOBICALLY MODIFIED ALKALI SOLUBLE ACRYLIC POLYMER EMULSION,6431,,,1
HYDROPHOSPHOROUS,,HYDROPHOSPHOROUS ACID,2600,,,1
HYDROPRENE,,HYDROPRENE,2244,,,1
HYDROQUINONE,,HYDROQUINONE,3233,,,1
HYDROTREATEDPARAFFINICSOLVENT,,HYDROTREATED PARAFFINIC SOLVENT,2601,,,1
HYDROXYACETOCHLOR,,HYDROXYACETOCHLOR,6402,,,1
HYDROXYDIAZINON,,HYDROXYDIAZINON,6403,,,1
HYDROXYDIDEMETHYLFLUOMETURON,,HYDROXY DIDEMETHYL FLUOMETURON,6400,,,1
HYDROXYETHYLCELLULOSE,,HYDROXYETHYL CELLULOSE,1511,,,1
HYDROXYETHYLMETHYLSULFONE,,HYDROXYETHYL METHYL SULFONE,2604,,,1
HYDROXYETHYLOCTYLSULFIDEOTHERRELATED,,"HYDROXYETHYL OCTYL SULFIDE, OTHER RELATED",90926,,,1
HYDROXYFLUOMETURON,,HYDROXYFLUOMETURON,6404,,,1
HYDROXYLAMINESULFATE,,HYDROXYL AMINE SULFATE,3235,,,1
HYDROXYLPHENOLICCARBOXYLIC,,HYDROXYL PHENOLIC CARBOXYLIC ACID,2605,,,1
HYDROXYMERCURINITROPHENOL,,HYDROXY MERCURI NITROPHENOL,2606,,,1
HYDROXYMETHYL55DIMETHYLHYDANTOIN,,"HYDROXYMETHYL-5,5-DIMETHYL HYDANTOIN",2306,,,1
HYDROXYMETOLACHLOR,,HYDROXYMETOLACHLOR,6405,,,1
HYDROXYMONODEMETHYLFLUOMETURON,,HYDROXY MONODEMETHYL FLUOMETURON,6401,,,1
HYDROXYPROPYLMETHYLCELLULOSE,,HYDROXYPROPYL METHYL CELLULOSE,1969,,,1
HYDROXYSIMAZINE,,HYDROXYSIMAZINE,5030,,,1
HYDROXYTEBUTHIURON,,HYDROXYTEBUTHIURON,6406|6470,,,1
HYDROXYTHIOETHER,,HYDROXYTHIOETHER,6370,,,1
HYMECROMONE,,HYMECROMONE,3239,,,1
HYMEXAZOL,HYMEXAZOL,HYMEXAZOL,4034,,,2
HYPERMERPOLYMERICSURFACTANT,,HYPERMER POLYMERIC SURFACTANT,6289,,,1
HYPOCHLOROUS,,HYPOCHLOROUS ACID,5845,,,1
HYPOCREAVIRENSNRRL50824,,HYPOCREA VIRENS NRRL 50824,6448,,,1
IBA,IBA,IBA,323,,,2
IMAZALIL,IMAZALIL,IMAZALIL,2084,Imazalil,180.413,3
IMAZALILSULFATE,,IMAZALIL SULFATE,5906,,,1
IMAZAMETHABENZ,IMAZAMETHABENZ,IMAZAMETHABENZ,2240,,,2
IMAZAMETHABENZMETHYL,,,,Imazamethabenz-methyl,180.437,1
IMAZAMOX,IMAZAMOX,"IMAZAMOX|IMAZAMOX, AMMONIUM SALT",5756|5757,,,2
IMAZAPIC,IMAZAPIC,"IMAZAPIC|IMAZAPIC, AMMONIUM SALT",5097|5911,Imazapic,180.49,3
IMAZAPYR,IMAZAPYR,IMAZAPYR,2256,Imazapyr,180.5,3
IMAZAPYRISOPROPYLAMINE,,"IMAZAPYR, ISOPROPYLAMINE SALT",2257,,,1
IMAZAQUIN,IMAZAQUIN,"IMAZAQUIN|IMAZAQUIN, AMMONIUM SALT|IMAZAQUIN, SODIUM SALT",2613|3006|5109,,,2
IMAZETHAPYR,IMAZETHAPYR,"IMAZETHAPYR|IMAZETHAPYR, AMMONIUM SALT",2340|2341,Imazethapyr,180.447,3
IMAZOSULFURON,IMAZOSULFURON,IMAZOSULFURON,5987,Imazosulfuron,180.651,3
IMIDACLOPRID,IMIDACLOPRID,IMIDACLOPRID,3849,Imidacloprid,180.472,3
IMIDACLOPRIDGUANIDINE,,IMIDACLOPRID GUANIDINE,5900,,,1
IMIDACLOPRIDOLEFIN,,IMIDACLOPRID OLEFIN,5901,,,1
IMIDACLOPRIDOLEFINICGUANIDINE,,IMIDACLOPRID OLEFINIC-GUANIDINE,5902,,,1
IMIDACLOPRIDUREA,,IMIDACLOPRID UREA,5903,,,1
IMIPROTHRIN,,IMIPROTHRIN,5327,,,1
INDANOFAN,,INDANOFAN,6144,,,1
INDAZIFLAM,INDAZIFLAM,INDAZIFLAM,5999,Indaziflam,180.653,3
INDENO12E134OXADIAZINE4ACARBOXYLIC7CHLORO25DIHYDRO24PHENYLAMINOCARBONYLMETYL,,"INDENO[1,2-E][1,3,4}OXADIAZINE-4A(3H)CARBOXYLIC ACID,7-CHLORO-2,5-DIHYDRO-2-[[(METHOXYCARBONYL)[4-(TRIFLUORO-METHOXY)PHENYL]AMINO]CARBONYL]-METYL ESTER",4001,,,1
INDIANMEALMOTHGRANULOSISVIRUS,,INDIAN MEAL MOTH GRANULOSIS VIRUS,5752,,,1
INDIGOCARMINE,,INDIGO CARMINE,3530,,,1
INDOLE,,INDOLE,2614,,,1
INDOLE3ACETIC,,INDOLE-3-ACETIC ACID,6502,,,1
INDOLE3BUTANETHIOICSPHENYL,,"INDOLE-3-BUTANETHIOIC ACID, S-PHENYL ESTER",5099,,,1
INDOXACARB,INDOXACARB,INDOXACARB,5331,Indoxacarb,180.564,3
INERT,,INERT (VOC REEVALUATION),3973,,,1
INERTINGREDIENTS,,INERT INGREDIENTS,0,,,1
INERTINGREDIENTSAPPLIEDTOANIMALS,,,,Inert ingredients applied to animals,180.93,1
INERTINGREDIENTSUSEDPREANDPOSTHARVEST,,,,Inert ingredients used pre- and post-harvest,180.91,1
INERTINGREDIENTSUSEDPREHARVEST,,,,Inert ingredients used pre-harvest,180.92,1
INORGANICBROMIDERESIDUESRESULTINGFROMFUMIGATIONWITHMETHYLBROMIDE,,,,Inorganic bromide residues resulting from fumigation with methyl bromide,180.123,1
INORGANICPHOSPHATE,,INORGANIC PHOSPHATE,3671,,,1
INPYRFLUXAM,,,,Inpyrfluxam,180.712,1
INSTEX10100COLORCONCENTRATE,,INSTEX 10100 COLOR CONCENTRATE (BLACK),2615,,,1
INTERIMTOLERANCES,,,,Interim tolerances.,180.319,1
INVERTSUGAR,,INVERT SUGAR,3672,,,1
INVERTSYRUP,,INVERT SYRUP,3673,,,1
IODIDE,,IODIDE,6060,,,1
IODINE,,IODINE,718,,,1
IODOSULFURON,IODOSULFURON,,,,,1
IODOSULFURONMETHYLSODIUM,,IODOSULFURON-METHYL-SODIUM,6015,Iodosulfuron-Methyl-Sodium,180.58,2
IOXYNIL,,IOXYNIL,2616,,,1
IPCONAZOLE,IPCONAZOLE,IPCONAZOLE,5978,Ipconazole,180.646,3
IPFENCARBAZONE,,IPFENCARBAZONE,6227,,,1
IPFLUFENOQUIN,,,,Ipflufenoquin,180.719,1
IPRODIONE,IPRODIONE,IPRODIONE,2081,Iprodione,180.399,3
IPROVALICARB,,IPROVALICARB,5938,Iprovalicarb,180.581,2
IRGANOX1010,,IRGANOX 1010,3523,,,1
IRGANOX1076,,IRGANOX 1076,2617,,,1
IRON,,IRON,655,,,1
IRONHEDTA,,IRON HEDTA,5968,,,1
IRONOXIDEPIGMENT,,IRON OXIDE PIGMENT,2618,,,1
IRONPHOSPHATE,,IRON PHOSPHATE,5014,,,1
ISARIAFUMOSOROSEASTRAINFE9901,,ISARIA FUMOSOROSEA STRAIN FE 9901,6079,,,1
ISAZOPHOS,,ISAZOPHOS,2282,,,1
ISOAMYLACETATE,,ISOAMYL ACETATE,1422,,,1
ISOASCORBIC,,"ISOASCORBIC ACID, SODIUM SALT",2619,,,1
ISOBORNYLACETATE,,ISOBORNYL ACETATE,2620,,,1
ISOBUTANE,,ISOBUTANE,2621,,,1
ISOBUTYLACETATE,,ISOBUTYL ACETATE,3241,,,1
ISOBUTYLALCOHOL,,ISOBUTYL ALCOHOL,2622,,,1
ISOBUTYRIC,,ISOBUTYRIC ACID,2110,,,1
ISOCARBOPHOS,,ISOCARBOPHOS,2414,,,1
ISOCYCLOSERAM,,,,Isocycloseram,180.73,1
ISODECYLALCOHOL,,ISODECYL ALCOHOL,3242,,,1
ISOFENPHOS,,ISOFENPHOS,2194,,,1
ISOFETAMID,,ISOFETAMID,6114,Isofetamid,180.681,2
ISOLATEDTRICHODERMAKONINGOPSISIB5612,,ISOLATED TRICHODERMA KONINGOPSIS IB 56/12,6500,,,1
ISOOCTYLACRYLATESTEARYLMETHACRYLATEACRYLICCOPOLYMER,,ISOOCTYL ACRYLATE-STEARYL METHACRYLATE-ACRYLIC ACID COPOLYMER,3008,,,1
ISOOCTYLDIPHENYLPHOSPHITE,,ISOOCTYL DIPHENYL PHOSPHITE,3243,,,1
ISOOCTYLPHOSPHATE,,ISOOCTYL PHOSPHATE,3258,,,1
ISOOCTYLPHTHALATE,,ISOOCTYL PHTHALATE,2262,,,1
ISOPARAFFINC11C12,,"ISOPARAFFIN, C11-C12",2623,,,1
ISOPARAFFINC12C14,,"ISOPARAFFIN, C12-C14",2624,,,1
ISOPARAFFINICHYDROCARBONS,,ISOPARAFFINIC HYDROCARBONS,1641,,,1
ISOPENTANE,,ISOPENTANE,3244,,,1
ISOPHORONEDIISOCYANATE,,ISOPHORONE DIISOCYANATE,6315,,,1
ISOPROPALIN,,ISOPROPALIN,1681,,,1
ISOPROPANOLAMINENITRITE,,ISOPROPANOLAMINE NITRITE,3245,,,1
ISOPROPYLALCOHOL,,ISOPROPYL ALCOHOL,342,,,1
ISOPROPYLAMINE,,ISOPROPYLAMINE,3246,,,1
ISOPROPYLAMINEDODECYLBENZENESULFONATE,,ISOPROPYLAMINE DODECYLBENZENE SULFONATE,3247,,,1
ISOPROPYLAMINEMETHYLNAPHTHALENESULFONATE,,ISOPROPYLAMINE METHYL NAPHTHALENE SULFONATE,3248,,,1
ISOPROPYLAMINEOFOLEYLISOPROPANOLAMIDESULFOSICCINIC,,ISOPROPYLAMINE SALT OF OLEYL ISOPROPANOLAMIDE SULFOSICCINIC ACID,3249,,,1
ISOPROPYLAMINEOFSTEAROYLISOPROPANOLAMIDESULFOSUCCINIC,,ISOPROPYLAMINE SALT OF STEAROYL ISOPROPANOLAMIDE SULFOSUCCINIC ACID,3250,,,1
ISOPROPYLAMINESULFATE,,ISOPROPYLAMINE SULFATE,3251,,,1
ISOPROPYLAMINESULFONATE,,ISOPROPYLAMINE SULFONATE,3252,,,1
ISOPROPYLATEDNAPHTHALENESULFONIC,,"ISOPROPYLATED NAPHTHALENESULFONIC ACID, SODIUM SALT",3931,,,1
ISOPROPYLHYDROXYAMINENITRITE,,ISOPROPYL HYDROXYAMINE NITRITE,3253,,,1
ISOPROPYLLANOLIN,,ISOPROPYL LANOLIN,1191,,,1
ISOPROPYLMYRISTATE,,ISOPROPYL MYRISTATE,2626,,,1
ISOPROPYLPALMITATE,,ISOPROPYL PALMITATE,3255,,,1
ISOPROPYLPHENOL,,ISOPROPYL PHENOL,3256,,,1
ISOPROTHIOLANE,,,,Isoprothiolane,180.721,1
ISOPYRAZAM,,,,Isopyrazam,180.654,1
ISOSTEARIC,,ISOSTEARIC ACID,3257,,,1
ISOSTEARYLALCOHOL,,ISOSTEARYL ALCOHOL,2627,,,1
ISOTIANIL,,ISOTIANIL,6166,Isotianil,180.708,2
ISOXABEN,ISOXABEN,ISOXABEN,2289,Isoxaben,180.65,3
ISOXADIFENETHYL,,,,Isoxadifen-ethyl,180.57,1
ISOXAFLUTOLE,ISOXAFLUTOLE,ISOXAFLUTOLE,6209,Isoxaflutole,180.537,3
IVORYSNOW,,IVORY SNOW,3674,,,1
JAGUAR,,JAGUAR,2146,,,1
KAOLIN,,KAOLIN,2629,,,1
KAOLINCLAY,KAOLIN CLAY,,,,,1
KARBUTILATE,,KARBUTILATE,691,,,1
KASUGAMYCIN,,,,Kasugamycin,180.614,1
KASUGAMYCINHYDROCHLORIDE,,KASUGAMYCIN HYDROCHLORIDE,6197,,,1
KEROSENE,,KEROSENE,2071,,,1
KINOPRENE,KINOPRENE,(S)-KINOPRENE|KINOPRENE,1949|3936,,,2
KMSPRAYOIL,,KM SPRAY OIL,2631,,,1
KRESOXIMMETHYL,KRESOXIM-METHYL,KRESOXIM-METHYL,5451,Kresoxim-methyl,180.554,3
LACTIC,,LACTIC ACID,1667,,,1
LACTICETHYL,,"LACTIC ACID, ETHYL ESTER",6441,,,1
LACTOFEN,LACTOFEN,LACTOFEN,3538,Lactofen,180.432,3
LACTOSE,,LACTOSE,1400,,,1
LAGENIDIUMGIGANTEUM,,LAGENIDIUM GIGANTEUM (CALIFORNIA STRAIN),3001,,,1
LAMBDACYHALOTHRIN,,LAMBDA-CYHALOTHRIN,2297,,,1
LAMBDACYHALOTHRINANDANISOMERGAMMACYHALOTHRIN,,,,Lambda-cyhalothrin and an isomer gamma-cyhalothrin,180.438,1
LAMINARIN,,LAMINARIN,6229,,,1
LANOLIN,,LANOLIN,1145,,,1
LANOLINOIL,,LANOLIN OIL,2633,,,1
LAPYRIUMCHLORIDE,,LAPYRIUM CHLORIDE,3259,,,1
LARD,,LARD,3675,,,1
LATEXPAINT,,LATEX PAINT,2634,,,1
LAURAMIDELINOLEAMIDEDIETHANOLAMIDE,,LAURAMIDE/LINOLEAMIDE DIETHANOLAMIDE,2635,,,1
LAURIC,,LAURIC ACID,5324,,,1
LAURICBARIUMCADMIUM,,"LAURIC ACID, BARIUM CADMIUM SALT",3676,,,1
LAURICDIETHANOLAMINE,,LAURIC ACID DIETHANOLAMINE SALT,3260,,,1
LAURICMONOETHANOLAMIDE,,LAURIC ACID MONOETHANOLAMIDE,3261,,,1
LAURYLALCOHOL,,LAURYL ALCOHOL,2343,,,1
LAURYLDIETHANOLAMIDE,,LAURYL DIETHANOLAMIDE,1169,,,1
LAURYLDIETHYLENEDIAMINOGLYCINE,,LAURYL DIETHYLENE DIAMINO GLYCINE,3262,,,1
LAURYLDIMETHYLAMINEOXIDE,,LAURYL DIMETHYLAMINE OXIDE,2636,,,1
LAURYLMETHACRYLATE,,LAURYL METHACRYLATE,1089,,,1
LAURYLMETHACRYLATEPOLYMER,,LAURYL METHACRYLATE POLYMER,3677,,,1
LAURYLPOLYOXYETHYLENESULFATE,,LAURYL POLYOXYETHYLENE SULFATE,3678,,,1
LAURYLPYRIDINIUM5CHLORO2MERCAPTOBENZOTHIAZOLE,,LAURYL PYRIDINIUM-5-CHLORO-2-MERCAPTO BENZOTHIAZOLE,1238,,,1
LAURYLSULFATE,,LAURYL SULFATE|LAURYL SULFATE SALTS,2637|5771,,,1
LAVANDINOIL,,LAVANDIN OIL,5017,,,1
LAVANDULYLSENECIOATE,,LAVANDULYL SENECIOATE,5967,,,1
LCARVONE,,L-CARVONE,6434,,,1
LEAD,,LEAD,2638,,,1
LEADARSENATE,,LEAD ARSENATE (STANDARD),353,,,1
LEADARSENATEBASIC,,"LEAD ARSENATE, BASIC",354,,,1
LEADMETASILICATE,,LEAD METASILICATE,1106,,,1
LEADMONOXIDE,,LEAD MONOXIDE,1271,,,1
LECITHIN,,LECITHIN,3264,,,1
LEONILDBPOWDER,,LEONIL DB POWDER,2639,,,1
LEPTOPHOS,,LEPTOPHOS,1676,,,1
LEPTOPHOSOTHERRELATED,,"LEPTOPHOS, OTHER RELATED",91676,,,1
LEVULINICCHLORINATED,,"LEVULINIC ACID, CHLORINATED",1866,,,1
LGLUTAMIC,L-GLUTAMIC ACID,,,,,1
LIGNIN,,LIGNIN,2640,,,1
LIGNINSULFATE,,LIGNIN SULFATE (SODIUM SALT),1763,,,1
LIGNINSULFONIC,,"LIGNIN SULFONIC ACID|LIGNIN SULFONIC ACID, AMMONIUM SALT|LIGNIN SULFONIC ACID, CALCIUM SALT|LIGNIN SULFONIC ACID, COPPER SALT",1765|1768|1925|1981,,,1
LIGNINSULFONICIRON,,"LIGNIN SULFONIC ACID, IRON SALT",1769,,,1
LIGNINSULFONICMAGNESIUM,,"LIGNIN SULFONIC ACID, MAGNESIUM SALT",1926,,,1
LIGNINSULFONICMANGANESE,,"LIGNIN SULFONIC ACID, MANGANESE SALT",1770,,,1
LIGNINSULFONICMETAL,,"LIGNIN SULFONIC ACID, METAL SALTS",1783,,,1
LIGNINSULFONICZINCMANGANESEIRON,,"LIGNIN SULFONIC ACID, ZINC, MANGANESE & IRON SALTS",1771,,,1
LIGNOFLEX,,LIGNOFLEX,3265,,,1
LIGROIN,,LIGROIN,2642,,,1
LIME,,LIME,977,,,1
LIMESULFUR,,LIME-SULFUR,358,,,1
LIMONENE,,LIMONENE,979,,,1
LIMONIA1911189,,LIMONIA 19-11189,2643,,,1
LINALOOL,,LINALOOL,2239,,,1
LINDANE,,LINDANE,359,,,1
LINEARALKYLSULFONATE,,"LINEAR ALKYL SULFONATE|LINEAR ALKYL SULFONATE, POTASSIUM SALT",1520|1836,,,1
LINEARPRIMARYALCOHOLSC12C15,,"LINEAR PRIMARY ALCOHOLS, C12-C15",3930,,,1
LINOLEIC,,LINOLEIC ACID,1157,,,1
LINOLENIC,,LINOLENIC ACID,2005,,,1
LINSEEDOILBOILED,,"LINSEED OIL, BOILED",2644,,,1
LINSEEDOILPOLYMERWITHMALEICANHYDRIDEANDTUNGOIL,,"LINSEED OIL, POLYMER WITH MALEIC ANHYDRIDE AND TUNG OIL",3526,,,1
LINSEEDOILWITHDRIERS,,LINSEED OIL WITH DRIERS,2645,,,1
LINSEEDSOYAALKYDRESIN,,LINSEED-SOYA ALKYD RESIN,2646,,,1
LINURON,LINURON,LINURON,361,Linuron,180.184,3
LIONWASTE,,LION WASTE,1301,,,1
LIPOPEPIDOOLIGOGLUCOSAMINE,,LIPOPEPIDO OLIGOGLUCOSAMINE,6167,,,1
LITHIUMCARBONATE,,LITHIUM CARBONATE,3924,,,1
LITHIUMCHLORIDE,,LITHIUM CHLORIDE,5318,,,1
LITHIUMHYDROXIDE,,LITHIUM HYDROXIDE,3267,,,1
LITHIUMHYPOCHLORITE,,LITHIUM HYPOCHLORITE,922,,,1
LITHIUMPERCHLORATE,,LITHIUM PERCHLORATE,3268,,,1
LITHIUMSULFONATE,,LITHIUM (PERFLUORO OCTANE) SULFONATE,5678,,,1
LOCUSTBEANGUM,,LOCUST BEAN GUM,2647,,,1
LOLINEALKALOID,,LOLINE ALKALOID,6203,,,1
LONGOILALKYD5070,,LONG OIL ALKYD 5070,2648,,,1
LOWMOLECULARWEIGHTPARAFFINICOIL,,LOW MOLECULAR WEIGHT PARAFFINIC OIL,5252,,,1
LUBRIZOL544,,LUBRIZOL 544,2649,,,1
LUBRIZOL8052A,,LUBRIZOL 8052A,2650,,,1
LUNAYELLOWNBL1270,,LUNA YELLOW NB-L 1270,2651,,,1
LUVISETCAP,,LUVISET CAP,3867,,,1
LYSOPHOSPHATIDYLETHANOLAMINE,,LYSOPHOSPHATIDYL ETHANOLAMINE,5789,,,1
MACROPLASTUK8202UK5400,,MACROPLAST UK 8202/UK 5400,2652,,,1
MACROPLASTVAX11688UK5400,,MACROPLAST VAX-11688/UK 5400,2653,,,1
MAGNESIUMCARBONATE,,MAGNESIUM CARBONATE,2654,,,1
MAGNESIUMCHLORIDE,,MAGNESIUM CHLORIDE,365,,,1
MAGNESIUMCHLORIDEHEXAHYDRATE,,"MAGNESIUM CHLORIDE, HEXAHYDRATE",2655,,,1
MAGNESIUMLAURYLSULFATE,,MAGNESIUM LAURYL SULFATE,1718,,,1
MAGNESIUMLIME,,MAGNESIUM LIME,3679,,,1
MAGNESIUMNITRATE,,MAGNESIUM NITRATE,3269,,,1
MAGNESIUMOXIDE,,MAGNESIUM OXIDE,2656,,,1
MAGNESIUMPHOSPHIDE,,MAGNESIUM PHOSPHIDE,2085,,,1
MAGNESIUMPYRITHIONE,,MAGNESIUM PYRITHIONE,2657,,,1
MAGNESIUMSILICATE,,MAGNESIUM SILICATE,2658,,,1
MAGNESIUMSTEARATE,,MAGNESIUM STEARATE,3270,,,1
MAGNESIUMSULFATE,,MAGNESIUM SULFATE,1339,,,1
MALACHITEGREEN,,MALACHITE GREEN,366,,,1
MALAOXON,,MALAOXON,4076,,,1
MALATHION,MALATHION,MALATHION,367,Malathion,180.111,3
MALEICANHYDRIDE,,MALEIC ANHYDRIDE,3272,,,1
MALEICANHYDRIDEPOLYMERWITH244TRIMETHYLPENTANE,,"MALEIC ANHYDRIDE, POLYMER WITH 2,4,4-TRIMETHYL PENTANE, SODIUM SALT",3271,,,1
MALEICHYDRAZIDE,MALEIC HYDRAZIDE,"MALEIC HYDRAZIDE|MALEIC HYDRAZIDE, POTASSIUM SALT",2130|368,,,2
MALEICHYDRAZIDEDIETHANOLAMINE,,"MALEIC HYDRAZIDE, DIETHANOLAMINE SALT",778,,,1
MALIC,,MALIC ACID,1364,,,1
MALTEXTRACT,,MALT EXTRACT,2659,,,1
MANCOZEB,MANCOZEB,MANCOZEB,211,Mancozeb,180.176,3
MANDESTROBIN,,MANDESTROBIN,6177,Mandestrobin,180.69,2
MANDIPROPAMID,MANDIPROPAMID,MANDIPROPAMID,5961,Mandipropamid,180.637,3
MANEB,MANEB,MANEB,369,,,2
MANGANESECARBAMATE,,MANGANESE CARBAMATE,3273,,,1
MANGANESEOXIDE,,MANGANESE (II) OXIDE,3274,,,1
MANGANESESULFATE,,MANGANESE SULFATE,658,,,1
MANNITANCOCONUTOIL,,MANNITAN COCONUT OIL ESTER,3680,,,1
MARGOSAOIL,,MARGOSA OIL,6065,,,1
MARK1500,,MARK 1500,2663,,,1
MARK1600,,MARK 1600,2664,,,1
MARK1601,,MARK 1601,2665,,,1
MARK1603,,MARK 1603,2666,,,1
MARK1607,,MARK 1607,2667,,,1
MARK495,,MARK 495,2660,,,1
MARK565A,,MARK 565A,2661,,,1
MARK706,,MARK 706,2662,,,1
MARTERWHITE400,,MARTER WHITE 400,2668,,,1
MCPA,MCPA,"MCPA|MCPA, SODIUM SALT",2326|788,MCPA,180.339,3
MCPA2ETHYLHEXYL,,"MCPA, 2-ETHYL HEXYL ESTER",5059,,,1
MCPAALKANOLAMINE,,"MCPA, ALKANOLAMINE SALT",784,,,1
MCPABUTOXYETHANOL,,"MCPA, BUTOXYETHANOL ESTER",785,,,1
MCPADIMETHYLAMINE,,"MCPA, DIMETHYLAMINE SALT",786,,,1
MCPAISOOCTYL,,"MCPA, ISOOCTYL ESTER",787,,,1
MCPATHIOETHYL,,"MCPA, THIOETHYL ESTER",6263,,,1
MCPB,MCPB,"MCPB|MCPB, SODIUM SALT",5055|641,,,2
MCPP,,"MCPP|MCPP, POTASSIUM SALT",1303|374,,,1
MCPPDIETHANOLAMINE,,"MCPP, DIETHANOLAMINE SALT",790,,,1
MCPPDIMETHYLAMINE,,"MCPP, DIMETHYLAMINE SALT",1016,,,1
MCPPISOOCTYL,,"MCPP, ISOOCTYL ESTER",2294,,,1
MCPPP,,"MCPP-P, POTASSIUM SALT",5335,,,1
MCPPP2ETHYLHEXYL,,"MCPP-P, 2-ETHYL HEXYL ESTER",5334,,,1
MCPPPDIMETHYLAMINE,,"MCPP-P, DIMETHYLAMINE SALT",5333,,,1
MEAT,,MEAT,3681,,,1
MEATMEAL,,MEAT MEAL,3682,,,1
MEATSCRAPS,,MEAT SCRAPS,3683,,,1
MEATSTOCKHORMEL6,,"MEAT STOCK, HORMEL #6",2670,,,1
MECOPROP,MECOPROP,,,,,1
MECOPROPP,,MECOPROP-P,5111,,,1
MEDICATEDBLOCK,,MEDICATED BLOCK,3684,,,1
MEDICATEDFEED,,MEDICATED FEED,3685,,,1
MEFENOXAM,MEFENOXAM,MEFENOXAM,4011,Mefenoxam,180.546,3
MEFENOXAMOTHERRELATED,,"MEFENOXAM, OTHER RELATED",94011,,,1
MEFENPYRDIETHYL,,,,Mefenpyr-diethyl,180.509,1
MEFENTRIFLUCONAZOLE,,MEFENTRIFLUCONAZOLE,6356,Mefentrifluconazole,180.705,2
MEFLUIDIDE,,"MEFLUIDIDE|MEFLUIDIDE, POTASSIUM SALT",5082|5083,,,1
MEFLUIDIDEDIETHANOLAMINE,,"MEFLUIDIDE, DIETHANOLAMINE SALT",1955,,,1
MEHYLANDOFFATTYACIDS,,MEHYL ESTERS (C14-18) AND (C16-C18) OF FATTY ACIDS,6466,,,1
MELAMINE,,MELAMINE,2284,,,1
MENHADENOIL,,MENHADEN OIL,3686,,,1
MENTHOL,,MENTHOL,1074,,,1
MEPANIPYRIM,,,,Mepanipyrim,180.604,1
MEPIQUAT,MEPIQUAT,,,"Mepiquat (N,N-dimethylpiperidinium)",180.384,2
MEPIQUATCHLORIDE,,MEPIQUAT CHLORIDE,2075,,,1
MEPIQUATPENTABORATE,,MEPIQUAT PENTABORATE,5832,,,1
MEPTYLDINOCAP,,,,Meptyldinocap,180.648,1
MERCURICCHLORIDE,,MERCURIC CHLORIDE,372,,,1
MERCURICDIMETHYLDITHIOCARBAMATE,,MERCURIC DIMETHYL DITHIOCARBAMATE,709,,,1
MERCURICOLEATE,,MERCURIC OLEATE,3276,,,1
MERCURICOXIDE,,MERCURIC OXIDE,955,,,1
MERPHOS,,MERPHOS,293,,,1
MERPHOSOTHERRELATED,,"MERPHOS, OTHER RELATED",90293,,,1
MESITYLOXIDE,,MESITYL OXIDE,3277,,,1
MESOSULFURON,MESOSULFURON,,,,,1
MESOSULFURONMETHYL,,MESOSULFURON-METHYL,5898,Mesosulfuron-methyl,180.597,2
MESOTRIONE,MESOTRIONE,MESOTRIONE,6069,Mesotrione,180.571,3
METACRESOL,,META-CRESOL,378,,,1
METAFLUMIZONE,,METAFLUMIZONE,5935,Metaflumizone,180.657,2
METALAXYL,METALAXYL,METALAXYL,2132,Metalaxyl,180.408,3
METALDEHYDE,METALDEHYDE,METALDEHYDE,379,Metaldehyde,180.523,3
METALLICSILVER,,METALLIC SILVER,2125,,,1
METAM,METAM,,,,,1
METAMIFOP,,METAMIFOP,6185,,,1
METAMITRON,,META-MITRON|METAMITRON,2672|6325,Metamitron,180.726,2
METAMPOTASSIUM,METAM POTASSIUM,,,,,1
METAMSODIUM,,METAM-SODIUM,616,,,1
METARHIZIUMANISOPLIAESOROKSTRAINE9,,"METARHIZIUM ANISOPLIAE (METSCH.) SOROK., STRAIN E9",6340,,,1
METARHIZIUMANISOPLIAESTRAINF52,,METARHIZIUM ANISOPLIAE STRAIN F52,6002,,,1
METARHIZIUMANISOPLIAEVARANISOPLIAESTRAINESF1,,"METARHIZIUM ANISOPLIAE, VAR. ANISOPLIAE, STRAIN ESF1",3935,,,1
METAZOSULFURON,,METAZOSULFURON,6265,,,1
METCONAZOLE,METCONAZOLE,METCONAZOLE,5983,Metconazole,180.617,3
METHACRYLIC,,METHACRYLIC ACID,3278,,,1
METHACRYLICBUTYL,,"METHACRYLIC ACID, BUTYL ESTER",3279,,,1
METHAMIDOPHOS,METHAMIDOPHOS,METHAMIDOPHOS,1697,,,2
METHANEARSONIC,,,,Methanearsonic acid,180.289,1
METHANOL,,METHANOL,1018,,,1
METHAZOLE,,METHAZOLE,2673,,,1
METHIDATHION,METHIDATHION,METHIDATHION,1689,,,2
METHIDATHIONOXON,,METHIDATHION OXON,5040,,,1
METHIOCARB,METHIOCARB,METHIOCARB,375,,,2
METHIOCARBSULFONE,,METHIOCARB SULFONE,4077,,,1
METHIOCARBSULFOXIDE,,METHIOCARB SULFOXIDE,4078,,,1
METHIONINE,,METHIONINE,1563,,,1
METHIONINEHYDROXYANALOG,,METHIONINE HYDROXY ANALOG,6194,,,1
METHIOZOLIN,,METHIOZOLIN,6106,,,1
METHOMYL,METHOMYL,METHOMYL,383,Methomyl,180.253,3
METHOMYLOXIME,,METHOMYL OXIME,6407,,,1
METHOPRENE,,METHOPRENE,1784,,,1
METHOXY24DIHYDROXYPENTENE,,"METHOXY-2,4-DIHYDROXY PENTENE",3281,,,1
METHOXYCHLOR,,METHOXYCHLOR,384,,,1
METHOXYCHLOROTHERRELATED,,"METHOXYCHLOR, OTHER RELATED",90384,,,1
METHOXYFENOZIDE,METHOXYFENOZIDE,METHOXYFENOZIDE,5698,Methoxyfenozide,180.544,3
METHYL1256TETRAHYDRO1METHYLNICOTINATEHYDROBROMIDE,,"METHYL-1,2,5,6-TETRAHYDRO-1-METHYL NICOTINATE, HYDROBROMIDE",1324,,,1
METHYL23DIBROMOPROPIONATE,,"METHYL-2,3-DIBROMO PROPIONATE",1336,,,1
METHYL23DICHLORO9HYDROXYFLUORENE9CARBOXYLATE,,"METHYL-2,3-DICHLORO-9-HYDROXYFLUORENE-9-CARBOXYLATE",1437,,,1
METHYL27DICHLORO9HYDROXYFLUORENE9CARBOXYLATE,,"METHYL-2,7-DICHLORO-9-HYDROXYFLUORENE-9-CARBOXYLATE",1680,,,1
METHYL2CARBONYLAMINOSULFONYLBENZOATE,,"METHYL 2-([{(N-[4-METHOXY-6-METHYL-1,3,5-TRIAZIN-2-YL]-METHYL AMINO) CARBONYL) AMINO) SULFONYL) BENZOATE",2681,,,1
METHYL2OXYPHENOXYLPROPANOATE,,"(TRIMETHYL SILYL) METHYL 2-(4-(3,5-DICHLORO-2-PYRIDINYL) OXY) PHENOXYL PROPANOATE",2966,,,1
METHYLALPHADMANNOPYRANOSIDE,,METHYL-ALPHA-D-MANNOPYRANOSIDE,6290,,,1
METHYLANTHRANILATE,,METHYL ANTHRANILATE,3971,,,1
METHYLATEDFATTYACIDSFROMCANOLAOIL,,METHYLATED FATTY ACIDS FROM CANOLA OIL,4025,,,1
METHYLATEDNAPHTHALENE,,METHYLATED NAPHTHALENE,942,,,1
METHYLATEDSILICA,,METHYLATED SILICA,5292,,,1
METHYLATEDSOYBEANOIL,,METHYLATED SOYBEAN OIL,3519,,,1
METHYLBENZETHONIUMCHLORIDE,,METHYL BENZETHONIUM CHLORIDE,2178,,,1
METHYLBROMIDE,METHYL BROMIDE,METHYL BROMIDE,385,Methyl bromide,180.124,3
METHYLBUTYLKETONE,,METHYL BUTYL KETONE,3284,,,1
METHYLCARBOFENTHION,,METHYL-CARBOFENTHION,4057,,,1
METHYLCELLULOSE,,METHYL CELLULOSE,1205,,,1
METHYLCHLORIDE,,METHYL CHLORIDE,2677,,,1
METHYLCIS322DIMETHYLCYCLOPROPANECARBOXYLATE,,"METHYL CIS-3-(2,2-DICHLOROVINYL)-2,2-DIMETHYLCYCLOPROPANECARBOXYLATE",6476,,,1
METHYLDODECYLBENZYLTRIMETHYLAMMONIUMCHLORIDE,,METHYL DODECYL BENZYL TRIMETHYL AMMONIUM CHLORIDE,895,,,1
METHYLDODECYLBENZYLTRIMETHYLAMMONIUMCHLORIDE80ANDMETHYLDODECYLXYLENE,,METHYL DODECYL BENZYL TRIMETHYL AMMONIUM CHLORIDE 80% AND METHYL DODECYL XYLENE ,2678,,,1
METHYLDODECYLTRIMETHYLAMMONIUMCHLORIDE,,METHYL DODECYL TRIMETHYL AMMONIUM CHLORIDE,2679,,,1
METHYLDODECYLXYLENEBIS,,METHYL DODECYL XYLENE BIS (TRIMETHYL AMMONIUM CHLORIDE),896,,,1
METHYLENEBIS,,METHYLENE BIS(THIOCYANATE),1185,,,1
METHYLENEBLUE,,METHYLENE BLUE,387,,,1
METHYLENECHLORIDE,,METHYLENE CHLORIDE,388,,,1
METHYLETHYLKETONE,,METHYL ETHYL KETONE,2680,,,1
METHYLEUGENOL,,METHYL EUGENOL,6009,,,1
METHYLFORMATE,,METHYL FORMATE,391,,,1
METHYLHYDROGENATEDROSINATE,,METHYL HYDROGENATED ROSINATE,3688,,,1
METHYLIODIDE,METHYL IODIDE,METHYL IODIDE,5783,,,2
METHYLISOBUTYLKETONE,,METHYL ISOBUTYL KETONE,1300,,,1
METHYLISOTHIOCYANATE,,METHYL ISOTHIOCYANATE,392,,,1
METHYLJASMONATE,,METHYL JASMONATE,6162,,,1
METHYLMERCAPTAN,,METHYL MERCAPTAN,6492,,,1
METHYLMERCURYDICYANODIAMIDE,,METHYLMERCURY DICYANO DIAMIDE,454,,,1
METHYLMETHACRYLATE,,METHYL METHACRYLATE,2151,,,1
METHYLMETHACRYLATEMETHACRYLICBUTYLACRYLATECOPOLYMER,,"METHYL METHACRYLATE, METHACRYLIC ACID, BUTYL ACRYLATE COPOLYMER",2437,,,1
METHYLNONYLKETONE,,METHYL NONYL KETONE,877,,,1
METHYLNONYLKETONEOTHERRELATED,,"METHYL NONYL KETONE, OTHER RELATED",90877,,,1
METHYLOFCOTTONSEEDOIL,,METHYL ESTERS OF COTTONSEED OIL,3687,,,1
METHYLPALMITATE,,METHYL PALMITATE,3286,,,1
METHYLPARAHYDROXYBENZOATE,,METHYL PARA-HYDROXYBENZOATE,1005,,,1
METHYLPARAOXON,,METHYL PARAOXON,4083,,,1
METHYLPARATHION,METHYL PARATHION,METHYL PARATHION,394,,,2
METHYLPARATHIONOTHERRELATED,,"METHYL PARATHION, OTHER RELATED",90394,,,1
METHYLSALICYLATE,,METHYL SALICYLATE,746,,,1
METHYLSILICONERESINS,,METHYL SILICONE RESINS,3689,,,1
METHYLTHIOACETATE,,METHYL THIOACETATE,2685,,,1
METHYLTRIOCTYLAMMONIUMCHLORIDE,,METHYL TRIOCTYL AMMONIUM CHLORIDE,3291,,,1
METHYLTRITHION,,METHYL TRITHION,3531,,,1
METIRAM,METIRAM,METIRAM,493,Metiram,180.217,3
METOFLUTHRIN,,METOFLUTHRIN,5943,,,1
METOLACHLOR,METOLACHLOR,METOLACHLOR,1996,,,2
METOLACHLORANDSMETOLACHLOR,,,,Metolachlor and S-metolachlor,180.368,1
METOLACHLORETHANESULFONIC,,METOLACHLOR ETHANESULFONIC ACID,5806,,,1
METOLACHLOROXANILIC,,METOLACHLOR OXANILIC ACID,5807,,,1
METOLACHLORS,METOLACHLOR-S,,,,,1
METOMINOSTROBIN,,METOMINOSTROBIN,6284,,,1
METRAFENONE,METRAFENONE,METRAFENONE,5990,Metrafenone,180.624,3
METRIBUZIN,METRIBUZIN,METRIBUZIN,1692,Metribuzin,180.332,3
METRIBUZINDA,,METRIBUZIN-DA,4079,,,1
METRIBUZINDK,,METRIBUZIN DK,6408,,,1
METRONIDAZOLE,,METRONIDAZOLE,2208,,,1
METSULFURON,METSULFURON,,,,,1
METSULFURONMETHYL,,METSULFURON-METHYL,2222,Metsulfuron methyl,180.428,2
MEVINPHOS,MEVINPHOS,MEVINPHOS,480,,,2
MEVINPHOSOTHERRELATED,,"MEVINPHOS, OTHER RELATED",90480,,,1
MEXACARBATE,,MEXACARBATE,623,,,1
MICA,,MICA,3690,,,1
MICROCRYSTALLINECELLULOSE,,MICROCRYSTALLINE CELLULOSE,2686,,,1
MILBEMECTIN,,MILBEMECTIN,5763,,,1
MILK,,MILK,3564,,,1
MILKFATANHYDROUS,,"MILK FAT, ANHYDROUS",6179,,,1
MILLETSEED,,MILLET SEED,3692,,,1
MILORGANITE,,MILORGANITE,3693,,,1
MINERALOIL,,MINERAL OIL,401,,,1
MINERALOILPETROLEUMDISTILLATESSOLVENTREFINEDLIGHT,,"MINERAL OIL, PETROLEUM DISTILLATES, SOLVENT REFINED LIGHT",3846,,,1
MINERALOILPETROLEUMEXTRACTHEAVYPARAFFINICDISTILLATE,,"MINERAL OIL, PETROLEUM EXTRACT, HEAVY PARAFFINIC DISTILLATE",3847,,,1
MINERALSEALOIL,,MINERAL SEAL OIL,2687,,,1
MINERALSPIRITS,,MINERAL SPIRITS,2688,,,1
MIREX,,MIREX,402,,,1
MIXEDALKYLSULFATES,,MIXED ALKYL (C6-C10) SULFATES,3695,,,1
MIXEDVEGETABLEPROTEINHYDROZYLATE,,MIXED VEGETABLE PROTEIN HYDROZYLATE,5800,,,1
MODIFIEDPHTHALICGLYCEROLALKYDRESIN,,MODIFIED PHTHALIC GLYCEROL ALKYD RESIN,1159,,,1
MODIFIEDSEEDOILS,,MODIFIED SEED OILS,6288,,,1
MOLASSES,,MOLASSES,744,,,1
MOLINATE,,MOLINATE,449,,,1
MOLINATESULFOXIDE,,MOLINATE SULFOXIDE,4080,,,1
MOLYBDENUM,,MOLYBDENUM,3903,,,1
MOMFLUOROTHRIN,,MOMFLUOROTHRIN,6208,,,1
MON102100,,MON 102100,6210,,,1
MONOAMMONIUMOFPHOSPHOROUS,,MONOAMMONIUM SALT OF PHOSPHOROUS ACID,5779,,,1
MONOAMMONIUMPHOSPHATE,,MONOAMMONIUM PHOSPHATE,5914,,,1
MONOCROTOPHOS,,MONOCROTOPHOS,52,,,1
MONOETHANOLAMINEDODECYLBENZENESULFONATE,,MONOETHANOLAMINE DODECYL BENZENE SULFONATE,1890,,,1
MONOETHANOLAMINELAURATEMYRISTATEANDRELATEDCOMPOUNDS,,"MONOETHANOLAMINE LAURATE, MYRISTATE, AND RELATED COMPOUNDS",1053,,,1
MONOMETHYLHEXAZINONE,,MONOMETHYL HEXAZINONE,5834,,,1
MONOPOTASSIUMOFPHOSPHOROUS,,MONOPOTASSIUM SALT OF PHOSPHOROUS ACID,5777,,,1
MONOSODIUMGLUTAMATE,,MONOSODIUM GLUTAMATE,2691,,,1
MONOSODIUMOFPHOSPHOROUS,,MONOSODIUM SALT OF PHOSPHOROUS ACID,5775,,,1
MONOTETRAPENTASTRIAZINE,,MONO (TRICHLORO) TETRA (MONOPOTASSIUM DICHLORO) PENTA-S-TRIAZINE,856,,,1
MONTMORILLONITETYPECLAY,,MONTMORILLONITE TYPE CLAY,5147,,,1
MONTOKPEPPER,,MONTOK PEPPER,5012,,,1
MONURON,,MONURON,408,,,1
MONURONTCA,,MONURON-TCA,409,,,1
MORIN,,MORIN,3292,,,1
MORPHOLINE,,MORPHOLINE,1936,,,1
MORPHOLINEDODECYLBENZENESULFONATE,,MORPHOLINE DODECYL BENZENE SULFONATE,3294,,,1
MORPHOLINEOFABEITICANDOLEICACIDS,,MORPHOLINE ESTER OF ABEITIC AND OLEIC ACIDS,1263,,,1
MORPHOLINEPOLYETHOXYETHANOL,,MORPHOLINE POLY ETHOXY ETHANOL,1842,,,1
MORWETEFW,,MORWET EFW,2693,,,1
MORWETIP,,MORWET IP,2694,,,1
MPMT,,MPMT,2695,,,1
MSMA,MSMA,MSMA,34,,,2
MTP,,MTP,4081,,,1
MUSCALURE,,MUSCALURE,1858,,,1
MUSCODORALBUSSTRAINQST20799,,MUSCODOR ALBUS STRAIN QST 20799,5871,,,1
MUSCODORALBUSSTRAINSA13,,MUSCODOR ALBUS STRAIN SA13,6295,,,1
MYCLOBUTANIL,MYCLOBUTANIL,MYCLOBUTANIL,2245,Myclobutanil,180.443,3
MYRCENE,,MYRCENE,2189,,,1
MYRISTYLALCOHOL,,MYRISTYL ALCOHOL,2344,,,1
MYRISTYLDIMETHYLAMMONIUMCHLORIDE,,MYRISTYL DIMETHYL AMMONIUM CHLORIDE,1276,,,1
MYROTHECIUMVERRUCARIA,MYROTHECIUM VERRUCARIA,,,,,1
MYROTHECIUMVERRUCARIADRIEDFERMENTATIONSOLIDSSOLUBLESSTRAINAARC0255,,"MYROTHECIUM VERRUCARIA, DRIED FERMENTATION SOLIDS & SOLUBLES, STRAIN AARC-0255",3966,,,1
N1NAPHTHYLPHTHALAMIC,,,,N-1-Naphthyl phthalamic acid,180.297,1
N2FLUORENYLACETAMIDE,,N-2-FLUORENYL ACETAMIDE,3207,,,1
N2HYDROXYETHYLIMINODIACETATE,,N-2-HYDROXYETHYL IMINODIACETATE,956,,,1
N5134THIADIAZOL2YLNMETHYLUREA,,"N-[5-(1,1-DIMETHYLETHYL)-1,3,4-THIADIAZOL-2-YL]-N-METHYLUREA",5993,,,1
N5134THIADIAZOL2YLUREA,,"N-[5-(1,1-DIMETHYLETHYL)-1,3,4-THIADIAZOL-2-YL-UREA",5995,,,1
N6BENZYLADENINE,,N6-BENZYL ADENINE,2000,,,1
N99HPURIN6AMINE,,N-(PHENYLMETHYL)-9-(TETRAHYDRO-2H-PYRAN-2-YL)-9H-PURIN-6-AMINE,2153,,,1
NAA,,"NAA|NAA, AMMONIUM SALT|NAA, POTASSIUM SALT|NAA, SODIUM SALT",1344|423|761|861,,,1
NAAETHYL,,"NAA, ETHYL ESTER",749,,,1
NABAM,,NABAM,417,,,1
NACETYLTHIAZOLIDINE4CARBOXYLIC,,N-ACETYL THIAZOLIDINE-4-CARBOXYLIC ACID,6351,,,1
NACYLSARCOSINESANDSODIUMNACYLSARCOSINATES,,,,N-acyl sarcosines and sodium N-acyl sarcosinates,180.1207,1
NALED,NALED,NALED,418,Naled,180.215,3
NALKYL13PROPYLENEDIAMINEMONOBENZOATEALKYLDERIVEDFROMCOCONUTOILFATTYACIDS,,"N-ALKYL-1,3-PROPYLENE DIAMINE MONOBENZOATE, ALKYL DERIVED FROM COCONUT OIL FATTY ACIDS",1735,,,1
NALKYLDIPROPOXYAMINE,,"N-ALKYL (47%C12, 18%C14, 10%C18, 9%C10, 8%C8, 8%C16) DIPROPOXY AMINE",1750,,,1
NALKYLNETHYLMORPHOLINIUMETHYLSULFATE,,"N-ALKYL (92%C18, 8%C16)-N-ETHYLMORPHOLINIUM ETHYL SULFATE",986,,,1
NALKYLNMETHYLMORPHOLINIUMSULFATE,,N-ALKYL (SOYA)-N-METHYLMORPHOLINIUM SULFATE,3020,,,1
NAPHTHAHEAVYAROMATIC,,"NAPHTHA, HEAVY AROMATIC",1717,,,1
NAPHTHALENE,,NAPHTHALENE,421,,,1
NAPHTHALENEOTHERRELATED,,"NAPHTHALENE, OTHER RELATED",90421,,,1
NAPHTHALENESULFONICFORMALDEHYDECONDENSATE,,"NAPHTHALENESULFONIC ACID, FORMALDEHYDE CONDENSATE, SODIUM SALT",2692,,,1
NAPHTHALENESULFONICPARAMETALDEHYDECONDENSATE,,"NAPHTHALENE SULFONIC ACID/PARAMETALDEHYDE CONDENSATE, AMMONIUM SALT",3295,,,1
NAPHTHENICLEAD,,"NAPHTHENIC ACID, LEAD SALT",3296,,,1
NAPHTHENICSOAP,,NAPHTHENIC SOAP,1806,,,1
NAPHTHYLACETAMIDE,NAPHTHYLACETAMIDE,,,,,1
NAPHTHYLACETIC,NAPHTHYLACETIC ACID,,,,,1
NAPHTHYLTRIAZOLESTILBENEMONOSULFONATE,,NAPHTHYL TRIAZOLE STILBENE MONOSULFONATE,2698,,,1
NAPROPAMIDE,NAPROPAMIDE,NAPROPAMIDE,1728,Napropamide,180.328,3
NAPTALAM,NAPTALAM,"NAPTALAM|NAPTALAM, SODIUM SALT",2998|437,,,2
NATAMYCIN,,NATAMYCIN,6090,,,1
NBENZYLETHYLENEDIAMINE,,"N-(ALPHA-(1-NITROETHYL)BENZYL)ETHYLENEDIAMINE, POTASSIUM SALT",2030,,,1
NBPT,,NBPT,6274,,,1
NBUTYL12BENZISOTHIAZOLIN3ONE,,"N-BUTYL-1,2-BENZISOTHIAZOLIN-3-ONE",5874,,,1
NBUTYLACETATE,,N-BUTYL ACETATE,2434,,,1
NBUTYLAMINOPARABENZOATE,,N-BUTYLAMINO-PARA-BENZOATE,1407,,,1
NCETYLNETHYLMORPHOLINIUMETHYLSULFATE,,N-CETYL-N-ETHYL MORPHOLINIUM ETHYL SULFATE,1792,,,1
NCYCLOHEXYLPYRROLIDONE,,N-CYCLOHEXYL PYRROLIDONE,2486,,,1
NCYCLOPROPYLN6135TRIAZINE24DIAMINE,,"N-CYCLOPROPYL-N'-(1,1-DIMETHYLETHYL)-6-(METHYLTHIO)-1,3,5-TRIAZINE-2,4-DIAMINE",4033,,,1
NDECANAMIDE,,N-(2-HYDROXY PROPYL) DECANAMIDE,3236,,,1
NDECYLGLUCOSIDE,,N-DECYL GLUCOSIDE,3635,,,1
NDEMETHYLSPINOSYND,,N-DEMETHYLSPINOSYN D,6363,,,1
NDEMETHYLXDE175J,,N-DEMETHYL-XDE-175-J,6361,,,1
NDEMETHYLXDE175L,,N-DEMETHYL-XDE-175-L,6362,,,1
NDIALKYLDIMETHYLAMMONIUMCHLORIDE,,"N-DIALKYL (47%C12, 18%C14, 10%C18, 9%C10, 8%C16, 8%C8) DIMETHYL AMMONIUM CHLORIDE",2230,,,1
NDIALKYLMETHYLBENZYLAMMONIUMCHLORIDE,,"N-DIALKYL (60%C14, 30%C16, 5%C12, 5%C18) METHYL BENZYL AMMONIUM CHLORIDE",2070,,,1
NDODECYLSARCOSINE,,"N-DODECYL SARCOSINE, SODIUM SALT",3183,,,1
NEBURON,,NEBURON,424,,,1
NEEMOIL,NEEM OIL,,,,,1
NEODECANOIC,,NEO-DECANOIC ACID,2699,,,1
NEOMYCINSULFATE,,NEOMYCIN SULFATE,1183,,,1
NEROLIDOL,,NEROLIDOL,2268,,,1
NETHYLENEDIAMINETRIACETIC,,"N-(2-HYDROXYETHYL) ETHYLENE DIAMINE TRIACETIC ACID, COPPER SALT",1130,,,1
NETHYLENEDIAMINETRIACETICTRISODIUM,,"N-(2-HYDROXYETHYL)ETHYLENEDIAMINETRIACETIC ACID, TRISODIUM SALT",911,,,1
NEUESSENCEPOWDER411669,,NEUESSENCE POWDER 411669,3003,,,1
NHEXANE,,N-HEXANE,3227,,,1
NICARBAZIN,,NICARBAZIN,5944,,,1
NICKEL,,NICKEL,762,,,1
NICKELDIETHYLHEXYLPHOSPHATECOMPLEX,,NICKEL DIETHYL HEXYL ACID PHOSPHATE COMPLEX,3696,,,1
NICLOSAMIDE,,NICLOSAMIDE,2472,,,1
NICOSULFURON,NICOSULFURON,NICOSULFURON,3829,Nicosulfuron,180.454,3
NICOTINE,,NICOTINE,75,,,1
NICOTINESULFATE,,NICOTINE SULFATE,430,,,1
NINGNANMYCIN,,NINGNANMYCIN,6467,,,1
NISONONYLNNDIMETHYLDECANAMINIUMCHLORIDE,,"N-ISONONYL-N,N-DIMETHYL DECANAMINIUM CHLORIDE",5070,,,1
NITHIAZINE,,NITHIAZINE,5129,,,1
NITRALIN,,NITRALIN,490,,,1
NITRAPYRIN,,NITRAPYRIN,439,Nitrapyrin,180.35,2
NITRAPYRINOTHERRELATED,,"NITRAPYRIN, OTHER RELATED",90439,,,1
NITRIC,,NITRIC ACID,2703,,,1
NITRILERUBBER,,NITRILE RUBBER,2704,,,1
NITROETHANE,,NITRO ETHANE,3298,,,1
NITROFEN,,NITROFEN,592,,,1
NITROGENDIOXIDE,,NITROGEN DIOXIDE,6124,,,1
NITROGENLIQUEFIED,,"NITROGEN, LIQUEFIED",2267,,,1
NITROGENTRICHLORIDE,,NITROGEN TRICHLORIDE,2705,,,1
NITROMETHANE,,NITROMETHANE,3299,,,1
NITROUSOXIDE,,NITROUS OXIDE,3302,,,1
NLAURYLCAPROLACTAM,,N-LAURYL CAPROLACTAM,2255,,,1
NMALEIMIDE,,N-(2-METHYL-1-NAPHTHYL) MALEIMIDE,2169,,,1
NMETHYL2PYRROLIDONE,,N-METHYL-2-PYRROLIDONE,2684,,,1
NMETHYLANTHRANILICMETHYL,,"N-METHYL ANTHRANILIC ACID, METHYL ESTER",2676,,,1
NMETHYLNOLEOYLTAURINE,,"N-METHYL-N-OLEOYLTAURINE, SODIUM SALT",2683,,,1
NMETHYLTAURINE,,N-METHYL TAURINE,3288,,,1
NNALKYL13DIAMINOPROPANE,,"N-(2-CYANOETHYL)-N-ALKYL (C6-C18)-1,3-DIAMINO PROPANE",1957,,,1
NNBISALKYLAMINE,,"N,N-BIS (2-HYDROXYETHYL) ALKYL (C6-C18) AMINE|N,N-BIS-(2-HYDROXYETHYL) ALKYL AMINE",2423|2424,,,1
NNBISCIS9OCTADECENAMIDE,,"N,N-BIS-(2-HYDROXY ETHYL)-CIS-9-OCTADECENAMIDE",3067,,,1
NNBISETHYLALKYLAMINE,,"N,N-BIS-(2-OMEGA-HYDROXYPOLY(OXYETHYLENE)ETHYL)ALKYL (C14-C18) AMINE",5897,,,1
NNBISETHYLALKYLAMINEALKYLDERIVEDFROMCOCONUTOILFATTYACIDS,,"N,N-BIS-(2-(OMEGA-HYDROXYPOLY(OXYETHYLENE) ETHYL) ALKYLAMINE, ALKYL DERIVED FROM COCONUT OIL FATTY ACIDS",1986,,,1
NNBISETHYLALKYLAMINEALKYLDERIVEDFROMTALLOWFATTYACIDS,,"N,N-BIS-(2-OMEGA-HYDROXYPOLY(OXYETHYLENE)ETHYL)ALKYLAMINE, ALKYL DERIVED FROM TALLOW FATTY ACIDS",2807,,,1
NNBISLAURYLAMINE,,"N,N-BIS(3-AMINOPROPYL)LAURYLAMINE",6115,,,1
NNBISOCTANAMIDE,,"N,N-BIS (2-HYDROXY ETHYL) OCTANAMIDE",3068,,,1
NNBISPOLYETHYLALKYLAMINE,,"N,N-BIS-(2-(OMEGA-HYDROXYPOLY(OXYETHYLENE)/POLY(OXYPROPYLENE))ETHYL)ALKYL (C8-C18) AMINE",3976,,,1
NNBISPROPIONYLHYDRAZINE,,"N,N'-BIS (3', 5'-DI-TERT-BUTYL-4-HYDROXYPHENYL)PROPIONYL) HYDRAZINE",2422,,,1
NNDIALKYLAMINEALKYLDERIVEDFROMSOYBEANFATTYACIDS,,"N,N-DI (HYDROXY ETHYL) ALKYL AMINE, ALKYL DERIVED FROM SOYBEAN FATTY ACIDS",1951,,,1
NNDIETHYL2ETHYLAMINEHYDROCHLORIDE,,"N,N-DIETHYL-2-(4-METHYL BENZYL OXY) ETHYLAMINE HYDROCHLORIDE",5637,,,1
NNDIETHYLCYCLOHEXYLAMINEDODECYLSULFATE,,"N,N-DIETHYL CYCLOHEXYL AMINE DODECYL SULFATE",3147,,,1
NNDIMETHYL13PROPANEDIAMINEDODECYLBENZENESULFONATE,,"N,N-DIMETHYL-1,3-PROPANE DIAMINE DODECYL BENZENE SULFONATE",3168,,,1
NNDIMETHYL1OCTANEDECANAMIDE,,"N,N-DIMETHYL-1-OCTANE DECANAMIDE",2521,,,1
NNDIMETHYL9DECENAMIDE,,"N,N-DIMETHYL-9-DECENAMIDE",6320,,,1
NNDIMETHYLDECAN1AMIDE,,"N,N-DIMETHYLDECAN-1-AMIDE",6459,,,1
NNDIMETHYLDODECANAMIDE,,"N,N-DIMETHYLDODECANAMIDE",6462,,,1
NNDIMETHYLFORMAMIDE,,"N,N-DIMETHYLFORMAMIDE",1825,,,1
NNDIMETHYLN3PROPYL1TETRADECANAMINIUMCHLORIDE,,"N,N-DIMETHYL-N-[3-(TRIMETHOXYSILYL)PROPYL]-1-TETRADECANAMINIUM CHLORIDE",6006,,,1
NNDIMETHYLOCTANAMIDE,,"N,N-DIMETHYLOCTANAMIDE",6461,,,1
NNDIMETHYLOLEYLLINOLEYLAMINEOFBENZOIC,,"N,N-DIMETHYL OLEYL-LINOLEYLAMINE SALT OF BENZOIC ACID",3167,,,1
NNDITALLOWNMETHYLNPOLYETHOXYAMIDOAMMONIUMMETHOSULFATE,,"N,N'-DITALLOW-N''-METHYL-N'''-POLYETHOXYAMIDO AMMONIUM  METHOSULFATE SALT",3178,,,1
NNDODECYLNNDIMETHYLAMMONIUMCHLORIDE,,"N-(3,4-DICHLOROBENZYL)-N-DODECYL-N,N-DIMETHYL AMMONIUM CHLORIDE",1129,,,1
NNETHYLENEBIS,,"N,N-ETHYLENEBIS (12-HYDROXY OCTADECAMIDE)",3199,,,1
NNGLYCINE,,"N-(2-COCO AMIDO ETHYL)-N-(2-HYDROXY ETHYL) GLYCINE, SODIUM SALT",3111,,,1
NNMETHYLENEBISMORPHOLINE,,"N,N-METHYLENEBISMORPHOLINE",6034,,,1
NNMETHYLUREA,,"N(4-CHLOROPHENYL)N' METHYLUREA|N-(3,4-DICHLOROPHENYL)-N'-METHYLUREA",6086|6481,,,1
NNN1N1TETRAKISETHYLENEDIAMINE,,"N,N,N1,N1-TETRAKIS (2-HYDROXYPROPYL) ETHYLENE DIAMINE",3819,,,1
NNNDIMETHYLNBENZYLAMMONIUMCHLORIDE,,"N-(ALKYL (67%C12, 27%C14, 6%C16) N,N-DIMETHYL-N-BENZYL AMMONIUM CHLORIDE",5992,,,1
NOA,,"NOA|NOA, SODIUM SALT",432|768,,,1
NOCTADECENYL13PROPANEDIAMINEMONOGLUCONATE,,"N-OCTADECENYL-1,3-PROPANE DIAMINE MONOGLUCONATE",1777,,,1
NOCTANAMIDE,,N-(2-HYDROXY PROPYL) OCTANAMIDE,3238,,,1
NOCTYLBICYCLOHEPTENEDICARBOXIMIDE,,N-OCTYL BICYCLOHEPTENE DICARBOXIMIDE,396,,,1
NOCTYLGLUCOSIDE,,N-OCTYL GLUCOSIDE,3706,,,1
NOLEYL13PROPYLENEDIAMINE,,"N-OLEYL-1,3-PROPYLENE DIAMINE",3314,,,1
NONACHLOR,,NONACHLOR,5448,,,1
NONANOIC,,NONANOIC ACID,2739,,,1
NONANOICOTHERRELATED,,"NONANOIC ACID, OTHER RELATED",92739,,,1
NONFOODDETERMINATIONS,,,,Non-food determinations.,180.202,1
NONYLPHENOL,,NONYL PHENOL,3304,,,1
NONYLPHENOLPOLYOXETHYYLENEPOLYOXYPROPYLENEBLOCKCOPOLYMER,,NONYLPHENOL POLYOXETHYYLENE POLYOXYPROPYLENE BLOCK COPOLYMER,2709,,,1
NONYLPHENOXYPOLYAMINESULFONATEETHANOLIODINECOMPLEX,,NONYL PHENOXY POLY (OXYETHYLENE) AMINE SULFONATE ETHANOL - IODINE COMPLEX,1610,,,1
NONYLPHENOXYPOLYOXYETHYLENEETHANOLIODINECOMPLEX,,NONYL PHENOXY POLYOXYETHYLENE ETHANOL-IODINE COMPLEX,870,,,1
NONYLPHENYLPOLYETHYLENESULFATE,,NONYL PHENYL POLY ETHYLENE SULFATE,3699,,,1
NONYLPHENYLPOLYOXYETHYLENEISOPROPYLAMINE,,NONYL PHENYL POLY OXYETHYLENE ISOPROPYLAMINE,3700,,,1
NONYLPHENYLPOLYOXYETHYLENESULFOSUCCINATE,,NONYL PHENYL POLY OXYETHYLENE SULFO SUCCINATE,3701,,,1
NORBORMIDE,,NORBORMIDE,2711,,,1
NOREA,,NOREA,435,,,1
NOREAOTHERRELATED,,"NOREA, OTHER RELATED",90435,,,1
NORFLURAZON,NORFLURAZON,NORFLURAZON,2019,Norflurazon,180.356,3
NOSEMALOCUSTAECANN,NOSEMA LOCUSTAE CANN,,,,,1
NOSEMALOCUSTAESPORES,,NOSEMA LOCUSTAE SPORES,2137,,,1
NOURYDRYCOBALT12,,NOURY DRY COBALT 12%,2712,,,1
NOVALURON,NOVALURON,NOVALURON,5754,Novaluron,180.598,3
NOVIFLUMURON,,NOVIFLUMURON,5816,,,1
NPOLYETHYLENEPOLYAMINENOLEYLAMINEHYDROCHLORIDE,,N-POLYETHYLENE POLYAMINE (18-MOLE)-N-OLEYLAMINE HYDROCHLORIDE,2032,,,1
NPOLYOXYETHYLATEDNOCTADECYLAMINE,,N-POLYOXYETHYLATED-N-OCTADECYLAMINE,2021,,,1
NPROPOXYPROPANOL,,N-PROPOXY PROPANOL,2837,,,1
NPROPYLALCOHOL,,N-PROPYL ALCOHOL,1603,,,1
NPROPYLISOME,,N-PROPYL ISOME,438,,,1
NSULFANILAMIDE,,N-(4-METHYL-2-PYRIMIDINYL) SULFANILAMIDE,1181,,,1
NTDF,,N-TDF,2713,,,1
NTRIMETHYLENEDIAMINE,,N-(COCO ALKYL)TRIMETHYLENEDIAMINE,6497,,,1
NUODEXNAPHTHENATECOBALT6CATALYST,,NUODEX NAPHTHENATE COBALT 6% CATALYST,2714,,,1
NUOSTABEV1913,,NUOSTABE V-1913,2715,,,1
NURANONE,,NURANONE,6023,,,1
NUTRIAMEAT,,NUTRIA MEAT,3702,,,1
NUXTRACALCIUM6CATALYST,,NUXTRA CALCIUM 6% CATALYST,2716,,,1
NUXTRACALCIUM8CATALYST,,NUXTRA CALCIUM 8% CATALYST,2717,,,1
NUXTRAMANGANESE12CATALYST,,NUXTRA MANGANESE 12% CATALYST,2719,,,1
NUXTRAMANGANESE9CATALYST,,NUXTRA MANGANESE 9% CATALYST,2718,,,1
NYLON,,NYLON,3703,,,1
O96HYDROXY3ISOXANTHENONEBENZOIC,,O-(6-HYDROXY-3-OXO-3H-XANTHEN-9-YL)-9-(O-CARBOXYPHENYL)-6-HYDROXY-3-ISOXANTHENONE BENZOIC ACID,2612,,,1
OATMEAL,,OATMEAL,3704,,,1
OATS,,OATS,3705,,,1
OCEANICCLAY,,OCEANIC CLAY,5773,,,1
OCHRATOXINA,,OCHRATOXIN A,2720,,,1
OCRESOL,,O-CRESOL,3113,,,1
OCTADECANOIC12HYDROXYHOMOPOLYMERWITHALPHAALPHAALPHA123PROPANETRIYLTRISOMEGAHYDROXYPOLY,,"OCTADECANOIC ACID, 12-HYDROXY-, HOMOPOLYMER, ESTER WITH ALPHA,ALPHA',ALPHA''-1,2,3-PROPANETRIYLTRIS[OMEGA-HYDROXYPOLY(OXY-1,2-ETHANEDIYL)] (3:1)",6329,,,1
OCTANOL,,OCTANOL,5920,,,1
OCTHILINONE,,OCTHILINONE,1881,,,1
OCTYLAMMONIUMMETHANEARSONATE,,OCTYLAMMONIUM METHANEARSONATE,27,,,1
OCTYLDECYLDIMETHYLAMMONIUMCHLORIDE,,OCTYL DECYL DIMETHYL AMMONIUM CHLORIDE,1709,,,1
OCTYLDIMETHYLPAMINOBENZOIC,,OCTYL DIMETHYL P-AMINOBENZOIC ACID,2721,,,1
OCTYLDODECYLDIMETHYLAMMONIUMCHLORIDE,,OCTYL DODECYL DIMETHYL AMMONIUM CHLORIDE,1947,,,1
OCTYLEPOXYTALLATE,,OCTYL EPOXYTALLATE,2722,,,1
OCTYLPHENOXYPOLYETHOXYETHANOLIODINECOMPLEX,,OCTYLPHENOXY POLYETHOXY ETHANOL - IODINE COMPLEX,2172,,,1
OETHYLOMETHYLSPROPYLPHOSPHOROTHIOATE,,O-ETHYL O-METHYL S-PROPYL PHOSPHOROTHIOATE,6409|6483,,,1
OETHYLSMETHYLSPROPYLPHOSPHORODITHIOATE,,O-ETHYL S-METHYL S-PROPYL PHOSPHORODITHIOATE,6410,,,1
OETHYLSPROPYLPHOSPHOROTHIOATE,,O-ETHYL S-PROPYL PHOSPHOROTHIOATE,6411,,,1
OFACIFLUORFEN,,,,Sodium salt of acifluorfen,180.383,1
OFAMINELAURYLSULFATE,,SODIUM SALT OF AMINE LAURYL SULFATE,3436,,,1
OFCRESOLSULFONICCONDENSEDWITHUREA,,SODIUM SALT OF CRESOL SULFONIC ACID CONDENSED WITH UREA,3800,,,1
OFHOPBETAACIDS,,POTASSIUM SALT OF HOP BETA ACIDS,6071,,,1
OFNCOCOBETAAMINEBUTYRIC,,SODIUM SALT OF N-COCO BETA AMINE BUTYRIC ACID,3801,,,1
OFOLEICAMIDEOFPROTEINHYDROLYSATE,,SODIUM SALT OF OLEIC ACID AMIDE OF PROTEIN HYDROLYSATE,3437,,,1
OFROSIN,,SODIUM SALT OF ROSIN,3438,,,1
OFSULFONATEDBUTYLOLEATE,,SODIUM SALT OF SULFONATED BUTYL OLEATE,3439,,,1
OIET,,OIET,6087,,,1
OILOFANISE,,OIL OF ANISE,1051,,,1
OILOFBAY,,OIL OF BAY,2072,,,1
OILOFBERGAMOT,,OIL OF BERGAMOT,1517,,,1
OILOFBLACKPEPPER,,OIL OF BLACK PEPPER,5847,,,1
OILOFCAMPHORSASSAFRASSY,,OIL OF CAMPHOR SASSAFRASSY,897,,,1
OILOFCEDARWOOD,,OIL OF CEDARWOOD,1011,,,1
OILOFCHENOPODIUM,,OIL OF CHENOPODIUM,1524,,,1
OILOFCITRONELLA,,OIL OF CITRONELLA,143,,,1
OILOFCITRUS,,OIL OF CITRUS,1931,,,1
OILOFGERANIUM,,OIL OF GERANIUM,1887,,,1
OILOFHARDWOOD,,OIL OF HARDWOOD,1639,,,1
OILOFJASMINE,,OIL OF JASMINE,5063,,,1
OILOFJOJOBA,,OIL OF JOJOBA,3833,,,1
OILOFLAVENDER,,OIL OF LAVENDER,1888,,,1
OILOFLEMON,,OIL OF LEMON,440,,,1
OILOFLEMONEUCALYPTUS,,OIL OF LEMON EUCALYPTUS,5782,,,1
OILOFLEMONGRASS,,OIL OF LEMONGRASS,1136,,,1
OILOFLINSEED,,OIL OF LINSEED,2248,,,1
OILOFMINK,,OIL OF MINK,1961,,,1
OILOFMUSTARD,,OIL OF MUSTARD,1153,,,1
OILOFNEPETACATARIA,,OIL OF NEPETA CATARIA,6331,,,1
OILOFORANGE,,OIL OF ORANGE,441,,,1
OILOFPENNYROYAL,,OIL OF PENNYROYAL,1325,,,1
OILOFPEPPERMINT,,OIL OF PEPPERMINT,2058,,,1
OILOFPINETAR,,OIL OF PINE TAR,2246,,,1
OILOFRUE,,OIL OF RUE,2206,,,1
OILOFSPEARMINT,,OIL OF SPEARMINT,1508,,,1
OLEIC,,"OLEIC ACID|OLEIC ACID, POTASSIUM SALT|OLEIC ACID, SODIUM SALT",1156|1817|865,,,1
OLEICANDLINOLEICMIXEDPOTASSIUM,,"OLEIC AND LINOLEIC ACID, MIXED POTASSIUM SALTS",1807,,,1
OLEICDIETHANOLAMIDE,,OLEIC DIETHANOLAMIDE,2723,,,1
OLEICETHYL,,"OLEIC ACID, ETHYL ESTER",3933,,,1
OLEICGLYCERYL,,"OLEIC ACID, GLYCERYL ESTER",3311,,,1
OLEICLINOLEICANDRESINACIDSSODIUM,,"OLEIC, LINOLEIC AND RESIN ACIDS, SODIUM SALTS",1273,,,1
OLEICMETHYL,,"OLEIC ACID, METHYL ESTER",2266,,,1
OLEICOFTETRAETHYLENEDIAMINE,,OLEIC ACID ESTER OF TETRA (HYDROXY ETHYL) ETHYLENE DIAMINE,3310,,,1
OLEYLALCOHOL,,OLEYL ALCOHOL,3313,,,1
OLIGONUCLEOTIDESTARGETINGVARROADESTRUCTOR,,OLIGONUCLEOTIDES TARGETING VARROA DESTRUCTOR,6275,,,1
OLIGOSACCHARINS,,OLIGOSACCHARINS,6244,,,1
OLIVEOIL,,OLIVE OIL,3710,,,1
OMETHOATE,,OMETHOATE,2285,,,1
OMPA,,OMPA,446,,,1
OMPAOTHERRELATED,,"OMPA, OTHER RELATED",90446,,,1
ONIONS,,ONIONS,3711,,,1
OODIETHYLOPHENYLPHOSPHOROTHIOATE,,"O,O-DIETHYL-O-PHENYL PHOSPHOROTHIOATE",2507,,,1
OODIETHYLPHOSPHOROCHLORIDOTHIONATE,,"O,O-DIETHYL PHOSPHORO CHLORIDOTHIONATE",2508,,,1
OODIMETHYLOPHOSPHOROTHIOATE,,"O,O-DIMETHYL O-(4-NITRO-M-TOLYL) PHOSPHOROTHIOATE",2520,,,1
OPHENYLPHENOLANDITS,,,,o-Phenylphenol and its sodium salt,180.129,1
ORANGEPULP,,ORANGE PULP,3712,,,1
ORCHEX796OIL,,ORCHEX 796 OIL,5179,,,1
OREGANOOIL,,OREGANO OIL,6256,,,1
ORGANOMODIFIEDPOLYSILOXANE,,ORGANO/MODIFIED POLYSILOXANE,3997,,,1
ORGANOSILICONEPOLYOXYALKYLENEETHERCOPOLYMER,,"ORGANOSILICONE, POLY OXYALKYLENE ETHER COPOLYMER",5231,,,1
ORIENTALMUSTARDSEED,,ORIENTAL MUSTARD SEED (BRASSICA JUNCEA),6107,,,1
ORTHOBENZYLPARACHLOROPHENOL,,"ORTHO-BENZYL-PARA-CHLOROPHENOL|ORTHO-BENZYL-PARA-CHLOROPHENOL, POTASSIUM SALT|ORTHO-BENZYL-PARA-CHLOROPHENOL, SODIUM SALT",522|936|937,,,1
ORTHODICHLOROBENZENE,,ORTHO-DICHLOROBENZENE,578,,,1
ORTHODICHLOROBENZENEOTHERRELATED,,"ORTHO-DICHLOROBENZENE, OTHER RELATED",90683,,,1
ORTHOFORMICTRIETHYL,,"ORTHO-FORMIC ACID, TRIETHYL ESTER",3894,,,1
ORTHOPHENYLPHENOL,,"ORTHO-PHENYLPHENOL|ORTHO-PHENYLPHENOL, AMMONIUM SALT|ORTHO-PHENYLPHENOL, POTASSIUM SALT|ORTHO-PHENYLPHENOL, SODIUM SALT",248|448|890|935,,,1
ORTHOSULFAMURON,ORTHOSULFAMURON,ORTHOSULFAMURON,5904,Orthosulfamuron,180.625,3
ORVUSESPASTECONCENTRATE,,ORVUS ES PASTE CONCENTRATE,2726,,,1
ORYZALIN,ORYZALIN,ORYZALIN,1868,Oryzalin,180.304,3
OTOLYLBIGUANIDE,,O-TOLYL BIGUANIDE,3478,,,1
OVEX,,OVEX,452,,,1
OXADIAZON,OXADIAZON,OXADIAZON,2017,,,2
OXADIXYL,,OXADIXYL,3539,,,1
OXALIC,,OXALIC ACID,899,,,1
OXAMYL,OXAMYL,OXAMYL,1910,Oxamyl,180.303,3
OXAMYLOXIME,,OXAMYL OXIME,6412|6472,,,1
OXANILIC,,"OXANILIC ACID, SODIUM SALT",2727,,,1
OXATHIAPIPROLIN,,OXATHIAPIPROLIN,6145,Oxathiapiprolin,180.685,2
OXAZICLOMEFONE,,OXAZICLOMEFONE,6266,,,1
OXAZOLIDINEE,,OXAZOLIDINE E,3951,,,1
OXAZOLYL1METHYLETHOXYMETHOXYMETHANOL,,(((2-DIHYDRO-5-METHYL-3(2H)-OXAZOLYL)-1-METHYLETHOXY)METHOXY)METHANOL,2510,,,1
OXAZOLYL1METHYLETHOXYMETHOXYMETHOXYMETHANOL,,([([(2-DIHYDRO-5-METHYL-3(2H)-OXAZOLYL)-1-METHYLETHOXY]METHOXY)METHOXY]METHANOL,2302,,,1
OXIRANE2METHYLPOLYMERWITHOXIRANEMONOETHER,,"OXIRANE, 2-METHYL-, POLYMER WITH OXIRANE, MONO(2-ETHYLEHEXYL) ETHER",6336,,,1
OXYCARBOXIN,,OXYCARBOXIN,1434,,,1
OXYCHLORDANE,,OXYCHLORDANE,6298,,,1
OXYDEMETONMETHYL,OXYDEMETON-METHYL,OXYDEMETON-METHYL,382,,,2
OXYDIETHYLENEBISALKYLDERIVEDFROMCOCONUTOILFATTYACIDS,,"OXYDIETHYLENE BIS (ALKYL DIMETHYL AMMONIUM CHLORIDE), ALKYL DERIVED FROM COCONUT OIL FATTY ACIDS",1362,,,1
OXYDISULFOTON,,OXYDISULFOTON,6413,,,1
OXYETHYLATEDAMINE,,OXYETHYLATED-AMINE,2729,,,1
OXYETHYLENEMETHYLSILOXANE,,OXYETHYLENE METHYL SILOXANE,2730,,,1
OXYFLUORFEN,OXYFLUORFEN,OXYFLUORFEN,1973,Oxyfluorfen,180.381,3
OXYGENATEDSOLVENTS,,OXYGENATED SOLVENTS,1767,,,1
OXYMATRINE,,OXYMATRINE,6213,,,1
OXYPURINOL,,OXYPURINOL,5455,,,1
OXYTETRACYCLINE,OXYTETRACYCLINE,,,Oxytetracycline,180.337,2
OXYTETRACYCLINECALCIUMCOMPLEX,,"OXYTETRACYCLINE, CALCIUM COMPLEX",3832,,,1
OXYTETRACYCLINEHYDROCHLORIDE,,OXYTETRACYCLINE HYDROCHLORIDE,1798,,,1
OXYTETRACYCLINEHYDROCHLORIDEOTHERRELATED,,"OXYTETRACYCLINE HYDROCHLORIDE, OTHER RELATED",91798,,,1
OXYTHIOQUINOX,,OXYTHIOQUINOX,410,,,1
OYSTERSHELLS,,OYSTER SHELLS,3714,,,1
PACLOBUTRAZOL,PACLOBUTRAZOL,PACLOBUTRAZOL,2259,,,2
PAECILOMYCESFUMOSOROSEUSAPOPKASTRAIN97,,PAECILOMYCES FUMOSOROSEUS APOPKA STRAIN 97,3964,,,1
PAENIBACILLUSAZOTOFIXANS,,PAENIBACILLUS AZOTOFIXANS,6346,,,1
PAENIBACILLUSPOLYMYXASPP,,PAENIBACILLUS POLYMYXA SPP.,6334,,,1
PAENIBACILLUSSPPMS2379,,PAENIBACILLUS SPP. MS2379,6319,,,1
PAINT,,PAINT,3715,,,1
PALMITAMINEOXIDE,,PALMITAMINE OXIDE,3716,,,1
PALMITIC,,PALMITIC ACID,3315,,,1
PALMOIL,,PALM OIL,2731,,,1
PAMINOBENZOIC,,P-AMINO BENZOIC ACID,3035,,,1
PANASOLAN2,,PANASOL AN-2,2733,,,1
PANASOLAN3,,PANASOL AN-3,2732,,,1
PANTOEAAGGLOMERANSSTRAINE325NRRLB21856,,"PANTOEA AGGLOMERANS STRAIN E325, NRRL B-21856",5945,,,1
PAPAIN,,PAPAIN,3717,,,1
PAPER,,PAPER,3718,,,1
PAPRIKA,,PAPRIKA,3719,,,1
PARAALKYLBENZENESULFONIC,,"PARA-ALKYL (C9-C13) BENZENE SULFONIC ACID, SODIUM SALT",1739,,,1
PARACHLOROMETACRESOL,,PARA-CHLORO-META-CRESOL,1813,,,1
PARACHLOROPHENOL,,PARA-CHLOROPHENOL,1572,,,1
PARADICHLOROBENZENE,,PARA-DICHLOROBENZENE,455,,,1
PARAFFINWAX,,PARAFFIN WAX,1214,,,1
PARAFFINWAXESANDHYDROCARBONWAXESCHLORINATED,,"PARAFFIN WAXES AND HYDROCARBON WAXES, CHLORINATED",3721,,,1
PARAFFINWAXESHYDROTREATED,,PARAFFIN WAXES (PETROLEUM) HYDROTREATED,3545,,,1
PARAFORMALDEHYDE,,PARAFORMALDEHYDE,456,,,1
PARAOXON,,PARAOXON,4082,,,1
PARAQUAT,PARAQUAT,,,Paraquat,180.205,2
PARAQUATBIS,,PARAQUAT BIS(METHYLSULFATE),458,,,1
PARAQUATDICHLORIDE,,PARAQUAT DICHLORIDE,1601,,,1
PARATERTAMYLPHENOL,,"PARA-TERT-AMYLPHENOL|PARA-TERT-AMYLPHENOL, POTASSIUM SALT",1056|900,,,1
PARATERTBUTYLPHENOL,,PARA-TERT-BUTYLPHENOL,1000,,,1
PARATHION,PARATHION,PARATHION,459,,,2
PARATHIONOTHERRELATED,,"PARATHION, OTHER RELATED",90459,,,1
PARATOLUENESULFONIC,,PARA-TOLUENE SULFONIC ACID,1235,,,1
PARINOL,,PARINOL,736,,,1
PARISGREEN,,PARIS GREEN,460,,,1
PASTEURIANISHIZAWAEPN1,,PASTEURIA NISHIZAWAE PN1,6233,,,1
PCHLOROANILINE,,P-CHLOROANILINE,6414,,,1
PCHLOROBENZOIC,,P-CHLOROBENZOIC ACID,2461,,,1
PCHLOROPHENOXYACETIC,,,,p-Chlorophenoxyacetic acid,180.202,1
PCNB,,PCNB,464,,,1
PCNBOTHERRELATED,,"PCNB, OTHER RELATED",90464,,,1
PCP,,"PCP, POTASSIUM SALT|PCP, SODIUM SALT",1049|540,,,1
PCPOTHERRELATED,,"PCP, OTHER RELATED|PCP, SODIUM SALT, OTHER RELATED",90465|90540,,,1
PCRESOL,,P-CRESOL,3114,,,1
PEANUTBUTTER,,PEANUT BUTTER,2735,,,1
PEANUTOIL,,PEANUT OIL,3722,,,1
PEANUTS,,PEANUTS,3533,,,1
PEANUTSHELLS,,PEANUT SHELLS,3723,,,1
PEANUTSTREENUTSMILKSOYBEANSEGGSFISHCRUSTACEAANDWHEAT,,,,"Peanuts, Tree Nuts, Milk, Soybeans, Eggs, Fish, Crustacea, and Wheat",180.1071,1
PEATMOSS,,PEAT MOSS,3724,,,1
PEBULATE,,PEBULATE,590,,,1
PECANSHELLFLOUR,,PECAN SHELL FLOUR,3725,,,1
PECTIN,,PECTIN,3726,,,1
PEG120METHYLGLUCOSEDIOLEATE,,PEG-120 METHYL GLUCOSE DIOLEATE,2737,,,1
PEG300DILAURATE,,PEG300 DILAURATE,6239,,,1
PELARGONIC,PELARGONIC ACID,,,,,1
PENDIMETHALIN,PENDIMETHALIN,PENDIMETHALIN,1929,Pendimethalin,180.361,3
PENFLUFEN,,PENFLUFEN,6093,Penflufen,180.664,2
PENICILLING,,"PENICILLIN G, POTASSIUM SALT",1283,,,1
PENICILLIUMBILAIIFUNGUS,,PENICILLIUM BILAII FUNGUS,6195,,,1
PENOXSULAM,PENOXSULAM,PENOXSULAM,5889,Penoxsulam,180.605,3
PENTACHLOROMETHYLFULFANYLBENZENE,,PENTACHLORO METHYLFULFANYLBENZENE,6342,,,1
PENTACHLORONITROBENZENE,,,,Pentachloronitrobenzene,180.291,1
PENTACHLOROPHENOL,,PENTACHLOROPHENOL,465,,,1
PENTAERYTHRITOL,,PENTA ERYTHRITOL,3318,,,1
PENTAERYTHRITOLOFTALLOIL,,PENTA ERYTHRITOL ESTER OF TALL OIL,3317,,,1
PENTANE,,PENTANE,469,,,1
PENTAPOTASSIUMTRIPHOSPHATE,,PENTA POTASSIUM TRIPHOSPHATE,3319,,,1
PENTASODIUMPENTETATE,,PENTA SODIUM PENTETATE,3320,,,1
PENTHIOPYRAD,PENTHIOPYRAD,PENTHIOPYRAD,6020,Penthiopyrad,180.658,3
PENTHOXAMID,,PENTHOXAMID,6231,,,1
PENTOXAZONE,,PENTOXAZONE,6184,,,1
PENTYLVALERATE,,PENTYL VALERATE,1809,,,1
PEPINOMOSAICVIRUSSTRAINCH2ISOLATE1906,,"PEPINO MOSAIC VIRUS, STRAIN CH2, ISOLATE 1906",6293,,,1
PEPPERMINT,,PEPPERMINT,2332,,,1
PEPTIDE,,PEPTIDE,6324,,,1
PERBORIC,,"PERBORIC ACID, SODIUM SALT",5452,,,1
PERBORICMONOHYDRATE,,"PERBORIC ACID, SODIUM SALT, MONOHYDRATE",5052,,,1
PERCHLORIC,,"PERCHLORIC ACID, CALCIUM SALT",3321,,,1
PERFLUIDONE,,PERFLUIDONE,1895,,,1
PERFLUIDONEDIETHANOLAMINE,,"PERFLUIDONE, DIETHANOLAMINE SALT",1896,,,1
PERFUME,,PERFUME,919,,,1
PERFUME0828,,PERFUME 08-28,2740,,,1
PERFUMEBOUQUETNO3,,PERFUME BOUQUET NO. 3,2741,,,1
PERFUMECHEMMASKCNO280,,"PERFUME, CHEM-MASK C NO. 280",2742,,,1
PERFUMECHERRYFRAGRANCEOIL493,,"PERFUME, CHERRY FRAGRANCE OIL #493",2743,,,1
PERFUMECOLONIALBOUQUET8095,,"PERFUME, COLONIAL BOUQUET 8095",2744,,,1
PERFUMECOMPOUND22723,,"PERFUME, COMPOUND 2-2723",2745,,,1
PERFUMECOMPOUND44368G,,"PERFUME, COMPOUND 44.368/G",2747,,,1
PERFUMECOMPOUNDBOUQUETEC,,"PERFUME, COMPOUND BOUQUET EC",2746,,,1
PERFUMEDL10613,,"PERFUME, DL 10613",3888,,,1
PERFUMEEAUDESOLMAL,,"PERFUME, EAUDESOL MAL (SPECIAL)",2748,,,1
PERFUMEFRAGRANCE834235,,"PERFUME, FRAGRANCE 834235",2749,,,1
PERFUMEFRAGRANCEOIL6198AG,,"PERFUME, FRAGRANCE OIL 6198 AG",2750,,,1
PERFUMEFRESHMEADOWS651,,"PERFUME, FRESH MEADOWS #651",2751,,,1
PERFUMEGAMMA,,"PERFUME, GAMMA",3895,,,1
PERFUMEHERBALFRAGRANCE817135,,"PERFUME, HERBAL FRAGRANCE 817135",2752,,,1
PERFUMEHERBALFRAGRANCEOILNO062,,"PERFUME, HERBAL FRAGRANCE OIL NO. 062",2753,,,1
PERFUMEMALAMASQUENO59,,"PERFUME, MALAMASQUE NO. 59",2754,,,1
PERFUMEMALATHION21639,,"PERFUME, MALATHION 21-639",2755,,,1
PERFUMEMARBELLE72160A,,"PERFUME, MARBELLE 72160A",2756,,,1
PERFUMEMIMOSANO5,,"PERFUME, MIMOSA NO. 5",2757,,,1
PERFUMENEUTROLEUMALPHA,,"PERFUME, NEUTROLEUM ALPHA",2758,,,1
PERFUMENEWMOWNHAY,,"PERFUME, NEW MOWN HAY",2759,,,1
PERFUMENORDAEC137,,"PERFUME, NORDA EC-137",2760,,,1
PERFUMEPETPERFUME27253,,"PERFUME, PET PERFUME # 27253",2761,,,1
PERFUMEPHASEB5,,"PERFUME, PHASE B-5",2762,,,1
PERFUMER7402,,"PERFUME, R-7402",2763,,,1
PERFUMEVEILEX40019,,"PERFUME, VEILEX 40019",2764,,,1
PERFUMEWASHROOMCLEANERBOUQUET152587,,"PERFUME, WASHROOM CLEANER BOUQUET # 152-587",2765,,,1
PERIPLANONEB,,PERIPLANONE B,2766,,,1
PERLITE,,PERLITE,2767,,,1
PERMETHRIN,PERMETHRIN,PERMETHRIN,2008,Permethrin,180.378,3
PERMETHRINOTHERRELATED,,"PERMETHRIN, OTHER RELATED",92008,,,1
PEROXYACETIC,,PEROXYACETIC ACID,2291,,,1
PEROXYOCTANOIC,,PEROXYOCTANOIC ACID,5931,,,1
PETHOXAMID,,PETHOXAMID,6202,Pethoxamid,180.71,2
PETROLEUMDERIVATIVERESIN,,PETROLEUM DERIVATIVE RESIN,1411,,,1
PETROLEUMDISTILLATE,PETROLEUM DISTILLATE,,,,,1
PETROLEUMDISTILLATES,,PETROLEUM DISTILLATES,763,,,1
PETROLEUMDISTILLATESALIPHATIC,,"PETROLEUM DISTILLATES, ALIPHATIC",2768,,,1
PETROLEUMDISTILLATESAROMATIC,,"PETROLEUM DISTILLATES, AROMATIC",1814,,,1
PETROLEUMDISTILLATESREFINED,,"PETROLEUM DISTILLATES, REFINED",2106,,,1
PETROLEUMHYDROCARBONS,,PETROLEUM HYDROCARBONS,473,,,1
PETROLEUMJELLY,,PETROLEUM JELLY,1443,,,1
PETROLEUMNAPHTHENICOILS,,PETROLEUM NAPHTHENIC OILS,2107,,,1
PETROLEUMOIL,PETROLEUM OIL,,,,,1
PETROLEUMOILPARAFFINBASED,,"PETROLEUM OIL, PARAFFIN BASED",2045,,,1
PETROLEUMOILUNCLASSIFIED,,"PETROLEUM OIL, UNCLASSIFIED",765,,,1
PETROLEUMSULFONATES,,PETROLEUM SULFONATES,766,,,1
PETROLEUMUNREFINED,,"PETROLEUM, UNREFINED",1730,,,1
PHENARSAZINECHLORIDE,,PHENARSAZINE CHLORIDE,1342,,,1
PHENMEDIPHAM,PHENMEDIPHAM,PHENMEDIPHAM,675,Phenmedipham,180.278,3
PHENOL,,PHENOL,107,,,1
PHENOLFERROUS,,"PHENOL, FERROUS SALT",1862,,,1
PHENOTHIAZINE,,PHENOTHIAZINE,475,,,1
PHENOTHRIN,,PHENOTHRIN,2093,,,1
PHENOTHRINOTHERRELATED,,"PHENOTHRIN, OTHER RELATED",92093,,,1
PHENTHOATE,,PHENTHOATE,6269,,,1
PHENYLCHLOROFORMATE,,PHENYL CHLOROFORMATE,3842,,,1
PHENYLDIETHANOLAMINEBIS,,"PHENYL DIETHANOLAMINE BIS (2-METHOXY-3,6-DICHLORO BENZOATE)",2772,,,1
PHENYLETHER,,PHENYL ETHER,3324,,,1
PHENYLETHYLPROPIONATE,,PHENYLETHYL PROPIONATE,2094,,,1
PHENYLGLYCOLETHER,,PHENYL GLYCOL ETHER,3727,,,1
PHENYLMERCURICACETATE,,PHENYLMERCURIC ACETATE,491,,,1
PHENYLMERCURICACETATEOTHERRELATED,,"PHENYLMERCURIC ACETATE, OTHER RELATED",90491,,,1
PHENYLMERCURICAMMONIUMACETATE,,PHENYLMERCURIC AMMONIUM ACETATE,492,,,1
PHENYLMERCURICLACTATE,,PHENYLMERCURIC LACTATE,1535,,,1
PHENYLMERCURICNITRATE,,PHENYLMERCURIC NITRATE,477,,,1
PHENYLMERCURICOLEATE,,PHENYLMERCURIC OLEATE,853,,,1
PHENYLSULFONATECALCIUM,,PHENYL SULFONATE CALCIUM,2774,,,1
PHENYLTRIMETHYLSILOXANE,,PHENYL TRIMETHYL SILOXANE,3728,,,1
PHOMAMACROSTOMASTRAIN9444B,,PHOMA MACROSTOMA STRAIN 94-44B,6017,,,1
PHORATE,PHORATE,PHORATE,478,Phorate,180.206,3
PHORATESULFONE,,PHORATE SULFONE,4084,,,1
PHORATESULFOXIDE,,PHORATE SULFOXIDE,4085,,,1
PHORATOXON,,PHORATOXON,4086,,,1
PHORATOXONSULFONE,,PHORATOXON SULFONE,4087,,,1
PHORATOXONSULFOXIDE,,PHORATOXON SULFOXIDE,4088,,,1
PHOSACETIN,,PHOSACETIN,1523,,,1
PHOSALONE,,PHOSALONE,479,,,1
PHOSALONEOXON,,PHOSALONE OXON,5041,,,1
PHOSMET,PHOSMET,PHOSMET,335,Phosmet,180.261,3
PHOSMETOXON,,PHOSMETOXON,4089,,,1
PHOSPHAMIDON,,PHOSPHAMIDON,482,,,1
PHOSPHAMIDONOTHERRELATED,,"PHOSPHAMIDON, OTHER RELATED",90482,,,1
PHOSPHINE,,PHOSPHINE,3541,Phosphine,180.225,2
PHOSPHOPROTEINS,,PHOSPHOPROTEINS,1250,,,1
PHOSPHORIC,PHOSPHORIC ACID,PHOSPHORIC ACID,871,,,2
PHOSPHORICDIOCTYLLAURYLDIETHANOLAMINE,,PHOSPHORIC ACID DIOCTYL ESTER LAURYLDIETHANOLAMINE SALT,5124,,,1
PHOSPHORICMONO,,"PHOSPHORIC ACID, MONO (2-ETHYLHEXYL) ESTER",3838,,,1
PHOSPHORICMONOOCTYLCOMPDWITH22BIS,,"PHOSPHORIC ACID, MONOOCTYL ESTER, COMPD.WITH 2,2'-(DODECYLIMINO)BIS(ETHANOL)(1:1)",5125,,,1
PHOSPHORICMONOPOTASSIUM,,"PHOSPHORIC ACID, MONOPOTASSIUM SALT",2777,,,1
PHOSPHORICTRISODIUM,,"PHOSPHORIC ACID, TRISODIUM SALT (CHLORINATED)",3851,,,1
PHOSPHOROUS,,PHOSPHOROUS ACID,5774,,,1
PHOSPHORUS,,PHOSPHORUS,513,,,1
PHOSPHORUSPENTASULFIDE,,PHOSPHORUS PENTASULFIDE,2778,,,1
PHOSPHORYLATEALKANOL,,PHOSPHORYLATE ALKANOL,6178,,,1
PHOSTEBUPIRIM,,PHOSTEBUPIRIM,5122,,,1
PHOSTON,,PHOSTON,481,,,1
PHOXIM,,PHOXIM,6225,,,1
PHOXIMMETHYL,,PHOXIM-METHYL,6226,,,1
PHTHALALDEHYDE,,PHTHALALDEHYDE,5107,,,1
PHTHALAZINONE,,PHTHALAZINONE,6415,,,1
PHTHALICANHYDRIDE,,PHTHALIC ANHYDRIDE,3327,,,1
PHTHALICETHYL,,"PHTHALIC ACID, ETHYL ESTER",3326,,,1
PHTHALICGLYCEROLALKYL,,PHTHALIC GLYCEROL ALKYL,1246,,,1
PHTHALOGREEN,,PHTHALO GREEN,2779,,,1
PHYTOPHTHORAPALMIVORACHLAMYDOSPORESOF,,"PHYTOPHTHORA PALMIVORA, CHLAMYDOSPORES OF",5078,,,1
PICARBUTRAZOX,,PICARBUTRAZOX,6364,Picarbutrazox,180.718,2
PICARIDIN,,PICARIDIN,5908,,,1
PICLORAM,PICLORAM,"PICLORAM|PICLORAM, POTASSIUM SALT",5330|593,Picloram,180.292,3
PICLORAMISOOCTYL,,"PICLORAM, ISOOCTYL ESTER",835,,,1
PICLORAMTRIISOPROPANOLAMINE,,"PICLORAM, TRIISOPROPANOLAMINE SALT",1099,,,1
PICOXYSTROBIN,,PICOXYSTROBIN,6061,Picoxystrobin,180.669,2
PIGMENTBLUE29,,PIGMENT BLUE 29,2780,,,1
PIGMENTGREEN7,,PIGMENT GREEN 7,3870,,,1
PIGMENTRED178,,PIGMENT RED 178,3869,,,1
PIGMENTRED571,,PIGMENT RED 57:1,3868,,,1
PIGMENTREDNO48,,PIGMENT RED NO. 48,3729,,,1
PIGTASTIES,,PIG TASTIES,3730,,,1
PINDONE,,"PINDONE|PINDONE, SODIUM SALT",1305|489,,,1
PINENE,,PINENE,2187,,,1
PINEOIL,,PINE OIL,485,,,1
PINESOAP,,PINE SOAP,1993,,,1
PINETAR,,PINE TAR,1574,,,1
PINOLEIC,,PINOLEIC ACID,5401,,,1
PINOXADEN,PINOXADEN,PINOXADEN,5984,Pinoxaden,180.611,3
PIPERALIN,,PIPERALIN,488,,,1
PIPERAZINE,,PIPERAZINE,1408,,,1
PIPERAZINEDIHYDROCHLORIDE,,PIPERAZINE DIHYDROCHLORIDE,1575,,,1
PIPERINE,,PIPERINE,5848,,,1
PIPERONYLBUTOXIDE,PIPERONYL BUTOXIDE,PIPERONYL BUTOXIDE,486,Piperonyl butoxide,180.127,3
PIPERONYLBUTOXIDEOTHERRELATED,,"PIPERONYL BUTOXIDE, OTHER RELATED",90486,,,1
PIPERONYLCYCLONENE,,PIPERONYL CYCLONENE,487,,,1
PIPROTAL,,PIPROTAL,1133,,,1
PIPROTALOTHERRELATED,,"PIPROTAL, OTHER RELATED",91133,,,1
PIRIMICARB,,PIRIMICARB,1875,,,1
PIRIMIPHOSETHYL,,PIRIMIPHOS ETHYL,2781,,,1
PIRIMIPHOSMETHYL,,PIRIMIPHOS-METHYL,2217,Pirimiphos-methyl,180.409,2
PLANTEXTRACT,,"PLANT EXTRACT (DERIVED FROM QUERCUS FALCATA, OPUNTIA LINDHEIMERI, RHUS AROMATICA, AND RHIZOPHORIA MANGLE TISSUES)",5453,,,1
PLURAFACLF1304,,PLURAFAC LF 1304,6309,,,1
PLURAFACLF1312,,PLURAFAC LF 1312,6310,,,1
PLURAFACLF801,,PLURAFAC LF 801,6307,,,1
PMENTHANE38DIOL,,"P-MENTHANE-3,8-DIOL",5255,,,1
PMS5406TPIGMENT,,PMS-5406-T PIGMENT,2791,,,1
PNITROPHENOL,,P-NITROPHENOL,3300,,,1
POLY,,POLY (METHYLMETHACRYLATE-CO-TRIBUTYLTIN METHACRYLATE),5075,,,1
POLY16HEXANEDIOLDIMETHYLACRYLATE,,"POLY-1,6-HEXANEDIOL DIMETHYL ACRYLATE",2803,,,1
POLYACRYLAMIDEPOLYETHYLENEGLYCOLMIXTURE,,"POLYACRYLAMIDE, POLYETHYLENE GLYCOL MIXTURE",2822,,,1
POLYACRYLAMIDEPOLYMER,,POLYACRYLAMIDE POLYMER,2111,,,1
POLYACRYLIC,,"POLYACRYLIC ACID|POLYACRYLIC ACID, SODIUM SALT",2076|5008,,,1
POLYACRYLICPOLYMER,,POLYACRYLIC POLYMER,2196,,,1
POLYACRYLONITRILE,,POLYACRYLONITRILE,3731,,,1
POLYALKENEOXIDEMODIFIEDHEPTAMETHYLTRISILOXANE,,POLYALKENE OXIDE MODIFIED HEPTAMETHYL TRISILOXANE,3520,,,1
POLYALKYLENEETHER,,POLYALKYLENE ETHER,2271,,,1
POLYALKYLENEGLYCOL,,POLY ALKYLENE GLYCOL,2793,,,1
POLYALKYLENEGLYCOLETHERS,,POLY ALKYLENE GLYCOL ETHERS,2794,,,1
POLYALKYLENEOXIDEMODIFIEDPOLYDIMETHYLSILOXANE,,POLYALKYLENEOXIDE MODIFIED POLYDIMETHYL-SILOXANE,5203,,,1
POLYALPHA2PROPENYLOMEGAHYDROXY,,"POLY(OXY-1,2-ETHANEDIYL),ALPHA-2-PROPENYL-OMEGA-HYDROXY-",6341,,,1
POLYALPHAHYDROOMEGAHYDROXYMONOC1114ISOALKYLETHERSC13RICHPHOSPHATES,,"POLY(OXY-1,2-ETHANEDIYL), ALPHA-HYDRO-OMEGA-HYDROXY-, MONO-C11-14-ISOALKYL ETHERS, C13-RICH, PHOSPHATES",6119,,,1
POLYALPHAHYDROOMEGAHYDROXYMONOC810ALKYLETHERSPHOSPHATES,,"POLY(OXY-1,2-ETHANEDIYL), ALPHA-HYDRO-OMEGA-HYDROXY-, MONO-C8-10-ALKYL ETHERS, PHOSPHATES",6136,,,1
POLYALPHAISODECYLOMEGAHYDROXYPHOSPHATE,,"POLY(OXY-1,2-ETHANEDIYL), ALPHA-ISODECYL-OMEGA-HYDROXY-PHOSPHATE, POTASSIUM SALT",6126,,,1
POLYAMIDERESIN,,POLYAMIDE RESIN,2795,,,1
POLYAMINEFATTYDERIVATIVE,,POLYAMINE FATTY ACID DERIVATIVE,1377,,,1
POLYAMINEPOLYMER,,POLYAMINE POLYMER,1907,,,1
POLYBUTENES,,POLYBUTENES,1040,,,1
POLYCHLOROBIPHENYL,,POLYCHLOROBIPHENYL,5003,,,1
POLYETHER,,POLY (OXYETHYLENE) ETHER,1883,,,1
POLYETHERMODIFIEDPOLYSILOXANE,,POLYETHER MODIFIED POLYSILOXANE,5223,,,1
POLYETHOXYAMINE,,POLY ETHOXYAMINE,3732,,,1
POLYETHOXYLATEDALKYLARYLETHERS,,POLYETHOXYLATED ALKYL (C6-C22) ARYL ETHERS,5180,,,1
POLYETHOXYLATEDCASTOROIL,,POLYETHOXYLATED CASTOR OIL,3740,,,1
POLYETHOXYPOLYPROPOXYPOLYETHOXYETHANOLIODINECOMPLEX,,POLYETHOXY POLYPROPOXY POLYETHOXY ETHANOL - IODINE COMPLEX,1585,,,1
POLYETHOXYPOLYPROPOXYPOLYETHOXYETHANOLNALKYLDIMETHYL34DICHLOROBENZYLAMMONIUMCHLORIDEIODINECOMPLEX,,"POLYETHOXY POLYPROPOXY POLYETHOXY ETHANOL-N-ALKYL DIMETHYL 3,4-DICHLOROBENZYL AMMONIUM CHLORIDE - IODINE COMPLEX",1586,,,1
POLYETHOXYPOLYPROPOXYPOLYETHOXYETHANOLNALKYLDIMETHYLDIBENZYLAMMONIUMCHLORIDEIODINECOMPLEX,,"POLYETHOXY POLYPROPOXY POLYETHOXY ETHANOL, N-ALKYL DIMETHYL DI (BETA-HYDROXYETHYL) BENZYL AMMONIUM CHLORIDE - IODINE COMPLEX",1587,,,1
POLYETHYLENE,,POLYETHYLENE,1176,,,1
POLYETHYLENEETHYLENEDICHLORIDE,,POLY(OXYETHYLENE) (DIMETHYLIMINO) ETHYLENE (DIMETHYLIMINO) ETHYLENE DICHLORIDE,1576,,,1
POLYETHYLENEFILM,,POLYETHYLENE FILM,3733,,,1
POLYETHYLENEGLYCOL,,POLYETHYLENE GLYCOL,1600,,,1
POLYETHYLENEGLYCOLDIACETATE,,POLYETHYLENE GLYCOL DIACETATE,2796,,,1
POLYETHYLENEGLYCOLDISTEARATE,,POLYETHYLENE GLYCOL DISTEARATE,2736,,,1
POLYETHYLENEGLYCOLDITALLATE,,POLYETHYLENE GLYCOL DITALLATE,5860,,,1
POLYETHYLENEGLYCOLDODECANOATE,,POLYETHYLENE GLYCOL DODECANOATE,1216,,,1
POLYETHYLENEGLYCOLETHEROFLINEARSECONDARYALCOHOLIODINECOMPLEX,,POLYETHYLENE GLYCOL ETHER OF LINEAR SECONDARY ALCOHOL - IODINE COMPLEX,2121,,,1
POLYETHYLENEGLYCOLGLYCERYLETHER,,POLYETHYLENE GLYCOL GLYCERYL ETHER,2797,,,1
POLYETHYLENEGLYCOLMONODISILOXANYLPROPYLETHER,,POLYETHYLENE GLYCOL MONO(3-(TETRAMETHYL-1-(TRIMETHYLSILOXY)DISILOXANYL)PROPYL)ETHER,3841,,,1
POLYETHYLENEGLYCOLOLEATE,,POLYETHYLENE GLYCOL OLEATE,2800,,,1
POLYETHYLENEGLYCOLSTEARATE,,POLYETHYLENE GLYCOL STEARATE,2891,,,1
POLYETHYLENEPELLETS,,POLYETHYLENE PELLETS,3735,,,1
POLYETHYLENEPOLYAMINESACETATEOLEATE,,"POLYETHYLENE POLYAMINES, ACETATE OLEATE",1707,,,1
POLYETHYLENEPOLYSULFIDE,,POLYETHYLENE POLYSULFIDE,3737,,,1
POLYGLYCERYLPHTHALATEOFCOCONUTOILFATTY,,POLY GLYCERYL PHTHALATE ESTER OF COCONUT OIL FATTY ACID,3331,,,1
POLYHEDRALINCLUSIONBODIESOFDOUGLASFIRTUSSOCKMOTHNUCLEARPOLYHEDROSISVIRUS,,POLYHEDRAL INCLUSION BODIES OF DOUGLAS FIR TUSSOCK MOTH NUCLEAR POLYHEDROSIS VIRUS,2009,,,1
POLYHEDRALOCCLUSIONBODIESOFTHENUCLEARPOLYHEDROSISVIRUSOFHELICOVERPAZEA,,POLYHEDRAL OCCLUSION BODIES (OB'S) OF THE NUCLEAR POLYHEDROSIS VIRUS OF HELICOVERPA ZEA (CORN EARWORM),4028,,,1
POLYHEDRALOCCLUSIONBODIESOFTHENUCLEARPOLYHEDROSISVIRUSOFSPODOPTERAEXIGUA,,POLYHEDRAL OCCLUSION BODIES (OBS) OF THE NUCLEAR POLYHEDROSIS VIRUS OF SPODOPTERA EXIGUA,4007,,,1
POLYHEDROSISVIRUS,POLYHEDROSIS VIRUS,,,,,1
POLYHEXAMETHYLENEBIGUANIDINE,,POLYHEXAMETHYLENE BIGUANIDINE,2258,,,1
POLYIPARAMENTHENE,,POLY-I-PARA-MENTHENE,1314,,,1
POLYISOBUTYLENE,,POLYISOBUTYLENE,1561,,,1
POLYMEREMULSIONK,,POLYMER EMULSION K,2804,,,1
POLYMERICBETAINE,,POLYMERIC BETAINE,6001,,,1
POLYMERICTERPENES,,POLYMERIC TERPENES,5758,,,1
POLYMERIZEDACRYLIC,,POLYMERIZED ACRYLIC ACID,3738,,,1
POLYMERIZEDGLYCERYLOLEATE,,POLYMERIZED GLYCERYL OLEATE,2025,,,1
POLYMERIZEDPINENE,,POLYMERIZED PINENE,2043,,,1
POLYMERIZEDSOYBEANOIL,,POLYMERIZED SOYBEAN OIL,3806,,,1
POLYMERS,,,,Polymers,180.96,1
POLYMETHYLENEPOLYPHENYLISOCYANATE,,POLYMETHYLENE POLYPHENYL ISOCYANATE,2805,,,1
POLYOXIND,,"POLYOXIN D, ZINC SALT",5788,,,1
POLYOXOALUMINUMSTEARATE,,POLY-OXO ALUMINUM STEARATE,2806,,,1
POLYOXORIM,POLYOXORIM,,,,,1
POLYOXYETHYLENEALCOHOLIODINECOMPLEX,,POLYOXYETHYLENE ALCOHOL - IODINE COMPLEX,6305,,,1
POLYOXYETHYLENEAMYLPHENOLFORMALDEHYDERESINMOLWT,,POLYOXYETHYLENE AMYLPHENOL-FORMALDEHYDE RESIN (10 MOLES) (MOL. WT.,3739,,,1
POLYOXYETHYLENECETYLETHER,,POLYOXYETHYLENE CETYL ETHER,3741,,,1
POLYOXYETHYLENECETYLSTEARYLETHER,,POLYOXYETHYLENE CETYL-STEARYL ETHER,3742,,,1
POLYOXYETHYLENECOCONUTAMINE,,POLYOXYETHYLENE (15) COCONUT AMINE,3333,,,1
POLYOXYETHYLENEDIOLEATE,,POLYOXYETHYLENE DIOLEATE,3744,,,1
POLYOXYETHYLENEDODECYLPHENOL,,POLYOXYETHYLENE DODECYLPHENOL (6-12 MOLES),3745,,,1
POLYOXYETHYLENEETHANOLMONOESTERSOF5CARBOXY4HEXYL2CYCLOHEXENE1OCTANOICIODINECOMPLEX,,POLY OXYETHYLENE ETHANOL MONOESTERS OF 5- (AND 6-) CARBOXY-4-HEXYL-2-CYCLOHEXENE-1-OCTANOIC ACID-IODINE COMPLEX,2261,,,1
POLYOXYETHYLENEGLYCERYLMONOANDDITALLOWATE,,POLYOXYETHYLENE GLYCERYL MONO- AND DITALLOWATE,2798,,,1
POLYOXYETHYLENEGLYCOLALLYLMETHYL,,POLYOXYETHYLENE GLYCOL ALLYL METHYL ESTER,6132,,,1
POLYOXYETHYLENEHYDROABIETYLALCOHOL,,POLYOXYETHYLENE HYDROABIETYL ALCOHOL,3335,,,1
POLYOXYETHYLENEISOPROPYLIDENEDIPHENOL,,POLYOXYETHYLENE (7-7.5 MOLES) ISOPROPYLIDENE DIPHENOL,3747,,,1
POLYOXYETHYLENELANOLIN,,POLYOXYETHYLENE LANOLIN,2099,,,1
POLYOXYETHYLENEMETHYLENEBIS,,POLYOXYETHYLENE METHYLENEBIS(DIAMYLPHENOL),3749,,,1
POLYOXYETHYLENEMETHYLENEBISPHENOL,,POLYOXYETHYLENE METHYLENEBIS(TERT-OCTYL)PHENOL,3750,,,1
POLYOXYETHYLENEMIXEDFATTY,,POLYOXYETHYLENE MIXED FATTY ACID ESTER,1444,,,1
POLYOXYETHYLENEMONOETHANOLAMIDEOFCOCONUTOILFATTY,,POLYOXYETHYLENE (2 MOLES) MONOETHANOLAMIDE OF COCONUT OIL FATTY,3751,,,1
POLYOXYETHYLENEOFRESINANDROSINACIDS,,POLYOXYETHYLENE ESTER OF RESIN AND ROSIN ACIDS,3334,,,1
POLYOXYETHYLENEPOLYOLFATTY,,POLYOXYETHYLENE POLYOL FATTY ACID ESTERS,6237,,,1
POLYOXYETHYLENEPOLYOXYPROPYLENE,,POLYOXYETHYLENE POLYOXYPROPYLENE,1698,,,1
POLYOXYETHYLENEPOLYOXYPROPYLENECETYLETHERPHOSPHATE,,POLYOXYETHYLENE POLYOXYPROPYLENE CETYL ETHER PHOSPHATE ESTER,2828,,,1
POLYOXYETHYLENEPOLYOXYPROPYLENEMONOBUTYLETHER,,POLYOXYETHYLENE POLYOXYPROPYLENE MONOBUTYL ETHER,2812,,,1
POLYOXYETHYLENEPOLYOXYPROPYLENEPHOSPHATE,,POLYOXYETHYLENE POLYOXYPROPYLENE PHOSPHATE,3756,,,1
POLYOXYETHYLENEPTERTBUTYLPHENOLFORMALDEHYDERESIN,,POLYOXYETHYLENE P-TERT-BUTYL PHENOL-FORMALDEHYDE RESIN,3758,,,1
POLYOXYETHYLENESORBITANMIXEDFATTY,,POLYOXYETHYLENE SORBITAN MIXED FATTY ACID ESTERS,5873,,,1
POLYOXYETHYLENESORBITANMONOLAURATE,,POLYOXYETHYLENE SORBITAN MONOLAURATE,2813,,,1
POLYOXYETHYLENESORBITANMONOOLEATE,,POLYOXYETHYLENE SORBITAN MONOOLEATE,1503,,,1
POLYOXYETHYLENESORBITANMONOPALMITATE,,POLYOXYETHYLENE SORBITAN MONOPALMITATE,3336,,,1
POLYOXYETHYLENESORBITANMONOSTEARATE,,POLYOXYETHYLENE SORBITAN MONOSTEARATE,3759,,,1
POLYOXYETHYLENESORBITANMONOTALLATE,,POLYOXYETHYLENE SORBITAN MONOTALLATE,3337,,,1
POLYOXYETHYLENESORBITANTRIOLEATE,,POLYOXYETHYLENE SORBITAN TRIOLEATE,2814,,,1
POLYOXYETHYLENESORBITOL,,POLYOXYETHYLENE SORBITOL,3760,,,1
POLYOXYETHYLENESORBITOLHEXAOLEATE,,POLYOXYETHYLENE SORBITOL HEXAOLEATE,3761,,,1
POLYOXYETHYLENESORBITOLMIXEDETHER,,"POLYOXYETHYLENE SORBITOL, MIXED ETHER ESTER",1178,,,1
POLYOXYETHYLENESORBITOLOLEATELAURATE,,POLYOXYETHYLENE SORBITOL OLEATE-LAURATE,958,,,1
POLYOXYETHYLENESORBITOLPENTATALLOIL,,POLYOXYETHYLENE SORBITOL PENTA TALL OIL ESTER (40 MOLES),3762,,,1
POLYOXYETHYLENESORBITOLTETRAOLEATE,,POLYOXYETHYLENE SORBITOL TETRAOLEATE,3764,,,1
POLYOXYETHYLENESOYAAMINE,,POLYOXYETHYLENE (5) SOYA AMINE,3339,,,1
POLYOXYETHYLENESOYBEANOILFATTY,,POLYOXYETHYLENE SOYBEAN OIL FATTY ACID ESTER,3338,,,1
POLYOXYETHYLENESTEARYLETHER,,POLYOXYETHYLENE STEARYL ETHER,2815,,,1
POLYOXYETHYLENETALLOILFATTY,,POLYOXYETHYLENE TALL OIL FATTY ACID ESTER,3734,,,1
POLYOXYETHYLENETRIDECYLALCOHOL,,POLYOXYETHYLENE (6) TRIDECYL ALCOHOL,6118,,,1
POLYOXYPOLYOXYMONOETHER,,POLYOXY(ETHYLENE) POLYOXY(PROPYLENE) MONO(DI-SEC-BUTYLPHENYL) ETHER,3754,,,1
POLYPOLYGLYCOLMONOALLYLETHER,,POLY(OXYETHYLENE) POLY(OXYPROPYLENE) GLYCOL MONOALLYL ETHER,5868,,,1
POLYPROPOXYPOLYETHOXYETHANOLIODINECOMPLEX,,"POLY PROPOXY POLY ETHOXY ETHANOL, IODINE COMPLEX",1828,,,1
POLYPROPYLENE,,POLYPROPYLENE,2347,,,1
POLYPROPYLENEGLYCOL,,POLYPROPYLENE GLYCOL,3011,,,1
POLYQUATERNIUM6,,POLYQUATERNIUM-6,2818,,,1
POLYSACCHARIDEPOLYMER,,POLYSACCHARIDE POLYMER,2112,,,1
POLYSILOXANE,,POLYSILOXANE,5718,,,1
POLYSORBATE65,,POLYSORBATE 65,3768,,,1
POLYSTYRENE,,POLYSTYRENE,3342,,,1
POLYSTYRENEDIVINYLBENZENEQUATERNARYAMMONIUMANIONEXCHANGERESINWITHIODINE,,POLYSTYRENE DIVINYL BENZENE QUATERNARY AMMONIUM ANION EXCHANGE RESIN WITH IODINE,6368,,,1
POLYTRIMETHYLVINYLBENZYLAMMONIUMCHLORIDE,,POLYTRIMETHYL VINYL BENZYL AMMONIUM CHLORIDE,3769,,,1
POLYURETHANE,,POLYURETHANE,3770,,,1
POLYVINYLALCOHOL,,POLYVINYL ALCOHOL,2819,,,1
POLYVINYLBUTYRALRESIN,,POLYVINYL BUTYRAL RESIN,2820,,,1
POLYVINYLCHLORIDE,,POLYVINYL CHLORIDE,2821,,,1
POLYVINYLPYRROLIDONE,,POLYVINYL PYRROLIDONE,1466,,,1
POLYVINYLPYRROLIDONEIODINECOMPLEX,,POLYVINYL PYRROLIDONE - IODINE COMPLEX,1611,,,1
POLYVISOSH,,POLYVIS O-SH,2823,,,1
PORCINEZONAPELLUCIDA,,"PORCINE ZONA PELLUCIDA (ZP1, ZP2, ZP4)|PORCINE ZONA PELLUCIDA (ZP3)",6198|6199,,,1
POTASHFISHSOAP,,POTASH FISH SOAP,496,,,1
POTASHSOAP,,POTASH SOAP,1596,,,1
POTASSIUM13DICHLORO246TRIOXOHEXAHYDROSTRIAZINE,,"POTASSIUM 1,3-DICHLORO-2,4,6-TRIOXO HEXAHYDRO-S-TRIAZINE",1650,,,1
POTASSIUM2ETHYLHEXANOATE,,POTASSIUM 2-ETHYLHEXANOATE,3528,,,1
POTASSIUM3ETHYLOCTADECYLAMINOETHOXYPROPIONATE,,POTASSIUM 3-(2-(2-((2-(2-HYDROXY ETHYL) ETHYL) OCTADECYL AMINO)ETHOXY) PROPIONATE,3352,,,1
POTASSIUM6CARBOXY4HEXYL2CYCLOHEXENE1OCTANOATE,,POTASSIUM-6-CARBOXY-4-HEXYL-2-CYCLOHEXENE-1-OCTANOATE,3346,,,1
POTASSIUMABEITATE,,POTASSIUM ABEITATE,866,,,1
POTASSIUMACETATE,,POTASSIUM ACETATE,3343,,,1
POTASSIUMALUMINUMSILICATE,,POTASSIUM ALUMINUM SILICATE,3344,,,1
POTASSIUMALUMINUMSULFATE,,POTASSIUM ALUMINUM SULFATE,3345,,,1
POTASSIUMBICARBONATE,POTASSIUM BICARBONATE,POTASSIUM BICARBONATE,5037,,,2
POTASSIUMBISULFATE,,POTASSIUM BISULFATE,1860,,,1
POTASSIUMBROMIDE,,POTASSIUM BROMIDE,1090,,,1
POTASSIUMCARBONATE,,POTASSIUM CARBONATE,1620,,,1
POTASSIUMCHLORATE,,POTASSIUM CHLORATE,3347,,,1
POTASSIUMCHROMATE,,POTASSIUM CHROMATE,700,,,1
POTASSIUMCITRATE,,POTASSIUM CITRATE,6301,,,1
POTASSIUMCYANATE,,POTASSIUM CYANATE,497,,,1
POTASSIUMDICHROMATE,,POTASSIUM DICHROMATE,2167,,,1
POTASSIUMDIMETHYLDITHIOCARBAMATE,,POTASSIUM DIMETHYL DITHIO CARBAMATE,1934,,,1
POTASSIUMDODECYLBENZENESULFONATE,,POTASSIUM DODECYLBENZENE SULFONATE,1027,,,1
POTASSIUMETHYLXANTHATE,,POTASSIUM ETHYL XANTHATE,1677,,,1
POTASSIUMGLUCONATE,,POTASSIUM GLUCONATE,3831,,,1
POTASSIUMHYDROXIDE,,POTASSIUM HYDROXIDE,1306,,,1
POTASSIUMHYPOCHLORITE,,POTASSIUM HYPOCHLORITE,5979,,,1
POTASSIUMIODIDE,,POTASSIUM IODIDE,1003,,,1
POTASSIUMLAURATE,,POTASSIUM LAURATE,901,,,1
POTASSIUMLAURATEANDMYRISTATESOAPS,,POTASSIUM LAURATE AND MYRISTATE SOAPS,2825,,,1
POTASSIUMLAURATEOTHERRELATED,,"POTASSIUM LAURATE, OTHER RELATED",90901,,,1
POTASSIUMLAURYLSULFATE,,POTASSIUM LAURYL SULFATE,3353,,,1
POTASSIUMLYSALBINATE,,POTASSIUM LYSALBINATE,1245,,,1
POTASSIUMMYRISTATE,,POTASSIUM MYRISTATE,902,,,1
POTASSIUMNCOCONHYDROXYETHYLAMINO3ETHOXYPROPANESULFATE,,POTASSIUM N-COCO-N-HYDROXYETHYLAMINO-3-ETHOXY PROPANE SULFATE,3771,,,1
POTASSIUMNETHYLPERFLUOROOCTANESULFONAMIDEACETATE,,POTASSIUM N-ETHYLPERFLUOROOCTANESULFONAMIDE ACETATE,3354,,,1
POTASSIUMNHYDROXYMEHTYLNMETHYLDITHIOCARBAMATESEECHEMCODE970,,POTASSIUM N-HYDROXYMEHTYL-N-METHYL DITHIOCARBAMATE SEE CHEM CODE 970,1824,,,1
POTASSIUMNITRATE,,POTASSIUM NITRATE,726,,,1
POTASSIUMNITRITE,,POTASSIUM NITRITE,3356,,,1
POTASSIUMNMETHYLDITHIOCARBAMATE,,POTASSIUM N-METHYLDITHIOCARBAMATE,970,,,1
POTASSIUMOLEATE,POTASSIUM OLEATE,,,,,1
POTASSIUMORTHOCYCLOPENTYLPARACHLOROPHENATE,,POTASSIUM ORTHO-CYCLOPENTYL-PARA-CHLOROPHENATE,1542,,,1
POTASSIUMPARATERTBUTYLPHENATE,,POTASSIUM PARA-TERT-BUTYLPHENATE,1538,,,1
POTASSIUMPERMANGANATE,,POTASSIUM PERMANGANATE,498,,,1
POTASSIUMPEROXYDISULFATE,,POTASSIUM PEROXYDISULFATE,1028,,,1
POTASSIUMPEROXYMONOSULFATE,,POTASSIUM PEROXYMONOSULFATE,1859,,,1
POTASSIUMPHOSPHATEDIBASIC,,"POTASSIUM PHOSPHATE, DIBASIC",3359,,,1
POTASSIUMPHOSPHITE,,POTASSIUM PHOSPHITE,5766,,,1
POTASSIUMRESINATE,,POTASSIUM RESINATE,1764,,,1
POTASSIUMRICINOLEATE,,POTASSIUM RICINOLEATE,912,,,1
POTASSIUMSILICATE,,POTASSIUM SILICATE,2826,,,1
POTASSIUMSOAPOFCOCONUTFATTYACIDS,,POTASSIUM SOAP OF COCONUT FATTY ACIDS,903,,,1
POTASSIUMSOAPOFTALLOILFATTYACIDS,,POTASSIUM SOAP OF TALL OIL FATTY ACIDS,1409,,,1
POTASSIUMSORBATE,,POTASSIUM SORBATE,1132,,,1
POTASSIUMSTEARATE,,POTASSIUM STEARATE,3361,,,1
POTASSIUMSULFATE,,POTASSIUM SULFATE,3362,,,1
POTASSIUMSULFITE,,POTASSIUM SULFITE,3364,,,1
POTASSIUMSULFORICINOLEATE,,POTASSIUM SULFORICINOLEATE,3363,,,1
POTASSIUMTETRABORATE,,POTASSIUM TETRABORATE,3365,,,1
POTASSIUMTOLUENESULFONATE,,POTASSIUM TOLUENE SULFONATE,1439,,,1
POTASSIUMTRIIODIDE,,POTASSIUM TRIIODIDE,5066,,,1
POTASSIUMXYLENESULFONATE,,POTASSIUM XYLENESULFONATE,904,,,1
POTATOES,,POTATOES,3772,,,1
POULTRYFEED,,POULTRY FEED,3773,,,1
PRALLETHRIN,,PRALLETHRIN,3985,,,1
PRIMISULFAN,,PRIMISULFAN,6186,,,1
PRIMISULFURON,PRIMISULFURON,,,,,1
PRIMISULFURONMETHYL,,PRIMISULFURON-METHYL,5103,Primisulfuron-methyl,180.452,2
PROCAINEHYDROCHLORIDE,,PROCAINE HYDROCHLORIDE,3368,,,1
PROCHLORAZ,,PROCHLORAZ,6100,,,1
PROCYMIDONE,,PROCYMIDONE,2241,Procymidone,180.455,2
PRODIAMINE,PRODIAMINE,PRODIAMINE,2236,,,2
PRODIAMINEOTHERRELATED,,"PRODIAMINE, OTHER RELATED",92236,,,1
PROFENOFOS,PROFENOFOS,PROFENOFOS,2042,Profenofos,180.404,3
PROFLAVINEDIHYDROCHLORIDE,,PROFLAVINE DIHYDROCHLORIDE,1485,,,1
PROFLURALIN,,PROFLURALIN,1897,,,1
PROFLURALINOTHERRELATED,,"PROFLURALIN, OTHER RELATED",91897,,,1
PROHEXADIONE,PROHEXADIONE,,,,,1
PROHEXADIONECALCIUM,,PROHEXADIONE-CALCIUM,5497,Prohexadione calcium,180.547,2
PROHYDROJASMON,,PROHYDROJASMON,6133,,,1
PROMECARB,,PROMECARB,4092,,,1
PROMETON,,PROMETON,499,,,1
PROMETRYN,PROMETRYN,PROMETRYN,502,Prometryn,180.222,3
PROPACHLOR,,PROPACHLOR,511,Propachlor,180.211,2
PROPAMOCARB,,PROPAMOCARB,2147,Propamocarb,180.499,2
PROPAMOCARBHCL,PROPAMOCARB HCL,,,,,1
PROPAMOCARBHYDROCHLORIDE,,PROPAMOCARB HYDROCHLORIDE,4022,,,1
PROPANE,,PROPANE,2832,,,1
PROPANIL,PROPANIL,PROPANIL,503,Propanil,180.274,3
PROPARGITE,PROPARGITE,PROPARGITE,445,Propargite,180.259,3
PROPAZINE,PROPAZINE,PROPAZINE,504,Propazine,180.243,3
PROPELLANTA46,,PROPELLANT A-46,2834,,,1
PROPELLANTA70,,PROPELLANT A-70,2835,,,1
PROPELLANTA91,,PROPELLANT A-91,2836,,,1
PROPELLANTB46,,PROPELLANT B-46,3887,,,1
PROPETAMPHOS,,PROPETAMPHOS,2122,,,1
PROPHAM,,PROPHAM,339,,,1
PROPICONAZOLE,PROPICONAZOLE,PROPICONAZOLE,2276,Propiconazole,180.434,3
PROPIONIC,,PROPIONIC ACID,505,,,1
PROPOFOL,,PROPOFOL,3774,,,1
PROPOXUR,,PROPOXUR,62,,,1
PROPOXUROTHERRELATED,,"PROPOXUR, OTHER RELATED",90062,,,1
PROPOXYCARBAZONE,PROPOXYCARBAZONE,,,Propoxycarbazone,180.6,2
PROPOXYCARBAZONESODIUM,,PROPOXYCARBAZONE-SODIUM,5876,,,1
PROPYL4HYDROXYBENZOATE,,PROPYL 4-HYDROXYBENZOATE,2841,,,1
PROPYLAMINENITRITE,,PROPYL AMINE NITRITE,3371,,,1
PROPYLENE,,PROPYLENE,2838,,,1
PROPYLENECARBONATE,,PROPYLENE CARBONATE,6283,,,1
PROPYLENEETHYLENETHIOESTER,,PROPYLENE ETHYLENE THIOESTER,3373,,,1
PROPYLENEGLYCOL,,PROPYLENE GLYCOL,507,,,1
PROPYLENEGLYCOLALGINATE,,PROPYLENE GLYCOL ALGINATE,3775,,,1
PROPYLENEGLYCOLDICAPRYLATEDICAPRATE,,PROPYLENE GLYCOL DICAPRYLATE/DICAPRATE,2839,,,1
PROPYLENEGLYCOLMETHYLETHER,,"PROPYLENE GLYCOL, METHYL ETHER",998,,,1
PROPYLENEGLYCOLMONOLAURATE,,PROPYLENEGLYCOL MONOLAURATE,5856,,,1
PROPYLENEGLYCOLMONOMALIC,,"PROPYLENE GLYCOL, MONOMALIC ESTER",1366,,,1
PROPYLENEGLYCOLMONOMETHYLETHERACETATE,,PROPYLENE GLYCOL MONOMETHYL ETHER ACETATE,2840,,,1
PROPYLENEGLYCOLNPROPYLETHER,,PROPYLENE GLYCOL N-PROPYL ETHER,6246,,,1
PROPYLENEGLYCOLPOLYETHYLENEGLYCOL1HEXADECYLETHERACETATE,,PROPYLENE GLYCOL POLYETHYLENE GLYCOL-1-HEXADECYL ETHER ACETATE,3906,,,1
PROPYLENEGLYCOLTALLOIL,,PROPYLENE GLYCOL TALL OIL ESTER,3776,,,1
PROPYLENEOXIDE,,PROPYLENE OXIDE,508,Propylene oxide,180.491,2
PROPYZAMIDE,PROPYZAMIDE,PROPYZAMIDE,694,Propyzamide,180.317,3
PROPYZAMIDEMETABOLITE,,PROPYZAMIDE METABOLITE,4093,,,1
PROQUINAZID,,PROQUINAZID,6440,Proquinazid,180.674,2
PROSULFALIN,,PROSULFALIN,1928,,,1
PROSULFURON,PROSULFURON,PROSULFURON,5115,Prosulfuron,180.481,3
PROTEIN,,(POLY-N-ACETYL-D-GLUCOSAMINE)-PROTEIN,5798,,,1
PROTEINEXTRACTEDFROMPLANTSOFTHEGENUSLUPINUS,,PROTEIN EXTRACTED FROM PLANTS OF THE GENUS LUPINUS,6141,,,1
PROTHIOCONAZOLE,PROTHIOCONAZOLE,PROTHIOCONAZOLE,6005,Prothioconazole,180.626,3
PROTHIOFOS,,PROTHIOFOS,4094,,,1
PSEUDOMONASAUREOFACIENSSTRAINTX1,,PSEUDOMONAS AUREOFACIENS STRAIN TX-1,5956,,,1
PSEUDOMONASCEPACIATYPEWISCONSIN,,PSEUDOMONAS CEPACIA TYPE WISCONSIN,3926,,,1
PSEUDOMONASCHLORORAPHIS,,PSEUDOMONAS CHLORORAPHIS,5182,,,1
PSEUDOMONASCHLORORAPHISSUBSPAURANTIACASTRAINAFS009,,PSEUDOMONAS CHLORORAPHIS SUBSP. AURANTIACA STRAIN AFS009,6292,,,1
PSEUDOMONASFLUORESCENS,PSEUDOMONAS FLUORESCENS,,,,,1
PSEUDOMONASFLUORESCENSCL145ASTRAINTOXINS,,PSEUDOMONAS FLUORESCENS CL 145A STRAIN TOXINS,6013,,,1
PSEUDOMONASFLUORESCENSSTRAIN1629RS,,PSEUDOMONAS FLUORESCENS STRAIN 1629 RS,3949,,,1
PSEUDOMONASFLUORESCENSSTRAINA506,,"PSEUDOMONAS FLUORESCENS, STRAIN A506",2842,,,1
PSEUDOMONASFLUORESCENSSTRAIND7,,"PSEUDOMONAS FLUORESCENS, STRAIN D7",6318,,,1
PSEUDOMONASFLUORESCENSSTRAINEG1053,,"PSEUDOMONAS FLUORESCENS, STRAIN EG-1053",5045,,,1
PSEUDOMONASFLUORESCENSSTRAINNCIB12089,,PSEUDOMONAS FLUORESCENS STRAIN NCIB 12089,3968,,,1
PSEUDOMONASSYRINGAESTRAIN742RS,,"PSEUDOMONAS SYRINGAE, STRAIN 742 RS",2824,,,1
PSEUDOMONASSYRINGAESTRAINAGS31PSEDOMONASSYRINGAESTRAINPS31,,PSEUDOMONAS SYRINGAE STRAIN AGS31 PSEDOMONAS SYRINGAE STRAIN PS31,3950,,,1
PSEUDOMONASSYRINGAESTRAINESC10,,"PSEUDOMONAS SYRINGAE, STRAIN ESC-10",3960,,,1
PSEUDOMONASSYRINGAESTRAINESC11,,PSEUDOMONAS SYRINGAE STRAIN ESC-11,3967,,,1
PUCCINIACANALICULATA,,PUCCINIA CANALICULATA,5121,,,1
PUMICE,,PUMICE,3777,,,1
PURPUREOCILLIUMLILACINUM,,PURPUREOCILLIUM LILACINUM,6264,,,1
PURPUREOCILLIUMLILACINUMSTRAINPL11,,PURPUREOCILLIUM LILACINUM STRAIN PL11,6296,,,1
PURPUREOCILLIUMLILACIUNUMSTRAIN251,,PURPUREOCILLIUM LILACIUNUM STRAIN 251,5861,,,1
PUTRESCENTWHOLEEGGSOLIDS,,PUTRESCENT WHOLE EGG SOLIDS,1935,,,1
PYDIFLUMETOFEN,,PYDIFLUMETOFEN,6252,Pydiflumetofen,180.699,2
PYFLUBUMIDE,,PYFLUBUMIDE,6232,Pyflubumide,180.722,2
PYMETROZINE,PYMETROZINE,PYMETROZINE,5232,Pymetrozine,180.556,3
PYRACLONIL,,PYRACLONIL,6181,Pyraclonil,180.725,2
PYRACLOSTROBIN,PYRACLOSTROBIN,PYRACLOSTROBIN,5759,Pyraclostrobin,180.582,3
PYRAFLUFENETHYL,PYRAFLUFEN ETHYL,PYRAFLUFEN-ETHYL,5865,Pyraflufen-ethyl,180.585,3
PYRASULFOTOLE,PYRASULFOTOLE,PYRASULFOTOLE,6211,Pyrasulfotole,180.631,3
PYRAZIFLUMID,,PYRAZIFLUMID,6287,,,1
PYRAZOLYL,,PYRAZOLYL,6180,,,1
PYRAZON,,PYRAZON,509,Pyrazon,180.316,2
PYRAZONOTHERRELATED,,"PYRAZON, OTHER RELATED",90509,,,1
PYRETHRINS,PYRETHRINS,PYRETHRINS,510,Pyrethrins,180.128,3
PYRETHRINSOTHERRELATED,,"PYRETHRINS, OTHER RELATED",90510,,,1
PYRETHRUMNARC,,PYRETHRUM NARC,1461,,,1
PYRIDABEN,PYRIDABEN,PYRIDABEN,3959,Pyridaben,180.494,3
PYRIDALYL,,PYRIDALYL,5991,Pyridalyl,180.64,2
PYRIDATE,,PYRIDATE,3939,Pyridate,180.462,2
PYRIDINE,,PYRIDINE,1268,,,1
PYRIDINE4ETHENYLPOLYMERWITHALPHAOMEGAMETHOXYPOLYCOMPOUNDEDWITH1BROMOHEXANE,,"PYRIDINE, 4-ETHENYL-, POLYMER WITH ALPHA-(2-METHYL-1-OXO-2-PROPEN-1-YL)-OMEGA-METHOXYPOLY(OXY-1,2-ETHANEDIYL), COMPOUNDED WITH 1-BROMOHEXANE",6277,,,1
PYRIDYLBENZAMIDE,,PYRIDYL-BENZAMIDE,6155,,,1
PYRIFLUQUINAZON,,PYRIFLUQUINAZON,6073,Pyrifluquinazon,180.701,2
PYRIMETHANIL,PYRIMETHANIL,PYRIMETHANIL,5864,Pyrimethanil,180.518,3
PYRIMINIL,,PYRIMINIL,1916,,,1
PYRIOFENONE,,PYRIOFENONE,6156,Pyriofenone,180.66,2
PYRIPROXYFEN,PYRIPROXYFEN,PYRIPROXYFEN,4019,Pyriproxyfen,180.51,3
PYRITHIOBAC,,PYRITHIOBAC,3941,,,1
PYRITHIOBACSODIUM,PYRITHIOBAC-SODIUM,PYRITHIOBAC-SODIUM,3940,Pyrithiobac sodium,180.487,3
PYROXASULFONE,PYROXASULFONE,PYROXASULFONE,6143,Pyroxasulfone,180.659,3
PYROXSULAM,PYROXSULAM,PYROXSULAM,6030,Pyroxsulam,180.638,3
PYTHIUMOLIGANDRUMDV74,,PYTHIUM OLIGANDRUM DV74,5924,,,1
QST713STRAINOFDRIEDBACILLUSSUBTILIS,,QST 713 STRAIN OF DRIED BACILLUS SUBTILIS,5447,,,1
QUASSIA,,QUASSIA,3778,,,1
QUATERNIUM18BENTONITE,,QUATERNIUM-18 BENTONITE,2996,,,1
QUILLAJA,,QUILLAJA,3779,,,1
QUINCLORAC,QUINCLORAC,QUINCLORAC,5104,Quinclorac,180.463,3
QUINCLORACDIMETHYLAMINE,,"QUINCLORAC, DIMETHYLAMINE SALT",6102,,,1
QUINILGALLATE,,QUINIL GALLATE,6499,,,1
QUININEHYDROCHLORIDE,,QUININE HYDROCHLORIDE,1492,,,1
QUININESULFATE,,QUININE SULFATE,1341,,,1
QUINIZARINGREENSS,,QUINIZARIN GREEN SS,3374,,,1
QUINOCLAMINE,,QUINOCLAMINE,5953,,,1
QUINOXYFEN,QUINOXYFEN,QUINOXYFEN,5787,Quinoxyfen,180.588,3
QUINTOZENE,QUINTOZENE,,,,,1
QUIZALOFOP,QUIZALOFOP,,,,,1
QUIZALOFOPETHYL,,QUIZALOFOP-ETHYL,2226,Quizalofop ethyl,180.441,2
QUIZALOFOPPETHYL,,QUIZALOFOP-P-ETHYL,6062,,,1
R23979IMAZALILBASE,,R 23 979 IMAZALIL BASE,2844,,,1
RAISINS,,RAISINS,3780,,,1
RAPESEEDMETHYL,,RAPESEED METHYL ESTER,6285,,,1
REAX88B,,REAX 88B,2845,,,1
REDCABBAGECOLOR,,RED CABBAGE COLOR,5932,,,1
REDCEDARCHIPS,,RED CEDAR CHIPS,3781,,,1
REDPEPPERGROUND,,"RED PEPPER, GROUND",1094,,,1
REDSQUILL,,RED SQUILL,514,,,1
RESMETHRIN,,RESMETHRIN,2119,,,1
RESMETHRINOTHERRELATED,,"RESMETHRIN, OTHER RELATED",92119,,,1
RESORCINOL,,RESORCINOL,3375,,,1
REYNOUTRIASACHALINENSIS,,REYNOUTRIA SACHALINENSIS,5823,,,1
RHAMNOLIPIDBIOSURFACTANT,,RHAMNOLIPID BIOSURFACTANT,6173,,,1
RHEUMOFFICINALEBAIL,,RHEUM OFFICINALE BAIL (PLANT EXTRACT),6212,,,1
RHODAMINEB,,RHODAMINE B,2846,,,1
RICE,,RICE,3783,,,1
RICEHULLS,,RICE HULLS,3784,,,1
RIMSULFURON,RIMSULFURON,RIMSULFURON,3835,Rimsulfuron,180.478,3
RONNEL,,RONNEL,517,,,1
ROSEMARY,,ROSEMARY,2331,,,1
ROSEMARYOIL,,ROSEMARY OIL,5450,,,1
ROSIN,,ROSIN,3785,,,1
ROSINPARTIALLYDIMERIZED,,"ROSIN, PARTIALLY DIMERIZED",3786,,,1
ROSINPARTIALLYHYDROGENATED,,"ROSIN, PARTIALLY HYDROGENATED",3787,,,1
ROTENOLONE,,ROTENOLONE,4095,,,1
ROTENONE,ROTENONE,ROTENONE,518,,,2
ROTENONEOTHERRELATED,,"ROTENONE, OTHER RELATED",90518,,,1
RUBBER,,RUBBER,3788,,,1
RYANODINEALKALOID,,RYANODINE ALKALOID,520,,,1
RYEFLOUR,,RYE FLOUR,3789,,,1
SABADILLA,SABADILLA,,,,,1
SABADILLAALKALOIDS,,SABADILLA ALKALOIDS,521,,,1
SABSCISIC,,S-ABSCISIC ACID,5952,,,1
SACCHARIN,,"SACCHARIN|SACCHARIN, AMMONIUM SALT|SACCHARIN, SODIUM SALT",2280|2317|2318,,,1
SAFFLOWEROIL,,SAFFLOWER OIL,1510,,,1
SAFLUFENACIL,SAFLUFENACIL,SAFLUFENACIL,5977,Saflufenacil,180.649,3
SAFROLE,,SAFROLE,3376,,,1
SAG1572,,SAG 1572,6300,,,1
SALICYLANILIDE,,SALICYLANILIDE,450,,,1
SALICYLIC,,"SALICYLIC ACID|SALICYLIC ACID, SODIUM SALT",1170|6052,,,1
SALICYLICANDBENZOICOFPROPYLENEGLYCOL,,SALICYLIC AND BENZOIC ESTERS OF PROPYLENE GLYCOL,1365,,,1
SANTONIN,,SANTONIN,1470,,,1
SAPONIN,,SAPONIN,5033,,,1
SARMENTINE,,SARMENTINE,6140,,,1
SASE,,SASE,2847,,,1
SAWDUST,,SAWDUST,1316,,,1
SBIOALLETHRIN,,S-BIOALLETHRIN,4039,,,1
SCLEROTINIAMINORSTRAINIMI3144141,,SCLEROTINIA MINOR STRAIN IMI 3144141,6007,,,1
SCOPOLAMINEHYDROBROMIDETRIHYDRATE,,SCOPOLAMINE HYDROBROMIDE TRIHYDRATE,5178,,,1
SCRATCHFEED,,SCRATCH FEED,3792,,,1
SCYANOMETHYLCISTRANS322DIMETHYLCYCLOPROPANECARBOXYLATE,,"S-CYANO (3-PHENOXYPHENYL)METHYL (+) CIS/TRANS 3-(2,2-DICHLOROETHENYL)-2,2-DIMETHYLCYCLOPROPANE CARBOXYLATE (CIS/TRANS RATIO: MAX 55% CIS AND MIN 45% TRANS)",5921,,,1
SE1000PVCRESIN,,SE 1000 PVC RESIN,2848,,,1
SEAWEED,,SEAWEED,3793,,,1
SECACETOCHLOROXANILIC,,SEC-ACETOCHLOR OXANILIC ACID,6416,,,1
SECALACHLOROXANILIC,,SEC-ALACHLOR OXANILIC ACID,6417,,,1
SECBUMETON,,SECBUMETON,2849,,,1
SECBUTYLALCOHOL,,SEC-BUTYL ALCOHOL,3078,,,1
SECBUTYLAMINE,,SEC-BUTYLAMINE,1704,,,1
SECBUTYLAMMONIUMPHOSPHATE,,SEC-BUTYL AMMONIUM PHOSPHATE,1713,,,1
SEDAXANE,,SEDAXANE,6116,Sedaxane,180.665,2
SEE,,SEE (1667),6117,,,1
SEECHEMCODE5890,,SEE CHEM CODE 5890,5997,,,1
SEECHEMCODE6040,,SEE CHEM CODE 6040,6372,,,1
SEECHEMCODE6373,,SEE CHEM CODE 6373,6039,,,1
SEECHEMCODE6378,,SEE CHEM CODE 6378,6489,,,1
SEECHEMCODE6379,,SEE CHEM CODE 6379,6484,,,1
SEECHEMCODE6389,,SEE CHEM CODE 6389,6482,,,1
SEECHEMCODE6390,,SEE CHEM CODE 6390,6475,,,1
SEECHEMCODE6392,,SEE CHEM CODE 6392,6486,,,1
SEECHEMCODE6403,,SEE CHEM CODE 6403,6474,,,1
SEECHEMCODE6413,,SEE CHEM CODE 6413,6478,,,1
SEECHEMCODE6416,,SEE CHEM CODE 6416,6490,,,1
SEECHEMICALCODE3552,,SEE CHEMICAL CODE 3552,3553,,,1
SENBUCONAZOLE,,SENBUCONAZOLE,2850,,,1
SESAMEOIL,,SESAME OIL,1221,,,1
SETHOXYDIM,SETHOXYDIM,SETHOXYDIM,2177,Sethoxydim,180.412,3
SETHYLCYCLOHEXYLETHYLTHIOCARBAMATE,,,,S-Ethyl cyclohexylethylthiocarbamate,180.212,1
SETHYLDIPROPYLTHIOCARBAMATE,,,,S-Ethyl dipropylthiocarbamate,180.117,1
SETHYLOODIMETHYLPHOSPHOROTHIOATE,,,,"S-(2-(Ethylsulfinyl)ethyl) O,O-dimethyl phosphorothioate",180.33,1
SHALE,,SHALE,3794,,,1
SHAMPOOBASE,,SHAMPOO BASE,3795,,,1
SHELLAC,,SHELLAC,3378,,,1
SIDURON,,SIDURON,603,,,1
SILICAAEROGEL,,SILICA AEROGEL,529,,,1
SILICACRYSTALLINEFUSED,,"SILICA, CRYSTALLINE-FUSED",2851,,,1
SILICACRYSTALLINEQUARTZ,,"SILICA, CRYSTALLINE-QUARTZ",2852,,,1
SILICAFILLEDPOLYDIMETHYLSILOXANE,,SILICA FILLED POLYDIMETHYLSILOXANE,6081,,,1
SILICAGEL,,SILICA GEL,3557,,,1
SILICAHYDRATE,,SILICA HYDRATE,2853,,,1
SILICATES,SILICATES,,,,,1
SILICIC,,SILICIC ACID,3556,,,1
SILICONE,,SILICONE,3796,,,1
SILICONEDEFOAMER,,SILICONE DEFOAMER,1917,,,1
SILICONEMOLDRELEASEAGENTSM2140,,SILICONE MOLD RELEASE AGENT SM 2140,2854,,,1
SILKWORMPUPAE,,SILKWORM PUPAE,2855,,,1
SILTHIOFAM,,SILTHIOFAM,6215,,,1
SILVERCHLORIDE,,SILVER CHLORIDE,2324,,,1
SILVERIODIDECOLLOIDAL,,"SILVER IODIDE, COLLOIDAL",1556,,,1
SILVERIONIC,,"SILVER, IONIC",5150,,,1
SILVERNITRATE,,SILVER NITRATE,2856,,,1
SILVERSODIUMHYDROGENZIRCONIUMPHOSPHATE,,SILVER SODIUM HYDROGEN ZIRCONIUM PHOSPHATE,5765,,,1
SILVEX,,"SILVEX|SILVEX, POTASSIUM SALT",1323|530,,,1
SILVEX2ETHYLHEXYL,,"SILVEX, 2-ETHYLHEXYL ESTER",1261,,,1
SILVEXBUTOXYETHANOL,,"SILVEX, BUTOXYETHANOL ESTER",828,,,1
SILVEXBUTOXYPROPYL,,"SILVEX, BUTOXYPROPYL ESTER",1832,,,1
SILVEXDIMETHYLAMINE,,"SILVEX, DIMETHYLAMINE SALT",1902,,,1
SILVEXISOOCTYL,,"SILVEX, ISOOCTYL ESTER",829,,,1
SILVEXPROPYLENEGLYCOLBUTYLETHER,,"SILVEX, PROPYLENE GLYCOL BUTYL ETHER ESTER",349,,,1
SILVEXTRIETHANOLAMINE,,"SILVEX, TRIETHANOLAMINE SALT",296,,,1
SILVEXTRIETHYLAMINE,,"SILVEX, TRIETHYLAMINE SALT",1357,,,1
SIMAZINE,SIMAZINE,SIMAZINE,531,Simazine,180.213,3
SIMETONE,,SIMETONE,3532,,,1
SIMETRYN,,SIMETRYN,4097,,,1
SMETHOPRENE,,S-METHOPRENE,5026,,,1
SMETOLACHLOR,,S-METOLACHLOR,5133,,,1
SOAP,,SOAP,772,,,1
SOAPSTONE,,SOAPSTONE,3797,,,1
SODIUM,,SODIUM,2858,,,1
SODIUM14DIISOBUTYLSULFOSUCCINATE,,"SODIUM 1,4-DIISOBUTYL SULFO SUCCINATE",3845,,,1
SODIUM14DINONYLSULFOSUCCINATE,,"SODIUM 1,4-DINONYL SULFOSUCCINATE",3400,,,1
SODIUM1OCTANESULFONATE,,SODIUM-1-OCTANE SULFONATE,3886,,,1
SODIUM2MERCAPTOBENZOTHIAZOLE,,SODIUM 2-MERCAPTOBENZOTHIAZOLE,613,,,1
SODIUM2NITROPHENOXIDE,,SODIUM 2-NITROPHENOXIDE,5118,,,1
SODIUM4NITROPHENOXIDE,,SODIUM 4-NITROPHENOXIDE,5119,,,1
SODIUMALKYLARYLSULFONATE,,SODIUM ALKYLARYL SULFONATE,1206,,,1
SODIUMALKYLNAPHTHALENESULFONATE,,SODIUM ALKYL NAPHTHALENE SULFONATE,2859,,,1
SODIUMALPHAOLEFINSULFONATE,,SODIUM ALPHA-OLEFIN (C14-C16) SULFONATE,5843,,,1
SODIUMALUMINATE,,SODIUM ALUMINATE,3382,,,1
SODIUMALUMINUMPHOSPHATE,,SODIUM ALUMINUM PHOSPHATE,3383,,,1
SODIUMARSENATE,,SODIUM ARSENATE,283,,,1
SODIUMARSENITE,,SODIUM ARSENITE,534,,,1
SODIUMASCORBATE,,SODIUM ASCORBATE,3384,,,1
SODIUMBENZENESULFONATE,,SODIUM BENZENE SULFONATE,974,,,1
SODIUMBENZOATE,,SODIUM BENZOATE,535,,,1
SODIUMBICARBONATE,,SODIUM BICARBONATE,1134,,,1
SODIUMBICHROMATEDIHYDRATE,,SODIUM BICHROMATE DIHYDRATE,3980,,,1
SODIUMBISSULFOSUCCINATE,,SODIUM BIS(TRIDECYL) SULFOSUCCINATE,3386,,,1
SODIUMBISULFATE,,SODIUM BISULFATE,905,,,1
SODIUMBISULFITE,,SODIUM BISULFITE,6120,,,1
SODIUMBOROHYDRIDE,,SODIUM BOROHYDRIDE,3387,,,1
SODIUMBROMIDE,,SODIUM BROMIDE,1103,,,1
SODIUMBROMOSULFAMATESODIUMCHLOROSULFAMATEPOTASSIUMBROMOSULFAMATEPOTASSIUMCHLOROSULFAMATE,,"SODIUM BROMOSULFAMATE, SODIUM CHLOROSULFAMATE, POTASSIUM BROMOSULFAMATE, POTASSIUM CHLOROSULFAMATE",6031,,,1
SODIUMBUTYLNAPHTHALENESULFONATE,,SODIUM BUTYL NAPHTHALENE SULFONATE,2860,,,1
SODIUMCACODYLATE,,SODIUM CACODYLATE,1673,,,1
SODIUMCAPRYLATE,,SODIUM CAPRYLATE,3388,,,1
SODIUMCARBONATE,,SODIUM CARBONATE,854,,,1
SODIUMCARBONATEPEROXYHYDRATE,,SODIUM CARBONATE PEROXYHYDRATE,5785,,,1
SODIUMCASEINATE,,SODIUM CASEINATE,3389,,,1
SODIUMCETYLSULFATE,,SODIUM CETYL SULFATE,3390,,,1
SODIUMCHLORATE,SODIUM CHLORATE,SODIUM CHLORATE,536,,,2
SODIUMCHLORIDE,,SODIUM CHLORIDE,721,,,1
SODIUMCHLORITE,,SODIUM CHLORITE,2148,,,1
SODIUMCHLOROPHENATES,,SODIUM CHLOROPHENATES,773,,,1
SODIUMCHROMATE,,SODIUM CHROMATE,1241,,,1
SODIUMCITRATE,,SODIUM CITRATE,1634,,,1
SODIUMCYANIDE,,SODIUM CYANIDE,688,,,1
SODIUMDECYLBENZENESULFONATE,,SODIUM DECYL BENZENE SULFONATE,3394,,,1
SODIUMDECYLSULFATE,,SODIUM DECYL SULFATE,5866,,,1
SODIUMDIBUTYLNAPHTHALENESULFONATE,,SODIUM DIBUTYL NAPHTHALENE SULFONATE,3555,,,1
SODIUMDICHLOROSTRIAZINETRIONE,,SODIUM DICHLORO-S-TRIAZINETRIONE,205,,,1
SODIUMDICHLOROSTRIAZINETRIONEDIHYDRATE,,SODIUM DICHLORO-S-TRIAZINETRIONE DIHYDRATE,1818,,,1
SODIUMDICHROMATE,,SODIUM DICHROMATE,3395,,,1
SODIUMDIHEXYLSULFOSUCCINATE,,SODIUM DIHEXYL SULFOSUCCINATE,3396,,,1
SODIUMDIHYDROGENPHOSPHATE,,SODIUM DIHYDROGEN PHOSPHATE,1022,,,1
SODIUMDIISOBUTYLNAPHTHALENESULFONATE,,SODIUM DIISOBUTYL NAPHTHALENE SULFONATE,3397,,,1
SODIUMDIISOOCTYLSULFOSUCCINATE,,SODIUM DIISOOCTYLSULFOSUCCINATE,961,,,1
SODIUMDIISOPROPYLNAPHTHALENESULFONATE,,SODIUM DIISOPROPYL NAPHTHALENE SULFONATE,3398,,,1
SODIUMDIMETHYLDITHIOCARBAMATE,,SODIUM DIMETHYL DITHIO CARBAMATE,548,,,1
SODIUMDIMETHYLNAPHTHALENESULFONATE,,SODIUM DIMETHYL NAPHTHALENE SULFONATE,3399,,,1
SODIUMDIOCTYLSULFOSUCCINATE,,SODIUM DIOCTYLSULFOSUCCINATE,2068,,,1
SODIUMDIPHENOXYBENZENEDISULFONATE,,SODIUM DI (1-ALKENYL) PHENOXY BENZENE DISULFONATE,1373,,,1
SODIUMDIPHOSPHATE,,SODIUM DI (MONOETHANOLAMINE) PHOSPHATE,1543,,,1
SODIUMDODECYLBENZENESULFONATE,,SODIUM DODECYLBENZENE SULFONATE,774,,,1
SODIUMDODECYLBENZENESULFONATEIODINECOMPLEX,,SODIUM DODECYLBENZENE SULFONATE - IODINE COMPLEX,1569,,,1
SODIUMDODECYLDIPHENYLOXIDESULFONATE,,SODIUM DODECYL DIPHENYL OXIDE SULFONATE,3401,,,1
SODIUMDODECYLPHENOXYBENZENEDISULFONATE,,SODIUM DODECYL PHENOXY BENZENE DISULFONATE,3403,,,1
SODIUMDODEYCLPOLYOXYETHYLENESULFATE,,SODIUM DODEYCL POLYOXYETHYLENE SULFATE,3404,,,1
SODIUMFLUORIDE,,SODIUM FLUORIDE,537,,,1
SODIUMFLUOSILICATE,,SODIUM FLUOSILICATE,538,,,1
SODIUMFORMALDEHYDESULFOXYLATE,,SODIUM FORMALDEHYDE SULFOXYLATE,3405,,,1
SODIUMGLUCONATE,,SODIUM GLUCONATE,3406,,,1
SODIUMHEPTADECYLSULFATE,,SODIUM HEPTADECYL SULFATE,3407,,,1
SODIUMHEXAMETAPHOSPHATE,,SODIUM HEXAMETAPHOSPHATE,1623,,,1
SODIUMHYDROSULFITE,,SODIUM HYDROSULFITE,3408,,,1
SODIUMHYDROXIDE,,SODIUM HYDROXIDE,362,,,1
SODIUMHYDROXYMETHYLGLYCINATE,,SODIUM HYDROXYMETHYLGLYCINATE,5720,,,1
SODIUMHYPOCHLORITE,,SODIUM HYPOCHLORITE,539,,,1
SODIUMHYPOPHOSPHATE,,SODIUM HYPOPHOSPHATE,3409,,,1
SODIUMHYPOPHOSPHITE,,SODIUM HYPOPHOSPHITE,3410,,,1
SODIUMISOPROPYLNAPHTHALENESULFONATE,,SODIUM ISOPROPYL NAPHTHALENE SULFONATE,3411,,,1
SODIUMLAUROAMPHOACETATE,,SODIUM LAUROAMPHO ACETATE,5867,,,1
SODIUMLAURYLETHERSULFATE,,SODIUM LAURYL ETHER SULFATE,3799|6355,,,1
SODIUMLAURYLSULFATE,,SODIUM LAURYL SULFATE,907,,,1
SODIUMLIGNOSULFONATE,,SODIUM LIGNOSULFONATE,2861,,,1
SODIUMMETABISULFITE,,SODIUM METABISULFITE,547,,,1
SODIUMMETABORATE,,SODIUM METABORATE,689,,,1
SODIUMMETABORATEOCTAHYDRATE,,SODIUM METABORATE OCTAHYDRATE,4012,,,1
SODIUMMETABORATETETRAHYDRATE,,SODIUM METABORATE TETRAHYDRATE,4013,,,1
SODIUMMETASILICATE,,SODIUM METASILICATE,1840,,,1
SODIUMMETHACRYLATE,,SODIUM METHACRYLATE,3414,,,1
SODIUMMETHYLNAPHTHALENESULFONATE,,SODIUM METHYL NAPHTHALENE SULFONATE,3415,,,1
SODIUMMETHYLNONYLNAPHTALENESULFONATE,,SODIUM METHYL NONYL NAPHTALENE SULFONATE,3416,,,1
SODIUMMETHYLSULFATE,,SODIUM METHYL SULFATE,3417,,,1
SODIUMMOLYBDATE,,SODIUM MOLYBDATE,1761,,,1
SODIUMMONOPHENOXYBENZENEDISULFONATE,,SODIUM MONO (1-ALKENYL) PHENOXY BENZENE DISULFONATE,1372,,,1
SODIUMNALKYLNPALMITOYLTAURATEIODINECOMPLEX,,SODIUM N-ALKYL-N-PALMITOYL TAURATE-IODINE COMPLEX,1568,,,1
SODIUMNAPHTHALENESULFONATE,,SODIUM NAPHTHALENE SULFONATE,1873,,,1
SODIUMNCYCLOHEXYLNPALMITOYLTAURATEIODINECOMPLEX,,SODIUM N-CYCLOHEXYL-N-PALMITOYL TAURATE - IODINE COMPLEX,2089,,,1
SODIUMNITRATE,,SODIUM NITRATE,696,,,1
SODIUMNITRITE,,SODIUM NITRITE,2862,,,1
SODIUMNLAUROYLNMETHYLTAURINE,,SODIUM N-LAUROYL-N-METHYL TAURINE,3412,,,1
SODIUMNMETHYLNOLEYLLAURATE,,SODIUM N-METHYL-N-OLEYL LAURATE,3419,,,1
SODIUMNNONYLDIPHENYLETHERSULFONATE,,SODIUM N-NONYL DIPHENYL ETHER SULFONATE,3420,,,1
SODIUMNONANOYLOXYBENZENESULFONATE,,SODIUM NONANOYLOXYBENZENE SULFONATE,5137,,,1
SODIUMNONYLPHENYLPOLYOXYETHYLENESULFATE,,SODIUM NONYLPHENYL POLYOXYETHYLENE SULFATE (4-5 MOLES),3421,,,1
SODIUMNPALMITOYLNMETHYLTAURINE,,SODIUM N-PALMITOYL-N-METHYL TAURINE,3428,,,1
SODIUMOCTYLSULFATE,,SODIUM OCTYL SULFATE,3423,,,1
SODIUMOLEOYLISETHIONATE,,SODIUM OLEOYL ISETHIONATE,3425,,,1
SODIUMOLEYLSULFATE,,SODIUM OLEYL SULFATE,3426,,,1
SODIUMOLEYLTAURINE,,SODIUM OLEYL TAURINE,3427,,,1
SODIUMPARATERTAMYLPHENATE,,SODIUM PARA-TERT-AMYLPHENATE,1541,,,1
SODIUMPARATERTBUTYLPHENATE,,SODIUM PARA-TERT-BUTYLPHENATE,1540,,,1
SODIUMPENTABORATE,,SODIUM PENTABORATE,1347,,,1
SODIUMPERACETATE,,SODIUM PERACETATE,6360,,,1
SODIUMPERBORATE,,SODIUM PERBORATE,3429,,,1
SODIUMPERMANGANATE,,SODIUM PERMANGANATE,3430,,,1
SODIUMPERSULFATE,,SODIUM PERSULFATE,2336,,,1
SODIUMPETROLEUMSULFONATE,,SODIUM PETROLEUM SULFONATE,3431,,,1
SODIUMPHENATE,,SODIUM PHENATE,2164,,,1
SODIUMPOLYACRYLATE,,SODIUM POLYACRYLATE,2863,,,1
SODIUMPOLYSULFIDE,,SODIUM POLYSULFIDE,541,,,1
SODIUMPROPIONATE,,SODIUM PROPIONATE,3434,,,1
SODIUMPYRITHIONE,,SODIUM PYRITHIONE,2144,,,1
SODIUMPYROARSENATE,,SODIUM PYROARSENATE,2864,,,1
SODIUMPYROPHOSPHATE,,SODIUM ACID PYROPHOSPHATE,3381,,,1
SODIUMRICINOLEATE,,SODIUM RICINOLEATE,3435,,,1
SODIUMSARCOSINATE,,SODIUM SARCOSINATE,3440,,,1
SODIUMSESQUICARBONATE,,SODIUM SESQUICARBONATE,1292,,,1
SODIUMSILICATE,,SODIUM SILICATE,2865,,,1
SODIUMSILICOALUMINATE,,SODIUM SILICOALUMINATE,2866,,,1
SODIUMSTEARATE,,SODIUM STEARATE,3441,,,1
SODIUMSULFAMATE,,SODIUM SULFAMATE,3442,,,1
SODIUMSULFATE,,SODIUM SULFATE,1532,,,1
SODIUMSULFATEDIETHYLENEGLYCOLABIETATE,,"SODIUM SULFATE, DIETHYLENE GLYCOL ABIETATE",1661,,,1
SODIUMSULFITE,,SODIUM SULFITE,1635,,,1
SODIUMSULFONATES,,SODIUM SULFONATES,1204,,,1
SODIUMSULFORICINOLEATE,,SODIUM SULFORICINOLEATE,908,,,1
SODIUMSULFOSUCCINATE,,SODIUM SULFOSUCCINATE,3445,,,1
SODIUMTALLOWSOAP,,SODIUM TALLOW SOAP,3802,,,1
SODIUMTETRABORATE,,SODIUM TETRABORATE (ANHYDROUS)|SODIUM TETRABORATE (PENTAHYDRATE),1808|5054,,,1
SODIUMTETRADECYLSULFATE,,SODIUM TETRADECYL SULFATE,3446,,,1
SODIUMTETRATHIOCARBONATE,,SODIUM TETRATHIOCARBONATE,2273,,,1
SODIUMTHIOCYANATE,,SODIUM THIOCYANATE,848,,,1
SODIUMTHIOSULFATE,,SODIUM THIOSULFATE,332,,,1
SODIUMTOLUENESULFONATE,,SODIUM TOLUENE SULFONATE,3447,,,1
SODIUMTRIISOPROPYLNAPHTHALENESULFONATE,,SODIUM TRIISOPROPYL NAPHTHALENE SULFONATE,3448,,,1
SODIUMTRIPHENYLBENZENESULFONATE,,SODIUM TRIPHENYL BENZENE SULFONATE,3449,,,1
SODIUMTRIPOLYPHOSPHATE,,SODIUM TRIPOLYPHOSPHATE,1024,,,1
SODIUMXYLENESULFONATE,,SODIUM XYLENE SULFONATE,909,,,1
SOLULAN98,,SOLULAN 98,2867,,,1
SOLULANL575,,SOLULAN L-575,2868,,,1
SOLVENTNAPHTHALIGHTAROMATIC,,"SOLVENT NAPHTHA (PETROLEUM), LIGHT AROMATIC",3804,,,1
SOLVENTRED49,,SOLVENT RED 49,3900,,,1
SORBIC,,SORBIC ACID,544,,,1
SORBITANDIOLEATE,,SORBITAN DIOLEATE,2869,,,1
SORBITANFATTY,,SORBITAN FATTY ACID ESTERS,2064,,,1
SORBITANMONOCOCOANATE,,SORBITAN MONOCOCOANATE,3451,,,1
SORBITANMONOLAURATE,,SORBITAN MONOLAURATE,2871,,,1
SORBITANMONOOLEATE,,SORBITAN MONOOLEATE,2870,,,1
SORBITANMONOSTEARATE,,SORBITAN MONOSTEARATE,3452,,,1
SORBITANSESQUIOLEATE,,SORBITAN SESQUIOLEATE,3805,,,1
SORBITANTRIOLEATE,,SORBITAN TRIOLEATE,2872,,,1
SORBITOL,,SORBITOL,1629,,,1
SORBITOLOCTANOATE,,SORBITOL OCTANOATE,5922,,,1
SORGHUMGRAIN,,"SORGHUM, GRAIN",3904,,,1
SOYAETHYLMORPHOLINIUMETHOSULFATE,,SOYA ETHYL MORPHOLINIUM ETHOSULFATE,3453,,,1
SOYALKYDRESIN,,SOY ALKYD RESIN,2873,,,1
SOYBEANFATTYACIDSDIMETHYLAMINE,,"SOYBEAN FATTY ACIDS, DIMETHYLAMINE SALT",1882,,,1
SOYBEANFATTYACIDSTERTAMINE,,"SOYBEAN FATTY ACIDS, TERT AMINE SALT",1308,,,1
SOYBEANHULLS,,SOYBEAN HULLS,3807,,,1
SOYBEANMEAL,,SOYBEAN MEAL,3808,,,1
SOYBEANOIL,,SOYBEAN OIL,2335,,,1
SOYFLOUR,,SOY FLOUR,3809,,,1
SOYPROTEIN,,SOY PROTEIN,3810,,,1
SPD21768,,SPD-21-768,2874,,,1
SPHAGNUMMOSS,,SPHAGNUM MOSS,6110,,,1
SPINETORAM,SPINETORAM,SPINETORAM,5946,Spinetoram,180.635,3
SPINOSAD,,SPINOSAD,3983,Spinosad,180.495,2
SPINOSYN,SPINOSYN,,,,,1
SPIRODICLOFEN,SPIRODICLOFEN,SPIRODICLOFEN,5857,Spirodiclofen,180.608,3
SPIROMESIFEN,SPIROMESIFEN,SPIROMESIFEN,5858,Spiromesifen,180.607,3
SPIROPIDION,,,,Spiropidion,180.723,1
SPIROTETRAMAT,SPIROTETRAMAT,SPIROTETRAMAT,5955,Spirotetramat,180.641,3
SPIROXAMINE,,SPIROXAMINE,6010,Spiroxamine,180.602,2
SPODOPTERAEXIGUAMULTINUCLEOPOLYHEDROVIRUSSTRAINBV004,,"SPODOPTERA EXIGUA MULTINUCLEOPOLYHEDROVIRUS, STRAIN BV-004",6191,,,1
SPONTO168,,SPONTO 168,2875,,,1
SPONTO232T,,SPONTO 232T,2885,,,1
SPONTO234T,,SPONTO 234T,2886,,,1
SPONTOAK3002BT,,SPONTO AK-30-02BT,2876,,,1
SPONTOAK3127A,,SPONTO AK31-27A,2877,,,1
SPONTOAK3127B,,SPONTO AK31-27B,2878,,,1
SPONTOAK3138,,SPONTO AK31-38,2879,,,1
SPONTOAK3156A,,SPONTO AK31-56A,2880,,,1
SPONTOAK3156B,,SPONTO AK31-56B,2881,,,1
SPONTOAK3156M,,SPONTO AK31-56M,3558,,,1
SPONTON140B,,SPONTO N-140B,2882,,,1
SPONTON300B,,SPONTO N-300B,2883,,,1
SPONTON500B,,SPONTO N-500B,2884,,,1
SPRAYDRIEDHONEYPOWDER,,SPRAY DRIED HONEY POWDER,3565,,,1
SQUALANE,,SQUALANE,2887,,,1
SSSTRIBUTYLPHOSPHOROTRITHIOATE,,"S,S,S-TRIBUTYL PHOSPHOROTRITHIOATE",190,,,1
STAPRO3000,,STA-PRO 3000,2889,,,1
STARCH,,STARCH,1821,,,1
STARCHGPOLY,,STARCH-G-POLY (ACRYLAMIDE-CO-SODIUM ACRYLATE),2888,,,1
STEARAMINEOXIDE,,STEARAMINE OXIDE,3454,,,1
STEARIC,,STEARIC ACID,2890,,,1
STEARYLALCOHOL,,STEARYL ALCOHOL,2892,,,1
STEARYLIMIDAZOLINE,,STEARYL IMIDAZOLINE,3455,,,1
STEINERNEMACARPOCAPSAE,,STEINERNEMA CARPOCAPSAE,6222,,,1
STEINERNEMAFELTIAESTRAINUK76,,STEINERNEMA FELTIAE STRAIN UK76,6262,,,1
STEPANTANA,,STEPANTAN A,2894,,,1
STERILIX,,STERILIX,550,,,1
STREPTOMYCESACIDISCABIESRL110,,STREPTOMYCES ACIDISCABIES RL-110 (ATCC 49003),6139,,,1
STREPTOMYCESACIDISCABIESSTRAINRL100TCELLSANDFERMENTATIONSOLIDS,,STREPTOMYCES ACIDISCABIES STRAIN RL-100T CELLS AND FERMENTATION SOLIDS,6036,,,1
STREPTOMYCESGRISEOVIRIDISSTRAINK61,,STREPTOMYCES GRISEOVIRIDIS STRAIN K61,3937,,,1
STREPTOMYCESLYDICUSWYEC108,,STREPTOMYCES LYDICUS WYEC 108,5891,,,1
STREPTOMYCESMICROFLAVUSSTRAINAQ6121,,"STREPTOMYCES MICROFLAVUS, STRAIN AQ 6121",6112,,,1
STREPTOMYCESNIGRESCENSSPP,,STREPTOMYCES NIGRESCENS SPP.,6333,,,1
STREPTOMYCESRIMOSUS,,STREPTOMYCES RIMOSUS,6498,,,1
STREPTOMYCIN,STREPTOMYCIN,STREPTOMYCIN,1217,Streptomycin,180.245,3
STREPTOMYCINSULFATE,,STREPTOMYCIN SULFATE,3834,,,1
STRIGOLACTONE,,STRIGOLACTONE,6432,,,1
STROBANE,,STROBANE,553,,,1
STRONTIUMDODECYLBENZENESULFONATE,,STRONTIUM DODECYL BENZENE SULFONATE,3456,,,1
STRYCHNINE,,STRYCHNINE,554,,,1
STRYCHNINESULFATE,,STRYCHNINE SULFATE,555,,,1
STYRENEACRYLICCOPOLYMER,,STYRENE ACRYLIC COPOLYMER,3457,,,1
STYRENEBUTADIENECOPOLYMER,,STYRENE BUTADIENE COPOLYMER,5399,,,1
STYRENEMALEICANHYDRIDECOPOLYMER,,STYRENE/MALEIC ANHYDRIDE COPOLYMER,3811,,,1
STYRENEPVPCOPOLYMER,,STYRENE/PVP COPOLYMER,3812,,,1
SUBBITUMINOUSHUMICSUBSTANCEDERIVEDFROMSEAWEED,,SUB-BITUMINOUS HUMIC SUBSTANCE DERIVED FROM SEAWEED,6353,,,1
SUCCINICANHYDRIDE,,SUCCINIC ANHYDRIDE,2897,,,1
SUCROSEOCTAACETATE,,SUCROSE OCTAACETATE,3458,,,1
SUCROSEOCTANOATE,,SUCROSE OCTANOATE,5230,,,1
SUDANIII,,SUDAN III,3459,,,1
SUGAR,,SUGAR,708,,,1
SUGARBEETMEAL,,SUGARBEET MEAL,3813,,,1
SULCOFURONSODIUM,,SULCOFURON-SODIUM,1645,,,1
SULFACETAMIDE,,SULFACETAMIDE,2215,,,1
SULFALLATE,,SULFALLATE,115,,,1
SULFAMETHAZINE,,SULFAMETHAZINE,1180,,,1
SULFAMIC,,SULFAMIC ACID,1044,,,1
SULFANILAMIDE,,SULFANILAMIDE,557,,,1
SULFAQUINOXALINE,,SULFAQUINOXALINE,775,,,1
SULFATEDDIPENTANE,,SULFATED DIPENTANE,3460,,,1
SULFATEDLINEARALCOHOLETHOXYLATE,,"SULFATED LINEAR ALCOHOL ETHOXYLATE, AMMONIUM SALT",1994,,,1
SULFATHIAZONE,,"SULFATHIAZONE|SULFATHIAZONE, SODIUM SALT",1489|1867,,,1
SULFCARBAMIDE,SULFCARBAMIDE,,,,,1
SULFENTRAZONE,SULFENTRAZONE,SULFENTRAZONE,5923,Sulfentrazone,180.498,3
SULFIDE,,SULFIDE,2898,,,1
SULFINYLLACTIC,,"SULFINYL LACTIC ACID, SODIUM SALT",2899,,,1
SULFISOXAZOLE,,SULFISOXAZOLE,2211,,,1
SULFLURAMID,,SULFLURAMID,2314,,,1
SULFOMETURON,SULFOMETURON,,,,,1
SULFOMETURONMETHYL,,SULFOMETURON-METHYL,2149,Sulfometuron-methyl,180.704,2
SULFONATED2HYDROXY4METHOXYBENZOPHENONE,,SULFONATED 2-HYDROXY-4-METHOXY-BENZOPHENONE,2900,,,1
SULFONATEDALKYLDIPHENYLOXIDE,,SULFONATED ALKYLDIPHENYL OXIDE,1236,,,1
SULFONATEDCASTOROIL,,SULFONATED CASTOR OIL,1870,,,1
SULFONATEDCODOIL,,SULFONATED COD OIL,3814,,,1
SULFONATEDCRESOL,,SULFONATED CRESOL,1119,,,1
SULFONATEDOLEIC,,"SULFONATED OLEIC ACID, SODIUM SALT",1674,,,1
SULFONATEDTALLOILFATTYACIDSSODIUM,,"SULFONATED TALL OIL FATTY ACIDS, SODIUM SALTS",2354,,,1
SULFOSATE,SULFOSATE,,,,,1
SULFOSULFURON,SULFOSULFURON,SULFOSULFURON,5136,Sulfosulfuron,180.552,3
SULFOSULFURONETHYLSULFONE,,"SULFOSULFURON ETHYL SULFONE|SULFOSULFURON ETHYL SULFONE
",6418|6487,,,1
SULFOTEP,,SULFOTEP,558,,,1
SULFOTEPOTHERRELATED,,"SULFOTEP, OTHER RELATED",90558,,,1
SULFOXAFLOR,SULFOXAFLOR,SULFOXAFLOR,6109,Sulfoxaflor,180.668,3
SULFOXIDE,,SULFOXIDE,559,,,1
SULFOXIDEOTHERRELATED,,"SULFOXIDE, OTHER RELATED",90559,,,1
SULFUR,SULFUR,SULFUR,560,,,2
SULFURCHLORIDE,,SULFUR CHLORIDE,3461,,,1
SULFURDICHLORIDE,,SULFUR DICHLORIDE,3462,,,1
SULFURDIOXIDE,,SULFUR DIOXIDE,561,Sulfur dioxide,180.444,2
SULFURIC,SULFURIC ACID,SULFURIC ACID,442,,,2
SULFURYLFLUORIDE,,SULFURYL FLUORIDE,618,Sulfuryl fluoride,180.575,2
SULPROFOS,,SULPROFOS,2006,,,1
SUNFLOWEROIL,,SUNFLOWER OIL,6321,,,1
SUNFLOWERSEEDS,,SUNFLOWER SEEDS,3815,,,1
SUNSUPERIORSPRAYOIL7N,,SUN SUPERIOR SPRAY OIL 7N,2902,,,1
SURESOL180,,SURE SOL 180,2903,,,1
SURFLOB11,,SURFLO B11,2904,,,1
SURFLOB13,,SURFLO B13,2905,,,1
SURFLOB16,,SURFLO B16,2906,,,1
SURFLOB17,,SURFLO B17,2907,,,1
SURFLOB19,,SURFLO B19,2908,,,1
SWEP,,SWEP,4098,,,1
SWINGLEAGLUTINOSAEXTRACT,,SWINGLEA GLUTINOSA EXTRACT,6291,,,1
SYN545974,,SYN545974,6168,,,1
SYNTHETICBEESWAX,,SYNTHETIC BEESWAX,2910,,,1
SYNTHETICVEGETABLEGUMS,,SYNTHETIC VEGETABLE GUMS,1835,,,1
TABUPOWDER,,TABU POWDER,1462,,,1
TACKS,,TACKS,3816,,,1
TAGETESOIL,,TAGETES OIL,6196,,,1
TALC,,TALC,2911,,,1
TALLOIL,,TALL OIL,2912,,,1
TALLOILFATTYACIDS,,TALL OIL FATTY ACIDS,1389,,,1
TALLOILFATTYACIDSDIETHANOLAMIDE,,TALL OIL FATTY ACIDS DIETHANOLAMIDE,5880,,,1
TALLOILFATTYSOAPOFNALKYLPROPYLDIAMINE,,TALL OIL FATTY ACID SOAP OF N-ALKYL (C16-C18) PROPYL DIAMINE,3463,,,1
TALLOILROSIN,,TALL OIL ROSIN,3817,,,1
TALLOW,,TALLOW,5148,,,1
TALLOWBISAMINE,,TALLOW BIS(2-HYDROXYETHYL)AMINE,6242,,,1
TALLOWSOAP,,TALLOW SOAP,1499,,,1
TAMARINDSEEDGUM,,TAMARIND SEED GUM,6302,,,1
TAROIL,,TAR ACID OIL,2914,,,1
TARTARIC,,TARTARIC ACID,2915,,,1
TARTRAZINE,,TARTRAZINE,2155,,,1
TAUFLUVALINATE,,TAU-FLUVALINATE,2195,Tau-Fluvalinate,180.427,2
TCMTB,TCMTB,TCMTB,971,,,2
TDETDD5,,T-DET DD-5,2916,,,1
TDETN95,,T-DET N-9.5,2917,,,1
TEASTEARATE,,TEA STEARATE,3465,,,1
TEASULFATE,,TEA SULFATE,3466,,,1
TEATREEOIL,,TEA TREE OIL,6012,,,1
TEBUCONAZOLE,TEBUCONAZOLE,TEBUCONAZOLE,3850,Tebuconazole,180.474,3
TEBUFENOZIDE,TEBUFENOZIDE,TEBUFENOZIDE,3957,Tebufenozide,180.482,3
TEBUFLOQUIN,,TEBUFLOQUIN,6230,,,1
TEBUPIRIMPHOS,TEBUPIRIMPHOS,,,,,1
TEBUTHIURON,TEBUTHIURON,TEBUTHIURON,1810,Tebuthiuron,180.39,3
TEBUTHIURONTP109,,TEBUTHIURON TP 109 (OH),6419,,,1
TECNAZENE,,TECNAZENE,2918,,,1
TEFLUBENZURON,,TEFLUBENZURON,6493,Teflubenzuron,180.687,2
TEFLUTHRIN,TEFLUTHRIN,TEFLUTHRIN,3839,Tefluthrin,180.44,3
TEMASEPTROTHERRELATED,,"TEMASEPT-R, OTHER RELATED",90574,,,1
TEMBOTRIONE,TEMBOTRIONE,TEMBOTRIONE,6021,Tembotrione,180.634,3
TEMEPHOS,,TEMEPHOS,1,,,1
TENNECO225FPVCRESIN,,TENNECO 225F PVC RESIN,2919,,,1
TENNECOT500100,,TENNECO T500-100,2920,,,1
TENOX2,,TENOX 2,2921,,,1
TENOX4,,TENOX 4,2922,,,1
TENOXR,,TENOX R,2923,,,1
TENOXS1,,TENOX S-1,2924,,,1
TENSIOFIXB7416,,TENSIOFIX B7416,3943,,,1
TENSIOFIXB7453,,TENSIOFIX B7453,3944,,,1
TEPP,,TEPP,577,,,1
TEPPOTHERRELATED,,"TEPP, OTHER RELATED",90577,,,1
TEPRALOXYDIM,,,,Tepraloxydim,180.573,1
TERBACIL,TERBACIL,TERBACIL,532,Terbacil,180.209,3
TERBUFOS,TERBUFOS,TERBUFOS,2925,Terbufos,180.352,3
TERBUFOSOXONSULFONE,,TERBUFOS OXON SULFONE,6045,,,1
TERBUFOSOXONSULFOXIDE,,TERBUFOS OXON SULFOXIDE,6421,,,1
TERBUFOSSULFOXIDE,,TERBUFOS SULFOXIDE,6420,,,1
TERBUTHYLAZINE,,TERBUTHYLAZINE,3004,,,1
TERBUTOL,,TERBUTOL,51,,,1
TERBUTRYN,,TERBUTRYN,1691,,,1
TERBUTRYNOTHERRELATED,,"TERBUTRYN, OTHER RELATED",91691,,,1
TERGITOL15S12ACRYLATE,,TERGITOL 15-S-12 ACRYLATE,2927,,,1
TERPINEOLS,,TERPINEOLS,978,,,1
TERPINEOLSMIXEDISOMERS,,"TERPINEOLS, MIXED ISOMERS",6108,,,1
TERRAZOLE,,TERRAZOLE,580,,,1
TERTBUTYLDIMETHYLTRITHIOPEROXYCARBAMATE,,TERT-BUTYL DIMETHYL TRITHIO PEROXYCARBAMATE,1383,,,1
TERTBUTYLDIMETHYLTRITHIOPEROXYCARBAMATEOTHERRELATED,,"TERT-BUTYLDIMETHYLTRITHIOPEROXYCARBAMATE, OTHER RELATED",91383,,,1
TERTBUTYLPHENOLOXYETHYLATEDADDUCT,,"TERT-BUTYLPHENOL, OXYETHYLATED ADDUCT",2059,,,1
TERTIARYBUTYLAMINEPYRIDINETHIOL1OXIDE,,TERTIARY-BUTYLAMINE PYRIDINETHIOL-1-OXIDE,2929,,,1
TETRAACETYLETHYLENEDIAMINE,,TETRAACETYLETHYLENEDIAMINE,6238,,,1
TETRABOROHYDRATE,TETRABOROHYDRATE,,,,,1
TETRACAINEHYDROCHLORIDE,,TETRACAINE HYDROCHLORIDE,1284,,,1
TETRACHLOROETHANE,,TETRACHLOROETHANE,3559,,,1
TETRACHLOROETHYLENE,,TETRACHLOROETHYLENE,1174,,,1
TETRACHLOROPHENOL,,"TETRACHLOROPHENOL|TETRACHLOROPHENOL, POTASSIUM SALT|TETRACHLOROPHENOL, SODIUM SALT",1753|776|777,,,1
TETRACHLOROPHENOLALKYLAMINE,,"TETRACHLOROPHENOL, ALKYLAMINE SALT",1401,,,1
TETRACHLOROPHENOLCOCONUTAMINE,,"TETRACHLOROPHENOL, COCONUT AMINE SALT",1455,,,1
TETRACHLOROPHENOLOTHERRELATED,,"TETRACHLOROPHENOL, OTHER RELATED|TETRACHLOROPHENOL, SODIUM SALT, OTHER RELATED",90776|90777,,,1
TETRACHLORVINPHOS,,TETRACHLORVINPHOS,305,Tetrachlorvinphos,180.252,2
TETRACONAZOLE,TETRACONAZOLE,TETRACONAZOLE,5939,Tetraconazole,180.557,3
TETRADECEN1OL,,(E)-TETRADECEN-1-OL,5108,,,1
TETRADECYLBENZENESULFONIC,,TETRADECYLBENZENESULFONIC ACID,5893,,,1
TETRADECYLDIMETHYLBENZYLAMMONIUMCHLORIDE,,TETRADECYLDIMETHYLBENZYLAMMONIUM CHLORIDE,1166,,,1
TETRADECYLDIMETHYLBENZYLAMMONIUMCHLORIDEDIHYDRATE,,TETRADECYL DIMETHYL BENZYL AMMONIUM CHLORIDE DIHYDRATE,2930,,,1
TETRADECYLDIMETHYLBETAINE,,TETRADECYL DIMETHYL BETAINE,6251,,,1
TETRADIFON,,TETRADIFON,581,,,1
TETRAETHYLENEPENTAMINE,,TETRA ETHYLENE PENTAMINE,2931,,,1
TETRAGLYCEROLOLEATE,,TETRAGLYCEROL OLEATE,3470,,,1
TETRAGLYCINEHYDROPERIODIDE,,TETRAGLYCINE HYDROPERIODIDE,1923,,,1
TETRAHYDROABIETYLAMINEACETATE,,TETRAHYDRO ABIETYLAMINE ACETATE,1802,,,1
TETRAHYDROFURAN,,TETRAHYDROFURAN,2933,,,1
TETRAHYDROFURFURYLALCOHOL,,TETRAHYDRO FURFURYL ALCOHOL,3471,,,1
TETRAIODOETHYLENE,,TETRAIODO ETHYLENE,582,,,1
TETRAKISPHOSPHONIUMSULFATE,,TETRAKIS (HYDROXYMETHYL) PHOSPHONIUM SULFATE,4035,,,1
TETRALIN,,TETRALIN,1578,,,1
TETRALIN1,,"TETRALIN, (1,1,4,4-TETRAMETHYL-6-ETHYL-7-ACETYL)-1",1302,,,1
TETRAMETHRIN,,TETRAMETHRIN,1695,,,1
TETRAMETHRINOTHERRELATED,,"TETRAMETHRIN, OTHER RELATED",91695,,,1
TETRANILIPROLE,,TETRANILIPROLE,6330,Tetraniliprole,180.709,2
TETRAPOTASSIUMPYROPHOSPHATE,,TETRAPOTASSIUM PYROPHOSPHATE,1918,,,1
TETRASODIUMDICARBOXYETHYLSTEARYLSULFOSUCCINATE,,TETRASODIUM DICARBOXY ETHYL STEARYL SULFOSUCCINATE,3473,,,1
TETRASODIUMPYROPHOSPHATE,,TETRASODIUM PYROPHOSPHATE,3474,,,1
TETRATHIOCARBONATE,TETRATHIOCARBONATE,,,,,1
TEXAPHORSPECIAL,,TEXAPHOR SPECIAL,2935,,,1
TF310,,TF-310,3524,,,1
THANITE,,THANITE,586,,,1
THANITEOTHERRELATED,,"THANITE, OTHER RELATED",90586,,,1
THIABENDAZOLE,THIABENDAZOLE,THIABENDAZOLE,587,Thiabendazole,180.242,3
THIABENDAZOLEHYPOPHOSPHITE,,"THIABENDAZOLE, HYPOPHOSPHITE SALT",1952,,,1
THIACLOPRID,THIACLOPRID,THIACLOPRID,5888,Thiacloprid,180.594,3
THIAMETHOXAM,THIAMETHOXAM,THIAMETHOXAM,5598,Thiamethoxam,180.565,3
THIAZOPYR,THIAZOPYR,THIAZOPYR,3984,,,2
THICKENERUNKNOWN,,"THICKENER, UNKNOWN",2936,,,1
THIDIAZURON,THIDIAZURON,THIDIAZURON,2162,Thidiazuron,180.403,3
THIENCARBAZONEMETHYL,THIENCARBAZONE-METHYL,THIENCARBAZONE-METHYL,6016,Thiencarbazone-methyl,180.645,3
THIENCARBAZONEMETHYLTRIAZOLIDONEADDUCT,,"THIENCARBAZONE-METHYL, TRIAZOLIDONE ADDUCT",6051,,,1
THIFENSULFURON,THIFENSULFURON,,,,,1
THIFENSULFURONMETHYL,,THIFENSULFURON-METHYL,2237,Thifensulfuron methyl,180.439,2
THIOBENCARB,THIOBENCARB,THIOBENCARB,1933,Thiobencarb,180.401,3
THIOBENCARBSULFOXIDE,,THIOBENCARB SULFOXIDE,2937,,,1
THIODICARB,THIODICARB,THIODICARB,2202,Thiodicarb,180.407,3
THIOFANOX,,THIOFANOX,2938,,,1
THIOMETHANESULFONATE,,(2-HYDROXYPROPYL) THIOMETHANE SULFONATE,972,,,1
THIONAZIN,,THIONAZIN,2939,,,1
THIOPHANATE,,THIOPHANATE,1684,,,1
THIOPHANATEMETHYL,THIOPHANATE-METHYL,THIOPHANATE-METHYL,1696,Thiophanate-methyl,180.371,3
THIOUREA,,THIOUREA,2940,,,1
THIRAM,THIRAM,THIRAM,589,Thiram,180.132,3
THIXATROLST,,THIXATROL ST,3853,,,1
THURINGIENSIN,,"THURINGIENSIN|THURINGIENSIN, CALCIUM SALT",2495|2941,,,1
THYME,,THYME,2330,,,1
THYMEOIL,,THYME OIL,6014,,,1
THYMOL,,THYMOL,991,,,1
TIAFENACIL,,TIAFENACIL,6268,Tiafenacil,180.713,2
TIOXAZAFEN,,TIOXAZAFEN,6436,Tioxazafen,180.692,2
TIOXAZAPHEN,,TIOXAZAPHEN,6192,,,1
TITANIUMDIOXIDE,,TITANIUM DIOXIDE,2942,,,1
TITANIUMSULFATE,,TITANIUM SULFATE,3476,,,1
TMULZ565,,T-MULZ 565,2944,,,1
TMULZ94W,,T-MULZ 94W,2949,,,1
TMULZAO2,,T-MULZ AO2,2943,,,1
TMULZO,,T-MULZ O,2945,,,1
TMULZPB,,T-MULZ PB,2946,,,1
TMULZVO,,T-MULZ VO,2947,,,1
TMULZW,,T-MULZ W,2948,,,1
TOBACCO,,TOBACCO,3932,,,1
TOLERANCEEXEMPTIONSFORMINIMALRISKACTIVEANDINERTINGREDIENTS,,,,Tolerance exemptions for minimal risk active and inert ingredients.,180.95,1
TOLFENPYRAD,,TOLFENPYRAD,6055,Tolfenpyrad,180.675,2
TOLPYRALATE,,TOLPYRALATE,6171,Tolpyralate,180.696,2
TOLUENE,,TOLUENE,1281,,,1
TOLUENE24DIISOCYANATE,,"TOLUENE, 2,4-DIISOCYANATE",3477,,,1
TOLYLFLUANID,,TOLYLFLUANID,3542,Tolylfluanid,180.584,2
TOLYLTRIAZOLE,,TOLYL TRIAZOLE,2950,,,1
TOPRAMEZONE,TOPRAMEZONE,TOPRAMEZONE,6175,Topramezone,180.612,3
TOTALALDICARBPARENTANDBREAKDOWNPRODUCTS,,TOTAL ALDICARB PARENT AND BREAKDOWN PRODUCTS,4049,,,1
TOTALCHLORTHALDIMETHYLMETABOLITES,,TOTAL CHLORTHAL DIMETHYL METABOLITES,4060,,,1
TOXAPHENE,,TOXAPHENE,594,,,1
TOXIMUL500,,TOXIMUL 500,2951,,,1
TOXIMUL850M,,TOXIMUL 850 M,3918,,,1
TOXIMULD,,TOXIMUL D,2952,,,1
TOXIMULH,,TOXIMUL H,2953,,,1
TOXIMULP,,TOXIMUL P,2954,,,1
TOXIMULTA5,,TOXIMUL TA-5,2955,,,1
TPA,,TPA,4099,,,1
TRALKOXYDIM,TRALKOXYDIM,TRALKOXYDIM,5457,,,2
TRALOMETHRIN,,TRALOMETHRIN,2329,,,1
TRALOPYRIL,,TRALOPYRIL,5965,,,1
TRANID,,TRANID,2956,,,1
TRANS12BISETHENE,,"TRANS-1,2-BIS (N-PROPYLSULFONYL) ETHENE",1450,,,1
TRANSFLUTHRIN,,TRANSFLUTHRIN,6357,,,1
TRIACETIN,,TRIACETIN,3479,,,1
TRIACONTANOL,,TRIACONTANOL,6249,,,1
TRIADIMEFON,TRIADIMEFON,TRIADIMEFON,2133,Triadimefon,180.41,3
TRIADIMENOL,TRIADIMENOL,TRIADIMENOL,2307,,,2
TRIALLATE,TRI-ALLATE,TRIALLATE,49,Triallate,180.314,3
TRIARYLMETHANE,,TRIARYL METHANE,2957,,,1
TRIASULFURON,TRIASULFURON,TRIASULFURON,5100,Triasulfuron,180.459,3
TRIAZAMATE,,TRIAZAMATE,5517,,,1
TRIAZIFLAM,,TRIAZIFLAM,6491,,,1
TRIAZOLYLALANINE,,TRIAZOLYL ALANINE,2958,,,1
TRIAZOPHOS,,TRIAZOPHOS,3543,,,1
TRIBENURONMETHYL,TRIBENURON METHYL,TRIBENURON-METHYL,2338,Tribenuron methyl,180.451,3
TRIBUFOS,TRIBUFOS,,,,,1
TRIBUPHOS,,,,Tribuphos,180.272,1
TRIBUTYLPHOSPHATE,,TRIBUTYL PHOSPHATE,3480,,,1
TRIBUTYLTETRADECYLPHOSPHONIUMCHLORIDE,,TRIBUTYL TETRADECYL PHOSPHONIUM CHLORIDE,6000,,,1
TRIBUTYLTINACETATE,,TRIBUTYLTIN ACETATE,2097,,,1
TRIBUTYLTINBENZOATE,,TRIBUTYLTIN BENZOATE,1114,,,1
TRIBUTYLTINCHLORIDE,,TRIBUTYLTIN CHLORIDE,1891,,,1
TRIBUTYLTINCHLORIDECOMPLEXOFETHYLENEOXIDECONDENSATEOFABIETYLAMINE,,TRIBUTYLTIN CHLORIDE COMPLEX OF ETHYLENE OXIDE CONDENSATE OF ABIETYLAMINE,1412,,,1
TRIBUTYLTINCHLORIDEMYRISTYLAMINE,,"TRIBUTYLTIN CHLORIDE, MYRISTYLAMINE SALT",938,,,1
TRIBUTYLTINFLUORIDE,,TRIBUTYLTIN FLUORIDE,1030,,,1
TRIBUTYLTINISOPROPYLSUCCINATE,,TRIBUTYLTIN ISOPROPYL SUCCINATE,1115,,,1
TRIBUTYLTINLINOLEATE,,TRIBUTYLTIN LINOLEATE,1116,,,1
TRIBUTYLTINMETHACRYLATE,,TRIBUTYLTIN METHACRYLATE,2179,,,1
TRIBUTYLTINMONOPROPYLENEGLYCOLMALEATE,,TRIBUTYLTIN MONOPROPYLENE GLYCOL MALEATE,1985,,,1
TRIBUTYLTINNEODECANOATE,,TRIBUTYLTIN NEODECANOATE,1035,,,1
TRIBUTYLTINOXIDE,,TRIBUTYLTIN OXIDE,569,,,1
TRIBUTYLTINRESINATE,,TRIBUTYLTIN RESINATE,1732,,,1
TRICHLORFON,,TRICHLORFON,88,Trichlorfon,180.198,2
TRICHLOROACETIC,,"TRICHLOROACETIC ACID, SODIUM SALT",542,,,1
TRICHLOROBENZENE,,TRICHLOROBENZENE,1619,,,1
TRICHLOROETHYLENE,,TRICHLORO ETHYLENE,595,,,1
TRICHLOROFLUOROMETHANE,,TRICHLOROFLUOROMETHANE,1460,,,1
TRICHLOROMELAMINE,,TRICHLOROMELAMINE,1023,,,1
TRICHLORONATE,,TRICHLORONATE,5001,,,1
TRICHLOROSTRIAZINETRIONE,,TRICHLORO-S-TRIAZINETRIONE,407,,,1
TRICHODERMAASPERELLUMSTRAINT34,,TRICHODERMA ASPERELLUM STRAIN T-34,6433,,,1
TRICHODERMAASPERELLUMSTRAINURM5911CCMB605P,,TRICHODERMA ASPERELLUM - STRAIN URM 5911 / CCMB605P,6501,,,1
TRICHODERMAATROVIRIDE,,TRICHODERMA ATROVIRIDE,6207,,,1
TRICHODERMAATROVIRIDESCI,,TRICHODERMA ATROVIRIDE SCI,6425,,,1
TRICHODERMAHAMATUMISOLATE382,,TRICHODERMA HAMATUM ISOLATE 382,6122,,,1
TRICHODERMAHARZIANUM,,"TRICHODERMA HARZIANUM (RIFAI, STRAIN TH2R199)",6507,,,1
TRICHODERMAHARZIANUMRIFAISTRAINKRLAG2,,TRICHODERMA HARZIANUM RIFAI STRAIN KRL-AG2,3977,,,1
TRICHODERMAHARZIANUMRIFAISTRAINT39,,TRICHODERMA HARZIANUM RIFAI STRAIN T-39,4016,,,1
TRICHODERMAICC012ASPERELLUM,,TRICHODERMA ICC 012 ASPERELLUM,5981,,,1
TRICHODERMAICC080GAMSII,,TRICHODERMA ICC 080 GAMSII,5982,,,1
TRICHODERMAPOLYSPORUMRIFAI,,TRICHODERMA POLYSPORUM RIFAI,5101,,,1
TRICHODERMAREESEI,,TRICHODERMA REESEI,6349,,,1
TRICHODERMAVIRENSSTRAING41,,TRICHODERMA VIRENS STRAIN G-41,6084,,,1
TRICLOCARBAN,,TRICLOCARBAN,844,,,1
TRICLOPYR,TRICLOPYR,,,Triclopyr,180.417,2
TRICLOPYRBUTOXYETHYL,,"TRICLOPYR, BUTOXYETHYL ESTER",2170,,,1
TRICLOPYRCHOLINE,,TRICLOPYR CHOLINE,6281,,,1
TRICLOPYRTRIETHYLAMINE,,"TRICLOPYR, TRIETHYLAMINE SALT",2131,,,1
TRICOSAPENTAENE,,"(3Z,6Z,9Z,12Z,15Z)-TRICOSA PENTAENE",6294,,,1
TRICYCLAZOLE,,TRICYCLAZOLE,5002,Tricyclazole,180.678,2
TRIDIPHANE,,TRIDIPHANE,5102,,,1
TRIETHANOALMINENONYLPHENYLPOLYOXYETHYLENESULFURIC,,TRIETHANOALMINE NONYL PHENYL POLY OXYETHYLENE SULFURIC ACID,3483,,,1
TRIETHANOLAMINE,,TRIETHANOLAMINE,1006,,,1
TRIETHANOLAMINEBORATE,,TRIETHANOLAMINE BORATE,1222,,,1
TRIETHANOLAMINEDODECYLBENZENESULFONATE,,TRIETHANOLAMINE DODECYLBENZENE SULFONATE,984,,,1
TRIETHANOLAMINELAURATEMYRISTATE,,TRIETHANOLAMINE LAURATE-MYRISTATE,1223,,,1
TRIETHANOLAMINELAURYLSULFATE,,TRIETHANOLAMINE LAURYL SULFATE,1360,,,1
TRIETHANOLAMINEOFFISHOILACIDS,,TRIETHANOLAMINE ESTER OF FISH OIL ACIDS,1583,,,1
TRIETHANOLAMINEOLEATE,,TRIETHANOLAMINE OLEATE,2091,,,1
TRIETHANOLAMINEPHOSPHATE,,TRIETHANOLAMINE PHOSPHATE,3485,,,1
TRIETHANOLAMINESULFONATE,,TRIETHANOLAMINE SULFONATE,1982,,,1
TRIETHYLAMINEEDTA,,TRIETHYLAMINE EDTA,3486,,,1
TRIETHYLAMINENITRILOTRIACETATE,,TRIETHYLAMINE NITRILO TRIACETATE,3487,,,1
TRIETHYLAMINEPHOSPHATE,,TRIETHYLAMINE PHOSPHATE,3488,,,1
TRIETHYLENEGLYCOL,,TRIETHYLENE GLYCOL,596,,,1
TRIETHYLPHOSPHATE,,TRIETHYL PHOSPHATE,3489,,,1
TRIFLOXYSTROBIN,TRIFLOXYSTROBIN,TRIFLOXYSTROBIN,5321,Trifloxystrobin,180.555,3
TRIFLOXYSULFURON,TRIFLOXYSULFURON,,,Trifloxysulfuron,180.591,2
TRIFLOXYSULFURONSODIUM,,TRIFLOXYSULFURON-SODIUM,5885,,,1
TRIFLUDIMOXAZIN,,,,Trifludimoxazin,180.717,1
TRIFLUMEZOPYRIM,,,,Triflumezopyrim,180.107,1
TRIFLUMIZOLE,TRIFLUMIZOLE,TRIFLUMIZOLE,2260,Triflumizole,180.476,3
TRIFLUMURON,,TRIFLUMURON,2961,,,1
TRIFLUOROMETHYL4NITROPHENOL,,TRIFLUOROMETHYL-4-NITROPHENOL,5062,,,1
TRIFLURALIN,TRIFLURALIN,TRIFLURALIN,597,Trifluralin,180.207,3
TRIFLUSULFURON,TRIFLUSULFURON,,,,,1
TRIFLUSULFURONMETHYL,,TRIFLUSULFURON-METHYL,3875,Triflusulfuron-methyl,180.492,2
TRIFORINE,,TRIFORINE,1905,Triforine,180.673,2
TRIHYDROXYSTEARIN,,TRIHYDROXY STEARIN,3490,,,1
TRIISOPROPANOLAMINE,,TRIISOPROPANOLAMINE,1021,,,1
TRIMETHACARB,,TRIMETHACARB,2962,,,1
TRIMETHOXYBENZENE,,TRIMETHOXYBENZENE,5064,,,1
TRIMETHYLAMINE,,TRIMETHYLAMINE,5985,,,1
TRIMETHYLAMINEHYDROCHLORIDE,,TRIMETHYLAMINE HYDROCHLORIDE,2963,,,1
TRIMETHYLBENZENES,,TRIMETHYLBENZENES,5892,,,1
TRIMETHYLOLETHANETRIS3MERCAPTOPROPIONATE,,TRIMETHYLOL ETHANE TRIS-3-MERCAPTOPROPIONATE,1797,,,1
TRIMETHYLSILOXYSTEARATE,,TRIMETHYL SILOXY STEARATE,2965,,,1
TRINBUTYLTINMALEATE,,TRI-N-BUTYLTIN MALEATE,2185,,,1
TRINEXAPAC,TRINEXAPAC,,,,,1
TRINEXAPACETHYL,,TRINEXAPAC-ETHYL,2345,Trinexapac-ethyl,180.662,2
TRIPHENYLTINFLUORIDE,,TRIPHENYLTIN FLUORIDE,2212,,,1
TRIPHENYLTINHYDROXIDE,,,,Triphenyltin hydroxide,180.236,1
TRIPHOSPHONIC,,(NITRILO TRIS (METHYLENE)) TRIPHOSPHONIC ACID,3697,,,1
TRIPOTASSIUMPHOSPHATE,,TRIPOTASSIUM PHOSPHATE,1055,,,1
TRIPROPYLENEGLYCOL,,TRIPROPYLENE GLYCOL,3496,,,1
TRIPTOLIDE,,TRIPTOLIDE,6317,,,1
TRISNITROMETHANE,,TRIS (HYDROXYMETHYL) NITROMETHANE,1105,,,1
TRISODIUMNITRILOTRIACETATE,,TRISODIUM NITRILO TRIACETATE,1121,,,1
TRISODIUMPHOSPHATE,,TRISODIUM PHOSPHATE,1579,,,1
TRISODIUMSULFOSUCCINATE,,TRISODIUM SULFOSUCCINATE,3497,,,1
TRITICONAZOLE,TRITICONAZOLE,TRITICONAZOLE,5799,Triticonazole,180.583,3
TRITOLYLPHOSPHATE,,TRITOLYL PHOSPHATE,2967,,,1
TRITONCF10,,TRITON CF-10,2968,,,1
TRITONX363,,TRITON X-363,2969,,,1
TROMETHAMINE,,TROMETHAMINE,3499,,,1
TRYCOLNP4,,TRYCOL NP-4,2970,,,1
TRYCOLNP6,,TRYCOL NP-6,2971,,,1
TRYCOLNP9,,TRYCOL NP-9,2972,,,1
TRYFAC5566,,TRYFAC 5566,2973,,,1
TRYFAC910K,,TRYFAC 910-K,2974,,,1
TRYSBEN,,TRYSBEN,602,,,1
TRYSBENOTHERRELATED,,"TRYSBEN, OTHER RELATED",90602,,,1
TUNGOIL,,TUNG OIL,3821,,,1
TURGASEPT,,TURGASEPT,2975,,,1
TURPENTINE,,TURPENTINE,605,,,1
TYROTHRICIN,,TYROTHRICIN,963,,,1
UCARSOLUTIONVINYLVAGH,,UCAR SOLUTION VINYL VAGH,2976,,,1
UL94HF1LISTEDPOLYESTERFOAM,,UL-94 HF-1 LISTED POLYESTER FOAM,2977,,,1
ULOCLADIUMOUDEMANSII,,ULOCLADIUM OUDEMANSII (U3 STRAIN),5980,,,1
UNDECYLBENZENESULFONICTRIETHANOLAMMONIUM,,"UNDECYL BENZENE SULFONIC ACID, TRIETHANOLAMMONIUM SALT",1872,,,1
UNDECYLENIC,,UNDECYLENIC ACID,985,,,1
UNICONAZOLE,UNICONAZOLE,,,Uniconazole,180.643,2
UNICONIZOLEP,,UNICONIZOLE-P,2312,,,1
UNKNOWN,,UNKNOWN,-1,,,1
UNSATURATEDFATTYACIDS,,UNSATURATED FATTY ACIDS,2978,,,1
UREA,,UREA,662,,,1
UREADIHYDROGENSULFATE,,UREA DIHYDROGEN SULFATE,2270,,,1
UREAINCLUSIONADDUCTOFPOLYOXYPOLYOXYBLOCKCOPOLYMER,,UREA INCLUSION ADDUCT OF POLYOXY(ETHYLENE)/POLYOXY(PROPYLENE) BLOCK COPOLYMER,5011,,,1
URETHANEADHESIVEPARTSAB,,"URETHANE ADHESIVE, PARTS A & B",2979,,,1
URIC,,URIC ACID,3500,,,1
VALIFENALATE,,VALIFENALATE,6183,Valifenalate,180.706,2
VAMIDOTHION,,VAMIDOTHION,3544,,,1
VANCIDE30R,,VANCIDE 30-R,612,,,1
VANDORL3RLAVENDERPERFUME,,VANDOR L3R LAVENDER PERFUME,2980,,,1
VANILLIN,,VANILLIN,5149,,,1
VARIOUSTRICHLOROBENZENES,,VARIOUS TRICHLOROBENZENES,5000,,,1
VEGETABLEOIL,,VEGETABLE OIL,1231,,,1
VEGETABLEOILMODIFIEDPHENOLICRESIN,,VEGETABLE OIL MODIFIED PHENOLIC RESIN,2981,,,1
VEGETABLEWAX,,VEGETABLE WAX,1441,,,1
VERBENONE,,(S)-VERBENONE,5954,,,1
VERMICULITE,,VERMICULITE,2983,,,1
VERNOLATE,,VERNOLATE,1987,,,1
VERSALON1112,,VERSALON 1112,2984,,,1
VERSAMIDRESINS,,VERSAMID RESINS,3822,,,1
VINCLOZOLIN,VINCLOZOLIN,VINCLOZOLIN,2129,Vinclozolin,180.38,3
VINYLACETATE,,VINYL ACETATE,2116,,,1
VINYLALCOHOLVINYLACETATECOPOLYMER,,VINYL ALCOHOL - VINYL ACETATE COPOLYMER,5970,,,1
VINYLPOLYMER,,VINYL ESTER POLYMER|VINYL POLYMER,1754|6359,,,1
VINYLRESINSYNTHETIC,,"VINYL RESIN, SYNTHETIC",1533,,,1
VITAMINB1HYDROCHLORIDE,,VITAMIN B1 HYDROCHLORIDE,731,,,1
VITAMINC,,VITAMIN C,3501,,,1
VITAMINE,,VITAMIN E,3517,,,1
VITAMINEACETATE,,VITAMIN E ACETATE,3503,,,1
WALNUTFLOUR,,WALNUT FLOUR,3823,,,1
WALNUTSHELLSGROUND,,"WALNUT SHELLS, GROUND",2986,,,1
WARFARIN,,"WARFARIN|WARFARIN, SODIUM SALT",1184|621,,,1
WATER,,WATER,2987,,,1
WEEDOIL,,WEED OIL,1694,,,1
WETTOLEM1,,WETTOL EM1,6311,,,1
WETTOLLF312,,WETTOL LF 312,6308,,,1
WHEAT,,WHEAT,3824,,,1
WHEATFLOUR,,WHEAT FLOUR,1577,,,1
WHEATGERMOIL,,WHEAT GERM OIL,2988,,,1
WHEY,,WHEY,3825,,,1
WICKENOL535,,WICKENOL 535,2989,,,1
WINGSTAYV,,WING STAY V,2990,,,1
WINTERGREENOIL,,WINTERGREEN OIL,6220,,,1
WITAFROL7420,,WITAFROL 7420,2991,,,1
WITCAMINETAM45,,WITCAMINE TAM-45,2992,,,1
WITCOC5752,,WITCO C-5752,3882,,,1
WITCONATEP1020BU,,WITCONATE P-1020BU,3884,,,1
WITCONOL1S108,,WITCONOL 1S-108,2993,,,1
WOLBACHIAPIPIENTISZAPSTRAIN,,WOLBACHIA PIPIENTIS ZAP STRAIN,6160,,,1
WOLBACHIAPIPIENTSISWALBBSTRAINBACTERIA,,"WOLBACHIA PIPIENTSIS, WALBB STRAIN BACTERIA",6339,,,1
WOODPOWDER,,WOOD POWDER,1463,,,1
WOOL,,WOOL,3826,,,1
X2433GARNETTONER,,X-2433 GARNET TONER,2994,,,1
XANTHANGUM,,XANTHAN GUM,2272,,,1
XANTHINE,,XANTHINE,5456,,,1
XANTHOMONASCAMPESTRISPVPOANNUA,,XANTHOMONAS CAMPESTRIS PV. POANNUA,5317,,,1
XYLENE,,XYLENE,622,,,1
XYLENERANGEAROMATICSOLVENT,,XYLENE RANGE AROMATIC SOLVENT,862,,,1
YEAST,,YEAST,3827,,,1
YEASTEXTRACTHYDROLYSATEFROMSACCHAROMYCESCEREVISIAE,,YEAST EXTRACT HYDROLYSATE FROM SACCHAROMYCES CEREVISIAE,5936,,,1
YEASTPROTEINEXTRACT,,YEAST PROTEIN EXTRACT,6354,,,1
YEASTSURFACTANTS,,YEAST SURFACTANTS,6163,,,1
YUCCASCHIDIGERA,,YUCCA SCHIDIGERA,5817,,,1
Z11TETRADECEN1YLACETATE,,Z-11-TETRADECEN-1-YL ACETATE,5023,,,1
Z2ISOPROPENYL1METHYLCYCLOBUTANEETHANOL,,Z-2-ISOPROPENYL-1-METHYL CYCLOBUTANE ETHANOL,2190,,,1
Z33DIMETHYLDELTAALPHACYCLOHEXANEETHANAL,,"Z-3,3-DIMETHYL-DELTA,ALPHA-CYCLOHEXANE ETHANAL",2192,,,1
Z33DIMETHYLDELTABETACYCLOHEXANEETHANOL,,"Z-3,3-DIMETHYL-DELTA,BETA-CYCLOHEXANE ETHANOL",2191,,,1
Z3HEXENOL,,Z3-HEXENOL,6273,,,1
Z7TETRADECEN2ONE,,Z-7-TETRADECEN-2-ONE,6022,,,1
Z8DODECENOL,,Z-8-DODECENOL,2253,,,1
Z8DODECENYLACETATE,,Z-8-DODECENYL ACETATE,2251,,,1
Z9TETRADECEN1OL,,Z-9-TETRADECEN-1-OL,5618,,,1
Z9TETRADECENYLACETATE,,Z-9-TETRADECENYL ACETATE,6365,,,1
ZE912TETRADECADIEN1YLACETATE,,"Z,E-9,12-TETRADECADIEN-1-YL ACETATE",5617,,,1
ZEIN,,ZEIN,3504,,,1
ZETACYPERMETHRIN,ZETA-CYPERMETHRIN,,,,,1
ZINC,ZINC,ZINC,2310,,,2
ZINC2ETHYLHEXOATE,,ZINC 2-ETHYL HEXOATE,3509,,,1
ZINC2MERCAPTOBENZOTHIAZOLE,,ZINC 2-MERCAPTOBENZOTHIAZOLE,1449,,,1
ZINC2PYRIDINETHIOL1OXIDE,,ZINC 2-PYRIDINETHIOL-1-OXIDE,2128,,,1
ZINCABIETATE,,ZINC ABIETATE,3506,,,1
ZINCBORATE,,ZINC BORATE,5760,,,1
ZINCCARBONATE,,ZINC CARBONATE,3507,,,1
ZINCCHLORIDE,,ZINC CHLORIDE,624,,,1
ZINCDODECYLBENZENESULFONATE,,ZINC DODECYL BENZENE SULFONATE,3508,,,1
ZINCFLUOSILICATE,,ZINC FLUOSILICATE,1019,,,1
ZINCHYDROXIDE,,ZINC HYDROXIDE,3510,,,1
ZINCNAPHTHENATE,,ZINC NAPHTHENATE,1111,,,1
ZINCOXIDE,,ZINC OXIDE,666,,,1
ZINCPHOSPHIDE,,ZINC PHOSPHIDE,626,Zinc phosphide,180.284,2
ZINCSTEARATE,,ZINC STEARATE,3511,,,1
ZINCSULFATE,,ZINC SULFATE,667,,,1
ZINCSULFATEHYDRATED,,"ZINC SULFATE, HYDRATED",6279,,,1
ZINCSULFATEMONOHYDRATE,,"ZINC SULFATE, MONOHYDRATE",2995,,,1
ZINEB,ZINEB,ZINEB,627,,,2
ZIRAM,ZIRAM,ZIRAM,629,Ziram,180.116,3
ZIRAMCYCLOHEXYLAMINECOMPLEX,,"ZIRAM, CYCLOHEXYLAMINE COMPLEX",1328,,,1
ZIRCONIUMACETATE,,ZIRCONIUM ACETATE,3512,,,1
ZIRCONIUMNEODECANOATE,,ZIRCONIUM NEODECANOATE,3513,,,1
ZOXAMIDE,ZOXAMIDE,ZOXAMIDE,5769,Zoxamide,180.567,3
ZUCCHINIYELLOWMOZAICVIRUSWK,,ZUCCHINI YELLOW MOZAIC VIRUS - WK,5937,,,1
