fips,state_fips,county_fips,cluster,total_kg,pc1,pc2,share_GLYPHOSATE,share_ATRAZINE,share_METOLACHLOR-S,share_METAM,share_ACETOCHLOR,"share_2,4-D",share_DICHLOROPROPENE,share_PETROLEUM OIL,share_DICAMBA,share_METAM POTASSIUM
01001,01,001,2,27831.8,17.605459192269333,-7.454335194298408,0.1458331836244871,0.009446029362096594,0.013344447718077882,0.0,0.020835878383719343,0.16491567200109228,0.020692157891332934,0.0,0.13916814579006748,0.0
01003,01,003,1,189378.2,24.177222079177746,-7.2803456383196545,0.19199200330344252,0.055759849866563314,0.13619202210180473,0.0,0.01595854221869254,0.02348897602786382,0.1320125547713517,3.643502789655831e-05,0.0075130083610468355,0.0
01005,01,005,2,56211.50000000001,21.47251766745753,-13.842234341598562,0.22537203241329617,0.058125116746573204,0.006575167003193296,0.0,0.027396529179972068,0.17468667443494656,0.09515846401537051,0.0,0.03217135283705291,0.0
01009,01,009,2,30979.800000000003,15.589147662883557,-4.4718774466046325,0.218439111937456,0.028599280821696715,0.04549738862097237,0.0,0.012724420428795536,0.3295760463269614,0.018521746428317803,0.0,0.0230698713355154,0.0
01011,01,011,1,13408.499999999998,9.261425374132592,-1.9619573321494195,0.14260357236081592,0.015691538949174032,0.03786404146623411,0.0,0.020621247716001045,0.41546780027594443,0.11348025506208749,0.0,0.03351605324980423,0.0
01015,01,015,2,27739.5,10.187898616947603,-8.333296576732586,0.3474323617945529,0.0329025396997062,0.06559959624362371,0.0,0.017047891995169342,0.16570954775680888,0.0,0.0,0.04078660394022964,0.0
01017,01,017,2,16301.900000000001,8.499247093909613,-10.907232959917248,0.08958464964206626,0.03738827989375471,0.005011685754421263,0.0,3.067127144688656e-05,0.8275477091627356,0.0,0.0,0.018004036339322408,0.0
01019,01,019,2,95468.5,10.721195595281479,-9.574433271112717,0.3924121568894452,0.02807103913856403,0.04790271136552894,0.0,0.025668152322493806,0.06910761141109371,0.0,0.0,0.04095905979459193,0.0
01021,01,021,1,37328.8,17.604824874850294,-3.519145073821398,0.05841870084224512,0.009459184329525729,0.0048380874820513915,0.0,0.002070787167013137,0.2630998049763186,0.003734382032103898,0.0,0.011050448983090802,0.0
01027,01,027,1,12889.900000000001,10.946961027927209,8.353095585977576,0.04883668608755692,0.007106339071676272,0.0009542354866988882,0.0,0.0,0.8989674085912225,0.0,0.0,0.019301934072413283,0.0
01031,01,031,1,117204.0,23.36031244876358,-5.087771444963217,0.22397017166649602,0.0763224804614177,0.008183167809972356,0.0,0.0416222995802191,0.09709736869048839,0.1482295826081021,0.00024231254905975904,0.02779768608579912,0.0
01033,01,033,2,113657.0,7.949136726611881,-7.341820454622714,0.3846027961322224,0.026755061280871396,0.09612870302753021,0.0,0.03388616627220497,0.12770000967824244,0.0,0.0,0.03569687744705561,0.0
01035,01,035,1,34074.3,24.25393060485215,-7.198691345795225,0.3595965287621462,0.034955963878935147,0.07771252821041078,0.0,0.04642501826890061,0.06413044435248852,0.024226469802754568,4.9890973548979726e-05,0.016041415377571953,0.0
01039,01,039,1,113887.1,23.560460213149014,-7.008482126454386,0.2198984784053681,0.045363346682811306,0.006681178114114767,0.0,0.03600407772258666,0.08569363870008104,0.1251730880846031,8.517206953201898e-05,0.03518747953016628,0.0
01041,01,041,1,27102.499999999996,25.32810832995507,-1.1584372757422874,0.2654515266119362,0.14554745872152017,0.0066230052578175455,0.0003210035974541094,0.016736463425883225,0.3159708513974726,0.06084678535190481,0.00024351997048242783,0.01951849460381884,0.0
01043,01,043,2,36114.299999999996,9.560259947725221,-5.411916408979882,0.26511935715215307,0.026244451643808685,0.07623296035088595,0.0,0.00418393821837887,0.361529920280886,0.0,0.0,0.03545409989948581,0.0
01045,01,045,1,81688.2,23.83408837620843,-5.000762107652713,0.19223706728756418,0.05015779512830495,0.008037880624129311,0.0,0.05073682612666212,0.06707945578431157,0.18124282332087133,0.0002423850690797447,0.027903662952543942,0.0
01047,01,047,2,55175.3,16.920461101301107,-7.8438284566151255,0.15649212600565832,0.024304353578503423,0.02045842976839274,0.0,0.019998078850500135,0.16786859337420912,0.034198273502817386,0.0,0.13842788349134486,0.0
01049,01,049,2,69102.70000000001,11.722385315735306,-3.5000492607064375,0.2561694405573154,0.1148030395339111,0.09750414962078181,0.0,0.0025686405885732393,0.24830722967409374,0.007866552247596692,0.0,0.02643312055824157,0.0
01051,01,051,2,30965.5,16.68595318496137,-9.259548418155752,0.1591254783549434,0.01868208167153768,0.009345884936461546,0.0,0.0262679433563159,0.12949895851835108,0.011835752692512636,0.0,0.16424407808690317,0.0
01053,01,053,2,177726.0,23.705796601570242,-12.22406666463458,0.2510881919359013,0.023795055309858995,0.12181954244173615,0.0,0.029890955740859523,0.0220457333198294,0.10019243104554201,0.0,0.009231626211133994,0.0
01055,01,055,2,30467.2,10.934432026764384,-8.501708184837778,0.34049403949165,0.01749422329587228,0.046495903791618526,0.0,0.0206943860938977,0.193381735111858,0.0,0.0,0.037676583342085915,0.0
01057,01,057,2,44431.6,17.608669309358945,-8.627600744626566,0.16543631109390616,0.016206933803869318,0.012488859280332016,0.0,0.02501372896767166,0.15334581694109597,0.07283780012423591,0.0,0.016233941609125037,0.0
01059,01,059,2,18308.9,7.242089717951892,-6.736563973703324,0.436596409396523,0.0187832147207096,0.10614509883171572,0.0,0.03888819098908181,0.1263320024687447,0.0,0.0,0.04947320701953694,0.0
01061,01,061,1,178417.50000000003,26.847821330532973,-2.6185331640828675,0.20973839449605555,0.07319685568960443,0.008082166827805567,0.0015587036025053594,0.04849075903428755,0.06319727605195678,0.17465999691734274,0.00023708436672411614,0.026451441142264626,0.0
01065,01,065,2,17139.299999999996,11.489498536396177,-7.681156596395982,0.18660622079081415,0.021039365668376196,0.012865169522675959,0.0,0.0035065609447293656,0.5545675727713502,0.0,0.0,0.0640282858693179,0.0
01067,01,067,1,128523.79999999999,22.810470682309646,-8.581443096187702,0.21132584003896557,0.05659885562051543,0.008478585289261601,0.0,0.04750793238295164,0.06140885968201999,0.1690060517974103,0.000285550224938883,0.030001447202774898,0.0
01069,01,069,1,185439.2,27.418025565780212,-2.2565769803534472,0.15373556400157032,0.022471516270561997,0.008716064348853964,0.001546598561684908,0.06541551085207442,0.04794886949469152,0.23746759045552396,0.0002728657155552871,0.024569238866431694,0.0
01071,01,071,2,122140.19999999998,7.741371135281367,-7.475165458756622,0.31233942633137984,0.12530436334638392,0.11382493233186128,0.0,0.003432121447320375,0.13877904244466607,0.0,0.0,0.035263574154946534,0.0
01075,01,075,0,11278.0,3.6545534302468603,3.023268265947353,0.20603830466394749,0.12964178045752792,0.028932434828870368,0.0,0.0,0.5146391204114205,0.0,0.0,0.02538570668558255,0.0
01077,01,077,2,176472.2,8.520718979556133,-8.702639029461295,0.33243763040297564,0.01948805534242787,0.08228831510005542,0.0,0.02799307766322401,0.15877911648406942,0.0,0.0,0.03093235081786253,0.0
01079,01,079,2,162391.3,8.009978244771741,-7.968491587262114,0.35958576598623204,0.028980616572439534,0.09596388476476266,0.0,0.033599706388211685,0.1364691335065364,0.0,0.0,0.033414351630906336,0.0
01081,01,081,2,28643.699999999997,18.259683914148837,-8.337380152730308,0.1458610444879677,0.0039869150982589545,0.010305931147163251,0.0,0.024480077643600516,0.22882518669026697,0.07269312274601396,0.0,0.016408494712624417,0.0
01083,01,083,2,224580.4,8.480589538607322,-7.448905486958487,0.4056217728706512,0.01305679391433981,0.09373257862217718,0.0,0.03324243789751911,0.12740381618342475,0.0,0.0,0.03550487932161489,0.0
01085,01,085,1,26709.799999999996,9.988973300327512,0.7648363111014174,0.17540378437876739,0.028607477405296938,0.012358759706175265,0.0,0.005005653355697161,0.5924567012856705,0.027540453316760145,0.0,0.032138016757894114,0.0
01087,01,087,2,17607.0,17.638494088124904,-7.198981464254266,0.14297154540807636,0.013159538819787583,0.009320156755835746,0.0,0.018299539955699436,0.21402851138751633,0.014840688362583064,0.0,0.1216618390412904,0.0
01089,01,089,2,258330.39999999997,7.7655812610841135,-9.226190868960824,0.33378069325174275,0.01681644901258234,0.0829639097837498,0.0,0.02827077262296656,0.15942800382765637,0.0,0.0,0.02963917525773196,0.0
01091,01,091,2,17168.4,14.365055608310337,-6.66174097068206,0.20819645395028075,0.11990051489946645,0.021376482374595183,0.0,0.0014153910673097084,0.493732671652571,0.005399454812329629,0.0,0.04440716665501735,0.0
01095,01,095,0,32652.6,0.5185774008348574,7.5109433308745315,0.245986537059836,0.09118416297630205,0.09177217128191936,0.0,0.0,0.34996906831308994,0.0,0.0,0.027673140883114976,0.0
01097,01,097,1,82444.3,25.14775190293905,-5.789289518030351,0.20125830409136833,0.05246693828439322,0.1291744850765911,0.0,0.017468763759289605,0.04187554506497114,0.12301153627358108,0.00010916461174392892,0.007595431097116478,0.0
01099,01,099,2,116423.5,23.786268375344783,-10.928822077521108,0.29577533745334916,0.021048156085326414,0.10579135655602177,0.0,0.037720906861587224,0.03127031913660043,0.06989052897396143,0.0,0.01231795986205534,0.0
01101,01,101,2,35290.399999999994,11.486866153304494,-9.635591880964363,0.17970892934055724,0.037738308435155174,0.01281368304128035,0.0,0.008214698614920772,0.43582107315303886,0.0,0.0,0.08237934395756354,0.0
01103,01,103,2,42977.700000000004,8.713952242943723,-6.638435600939533,0.38107902470350896,0.016424797045909854,0.0929412230063498,0.0,0.03289612985338908,0.1420713532832143,0.0,0.0,0.03753807206993394,0.0
01105,01,105,2,21449.6,15.364704916691245,-7.27286537594864,0.17843689392809192,0.07722754736685067,0.036336341936446366,0.0,0.0035665000745934657,0.3670604580038789,0.05600570640011935,0.0,0.06210372221393406,0.0
01107,01,107,2,26010.199999999997,10.971348411359585,-9.479614926932172,0.22813742301097262,0.07818086750582465,0.02652420973310471,0.0,0.0031872111710021457,0.31899024228956335,0.0,0.0,0.030726407332508022,0.0
01109,01,109,1,55818.4,23.03594007856461,-5.307477326159432,0.243104424347527,0.09702177059894229,0.0067432961174093125,0.0,0.026002178493113384,0.19975133647686066,0.09182814269129892,6.270333796740859e-05,0.02654501024751695,0.0
01111,01,111,0,20723.199999999997,2.0900611234746265,-1.5539273842976757,0.10534569950586783,0.049640016985793706,0.008888588634959853,0.0,0.0,0.7866207921556517,0.0,0.0,0.01977976374305127,0.0
01113,01,113,1,37853.9,26.854759089129217,-2.0965053511864338,0.21301900200507742,0.0873833343459987,0.007119477781681676,0.0016061753214331943,0.04099709673243708,0.1313471002987803,0.14803758661591013,0.00021133885808331506,0.024187732307635407,0.0
01117,01,117,2,55461.7,12.321981560110402,-11.895731935281798,0.22402847370347467,0.020401466237060892,0.006865999419419167,0.0,0.007394291916764182,0.16492822975134194,0.0,0.0,0.019296198998588216,0.0
01119,01,119,1,14193.8,10.074265067219212,0.44776725717044275,0.19005481266468457,0.0037058433964125186,0.008299398328847808,0.0,0.0013879299412419507,0.6805365723062182,0.007644182671307191,0.0,0.04208175400526991,0.0
01121,01,121,2,79984.3,11.075009915307476,-11.438461413057148,0.2562565403460429,0.08038077472704018,0.019967668654973538,0.0,0.005346049162148071,0.177674868692981,0.0,0.0,0.02289824378034189,0.0
01123,01,123,2,22176.4,15.240647939783532,-11.811337187253631,0.19763352031889755,0.0463871503039267,0.008346710917912736,0.0,0.005127072022510416,0.3451867751303187,0.0007305063039988455,0.0,0.017329232878194836,0.0
01125,01,125,2,35488.600000000006,11.550751301787546,-10.361936232778032,0.22151338739764315,0.04347875092283155,0.018022688976178262,0.0,0.005165038913904746,0.2495308352541379,0.0,0.0,0.027403166087137838,0.0
01129,01,129,1,19530.9,19.71844845102047,2.9630597907541256,0.11797203405885032,0.038211244745505836,0.15451412889318977,0.0,0.0,0.07047806296688836,0.17824063407216256,0.0,0.0046900040448724836,0.0
01131,01,131,1,14235.5,24.005027247199344,-5.736187867547188,0.35495767623195534,0.10855958694812266,0.04810508938920305,0.0,0.029854940114502477,0.1980401109901303,0.007502370833479681,0.00021776544554107688,0.01909311228969829,0.0
04001,04,001,1,12707.0,32.97559243742751,12.459653753603579,0.09240576060439129,0.0,0.0004013535846383883,0.3235460769654521,0.0,0.09839458566144645,0.04044227591091524,0.007004013535846384,0.08379633272999135,0.08636184780042497
04003,04,003,1,251146.09999999998,32.220750950638745,4.227575244109447,0.08393918918111809,0.0,0.00043998294219977935,0.6895978078098765,0.0,0.002224999711323409,0.000760513501901881,0.010753899821657595,0.000866029773108163,0.007328403666232525
04009,04,009,1,432374.80000000005,33.80170015218239,-0.6196406258195659,0.06237204388414865,0.0,9.413129534838755e-05,0.8698383902114554,0.0,0.001737150268702061,0.005204743662211581,0.0020655690387136345,0.0016858059257847588,0.0015685465480411902
04011,04,011,1,16385.399999999998,29.87920248626091,-0.6593610813628201,0.0699464157115481,0.0,0.0,0.7934075457419411,0.0,0.005462179745383085,0.0,0.002483918610470297,0.00156236649700343,0.0
04012,04,012,1,263484.49999999994,30.971738656541284,-3.38392173969578,0.04990312523127548,0.0,0.0001222083272450562,0.6736498731424431,0.0,0.016005116050469767,0.008688556632363576,0.0,0.0013010252975032691,0.028451388981135518
04013,04,013,1,917315.1000000001,33.92004770311232,5.968654374751881,0.038011584023853955,0.0,0.00030414848725372556,0.5578877966796796,0.0,0.00023884922421968195,0.04532793584232942,0.018600369709383394,0.0006526655889562921,0.15281270307225944
04015,04,015,1,163374.30000000002,31.59768377175378,3.6385437352019023,0.027856890588054545,0.0,0.0,0.8895132220918467,0.0,0.00173527904939761,0.0002270859002915391,0.0012566235937965763,0.002833370976952923,0.0
04019,04,019,1,213318.30000000002,33.94395938372766,-0.6861769924225172,0.056134893255759113,0.0,0.00011532062650039869,0.8787230162625522,0.0,0.00034455553039753267,0.006151370979423706,0.0017124644252274651,0.0016923067547416231,0.00227453528365827
04021,04,021,1,2037207.2,31.569064888801265,-0.4708779034028896,0.05638002850176457,0.0,0.0001568814404347285,0.8476630163097794,0.0,0.00032686905877811544,0.007507827382506797,0.004425519407157014,0.0015052960739585055,0.0022619692292467847
04027,04,027,1,474547.69999999995,32.1005411910834,3.6181207902360537,0.05193303012531723,0.0,0.003551592389974707,0.38053793117109197,0.0,0.000105995667031997,0.04091095584279516,0.20331191153175962,0.0007029851793613162,0.0
05001,05,001,0,515730.2,-10.543627899971554,-14.384516231349863,0.2108945723946358,0.10313202523334876,0.23755327882679741,0.0,0.015735747101876134,0.03932773376466998,0.0,0.0,0.010477377512505569,0.0
05003,05,003,2,262444.9,0.848967675691414,-24.038055158554442,0.3428997858217096,0.053554098403131474,0.2537690768614669,0.0,0.045556229136096756,0.04971176807017397,0.0,0.0,0.004563243560838865,0.0
05007,05,007,0,38156.5,-11.903414460206175,-4.485593885748408,0.03607249092553039,0.014063134721476026,0.009159645145650151,0.0,0.005975390824630142,0.8311690013497045,0.0,0.0,0.0411541939119154,0.0
05009,05,009,1,33307.1,12.536569264335318,-0.425138844902055,0.01724857462823242,0.0,0.0,0.0,0.0,0.9364880160686461,0.0,0.0,0.04379246466969505,0.0
05015,05,015,0,32945.5,1.6275643319877648,-0.5327085426065405,0.017492525534595012,0.001611752743166745,0.0009105947701507034,0.0,0.00046440333277685875,0.9338877843711585,0.0,0.0,0.0437510433898408,0.0
05017,05,017,2,525603.4,0.37118188930988083,-23.112227289105075,0.3244082895963002,0.028832956560022254,0.31077272331191164,0.0,0.02443629550341569,0.05354322289391583,0.0,0.0,0.0036479977108215054,0.0
05019,05,019,0,20807.300000000003,-5.478318040075379,-9.583687913196496,0.1324150658663065,0.005767206701494186,0.1039106467441715,0.0,0.005382726254727907,0.510642899367049,0.0,0.0,0.02702416940208484,0.0
05021,05,021,2,452850.7,-2.791618221849518,-20.62008520206897,0.2632993611360212,0.039438163615513895,0.15342319223532172,0.0,0.049121266677958096,0.04050341536404824,0.0,0.0,0.015706721884276652,0.0
05023,05,023,0,13214.7,-3.0164156387211776,-5.820275122285992,0.120373523424671,0.140525324070921,0.0368831679871658,0.0,0.007590032312500473,0.614194798217137,0.0,0.0,0.057996019584250866,0.0
05029,05,029,0,52876.09999999999,-9.805777662901694,-14.106703261604732,0.18389026422145358,0.030087317332405383,0.1967467343468978,0.0,0.021747065309279622,0.22998481355470624,0.0,0.0,0.013977959796581067,0.0
05031,05,031,2,555397.1,-2.103370894002939,-21.27375198703363,0.2629441169210282,0.036878118376923466,0.14275731724202378,0.0,0.05532816069799428,0.03837398502800969,0.0,0.0,0.01665042903536947,0.0
05033,05,033,0,41558.5,-9.417539846564758,-10.69619755840355,0.09140368396356942,0.02018119037020104,0.36575911065125066,0.0,0.0225200620811627,0.10940962739271147,0.0,0.0,0.027532273782739994,0.0
05035,05,035,2,547889.1,-0.9864448796874861,-24.179254930444287,0.21711985144438903,0.03501986077109401,0.25614052186838543,0.0,0.018860203643401557,0.055420704664502364,0.0,0.0,0.012263065645949154,0.0
05037,05,037,2,446568.39999999997,-1.4352484010974607,-23.834277196642088,0.21338993085941596,0.0533689799815661,0.21731139059548324,0.0,0.018086590990316377,0.04130543047828732,0.0,0.0,0.01043334011094381,0.0
05041,05,041,2,554085.7,0.44132453729701915,-23.087228965737864,0.32616163889448874,0.024468958502267792,0.31878281644879125,0.0,0.024559919160519753,0.04858905400373986,0.0,0.0,0.0035653329439832146,0.0
05043,05,043,2,141707.5,0.6747370723356667,-23.549838088764396,0.3261725737875553,0.029092320448811815,0.2799830637051673,0.0,0.030126140112555794,0.06419420284741456,0.0,0.0,0.003766208563414075,0.0
05045,05,045,0,35968.8,-8.518946613512519,-13.830860286605386,0.1372078023175641,0.009057850136785213,0.10304486110184381,0.0,0.012388514490336068,0.3982868486021218,0.0,0.0,0.024137585907786748,0.0
05047,05,047,0,13295.2,-8.873053502187997,-10.274667333290243,0.07911877970997051,0.02989048679222576,0.19795114026114688,0.0,0.011146880077020277,0.3931794933509838,0.0,0.0,0.09963746314459354,0.0
05049,05,049,0,14987.2,4.501087523917505,-3.3653752802799914,0.020137183730116366,0.001287765559944486,0.00034029038112522685,0.0,6.672360414220134e-05,0.8935958684744315,0.0,0.0,0.08439201451905626,0.0
05055,05,055,2,296004.0,-3.1780423643090856,-19.922840452399562,0.27036492750097973,0.0336208294482507,0.136476196267618,0.0,0.03936635991405522,0.04138221105120201,0.0,0.0,0.017884555614113323,0.0
05057,05,057,1,35452.200000000004,7.875450798968895,-0.7556134910320238,0.01324600447927068,2.5386294785655047e-05,0.0007841544389346781,0.0,0.0,0.7287417988164344,0.0,0.0,0.050225373883708194,0.0
05061,05,061,1,24456.3,14.973162352458598,3.449216045704766,0.012651136925863683,0.0,0.0,0.0,0.0,0.7342402571116645,0.0,0.0,0.04903031120815495,0.0
05063,05,063,0,80291.40000000001,-12.745525672218818,-10.54465805032105,0.23935191066540126,0.03844745514463566,0.1861743598940858,0.0,0.04765018420403679,0.12847079512874354,0.0,0.0,0.009013418622666936,0.0
05065,05,065,1,10985.5,6.29378310253132,-3.4512604479683766,0.019662282099130672,0.0007737472122343089,0.0002002639843429976,0.0,4.551454189613582e-05,0.8952892449137501,0.0,0.0,0.08391060943971598,0.0
05067,05,067,2,381025.0,-4.525081718059159,-18.05735774069774,0.2758015878223214,0.024134636834853354,0.14205340856899154,0.0,0.037060297880716485,0.04449419329440326,0.0,0.0,0.016644314677514597,0.0
05069,05,069,2,397088.4,-0.4743460771572785,-22.1656577940151,0.3193470270096029,0.04867228556663957,0.28099536526375485,0.0,0.014633517372957759,0.055510057710071614,0.0,0.0,0.003872185639268233,0.0
05071,05,071,0,10502.3,-8.658624466320209,-10.462398557042075,0.08967559486969522,0.06576654637555585,0.19146282242937263,0.0,0.008740942460222998,0.34880930843719954,0.0,0.0,0.08397208230578064,0.0
05073,05,073,2,80190.79999999999,3.107348199735018,-21.318531009847984,0.25504297251056235,0.09457443996069376,0.09956004928246134,0.0,0.003983000543703268,0.22400200521755617,0.0,0.0,0.05449128827745827,0.0
05075,05,075,0,242354.59999999998,-11.589420682215799,-10.47089896979195,0.2802055335446491,0.02040316131816768,0.11270551497681498,0.0,0.029673874562314892,0.046286722018067744,0.0,0.0,0.020134546651889424,0.0
05077,05,077,2,500308.7,-0.7655011758070067,-25.362341871704388,0.2107095079497918,0.0864064526561301,0.21507621194674406,0.0,0.03295245515418781,0.04931555257783844,0.0,0.0,0.01409809583563108,0.0
05079,05,079,2,273171.1,0.6381431377191245,-23.634635610423643,0.3308662592785255,0.036700441591368926,0.26948641346028185,0.0,0.03153664498184471,0.05903369719564039,0.0,0.0,0.003914762579204024,0.0
05081,05,081,0,52228.5,-2.152814558448174,-6.544149359462135,0.14326852197554973,0.06840326641584575,0.0742506485922437,0.0,0.0,0.39635639545458895,0.0,0.0,0.06578783614310195,0.0
05083,05,083,0,28622.5,-9.32070665811505,-9.161987231818841,0.0950371211459516,0.04481439427024195,0.2997397152589746,0.0,0.016892305004803914,0.22917634727923838,0.0,0.0,0.05633330421870906,0.0
05085,05,085,2,435630.9,-1.2409305330703404,-23.658236632325313,0.21141980516074502,0.10396668372238975,0.21326884754961137,0.0,0.01602641134960812,0.03516371313421522,0.0,0.0,0.010707918102228285,0.0
05087,05,087,1,29106.899999999998,12.581901750167045,-0.505383591918743,0.017899535848888065,3.4356114873105693e-06,3.4356114873105693e-06,0.0,0.0,0.9348504993661297,0.0,0.0,0.04354637560166146,0.0
05091,05,091,0,67565.9,-2.5171374257675403,-6.827770909218223,0.17293930814212496,0.08120072403386916,0.08760336205097542,0.0,0.0,0.32348270355312375,0.0,0.0,0.0662701155464517,0.0
05093,05,093,2,883961.3,-2.120411957148576,-21.41279608444342,0.27167524189124564,0.013152159489335109,0.15597854792964352,0.0,0.05994052002050315,0.047374924671476,0.0,0.0,0.01284151240557703,0.0
05095,05,095,2,321654.3,-1.6022750874204235,-23.949752853690217,0.2102213463336259,0.09914153176251647,0.2234165686577173,0.0,0.01999879995386351,0.03987821707964109,0.0,0.0,0.01103949177735227,0.0
05099,05,099,0,12098.399999999998,4.917386900296279,-3.2649219785881387,0.014382067050188458,0.0008844144680288304,0.0005372611254380746,0.0,0.0,0.7705812338821663,0.0,0.0,0.04162533888778682,0.0
05105,05,105,0,10093.6,-8.050858565681025,-13.557348092331168,0.12088848379170959,0.008837283030831419,0.07071807878259491,0.0,0.0079753507172862,0.4588452088452088,0.0,0.0,0.027353966870095902,0.0
05107,05,107,2,518063.5,-1.9644620937699706,-23.794002335391134,0.21242955738051417,0.07554556536023094,0.2618121137659765,0.0,0.02372373270844211,0.04812904209619091,0.0,0.0,0.012034046019455144,0.0
05111,05,111,2,577999.3,-3.412427796470837,-20.147306892381287,0.2676148569730102,0.03072373963082654,0.1538067606656271,0.0,0.04674192511997852,0.04166614042612162,0.0,0.0,0.014396557227664463,0.0
05115,05,115,0,49434.0,-7.7464912612634755,-10.447448366980744,0.05945300805113889,0.0022798074199943358,0.192393898935955,0.0,0.012305295950155762,0.10164663996439698,0.0,0.0,0.023417081361006592,0.0
05117,05,117,2,311838.6,-2.0733166467368243,-22.452873594804682,0.21384299442083182,0.07308428141993968,0.22135842067018005,0.0,0.013608321740797966,0.035906715845953646,0.0,0.0,0.010046863986690552,0.0
05119,05,119,0,49047.6,-10.34216141952546,-14.420357917574687,0.20661153654816952,0.05177827253525147,0.24181611332664596,0.0,0.025575155563167213,0.11532878265195444,0.0,0.0,0.010644761415441328,0.0
05121,05,121,0,115050.00000000001,-12.045586089861292,-10.559418201851038,0.26414689265536717,0.023974793568013904,0.14876923076923076,0.0,0.038787483702737935,0.08477096914385049,0.0,0.0,0.014771838331160364,0.0
05123,05,123,2,435353.5,-1.0774855190459363,-24.778010549822618,0.21326806836283618,0.060159847112748605,0.22907269609639064,0.0,0.02514531294683516,0.04620084597918703,0.0,0.0,0.01225647663335657,0.0
05131,05,131,0,13218.899999999998,-8.346870558593935,-9.134882171182813,0.08426571046002317,0.003805157766531255,0.28630218853308526,0.0,0.018291991012867943,0.2803107671591434,0.0,0.0,0.07270650356686262,0.0
05133,05,133,1,19679.4,13.649450499601748,-0.4697532880124813,0.01433478662967367,0.0,0.0,0.0,0.0,0.7319836986900007,0.0,0.0,0.04885819689624683,0.0
05143,05,143,0,33251.1,-8.809432150465753,-3.463924031522315,0.026889335991892,0.01081167239580044,0.005723118934411193,0.0,0.002700662534472544,0.8934802156921126,0.0,0.0,0.04208582573208105,0.0
05145,05,145,0,72429.4,-12.852543160096783,-10.353898259521138,0.22869994781124792,0.05172899402728726,0.19069190135497466,0.0,0.04557679616288413,0.14654684423728487,0.0,0.0,0.009599692942368707,0.0
05147,05,147,2,384112.30000000005,-1.2051586229151852,-23.956372385267382,0.21384787730046653,0.0678858760836349,0.22396965679047506,0.0,0.017201219539181637,0.04215668178290567,0.0,0.0,0.011041302244161407,0.0
05149,05,149,0,25005.6,-9.42863203421625,-10.624279156998245,0.09067168954154271,0.029661355856288193,0.30527561826150945,0.0,0.018087948299580894,0.18945356240202194,0.0,0.0,0.04630962664363183,0.0
08001,08,001,0,207541.0,-6.087802402054667,-8.816368935460588,0.5405741516134162,0.11450315841207279,0.031901648349000916,0.0,0.003574715357447444,0.15777412655812587,0.0,3.854660043075826e-05,0.07903498585821597,0.0
08003,08,003,1,369403.4000000001,7.927661752602443,2.6714313441495277,0.011580023356579823,0.0005831023753435945,0.020870408880914466,0.0,0.0,0.003239818583153267,0.0,0.0,0.0006894901346333032,0.0
08005,08,005,0,35349.799999999996,-2.991346414979489,-7.174162097577654,0.5610526792230791,0.10287186914777455,0.016820462916338992,0.0,0.0008090569112130763,0.18623584857622957,0.0,0.00024894058806556197,0.0752224906505836,0.0
08009,08,009,0,404393.2,-9.406105472306141,-12.165662662912034,0.38359720193118974,0.13167704105805933,0.09168823808115467,0.0,0.03146665176367951,0.20603956743090635,0.0,0.0,0.0583207136025037,0.0
08011,08,011,0,47473.7,-7.965488827595578,-12.949458055804811,0.4026418838219899,0.13532756031234136,0.13232800476895631,0.0,0.021268618203342065,0.13481569795486764,0.0,0.0,0.03802737094433339,0.0
08017,08,017,0,333095.5,-9.786123462742726,-11.759248451311986,0.47129216696112675,0.1470407135491173,0.05045880235548063,0.0,0.027499020551163253,0.13125935354875704,0.0,0.0,0.079201610348984,0.0
08021,08,021,1,10749.599999999999,6.704579252348319,-4.9690639459294745,0.3307471905931384,0.011358562179057827,3.721068690928035e-05,0.0,0.0,0.0975757237478604,0.0,0.0,0.015544764456351865,0.0
08023,08,023,1,74983.9,6.606970127714213,1.869975307796133,0.03819486583119843,0.0038621624108641996,0.01920812334381114,0.0,0.0,0.020010962353251834,0.0,0.0,0.004240910382095357,0.0
08029,08,029,1,13853.500000000002,18.934776743208875,12.491142670930106,0.40591186342801455,0.08588443353665137,0.0919984119536579,0.026967914245497524,0.0,0.06265564658750496,0.015122532212076368,0.13919948027574258,0.016725015339083982,0.02073844154906702
08039,08,039,0,45823.200000000004,-7.025051815514043,-12.349917270050536,0.5321409242479792,0.10506468339181897,0.04054059952163969,0.0,0.0012264529757851916,0.13246783288814398,0.0,0.0,0.07354571483440701,0.0
08043,08,043,0,13660.0,1.4844600506472911,-5.7858179429055365,0.14891654465592974,0.0037262079062957538,0.8010102489019033,0.0,4.392386530014641e-05,0.00685212298682284,0.0,0.0,0.001068814055636896,0.0
08061,08,061,0,332899.6,-10.27219808508319,-10.042628775666824,0.4879597332048462,0.13418009513979592,0.026672906786310346,0.0,0.03434669191552048,0.1613687730474894,0.0,0.0,0.07184838912392806,0.0
08063,08,063,0,595149.1,-9.654962470010581,-11.74266760322206,0.4808564778137109,0.14856293994227668,0.0729682696319292,0.0,0.010692110598839854,0.0981639726918851,0.0,0.0,0.08934315787422009,0.0
08069,08,069,0,39790.299999999996,-10.186386052992933,-1.2386063047227007,0.4575813703339759,0.13782756098848212,0.17086576376654614,0.0,0.020424575838835096,0.07326157380064992,0.0,0.0,0.043294471265609966,0.0
08071,08,071,0,10400.1,-4.900638387431364,-11.82018964399689,0.3805444178421361,0.06048018769050297,0.014480629993942364,0.0,0.00029807405698022133,0.36541956327343006,0.0,0.0,0.06942240939990961,0.0
08073,08,073,0,190053.9,-8.842411220696803,-11.903130205140275,0.5357774820721911,0.11511260752870632,0.027318039777136906,0.0,0.007497346805301023,0.1603381987951839,0.0,0.0,0.07749854120331127,0.0
08075,08,075,0,202529.30000000002,-11.818912447622715,-6.070425909963475,0.45298680240340533,0.18660164233027024,0.11761557463537373,0.0,0.015785370314319952,0.10106488295767574,0.0,0.0,0.0333487549702685,0.0
08077,08,077,1,18558.100000000002,16.850877091176894,13.658811180608506,0.39457164257116834,0.09000921430534375,0.09814582311766828,0.02264779260807949,0.0,0.04078542523210889,0.012700653622946312,0.03256798917992682,0.01624627521136323,0.01742096443062598
08081,08,081,1,11911.000000000002,10.422786329829199,3.4556263407375063,0.5605322810847115,0.11051129208294852,0.00014272521198891778,0.00787507346150617,0.0,0.17468726387373013,0.0032994710771555697,0.0,0.060137687851565765,0.004525228780119217
08083,08,083,1,13752.6,14.612271528805957,10.593350787237817,0.507016854994692,0.0985340953710571,0.08692174570626646,0.018680104125765307,0.0,0.0978651309570554,0.010478018701918182,0.004711836307316434,0.03378997425941276,0.014368192196384683
08085,08,085,1,29881.9,15.542432299474102,11.952410614864444,0.4199732948708081,0.11903526884167338,0.13382348511975475,0.0636104129924804,0.0,0.04041911658897192,0.03567376907090914,0.0034904072364876394,0.016993564666236083,0.04892259193692503
08087,08,087,0,114810.8,-9.711755690512572,-2.707672288077763,0.4277350214439756,0.22055677688858538,0.15038219400962277,0.0,0.016913914022025803,0.07609040264504732,0.0,0.0,0.028387573294498425,0.0
08089,08,089,0,18470.199999999997,-7.761453021233617,-11.729540994371526,0.39058050264750793,0.11182336953579282,0.11030741410488248,0.0,0.014358263581336425,0.1392784052148867,0.0,0.0,0.03412523957509935,0.0
08095,08,095,0,264029.1,-9.880310077987357,-12.133522597272997,0.4741878830780395,0.14954942466569027,0.08889815554421843,0.0,0.006481482533554067,0.08372524089200775,0.0,0.0,0.09045480214112764,0.0
08099,08,099,0,222041.7,-7.9554756081138045,-12.67546898043313,0.38776184833749694,0.12678879687914477,0.06955135003920435,0.0,0.025365956034384532,0.2265975265006528,0.0,0.0,0.05912357903943268,0.0
08101,08,101,0,13012.9,-7.017128198745798,-10.648426954693193,0.43058810872288267,0.12494524663987275,0.1885206218444774,0.0,0.004649232684490006,0.08825857418407888,0.0,0.0,0.019757317738551747,0.0
08105,08,105,1,314963.2,6.215313133210239,1.7663308659813106,0.013676835897019079,0.0005200607563042286,0.020714165972405663,0.0,3.1749740922114077e-07,0.0035858157397435637,0.0,0.0,0.0006911918598744234,0.0
08109,08,109,1,311512.5,6.7617822791638975,2.1475030953178633,0.016631435335660687,0.0011607880903655552,0.020534649492395973,0.0,0.0,0.006501504755025882,0.0,0.0,0.0013845351310140042,0.0
08115,08,115,0,129178.09999999999,-10.143000217056748,0.026173189495809934,0.44488732997311464,0.1762582047576176,0.13300861368916247,0.0,0.022612966129707746,0.08587136674095687,0.0,0.0,0.03472105565881523,0.0
08121,08,121,0,419729.0,-9.444769713695802,-12.323629021262093,0.4868298354414396,0.14123875167072086,0.05928039282489416,0.0,0.013148722151674055,0.1199950444215196,0.0,0.0,0.08384338466010212,0.0
08123,08,123,0,228656.90000000002,-9.732512001357662,0.1415105462018229,0.45575313931046907,0.1741250756045411,0.12668718940911033,0.0,0.01354387293801324,0.09133859507410447,0.0,0.0,0.03210312043940069,0.0
08125,08,125,0,491839.5,-10.058430397290735,-12.445894829329777,0.4682336412589879,0.14970737405190107,0.1000856986882916,0.0,0.006577145593227059,0.07015316988570458,0.0,0.0,0.09147963919124023,0.0
09003,09,003,0,27273.800000000003,6.537890628713594,19.744854753039284,0.13167948727350057,0.08272774604198901,0.0766963166115466,0.0,0.008986646525236673,0.012990489040764396,0.0,0.20854446391775255,0.0008872984329283047,0.0
09005,09,005,1,22986.600000000002,7.200855342124619,19.89346953308193,0.32140899480566937,0.16610547014347488,0.022234693256070928,0.0,0.025101580921058353,0.027115797899645876,0.0,0.10857630097535086,0.0024753552069466554,0.0
09009,09,009,1,14096.400000000001,8.649263837985014,20.88636835829993,0.10141596435969466,0.054191141000539136,0.029865781334241365,0.0,0.00689537754320252,0.017238443858006297,0.0,0.31762719559603864,0.0006810249425385203,0.0
09011,09,011,0,21186.500000000004,5.701231519230662,18.298385907496016,0.3912255445684752,0.2023599933920185,0.014490359426993601,0.0,0.03106695301253156,0.023845373232954943,0.0,0.0793760177471503,0.003063271422840016,0.0
09013,09,013,0,19678.199999999997,6.389625099358726,19.06326056087199,0.3311532558872255,0.17293756542773223,0.029835045888343452,0.0,0.02575946987021171,0.01886859570489171,0.0,0.08981512536715758,0.002540882804321534,0.0
09015,09,015,0,22731.7,6.393880270374876,18.935697354854522,0.3527276886462517,0.1808223758011939,0.010667921888816058,0.0,0.02789936520365833,0.020482410026526832,0.0,0.11874606826590181,0.0027494644043340355,0.0
10001,10,001,0,137300.7,-3.7412464393152334,9.59214382438857,0.319724517063642,0.21522541400007425,0.07767549619193492,0.0,0.00977489553949834,0.08162594946711851,0.0,0.0,0.0053648670400078076,0.0
10003,10,003,0,41659.200000000004,-7.38385056842316,14.434107673870656,0.4113353112877828,0.1427319775703806,0.09834802396589469,0.0,0.01506029880554595,0.049784921457925256,0.0,0.0113732380842647,0.014957080308791334,0.0
10005,10,005,0,210453.3,-4.210500979414448,9.92139632853159,0.29199684680639365,0.1496845143316831,0.07932021023191368,0.0,0.012183225447165713,0.07724041390655315,0.0,0.0,0.016348520075475177,0.0
12001,12,001,1,47321.8,27.39218065738774,14.314196024431126,0.018050877185567752,0.00031063907121030895,0.016561077558334636,0.03452320072355659,0.002730242721113736,0.11673266866433651,0.044482669720932,0.02615496451952377,0.011844435334243413,0.011284439729680611
12009,12,009,1,67271.1,27.853491152945445,18.027401276836727,0.036706698716090565,0.004205371994809063,0.009721856785454674,0.0,0.0,0.0069019237086951155,0.4867350169686537,0.19126043724571173,0.006875166304698451,0.056704885158708564
12013,12,013,1,59451.2,25.076417262255276,-7.898945935289562,0.21197890034179293,0.013676763463142881,0.034347498452512316,0.05110073472024114,0.06287173345533817,0.021096294103399093,0.16790409613262644,0.0,0.0033573754608822027,0.0
12015,12,015,1,259048.7,29.6483182278529,24.772892342464754,0.05741584497432336,0.0003489691320589526,0.003004454374795164,0.021147374991652146,0.0,0.004926872823527004,0.11524280955665865,0.4330085424092072,0.0029145098971737745,0.011170872503895986
12021,12,021,1,773110.5,29.735582725724015,25.052810772005515,0.028554779685439534,0.0002571430604033964,0.0023532211760155888,0.005308943546879779,0.0,0.0016374114696411446,0.16008552464363116,0.2311784667262959,0.0003819635097440793,0.08193097881868115
12023,12,023,1,34018.4,28.115574383206535,6.175683018211694,0.05778637443265997,0.034184441361145734,0.01626766690967241,0.2548855913270465,0.02075347459022176,0.14030054323542554,0.2542477012440326,0.006096700609082143,0.010456106107283116,8.818756908026245e-05
12027,12,027,1,855775.7,31.148932110356533,23.09432106794629,0.06850580122805544,0.00027752599191587234,6.882644599513634e-05,0.01174583480227354,0.0,0.004537637607611434,0.009037648533371537,0.637153053072201,0.0010814749706026942,0.008832337725878405
12029,12,029,1,10775.4,20.53276415821142,6.748574119476701,0.020732409005698164,0.007108784824693282,0.009827941422128181,0.10768973773595412,0.00486292852237504,0.21991759006626202,0.46210813519683724,0.0,0.012806949161980066,0.0
12033,12,033,1,125564.90000000001,28.891351267199504,-6.660676648371566,0.16337368165785182,0.01731614487806704,0.025747641259619525,0.15910895481141624,0.04723851968185376,0.018822138989478748,0.2004708322150537,0.0,0.0025006988417941634,0.0
12035,12,035,1,52485.100000000006,25.989766521527773,16.024751687667653,0.0014689883414530978,0.00018481435683651167,0.014179262304920824,0.04296648001051726,0.0,0.02167662822401024,0.8177749494618471,0.0011831929442832345,0.0021148859390569892,0.0
12039,12,039,1,32062.7,29.018638075757327,-5.001717979414929,0.11062387135206954,0.033902322636583944,0.018828732452351175,0.2783483611798133,0.025100818084565553,0.028185399233377102,0.21024118368072556,0.0,0.002186341137833058,0.0
12041,12,041,1,49000.3,27.469126541660458,21.994100213421348,0.006638734864888582,3.265286130901239e-05,0.02390801688969251,0.026228410846464205,0.0,0.04309973612406454,0.018157031691642705,0.007475464435932025,0.003779568696518184,0.0050081326032697755
12043,12,043,1,187434.40000000002,30.967901977718917,18.336540812583248,0.07265475280951628,0.0008178861511013986,0.00011684087872877121,0.0,0.0,0.008069489912203949,0.0328573623625119,0.5809435194393344,0.005634504658696588,0.03223314396930339
12047,12,047,1,56004.399999999994,26.315637840054883,2.537605665509525,0.06014170315189521,0.07364957039089787,0.020568026797894455,0.12029769089571535,0.01758790380755798,0.038389840798223,0.48178000299976437,0.0020980494389726523,0.002771210833434516,0.0
12049,12,049,1,768109.5000000001,30.278950101033445,23.99928101106981,0.0613514088811556,3.9056931335961856e-07,0.0015971681120986003,0.004493239570660172,0.0,0.003975084281603079,0.07505869931305366,0.5441239823228328,0.0010417785485012227,0.00879614169594309
12051,12,051,1,1894157.7,31.306259995686435,21.43906848182496,0.06410770338710446,0.00024607243631298494,0.00016920449654218338,0.02286192960596681,0.0,0.0037543864483933938,0.01443718228952109,0.5904309868180458,0.0004701298102053488,0.014162970696684865
12053,12,053,1,20234.0,28.540495371644635,22.073288262230243,0.047197785904912526,9.390135415637046e-05,0.0008352278343382425,0.0170010872788376,0.0,0.1098596421864189,0.04487002075714144,0.6475239695561925,0.010442819017495306,3.4595235741820694e-05
12055,12,055,1,906990.0000000001,29.56410670620864,24.311680006250356,0.06787097983439729,0.0012526047696225975,8.434492111269142e-05,0.006088380246750239,0.0,0.00474283068170542,0.0023494195084841065,0.5848612443356597,0.0016756524327721362,0.002376321679401096
12057,12,057,1,1895471.0,27.124128390876603,24.292711601462155,0.006608278364585899,1.8465067521476192e-06,0.00048425958508465706,0.10234886210340331,0.0,0.004344408329117143,0.016071942013357102,0.05791826939056308,0.00039462487160183405,0.005352495501118192
12059,12,059,1,84970.5,29.115625791331148,-5.107362638694782,0.11108090454922591,0.012943315621303863,0.026019618573504922,0.21472040296338143,0.02487686903101665,0.0320287629236029,0.22535468191901895,0.0,0.003680100740845352,0.0
12061,12,061,1,844854.0,31.642967452127305,23.892186753351012,0.08171861647101156,3.5509093878942396e-07,3.882327597431035e-05,0.005283516441894102,0.0,0.0028359929644648663,0.008575564535410852,0.4299207910479207,0.00047499331245398613,0.008434830160003976
12063,12,063,1,360157.8,28.78809160090065,-6.18806194431271,0.16391509499447188,0.008017596731210597,0.032841715492486906,0.09148767567993807,0.04855927040869308,0.017913536788596553,0.19683261059457827,0.0,0.002090194909009329,0.0
12065,12,065,1,30657.2,28.857276938682883,-5.174094254708123,0.18121681040669077,0.03747896089662461,0.023694270840128907,0.14122620461098861,0.030795375963884503,0.07968438083060424,0.14445872421486633,0.0,0.008278642537478962,0.0
12067,12,067,1,23462.4,23.563949790372092,7.025189344585585,0.11318535188216038,0.16147964402618656,0.022619169394435354,0.006934499454446262,0.017363952536824875,0.21227581151118383,0.2504517866884888,0.0,0.012505114566284777,8.098063284233496e-05
12069,12,069,1,245581.90000000002,31.202025036161395,24.19353664669555,0.042088199496787014,0.00023413777644036468,0.0001197156630842908,0.04209837940011051,0.0,0.020949426647485014,0.04597244340889943,0.5941423207492083,0.0017843334545420487,0.012033867316768867
12071,12,071,1,208302.80000000002,30.858234226135558,24.45398791480614,0.05873516822625524,0.0,0.00202109621186081,0.01765218710454204,0.0,0.0037056631019842263,0.09842738551762145,0.48624838456324154,0.0011128030924212253,0.011527929533352408
12075,12,075,1,100600.0,22.498616142684885,16.10453877714158,0.009803180914512924,7.952286282306163e-06,0.029033797216699804,0.0,0.0,0.04801590457256461,0.28121968190854874,0.019687872763419483,0.004201789264413519,0.0
12079,12,079,1,99063.20000000001,26.276971167443776,-3.0198194549907758,0.04885063272739019,0.04068412891971993,0.01551938560434147,0.3827374847572054,0.015509291038448182,0.053066123444427384,0.23701838826123117,0.0,0.005506585694788781,0.0
12081,12,081,1,1050580.9,29.549445753032973,25.25763819880782,0.020849132132518308,0.00018599234004730146,0.0024707283370561943,0.015562152329249467,0.0,0.0012256076614375914,0.07905911862665693,0.16090850309576352,0.000367320593778166,0.023235050246963374
12083,12,083,1,75470.79999999999,25.482562659035377,23.38198033576886,0.026345288508933258,4.637555186906725e-05,0.014249219565712835,0.011364660239456852,0.0,0.14062922348775952,0.023446154009232712,0.2695015820688267,0.013353508906755992,0.004833657520524495
12085,12,085,1,517348.30000000005,30.155994485543317,24.156382154618292,0.05583897733886436,4.832334425376482e-06,0.0024333703232425814,0.015724802806929103,0.0,0.0033082161476127394,0.12062879108716505,0.48129876912710445,0.0006757536460446473,0.011797854559491158
12086,12,086,1,188577.30000000002,28.593677506955096,25.030679885224828,0.01590541385415954,0.008671775446991763,0.0014354856072284414,0.0559770449571608,0.0,0.00024764380442396833,0.03297321575820631,0.015523077273881851,0.00018825171428374463,0.031519170122809054
12091,12,091,1,44771.0,29.530277111109996,-5.770849740147604,0.13338545040316277,0.010127091197426906,0.02383685868084251,0.17414174353934467,0.032867257823144445,0.029244376940430188,0.22914386544861629,0.0,0.004158942172388376,0.0
12093,12,093,1,197555.0,30.11763504145463,20.486764507593712,0.055751562855913546,0.0003244666042367948,0.002206474146440232,0.2405573131532991,0.0,0.00839917997519678,0.10720457594087722,0.3469190858242009,0.007598390321682569,0.010316620687909695
12095,12,095,1,139394.19999999998,30.86445027817431,24.290706783224962,0.0402233378433249,0.00025036909713603583,0.0001319997532178527,0.06603072437734138,0.0,0.04517332858899438,0.050669253096613784,0.5529405097199167,0.004170187855735748,0.013276736047841305
12097,12,097,1,159218.59999999998,28.431940865748942,21.860640266386568,0.04571702049886132,1.9470087037569736e-05,0.0017278132077533659,0.002056292418096881,0.0,0.17202512771749032,0.09454485845246724,0.5482738825740209,0.016550830116581858,2.3866558304117738e-05
12099,12,099,1,732473.7999999999,31.33810121493091,21.775761560756955,0.0179880836693408,0.009742327984973662,0.00035332321784069276,0.056066305716327335,0.0,0.00030239989471295766,0.23834490735368283,0.026119432531238662,0.00018294169702725205,0.23381778297053082
12101,12,101,1,125662.2,28.878613512537413,22.82057292204299,0.04578624280014197,0.00012255077501428433,0.0010926117798351455,0.024155235225867447,0.0,0.053401102320347726,0.05901138130639126,0.6640620648054865,0.004925108743918219,0.00018700929953478453
12105,12,105,1,1593380.1999999997,31.081772351677827,24.026595814823413,0.04638936771023012,1.3179528652358052e-06,2.7614250509702585e-05,0.02149963957127119,0.0,0.01471644997220375,0.02072430672855104,0.6968618663643492,0.0011333139447822938,0.0054700692276708355
12107,12,107,1,166930.1,29.649785508747918,20.231640227937493,0.0027364747280448523,2.9353603694001264e-05,0.01346551640477062,0.012781996775896018,0.0,0.012538781202431435,0.8018655712780379,0.02632239482274317,0.0012124835485032358,0.005130291061947486
12109,12,109,1,712353.0,27.067762266936683,20.19212643347018,0.0005922625439915322,4.618496728447834e-05,0.012014268206914269,0.1736186974716187,0.0,0.00042801813146010475,0.7070289589571462,0.0006766308276935733,4.1412052732283014e-05,0.00237241929212062
12111,12,111,1,898479.4,27.977801882081874,21.926262944757095,0.08842862730074835,0.0,5.041851822089632e-05,0.0022947660235727164,0.0,0.0029834852084533042,0.0,0.456960504603667,0.0004690146485272784,2.693439604736625e-05
12113,12,113,1,232406.5,29.525051312220256,-6.925738826704056,0.15625724753825732,0.002379881801928948,0.03198791772175047,0.09638155559332463,0.04940610525092887,0.013355908720281058,0.23244186371723682,0.0,0.0014483243799119218,0.0
12115,12,115,1,13264.599999999999,30.385257005502574,19.36508589359805,0.11797566455075918,0.0,0.0001356995310827315,0.0,0.0,0.021576225442154307,0.008043966648070807,0.4696108439003061,0.02235272831446105,0.007893189391312215
12117,12,117,1,20327.7,29.591365596281015,23.9541763734142,0.02895064370292753,0.0001672594538486892,0.0014413829405195866,0.05711910348932737,0.0,0.04825927183104827,0.11352981399764854,0.3915297844812743,0.004540602232421769,0.008958219572307738
12119,12,119,1,11930.5,25.50557767736369,12.744222167139192,0.04071916516491346,0.0002766019865051758,0.004744143162482712,0.03029210846150622,0.0007711328108629144,0.6443233728678597,0.013226604081974772,0.0039813922299987425,0.0630317254096643,0.002011650810946733
12121,12,121,1,248055.1,27.01499167631557,7.949848795942852,0.032103351231238544,0.034913210814855246,0.013095477577360836,0.11143653164155867,0.0058345907824511566,0.02517384242452584,0.6243209673979693,0.0019322319920050022,0.002317630236185428,0.00010400914958007314
12125,12,125,1,10454.3,21.9136822524169,15.796494618765003,0.01402293792984705,0.0003347904689936199,0.004467061400572014,0.09267000181743398,0.0,0.14515558191366232,0.34540810958170326,0.0,0.014166419559415742,0.026333661746841017
12127,12,127,1,31523.9,28.890165735649177,14.9560788099529,0.0446803853584106,3.172196333575478e-05,0.00040604113069766113,0.02493663537823683,0.0006058894997129162,0.11970282864747064,0.033932984180256885,0.5482221425648476,0.011597549795551946,0.008352392946304233
12131,12,131,1,51380.399999999994,25.95322465495736,-7.964571256865589,0.17325283571167216,0.005515721948447268,0.03961432764244732,0.0050758655051342545,0.04399732193599116,0.046299756327315485,0.21382861947357362,0.0,0.0044550061891304865,0.0
12133,12,133,1,39216.4,27.647915203763088,-8.178489954693074,0.1999112616150386,0.014080843728644139,0.038659846390795685,0.00609693903570955,0.05607857936985546,0.02993135524933446,0.205977601207658,0.0,0.0037152823818606497,0.0
13001,13,001,1,215498.50000000003,27.812933931898208,-8.003514097037922,0.10788613377819334,0.009860393459815264,0.02065211590799936,0.0,0.11410288238665232,0.045085696652180866,0.3616349997795808,0.0,0.01973145984774836,0.0
13003,13,003,1,141574.09999999998,29.377208009084825,-0.42841786370663737,0.1373669336411109,0.008263517126367042,0.03752381261826846,0.04148145741346758,0.04748749947907139,0.014901736970250917,0.3455568497345207,7.840417138445522e-05,0.025817575389848853,0.0
13005,13,005,1,89343.9,28.777784665874922,-5.493570861358592,0.13424083793073732,0.01988831918015668,0.01640850690422066,0.04815885583682826,0.13644356245921657,0.05059103083702413,0.276922095408864,0.0,0.025362671654136432,0.0
13007,13,007,2,227700.6,22.945816351121962,-13.211147311106451,0.07497257363397374,0.04553435520152341,0.019005659185790464,0.0,0.039837400516292004,0.006581010326718506,0.4860013544101333,0.0,0.002342549822003104,0.0
13015,13,015,1,19675.5,20.695177102689648,1.8206337917075934,0.2838047317730172,0.07551523468272725,0.05910904424284008,0.0,0.025224263678178444,0.1588472974003202,0.02844654519580189,0.00015247388884653503,0.06040507229803563,0.0
13017,13,017,1,86055.9,28.060125753501275,-7.624134805952742,0.18685064010718616,0.03065333114870683,0.05414271421250606,0.0,0.0633402242031052,0.025643796648457576,0.21683696295082613,0.0,0.03204312545682516,0.0
13019,13,019,1,317934.6,29.7994303138413,0.6972246420570782,0.11926477961190762,0.02123015236466871,0.03755080447362445,0.053629897469479576,0.039539578265467175,0.021087355701455583,0.3469147428433395,7.202739179692931e-05,0.019810678045107392,0.0
13023,13,023,1,102232.6,27.72662190909961,-9.549226757935955,0.1913313365795255,0.009264168181186822,0.03444106870019935,0.0,0.11406342008322198,0.041059309848326266,0.1746722669676796,0.0,0.01778102092678852,0.0
13027,13,027,1,385332.5,30.79547259009101,-3.6797049408867064,0.11846625965886605,0.006063594428188642,0.02008551056555053,0.24261462503162853,0.034436493158505964,0.018228932155995147,0.16662311120915055,0.0,0.021005495254098734,0.0
13031,13,031,1,1123528.7,28.359665684155438,-3.4956546273044076,0.035854090776675306,0.004313463465597274,0.013638547907142915,0.0,0.014289087586280618,0.009079162819783777,0.8030418804610866,2.5811534676417257e-05,0.009438655194121877,0.0
13033,13,033,1,1011133.2000000001,27.97570930392024,0.9511088868124606,0.03361377116288932,0.015161701742164137,0.01331911562195762,0.0,0.013449365523750974,0.01171052438986278,0.7931290358184262,0.0032573354331555918,0.007230995876705462,0.0
13037,13,037,2,196205.4,24.726083597726074,-14.21472516983944,0.11421092385836476,0.05678029248940142,0.022467781212953366,0.0,0.05157299442319121,0.01573809895140501,0.3914729156282141,0.0,0.004220577007564522,0.0
13043,13,043,1,140518.5,28.493401839862717,-0.30077920298540795,0.08766105530588499,0.005695335489633037,0.023327889210317504,0.0,0.022814077861633877,0.024549792376092828,0.5931973370054476,0.0005629152033362155,0.018986823799001556,0.0
13061,13,061,2,81210.0,24.9264238852883,-14.07671983116883,0.09291835980790543,0.02271641423470016,0.021901243689200836,0.0,0.04906169190986332,0.015356483191725155,0.4306661741164881,0.0,0.005330624307351311,0.0
13069,13,069,1,433238.1,29.482030497770396,-4.478227527796049,0.10735851717565931,0.0075651241199700585,0.02992326852139736,0.13119367848764918,0.03639684506048753,0.01603367755513654,0.34082644162644055,0.0,0.01954352583487002,0.0
13071,13,071,1,835425.7,29.24922833367483,-2.944831727484307,0.07475099221869762,0.005772266761723994,0.018482672965411527,0.36126312609248196,0.02409789404371927,0.011120797456913285,0.2150312110340872,0.0,0.013599174648325999,0.0
13075,13,075,1,165859.4,31.717440886373126,0.3831002043096252,0.15148613825927262,0.013537369603411084,0.034096951996691174,0.11812957239686145,0.048864279021870335,0.022398489322884324,0.19523041805288094,9.405556754697051e-05,0.027159750969797312,0.0
13079,13,079,1,68763.1,26.59935730112086,9.016611497448594,0.021056351444306613,0.002223576307641744,0.005239728866208766,0.004742369090398775,0.0058825154770509175,0.06566167028537108,0.010819756526392789,4.5082318859969955e-05,0.0008056646660781726,0.0
13081,13,081,1,202972.09999999998,29.34829632113064,-7.647592210239526,0.21867931602422208,0.023908704693896356,0.0355152259842609,0.05888641837966893,0.06670325626034318,0.03205317381058776,0.118148257814744,0.0,0.03920341761256843,0.0
13087,13,087,1,468807.6,28.5806953659524,-6.003020910176618,0.08101511152976189,0.04856320588659399,0.027296699114946088,0.051778384138823685,0.04323671373928239,0.00872895405279266,0.40032414150282547,0.0,0.0036806143927700834,0.0
13091,13,091,1,115707.59999999999,28.004389275690226,-7.104062580879536,0.18677511243859524,0.005540690499154767,0.02231573379795277,0.0,0.10172797638184529,0.03545920924813927,0.18222052829719051,0.0,0.01326447009530921,0.0
13093,13,093,1,363689.0,29.266377823340797,-2.6941747214790137,0.24466975905237717,0.013971277657559069,0.031482117963424795,0.05498186637484224,0.07496074943151979,0.027439928070411807,0.11544616416773672,0.00010475983601373702,0.04578692234299085,0.0
13095,13,095,1,38040.2,24.698988542986207,-11.640216968401518,0.07149016040925127,0.07537815258594856,0.015470475970157887,0.0,0.025538772141050783,0.014681836583403874,0.48584392300776547,0.0,0.0018112417915783832,0.0
13099,13,099,2,360994.10000000003,24.921273995359062,-14.181827557013122,0.10172714734118923,0.030578339091968536,0.022395933894764485,0.0,0.05410947159524213,0.010984390049588068,0.4178190169867042,0.0,0.004590379731967918,0.0
13101,13,101,1,17029.100000000002,29.886757456401188,-5.055897578151198,0.18664521319388575,0.08110822063409105,0.007117228743738658,0.16758372433070448,0.052686284066685844,0.03685456072252791,0.1541126659659054,0.0,0.028122449219277583,0.0
13103,13,103,1,130631.6,28.88915829335253,4.16552676539073,0.060539716270795116,0.027301969814348136,0.015850682377005255,0.0,0.017488877117022218,0.023573928513468408,0.6736164909562464,0.00501027316514534,0.00955511530135128,0.0
13105,13,105,1,19669.899999999998,19.199520409870658,-0.6465072479755452,0.43546230534979846,0.030467872231175554,0.08500805799724452,0.0,0.030808494196716815,0.18930955419193796,0.022343784157519867,0.00047788753374445225,0.04103223707288802,0.0
13107,13,107,1,399740.7,29.07288643157286,2.7144745219078614,0.04584621981199312,0.008674373162402528,0.016834412908167718,0.0,0.015544576771892379,0.016019634728212565,0.7267983970608948,0.00392079165318918,0.011155231378741269,0.0
13109,13,109,1,19063.9,26.350037909243625,-9.059448597444742,0.12560389007495842,0.02471162773619249,0.018553391488625094,0.0,0.1208252246392396,0.08566977376087788,0.22303935710951062,0.0,0.023038308006231672,0.0
13115,13,115,1,14054.699999999999,20.09721164106157,3.1855028905023213,0.24816609390453018,0.11100201356129978,0.07291511024781745,0.0,0.01150504813336464,0.21520914711804592,0.035283570620504176,0.0008395767963741668,0.044746597223704526,0.0
13119,13,119,0,11876.400000000001,4.557144824479437,15.802718212374828,0.4027988279276548,0.019096695968475293,0.03188676703378127,0.0,0.0035364251793472763,0.4153194570745343,0.0,0.006719207840759825,0.06511232359974402,0.0
13125,13,125,1,31572.4,27.91683180077038,-8.795824143468856,0.08896377849007361,0.008070339917142821,0.019434696126996998,0.0,0.021002521189393268,0.04072544374200251,0.5984720832119192,0.0,0.015668748653887572,0.0
13129,13,129,1,16976.0,12.416966699265815,15.337480941738704,0.21691211121583412,0.11816093308199813,0.09152921771913289,0.0,0.029064561734213006,0.22209000942507068,0.035473609802073515,0.0003475494816211122,0.0382186616399623,0.0
13131,13,131,1,264597.4,29.850430718337133,-6.57507917492202,0.10827430655025332,0.032256930718140085,0.020119623246486928,0.11752420847672727,0.050649401694801234,0.009350054082164072,0.31943246607865383,0.0,0.004909723224793591,0.0
13147,13,147,0,26864.9,3.320548504162458,13.272726362840547,0.571161627253405,0.025430952655695723,0.09169957826010891,0.0,0.0046938570402272105,0.1635107519477087,0.0,0.0004876251167880766,0.036136371250218687,0.0
13153,13,153,1,90701.19999999998,29.90956580675771,-6.475531478270985,0.15900340899569138,0.009278818802838333,0.03156408073983586,0.03694438441828775,0.08816862400938467,0.04338972361997417,0.14260561051011456,0.0,0.009971202145065337,0.0
13155,13,155,1,245635.2,28.9993495623084,-4.080840020889435,0.17894381587003816,0.02617458735555816,0.054390005992626465,0.0,0.06077345592162687,0.027118263180521355,0.24545097771003505,4.233920871275778e-05,0.031032197339794947,0.0
13161,13,161,1,132435.69999999998,29.239774845093777,-0.10154602533033086,0.16979334122143805,0.01813181793126778,0.035099297243870044,0.055118068617449834,0.05341233519360717,0.024839978948274524,0.25982042606336514,0.00013364976362113842,0.030729629548528082,0.0
13163,13,163,1,453493.0,27.886255843648005,2.0510667914167673,0.05599336704204916,0.031154835907059204,0.017016139168631046,0.0,0.01684215632876362,0.02313376391697336,0.7152176549582905,0.004078563505941657,0.008808294725607672,0.0
13165,13,165,1,426247.00000000006,28.374856776331978,1.7061553076441094,0.03995946012523254,0.00946165016997187,0.015595183074602281,0.0,0.014358341524984337,0.011680786023127433,0.7826891450262407,0.002824184099829441,0.009529216627917616,0.0
13167,13,167,1,24682.600000000002,30.66291508859885,-1.0826677080167082,0.19694440618087236,0.01292408417265604,0.027796909563822286,0.08980010209621352,0.08184713117742863,0.10705112103263027,0.12832116551740902,0.00033626927471174027,0.01748600228501049,0.0
13173,13,173,1,96525.09999999999,27.67598968528614,-7.872451297195959,0.11268778794323965,0.014919435462900324,0.025249391091021922,0.0,0.03624756669508761,0.016653699400466824,0.4409754561248836,0.0,0.019898451283655756,0.0
13175,13,175,1,81333.3,33.785949357173294,0.9689075118008894,0.13707054797973278,0.011465168633265833,0.030730340463254287,0.08843364280067328,0.07479716180211549,0.06781969992610652,0.1553398177622204,0.00022991812701562582,0.014960661869123716,0.0
13177,13,177,1,189538.80000000005,28.904937267864284,-3.271630996895226,0.12760236954122317,0.07428663682581085,0.021462096415087565,0.0031692719379884217,0.04950806906026628,0.022115260833138115,0.3495701144040164,0.00011132285315724272,0.004284610855402693,0.0
13185,13,185,1,100212.70000000001,29.033861633148398,-2.4313735997130506,0.07669387213397104,0.010720198138559282,0.02546882780326246,0.29873060001377066,0.02200619282785515,0.02805831995345899,0.25005912424273563,0.0,0.011781939814015588,0.0
13193,13,193,1,115240.09999999999,19.451465552855517,-4.090722871028371,0.11716581294184925,0.024666760962546892,0.018093528207629116,0.10135447643658763,0.03724571568403707,0.05103518653663092,0.13252591762763136,0.0,0.03433266718789727,0.0
13195,13,195,1,12470.4,18.03567131147515,2.8115063919561285,0.5458686168847832,0.005116114960225814,0.042620926353605336,0.0,0.003031177829099307,0.2936473569412369,0.002702399281498589,0.0002886836027713626,0.05050359250705671,0.0
13197,13,197,2,16723.0,12.054868375510218,-8.641386860271044,0.08890749267475931,0.049751838784907014,0.02631106858817198,0.0,0.02837409555701728,0.10297793458111583,0.06966453387550081,0.0,0.015009268671889016,0.0
13201,13,201,2,346485.4,24.05102094277089,-13.566246218740801,0.09472347175378819,0.044810546129793634,0.02067763894236236,0.0,0.047066052422410874,0.011704100663404576,0.4360183719140835,0.0,0.0035600345642269483,0.0
13205,13,205,1,576049.8,32.002640503924134,-1.6415550285391598,0.10035989943924986,0.025680418602697198,0.02364917060990213,0.032045493288948276,0.054922161243698024,0.016290952622498956,0.37344826784073176,7.395193957189118e-05,0.004373406604776184,0.0
13209,13,209,1,55867.100000000006,32.822449865764256,-4.759997041669441,0.14527691610983923,0.003783980195857669,0.02410184169215871,0.08993486327373354,0.08546890746074164,0.04009694435544354,0.17140320510640428,0.0,0.010025578560548157,0.0
13213,13,213,1,16479.9,9.098042114777453,18.263628615023855,0.19662133872171553,0.19391501162021613,0.07862304989714743,0.0,0.04770053216342332,0.12639639803639585,0.07093489644961437,9.101996978137003e-05,0.022087512666945794,0.0
13221,13,221,1,15755.8,10.327105827385079,15.766960328358387,0.6606836847383186,0.005121923355208876,0.036183500679114994,0.0,0.00033638406174234253,0.21279782683202378,0.0005458307416951218,0.0009647241016006804,0.03642468170451516,0.0
13225,13,225,1,23966.5,26.959745858164016,-12.128643034882888,0.1978010973650721,0.021409050132476584,0.015050174201489578,0.0,0.07176266872509544,0.0863622139236017,0.08345816034882023,0.0,0.01378173700790687,0.0
13229,13,229,1,161634.1,29.144069255392786,-5.096174775510122,0.08073976964019348,0.018301212429802868,0.01520904314126784,0.05339158011830424,0.08222027406345567,0.03209038191817196,0.38521017532810214,0.0,0.013499007944486961,0.0
13235,13,235,1,140226.6,29.56150614520216,-3.3398787023454553,0.1700761481773073,0.00992108487262759,0.033702592803362554,0.0,0.09732033722560483,0.038493409952177406,0.15268429812888568,0.00015546265829735585,0.010681283009072458,0.0
13243,13,243,2,175618.8,24.463295703456602,-13.927298755842948,0.10216787724321086,0.06773363671770904,0.021391787211847483,0.0,0.04076101191899728,0.014928356189656232,0.42276339435185756,0.0,0.0043315408145369405,0.0
13251,13,251,1,559879.8999999999,29.308281503994564,4.012707358358833,0.042383911263826415,0.01457634039014439,0.01696988943521638,0.0,0.014832109529204392,0.013617384728403362,0.745474699127438,0.004018897624294068,0.009799065835369337,0.0
13253,13,253,2,302572.1,24.720974464814027,-14.198580318038967,0.10083249579191209,0.041267849877764676,0.02161897941019678,0.0,0.05138147238294609,0.008700075122590616,0.42365571710015565,0.0,0.0038684994419511914,0.0
13259,13,259,2,41059.1,24.897054278053933,-15.064924494507949,0.11729433913553877,0.0045519750798239614,0.0261403683958002,0.0,0.06950712509528947,0.010645630323119602,0.38514482782135995,0.0,0.006539354247901196,0.0
13261,13,261,1,254415.39999999997,27.32776790574797,-8.084903271509894,0.12809994992441495,0.06491981224407013,0.021179928573506167,0.03479781491214762,0.0468564402941017,0.019676088790222607,0.32552353355968233,0.0,0.005901372322587392,0.0
13267,13,267,1,105500.90000000001,29.17408447888959,-3.4539478791093385,0.08877365027217778,0.021736307462779936,0.019842484756054213,0.12391837415604984,0.087513945378665,0.05823836573906004,0.260349437777308,0.0,0.015707922870800153,0.0
13269,13,269,1,18472.600000000002,14.639272104116632,-4.2658822354574,0.13027944090165974,0.04052488550610092,0.02890226605891969,0.17363554670160128,0.023407641588081805,0.08285244091248659,0.07036908718859283,0.0,0.02460942152160497,0.0
13271,13,271,1,53358.9,31.585000939663445,-7.49544499842644,0.2581818590713077,0.04116651580148766,0.011881804160130738,0.09306226327754133,0.06393310206919559,0.05087248800106449,0.09290483874292761,0.0,0.04493158592099912,0.0
13273,13,273,2,190397.0,24.62831914945665,-14.573399666289337,0.15263055615372093,0.0866447475537955,0.023974642457601746,0.0,0.05817055941007474,0.01686581196132292,0.3168752658917945,0.0,0.005042621469876101,0.0
13275,13,275,1,242149.7,29.26875487617926,-3.53163281680421,0.1269867358910624,0.017983503593025304,0.02558582562770055,0.017230250543362226,0.06831146187668206,0.013005178201748752,0.3522634965064999,0.00014329978521550926,0.0061912114695991775,0.0
13277,13,277,1,260243.8,31.2800378713207,0.2215008982139961,0.11605655927249757,0.010975861864912825,0.028056384052184913,0.10448471779154778,0.038695638474384404,0.013957296965384,0.3107974138096662,7.45454838885691e-05,0.021273897783539896,0.0
13279,13,279,1,94595.79999999999,28.170333551057677,-5.1246764605605595,0.06877260935474938,0.018561077764551917,0.01262318200173792,0.368014224733022,0.07041433129166412,0.04981933658788234,0.17696345926563337,0.0,0.012926578135604331,0.0
13283,13,283,1,21822.399999999998,29.766860144669366,-7.273510209854398,0.20236087689713325,0.011712735537796027,0.019292103526651515,0.050787264462203975,0.10794871324877191,0.07120665004765746,0.15840604149864362,0.0,0.013321174572915904,0.0
13287,13,287,1,162419.0,28.981437522851017,-4.957113827826707,0.2215122614964998,0.02098584525209489,0.050064955454718965,0.0,0.07204391111877305,0.0310844174634741,0.15692375891983082,0.00013422075003540227,0.04001317579839797,0.0
13289,13,289,1,42771.899999999994,31.346185086747077,-2.6538767214171415,0.23351078628725874,0.0036121846352394917,0.01349250325564214,0.03048262995097249,0.11545430527986833,0.035118851395425504,0.16984749333090185,8.884337614181274e-05,0.015846852723400178,0.0
13295,13,295,0,11004.8,2.0723737399322726,15.822610148616501,0.25366203838325097,0.12617221576039547,0.07874745565571388,0.0,0.03104100029078221,0.2948804158185519,0.0,0.0005361296888630417,0.030150479790636817,0.0
13299,13,299,1,43343.600000000006,32.788101519151375,-5.406404655632693,0.09531049566718039,0.008591810555652966,0.01618924131821076,0.15024363458503676,0.09626103969213447,0.05353962292010815,0.2627423656549064,0.0,0.01777655755405642,0.0
13301,13,301,1,22696.899999999998,26.98075810528464,-10.663125053188963,0.1816811987540149,0.048068238393789466,0.07711185227938618,0.0,0.03132586388449524,0.12691601055650772,0.24865069679119178,0.0,0.03570972247311307,0.0
13303,13,303,1,56391.7,33.1645028897308,0.4721012941249696,0.16119748118960772,0.02445218001940002,0.04873234890950264,0.025459420446626014,0.06985602491146747,0.0812300391724314,0.11669093146686481,0.0001666911974634565,0.009818820854842114,0.0
13305,13,305,1,71538.20000000001,27.01946048656555,-7.189650571821178,0.11999882580215883,0.026047622109586204,0.026009880036120557,0.0,0.12832584549233836,0.057676877528369454,0.31188791442893443,0.0,0.021697498679027427,0.0
13307,13,307,1,78462.1,26.37214825542495,-9.576052836086351,0.12050913753264314,0.01631743223798496,0.02560981671405685,0.0,0.06744020361422903,0.01258951774168675,0.37138057737429914,0.00013637157302697734,0.005877997147667472,0.0
13309,13,309,1,27549.0,28.009112516941883,-8.676649716919389,0.20301281353225162,0.017318232966713858,0.0245671349232277,0.0,0.09098696867399905,0.06791172093360921,0.1250353914842644,0.0,0.012410613815383498,0.0
13315,13,315,1,163063.30000000002,30.484501848880562,-3.212799522436967,0.21625957526923592,0.01827327179077082,0.04291155643237932,0.06061695059525962,0.06893028658195927,0.025601100922157224,0.1434013662179043,0.00011467939137745892,0.03988451110703634,0.0
13321,13,321,1,371987.5,27.410093992658084,-7.822697297703987,0.20087718001276925,0.01768446520380389,0.0484384555932659,0.0,0.0667697167243523,0.021426257602742027,0.20369501663362344,0.0,0.03682112974226284,0.0
16001,16,001,1,77547.8,18.453270043759957,7.084963553406639,0.12471404733596568,0.0005416014380807708,0.008620489556118936,0.12391067186947921,0.004356022994849628,0.0060994638145763,0.0367424994648462,0.0029530173647737265,0.0020890341183115446,0.040746481524943326
16005,16,005,1,232352.2,23.143828210761548,7.867892074098058,0.047759823233866516,3.270896509695195e-05,0.0019926645841958886,0.2280335628412384,0.0,0.039941950194575304,0.050277122402972725,0.0015683088001749066,0.0008246102253389465,0.48833408936950023
16007,16,007,1,53055.5,15.670956194809886,1.8228694272090764,0.06883546474917775,0.0,0.0015794780936943388,0.18063160275560497,0.0,0.152828641705384,0.03983375898822931,0.0,0.001504085344591984,0.3869005098434658
16009,16,009,1,23360.4,13.789024096879054,3.1443148158619696,0.653837263060564,0.00015410695022345506,0.033287101248266296,0.003638636324720467,0.0,0.06764438965086214,0.0018578448999160971,0.00013698395575418229,0.013377339429119364,0.0025342031814523723
16011,16,011,1,3021873.3,16.993649801012097,8.118368290746695,0.014883284484495099,1.8200630714729173e-06,0.0023396745323505126,0.24776336585653674,0.0007074750619094454,0.011026074455206314,0.054636870447215644,0.0004353590866963218,0.00024077779832794448,0.5306791651390547
16013,16,013,1,100219.9,22.916550285473683,9.20066510474517,0.037545437582755525,0.0,0.0011804042909641698,0.4061847996256233,0.0,0.003519261144742711,0.11770616414504505,0.00010576741744902959,0.0024965101741270946,0.26177136476887325
16019,16,019,1,1090914.5999999999,16.143192008520373,5.608511329186886,0.011908264863262442,1.8333240750467548e-07,0.00233858819012964,0.2481951382812184,0.0007376379415950618,0.011172276913334922,0.05473205693644581,0.00035749819463411713,0.0011775440534025304,0.5316040320663048
16021,16,021,1,10009.099999999999,19.208381628040666,5.652148793887562,0.55533464547262,9.990908273471143e-06,0.0022479543615310073,0.01819344396599095,0.0,0.13874374319369376,0.011569471780679583,0.0016684816816696809,0.014586726079267868,0.015765653255537464
16023,16,023,1,41220.8,15.540557280886109,5.680478308860524,0.11084695105383689,0.0,0.002154252222179094,0.16992149594379535,0.003233804292978302,0.08972897178123665,0.037471373675425995,0.00038572759383612154,0.0045438225361953185,0.3639594573613321
16025,16,025,1,16217.800000000001,15.799580689123491,3.4704475767950096,0.2706532328675899,0.0,0.0006905992181430279,0.18484011394887098,0.0014613572741062288,0.026211939967196538,0.05356460185721861,0.0001664837400880514,0.011475045937180134,0.11912836512967233
16027,16,027,1,1261217.5999999999,19.695559958617743,7.822856327099429,0.051706620649759415,0.0004444911012976667,0.006135975267075247,0.2150896086448524,0.003969259547281929,0.0017018474845260645,0.07472612180483368,0.0025401643618040218,0.0010634961009107391,0.08286817437371632
16029,16,029,1,366547.8,12.486427995586904,1.7217121715070949,0.043880770802607466,0.0,0.002057848935391237,0.2280212839907919,0.0003142837032441608,0.041274016649397435,0.05028430125620724,0.0,0.0031087350681138996,0.4884036952342914
16031,16,031,1,1110624.6,16.32734851904972,6.72814745652995,0.048729966903308275,3.142375920720646e-05,0.0016443900126109216,0.40070488263991266,0.003882770109720242,0.003459944971505223,0.11614617576452024,0.00013343842734979937,0.001108205238745837,0.2583021301707165
16033,16,033,1,154174.1,12.401123865771302,1.8426479436342245,0.022711985995053644,0.0,0.002233838238718436,0.23603575438416696,0.0008243926833365656,0.03524132782354494,0.05205154432553846,0.0,0.0007251542249962867,0.5055693530884889
16035,16,035,1,106004.70000000001,16.508876339051778,4.032131928956083,0.04311035265417476,0.0,0.003563049562896739,0.295551046321531,0.0,0.004809220723232083,0.19352821148496246,0.0,0.0008971300329136348,0.263653404047179
16037,16,037,1,85346.4,18.499101748254777,7.603825971498982,0.023641301800661776,0.0,0.0022754328243487715,0.22860249524291595,0.0013415914438101666,0.056972526081943704,0.05039228368156127,0.00017106755528059766,0.0005483535333652035,0.4894512246562246
16039,16,039,1,473995.4,17.278322363936464,8.1140750827627,0.12855040365370635,1.4979048319878208e-05,0.01278345739220254,0.3575131741784836,0.012475437525343074,0.004641817199069863,0.14190032223941415,0.0007126651440077267,0.0036099506450906482,0.1573616537206901
16041,16,041,1,347673.7,13.130712778601346,4.960252544045524,0.033691360606223596,2.9625479292796666e-05,0.0032956188518142152,0.23437291920556544,0.004922143952792517,0.01974868964779332,0.05168495632542812,0.0011473401640676299,0.0008539616312651776,0.5020083486326403
16043,16,043,1,1143097.6,19.750813219587766,8.535350719825882,0.0056409006545022925,1.7058910805166593e-05,0.002209872542816991,0.2513314698587417,6.666097453095869e-05,0.008540565565005123,0.05541302859878281,0.0005184159252893191,0.0010978065215078746,0.5382173840623933
16045,16,045,1,262919.6,19.85742011623141,8.296593891526761,0.044456936645271034,1.7495842835604495e-05,0.0057321705951172905,0.41257137162843704,0.0036212591225606616,0.0011573880380161845,0.16375842653039183,0.0010695284794286924,0.0010790370896654339,0.18160114346743264
16047,16,047,1,337327.4,15.442977396827061,6.151193326413127,0.05740565397296513,0.00044763633194338793,0.004183769240209956,0.3861106450291319,0.028854460088329613,0.0023431242170069786,0.11191590128759182,0.00044911857145313425,0.002823073370262836,0.24889439754968018
16049,16,049,1,71934.6,15.054216750762642,3.551011869704553,0.6745224134144069,0.00017515910285175699,0.01537646695748638,0.00037951138951214017,0.0,0.09097291150572881,0.000201571983440514,0.00789884144764828,0.018373633828505338,0.0002738598671571121
16051,16,051,1,1024488.7,16.27017623732222,7.22980267951024,0.013533873043206822,1.0249014947651449e-05,0.0026582040387561133,0.2461963709311777,0.0024454149665096357,0.010191815683276937,0.05429235090635944,0.0007254350389613864,0.0011917164142464434,0.5273331955735578
16053,16,053,1,415024.8,17.23320497776002,7.190152544339972,0.055439096651573594,0.000400698946183457,0.0020061451749389435,0.39390103916681607,0.006531175968279486,0.001774351797772085,0.11417052667696002,0.0001185471326050877,0.0015141263847365267,0.25390820018466365
16055,16,055,1,254386.4,20.113630105421688,8.373258533658415,0.03107162961541969,1.2186186053971439e-05,0.0053709632275939275,0.29881825443498555,0.0,0.0031825600739662186,0.19564096193821684,0.00012461357997125633,0.0005043508615240438,0.26653115103637615
16057,16,057,1,80799.7,12.988750183710888,2.871685142723502,0.557325089078301,1.2376283575310307e-06,0.09507832331060635,0.0009492609502263004,0.0,0.052269996051965535,0.0005371307071684673,0.0008836666472771559,0.006892352323090309,0.00073267598765837
16059,16,059,1,13464.5,19.162291924566087,1.6221954906548925,0.22838575513387055,6.684243752088826e-05,5.1988562516246424e-05,0.0016487801255152437,0.0,0.5267852501021204,0.00019310037506034387,0.016153589067547998,0.0023989008132496562,0.0018715882505848712
16061,16,061,0,55891.0,4.041367121596377,-6.028012700931337,0.6016084879497594,0.0,0.05749047252688268,0.0,0.0,0.09167844554579449,0.0,0.00012703297489756847,0.010089280921794206,0.0
16063,16,063,1,35064.4,12.090363975324333,3.587721765286233,0.36258712540354315,0.0,0.0104379370529654,0.13847663156934098,0.09662791891491083,0.013469501830916827,0.04013757543263253,0.0,0.012448523288577588,0.08926432507044181
16065,16,065,1,1363211.6,19.137888720992027,7.407921625327162,0.004779522122611046,1.2690619710102232e-05,0.002217630777202893,0.2530584393501346,3.066288461747244e-05,0.005094660286048035,0.055796840343788144,7.056864833016385e-05,0.0006136978294492212,0.5419454323892197
16067,16,067,1,1246193.4,15.289303661703956,6.090325795604665,0.05009061996316142,1.48452078144532e-05,0.001681360212628313,0.401870849259834,0.004750065278792201,0.0009977584538643843,0.11648175957279183,0.0,0.0011026378409643319,0.25904831465164235
16069,16,069,1,91569.70000000001,11.34790945969174,1.3983508738067132,0.5713156207784889,9.828578667397621e-06,0.08669680036081803,0.0005394797624104916,0.0,0.059189884863661224,0.0003166986459494789,8.627307941382356e-05,0.007131179855345162,0.0004313653970691178
16071,16,071,1,478168.8,16.56981462714558,5.978035658377637,0.03933004411831136,0.0,0.002369247010679074,0.23552791399187903,0.0015009343980619397,0.025057469245170327,0.05193981706878408,9.452728827142215e-05,0.0005983242737711035,0.5044820992084804
16073,16,073,1,122863.7,14.080156314874326,7.099066466162382,0.45779754313112825,0.0005274137112914554,0.03624341445032178,0.13964173307494404,0.04249505753123177,0.010905580737028107,0.05530111823101535,0.0002734737762251992,0.012040985254391656,0.06132649431850091
16075,16,075,1,263727.9,19.899596040766333,7.341622939864906,0.054699938838477076,0.00017593891279610535,0.007156618620934683,0.2572951136379579,0.003959383895295113,0.0017514263754422642,0.09391080731314358,0.0012258847092021738,0.0011227481051492845,0.10414332347847914
16077,16,077,1,754528.4,16.206134278319546,6.880168606162743,0.05458561930869667,2.928981864698532e-05,0.0022496171118277326,0.23154184786152515,0.0010912776775532903,0.0212152385516569,0.05106063602112259,9.330331369899397e-05,0.0007033532468757969,0.4959443541157629
16081,16,081,1,228877.6,20.03735853512931,6.425489748045416,0.015944330069871407,0.0,0.002165349514325561,0.24364201651887296,0.0,0.017219247318217248,0.0536946385316868,0.00016690143552711145,0.002347979880949468,0.5215263529502232
16083,16,083,1,308396.6,16.68842827830738,6.44375685776991,0.10576478469606994,0.003252305635016729,0.005376194160376606,0.3391340890269219,0.03735449742312334,0.007023423734243504,0.09828966986017357,0.0006241962460027122,0.005242924208632651,0.21859060703003863
16087,16,087,1,189139.5,12.71408066185026,4.4220469798422,0.11012876739126412,0.0001527972739697419,0.008026350920881149,0.045718107534385995,0.006649589324281813,0.004621456649721502,0.0,0.000872900689702574,0.0022940739507083395,0.0
17001,17,001,0,345392.6,-12.802225072120468,4.180552353932355,0.3326649152297994,0.22872117121212213,0.13896910356504455,0.0,0.13457005158767155,0.026442662639558582,0.0,0.0,0.03437450599694377,0.0
17003,17,003,0,67560.4,-14.683286875942372,3.004178306616147,0.34264450772938,0.07941042385776284,0.2020887975796473,0.0,0.06369263651488151,0.02496728852996726,0.0,0.0,0.03628160875305653,0.0
17005,17,005,0,209427.09999999998,-14.866332995916213,4.396945831444054,0.3213013024579914,0.15623765978710494,0.231454286479639,0.0,0.05761002277164704,0.03960805454499442,0.0,0.0,0.04065949440163189,0.0
17007,17,007,0,120118.4,-10.578321332015339,4.272074636214547,0.43160831313104403,0.1495890721155127,0.04823574073580734,0.03547416549004982,0.12271974984681781,0.018237006153928124,0.0,0.0,0.01846011934890908,0.0
17009,17,009,0,83791.9,-13.888507557769163,2.1776483016100765,0.33978582655364065,0.21825140616217084,0.13705023993966006,0.0,0.1314255912564341,0.030514882703459405,0.0,0.0,0.037176624470861744,0.0
17011,17,011,0,475945.69999999995,-11.644483420968573,2.203797458130718,0.42068160296437185,0.1592192134522909,0.1281047396793374,0.000288058070489974,0.0693579120475298,0.025680660629983632,0.0,0.0,0.03441800188550921,0.0
17013,17,013,0,57987.399999999994,-14.591915608950163,5.463858389597963,0.32453257086884396,0.14257235192472847,0.23377319900530116,0.0,0.0530977419232454,0.04111065507334353,0.0,0.0,0.0435232481539093,0.0
17015,17,015,0,214609.5,-10.242624292975268,4.945025129480671,0.3798899862308053,0.1768467845086075,0.1352908422040963,0.032492503826717825,0.07657303148276287,0.026416817522057507,0.0,0.0,0.025446217432126723,0.0
17017,17,017,0,193028.60000000003,-14.359959745778312,4.538817527026097,0.2955468775093431,0.198047854048571,0.2247573675610764,0.0,0.07031963139141038,0.035619074064672275,0.0,0.0,0.03175695207860389,0.0
17019,17,019,0,573263.0,-14.963786657396916,3.732523282810903,0.3119849004732557,0.181466272897431,0.17277759073932908,0.0,0.09022664989716761,0.021832910897790367,0.0,0.0,0.03030860181103612,0.0
17021,17,021,0,487986.3,-14.305042354831969,3.2283627911504587,0.3114948104075873,0.1721396686751247,0.23244812405594173,0.0,0.062449908942115794,0.033113224695037545,0.0,0.0,0.03827013176394501,0.0
17023,17,023,0,272550.0,-14.523862349232175,4.02831972548188,0.2998547055586131,0.16657127132636212,0.1584149697303247,0.0,0.09860576041093377,0.045732526141992295,0.0,0.0,0.05255035773252614,0.0
17025,17,025,0,248289.7,-14.568601898422383,4.895020941256382,0.3063312735083251,0.12699439404856505,0.16082503623791078,0.0,0.09390039135735392,0.05072179796423291,0.0,0.0,0.06752636134322124,0.0
17027,17,027,0,349863.5,-16.070506272542836,0.8369190950088417,0.2999889957083262,0.1928263451317442,0.19586724536855088,0.0,0.05049855157797255,0.03945967498753085,0.0,0.0,0.02520983183441542,0.0
17029,17,029,0,334423.5,-14.108675911735808,4.119517693089279,0.3002229209370753,0.16843702670416405,0.15874063874099756,0.0,0.098495470563522,0.044979195540983216,0.0,0.0,0.05203133153023038,0.0
17033,17,033,0,250421.59999999998,-14.635040584118272,3.897961847821163,0.30122161986026763,0.15791249636612817,0.1590653521900667,0.0,0.09774955515019472,0.046542311046650936,0.0,0.0,0.055912908471154245,0.0
17035,17,035,0,203058.10000000003,-14.258823595782935,4.962085571716136,0.30209531163740816,0.15749778019197458,0.15946322751961134,0.0,0.09733273383332158,0.045937098790937166,0.0,0.0,0.056146984532998184,0.0
17037,17,037,0,321314.7,-10.72836073099398,4.126512233760341,0.42354893815938083,0.16176975407598843,0.04633557070373686,0.03365267757746533,0.13144745634108865,0.017752377964655834,0.0,0.0,0.017587430640428215,0.0
17039,17,039,0,289083.1,-14.073037080659354,4.224024180087678,0.3841777675692561,0.16875286033669903,0.1502692478391162,0.0,0.05979111196745849,0.042738575862788244,0.0,0.0,0.061413136914610374,0.0
17041,17,041,0,318000.29999999993,-14.275121374702898,2.4293075532556294,0.3005490875323074,0.16879763949908227,0.15865016479544206,0.0,0.09862915223664885,0.04488517778127883,0.0,0.0,0.051900265502894186,0.0
17045,17,045,0,461496.19999999995,-13.830817254703604,4.6816788268410034,0.2998321546309591,0.16914137104487537,0.15860065586672223,0.0,0.09867340186116377,0.044854973887108934,0.0,0.0,0.05160822559319016,0.0
17047,17,047,0,96205.3,-14.3779018073765,0.15855851880993832,0.33517696010510856,0.13210706686637846,0.15027862290331198,0.0,0.09811829493801277,0.025023569387549335,0.0,0.0,0.03300233978793268,0.0
17049,17,049,0,257493.80000000002,-14.448121993622653,4.719647551582879,0.3032445829763668,0.15530160337841142,0.15869974345013355,0.0,0.09713010565691291,0.047414345510455,0.0,0.0,0.05669534567434245,0.0
17051,17,051,0,369105.60000000003,-14.702920426760741,3.5365043278412553,0.3044700486798358,0.1455513002241093,0.1598090085872444,0.0,0.09600233645872616,0.048202465635850546,0.0,0.0,0.06073925727488285,0.0
17053,17,053,0,297403.4,-15.011036056652138,2.0207643453299484,0.3125018073095331,0.18166840056300634,0.17300474708762573,0.0,0.09031571259777124,0.021697465462735124,0.0,0.0,0.030342625538241994,0.0
17055,17,055,0,108360.40000000001,-15.280824294998197,2.6733459499217966,0.34423276399865627,0.07973300209301552,0.15977608056079529,0.0,0.08967851724430696,0.030351493719107718,0.0,0.0,0.045595992631994715,0.0
17057,17,057,0,312993.1,-13.208141344844819,3.5911401430869576,0.3328961564967407,0.22819991878415213,0.13894874998841827,0.0,0.13436334539004216,0.026142429337899144,0.0,0.0,0.03459245587203041,0.0
17059,17,059,0,138329.5,-16.144217908580977,1.838234255533353,0.3336822586649991,0.1277196837984667,0.15375462211603452,0.0,0.09794150922254473,0.025116117675550047,0.0,0.0,0.0341214274612429,0.0
17061,17,061,0,285088.3,-15.70782361431387,1.3327551355066398,0.30812102776578343,0.17729945423926552,0.23012870047630857,0.0,0.06400262655464992,0.035474272357020616,0.0,0.0,0.03678158661719896,0.0
17063,17,063,0,189849.39999999997,-10.807419056113446,3.9901487008498457,0.4483627548994098,0.13459194498376084,0.05249582037130484,0.03345335829346841,0.11236011280520246,0.017542325653913053,0.0,0.0,0.019695611363533413,0.0
17065,17,065,0,173598.7,-14.717485529676487,4.794727664924305,0.3342939780078998,0.12706546765615181,0.1511313160755236,0.0,0.09717296270075754,0.025477725351629933,0.0,0.0,0.03419668465259244,0.0
17067,17,067,0,387042.7,-12.294522170010762,5.379948948220848,0.3284983801528875,0.23291306101368145,0.1395192313406247,0.0,0.1355561027245831,0.024446139922029275,0.0,0.0,0.033102290780836326,0.0
17069,17,069,0,10441.5,-14.947635482005772,-4.027157231579361,0.35861705693626394,0.11749269740937604,0.1465306708806206,0.0,0.0930709189292726,0.035196092515443186,0.0,0.0,0.03296461236412393,0.0
17071,17,071,0,188000.69999999998,-12.469921561857543,4.751868087639188,0.31467755173252016,0.2521464015825473,0.14197340754582297,0.0,0.1404329877495137,0.024125973999032983,0.0,0.0,0.026910006186147185,0.0
17073,17,073,0,462505.39999999997,-10.308092649657137,3.724150215087942,0.4180301462426169,0.14039382026674718,0.11763624813894066,0.03412565561396689,0.06135452688768607,0.024900898454374803,0.0,0.0,0.03711329640691763,0.0
17075,17,075,0,660965.2999999999,-14.990769526263335,2.2674303775534006,0.3127074900906296,0.18127260235900433,0.17286293244138537,0.0,0.09016918134734153,0.021978914778128293,0.0,0.0,0.030323074448840207,0.0
17077,17,077,0,213780.0,-13.946637423621116,4.704240132810299,0.33009308635045376,0.09886752736458042,0.19483300589390964,0.0007227055851810273,0.06005285807839836,0.03721957152212555,0.0,0.0,0.03382776686313032,0.0
17079,17,079,0,303202.1,-14.460784973598937,3.374037638978976,0.3038639903879294,0.14793664028052575,0.16024328327541268,0.0,0.09615302796385646,0.04735950047839379,0.0,0.0,0.060082697316410416,0.0
17081,17,081,0,145484.7,-15.367390896904041,2.8494019371285937,0.34232946832209843,0.08951594222622722,0.15854725617195484,0.0,0.09103156551857343,0.029955727303283438,0.0,0.0,0.04303820264261465,0.0
17083,17,083,0,158123.7,-14.726483827068858,4.182986360617207,0.30302668100986757,0.1849545640533329,0.22720376515348426,0.0,0.0662879758062833,0.036468284008026625,0.0,0.0,0.03467917839008321,0.0
17085,17,085,0,164977.7,-10.66391995117084,2.7997995114861944,0.41004147833313226,0.1639518553113542,0.12924958948997348,0.0008310214047110608,0.07126781377119452,0.03330086429862945,0.0,0.0,0.031152089039912664,0.0
17087,17,087,0,49487.799999999996,-13.097555408195298,4.720175355742821,0.3233706085136135,0.09208128063886453,0.19350425761500817,0.011554362893480817,0.05937625030815676,0.053601089561467676,0.0,0.0,0.03331528174620816,0.0
17089,17,089,0,128457.0,-11.213411646631993,2.4664507320766678,0.45359380960165663,0.1487462730719229,0.05181111188958173,0.001804494889340402,0.12287691601080517,0.019840880605961526,0.0,0.0,0.019755248838132605,0.0
17091,17,091,0,352696.3,-14.81306538083723,4.285235529005712,0.30839393551902866,0.19011200287612887,0.17463778327133003,0.0,0.0951297192513786,0.02164638528955365,0.0,0.0,0.02770457189372273,0.0
17093,17,093,0,133089.6,-10.808608301649137,3.9560006964389185,0.4418083757107993,0.14156252629807287,0.0508544619564564,0.03459999879780238,0.11721201356078913,0.017624217068801767,0.0,0.0,0.019132223704932616,0.0
17095,17,095,0,352007.9,-13.806335126811152,2.2661348128455816,0.32435380001414743,0.2403125043500444,0.14066928611545365,0.0,0.1376577059776215,0.023827306148526777,0.0,0.0,0.030936805679645255,0.0
17097,17,097,0,16893.7,-10.846373577889821,3.2623695119434006,0.4594493805383072,0.12272030401865783,0.05445817079739784,0.006860545647193924,0.10392039636077353,0.027045585040577254,0.0,0.0,0.0217181552886579,0.0
17099,17,099,0,513981.80000000005,-12.343108051042094,0.77418772133147,0.46251462600426707,0.13999756411608347,0.05496537036914536,0.00022549436575380685,0.11697145696598595,0.01838722694072047,0.0,0.0,0.020347218520188847,0.0
17101,17,101,0,224637.3,-14.732417875438532,3.8066834363604247,0.30238878405322717,0.15169965094844,0.1597174645528592,0.0,0.09660238971889352,0.04730469962023226,0.0,0.0,0.058299311823993616,0.0
17103,17,103,0,440063.6,-10.477939654760075,4.216915648829449,0.402094379085205,0.1543708682108677,0.1256354763266037,0.03305204065957739,0.06747229264133639,0.024217863054340327,0.0,0.0,0.032521435537954065,0.0
17105,17,105,0,625025.9,-14.963295855222945,3.8438964676209615,0.31229185862537856,0.1801822932457679,0.1724414940244876,0.0,0.08962396598284968,0.02202756717761616,0.0,0.0,0.03055105396432372,0.0
17107,17,107,0,471747.89999999997,-14.20142030474819,4.777640416884626,0.37864270301998165,0.17587508073697838,0.15068259975296128,0.0,0.06181458359433079,0.04194846442347703,0.0,0.0,0.058094588232401254,0.0
17109,17,109,0,313283.10000000003,-12.593238697863967,4.6230101595480395,0.3297691449044011,0.23303076354900726,0.1398680618265077,0.0,0.13583528763600716,0.02420909394729559,0.0,0.0,0.03327533467333539,0.0
17111,17,111,0,149922.6,-10.7875448955086,3.677811400910061,0.4396802083208269,0.15023018544235492,0.04971832132046802,0.010822250948155915,0.12372584253474792,0.020383851400656072,0.0,0.0,0.018910424445680637,0.0
17113,17,113,0,889631.6,-14.313150541928291,3.1916554601610008,0.38398096470494075,0.1694565480812507,0.15031547890160377,0.0,0.06007183198078846,0.04268328598039908,0.0,0.0,0.06117015177968049,0.0
17115,17,115,0,403959.80000000005,-14.10236779282664,4.370194101325576,0.37874833089827253,0.1770708372466765,0.15084273237089432,0.0,0.06173832148644493,0.04127935502493069,0.0,0.0,0.057755499433359454,0.0
17117,17,117,0,460163.9,-14.52957654639157,4.615120557661832,0.3099397844985232,0.17340104254158137,0.23031880597326299,0.0,0.06275046782244326,0.035580148725269406,0.0,0.0,0.03744991730120507,0.0
17119,17,119,0,297202.39999999997,-14.654241641934188,4.9810121074437745,0.3175822267922467,0.16055556751897027,0.23145405286094595,0.0,0.05931748868784371,0.037557570194587934,0.0,0.0,0.03981932851147905,0.0
17121,17,121,0,249091.5,-14.649875304098785,5.114333180375297,0.3068575202285104,0.12113058855882275,0.16027082417505215,0.0,0.0935688291250404,0.052160350714496484,0.0,0.0,0.06947447022479691,0.0
17123,17,123,0,259336.5,-14.45688723844464,4.3048242743491745,0.3752973453408988,0.17990949981973228,0.15082527912576904,0.0,0.06294023402027868,0.04298854962567938,0.0,0.0,0.05663298455867184,0.0
17125,17,125,0,319530.0,-13.91385594167113,5.784303264360383,0.36250367727599914,0.17812224204300067,0.15374644008387317,0.0,0.06190029105248333,0.04561136669483304,0.0,0.0,0.05307138609833193,0.0
17127,17,127,0,59915.700000000004,-15.147892911420712,3.7474559888536927,0.33231857426350686,0.11495818291366035,0.15512628576483292,0.0,0.09344128500543263,0.03286617697865501,0.0,0.0,0.036379446455603454,0.0
17129,17,129,0,214029.50000000003,-15.66745609562415,2.000023783591881,0.3793635924019819,0.17578511373432162,0.1503708600917163,0.0,0.061450407537278734,0.04268617176604159,0.0,0.0,0.058322801296083006,0.0
17131,17,131,0,285563.5,-10.217084896872457,3.799622668268542,0.4158399095122451,0.14181329196483444,0.11827632032805313,0.03410029643144169,0.06192353014303298,0.02593538740070072,0.0,0.0,0.03651026829409221,0.0
17133,17,133,0,245777.39999999997,-13.294006708701453,5.106304406406093,0.30370774530123607,0.1620462255683395,0.19137764497468038,0.014900881854881696,0.05249587634990036,0.040094817505596535,0.0,0.0,0.027345476028308544,0.0
17135,17,135,0,419606.4,-14.272290147850736,5.09146756616737,0.30996858007885486,0.17315369832299982,0.230398773707932,0.0,0.06259342088204564,0.034607193789227234,0.0,0.0,0.03755161980370175,0.0
17137,17,137,0,339620.10000000003,-14.318414206375742,4.776028010787391,0.30674038432943157,0.1785377249461972,0.22968016321766582,0.0,0.06423383068316627,0.034655487116339694,0.0,0.0,0.03642511147013972,0.0
17139,17,139,0,245292.59999999998,-13.906489598946614,5.018309702148933,0.29754016223889346,0.17485892358758479,0.1581975974815384,0.0,0.0989932024039861,0.04484847891864655,0.0,0.0,0.04888406743619661,0.0
17141,17,141,0,393416.89999999997,-10.429807331645211,4.578485958769877,0.3983860378138306,0.1566282485577005,0.12545292284088458,0.03398583029859673,0.0686193196072665,0.02537689662035363,0.0,0.0,0.03151161020281539,0.0
17143,17,143,0,282456.9,-13.928797206489225,5.770903803891095,0.369054889436229,0.1780016703433338,0.15169323178155675,0.0,0.06208380818454071,0.045521281299908053,0.0,0.0,0.055247012907101926,0.0
17145,17,145,0,249248.5,-14.205410368788687,3.54219389863744,0.3202586976451212,0.13511415314435193,0.19333396188943963,0.00015486552577046603,0.05540655209559937,0.041674874673267845,0.0,0.0,0.030598779932477026,0.0
17147,17,147,0,266799.9,-14.910797242707595,4.144788415154447,0.31343227639890414,0.17480178965584317,0.17102817504804163,0.0,0.0873032561106657,0.02207721966912281,0.0,0.0,0.03182385000893928,0.0
17149,17,149,0,373974.7,-14.440069988397063,5.009991224640665,0.301194973884597,0.1859139134278335,0.22690010848327438,0.0,0.06689543437029297,0.03645300069764078,0.0,0.0,0.03442024286669659,0.0
17151,17,151,0,23464.0,-16.224743309152906,1.664164271325286,0.35078418002045686,0.1059580634162973,0.1524164677804296,0.0,0.092763382202523,0.03259887487214456,0.0,0.0,0.03743181043300375,0.0
17153,17,153,0,102432.0,-14.96472816203913,-3.457333946584984,0.33321813495782565,0.10570231958762887,0.20137164167447674,0.0,0.0608276710402999,0.02802444548578569,0.0,0.0,0.03376679162761637,0.0
17155,17,155,0,69175.2,-10.841359043030401,5.101884288111173,0.41592796262244275,0.13510911424903724,0.11583342006962033,0.034283963038776906,0.060177635915761724,0.02522291225757208,0.0,0.0,0.037814129919393084,0.0
17157,17,157,0,319124.2,-12.949608545175035,4.69153836737247,0.3099059864466562,0.14911247721106705,0.1932485847203064,0.011536574161408002,0.054414237466165215,0.038440206038902726,0.0,0.0,0.028806025992387917,0.0
17159,17,159,0,221714.3,-14.46989409456437,5.02040662228921,0.30251815061094395,0.15227434585861174,0.15930681963229254,0.0,0.09636184946122105,0.047376285607198095,0.0,0.0,0.05792905554580828,0.0
17161,17,161,0,131710.3,-11.230454125408066,2.5271155563536962,0.43253337058681063,0.1456059245176725,0.12184240716177855,0.0006939472463429209,0.06368522431427155,0.027514932393290427,0.0,0.0,0.0382172085250736,0.0
17163,17,163,0,366133.79999999993,-13.643425971987586,4.6314848981368355,0.29532864761461525,0.20024892539284822,0.19914249927212407,0.0007385278278050266,0.05148609606651995,0.03615618115563218,0.0,0.0,0.024568887111760786,0.0
17165,17,165,0,104111.70000000001,-16.178309176938804,-4.786379043900936,0.33893212770514747,0.11597639842592138,0.15696218580620622,0.0,0.09697181008474551,0.024715762013299173,0.0,0.0,0.03686425252877438,0.0
17167,17,167,0,503236.29999999993,-14.538781338177781,2.837003381502381,0.30940474683563174,0.17568525958878564,0.2313396311037181,0.0,0.06338334496140283,0.033798436241582734,0.0,0.0,0.037401514954306755,0.0
17169,17,169,0,146214.4,-13.855002686286305,2.1947040968998,0.3323906537249409,0.22964906329335552,0.13903144970673204,0.0,0.13466047119845925,0.02601522148297295,0.0,0.0,0.03414985117744901,0.0
17171,17,171,0,126740.6,-14.34414021892982,4.804522646674056,0.30882132481619934,0.1739884456914359,0.2303563341186644,0.0,0.06309185848891358,0.035672073510777134,0.0,0.0,0.03736056165112048,0.0
17173,17,173,0,494764.1,-14.236151821657966,5.244800514241815,0.30004117113590095,0.16788101642782896,0.15819235874227738,0.0,0.09832847613640522,0.04522195527120905,0.0,0.0,0.05197931701188506,0.0
17175,17,175,0,231413.8,-13.865143881207377,5.339751233939281,0.37011275904894175,0.18042398508645552,0.15235997161794154,0.0,0.06203735472992535,0.04302163483768038,0.0,0.0,0.054406435571258065,0.0
17177,17,177,0,277277.1,-11.428759833080914,1.9782360019683487,0.41294971708806827,0.1652101814394337,0.1306061697846667,0.0001648170728848506,0.0717729664656764,0.027708022047258866,0.0,0.0,0.03189156262814347,0.0
17179,17,179,0,399184.1,-13.959923243439292,3.8710962013050505,0.3664900480755621,0.16722284279358823,0.15387787239020792,0.0,0.05904794304181955,0.04894283113981745,0.0,0.0,0.05705587973068066,0.0
17181,17,181,0,78131.29999999999,-13.09678814626282,5.022918426517985,0.32658358429976214,0.10170699834765326,0.19754950960754528,0.007911042053568802,0.05986333262085746,0.037736476930500334,0.0,0.0,0.03312500879929043,0.0
17183,17,183,0,463178.19999999995,-14.76182006098864,2.9624563657415797,0.31283380780874404,0.1777432530287479,0.17187358990556986,0.0,0.08914884163373839,0.02189610823652754,0.0,0.0,0.03125017541844586,0.0
17185,17,185,0,105002.79999999999,-16.17180769952447,-4.697741269702878,0.33175401036924734,0.1444209106804771,0.1497274358398062,0.0,0.10048017767145259,0.023900315039218002,0.0,0.0,0.030319191488226982,0.0
17187,17,187,0,330611.8,-13.815267242697935,2.2491006631701187,0.32519982650347024,0.23953289023561772,0.1406797942481182,0.0,0.13750265417023833,0.023129845940163055,0.0,0.0,0.03139724595431863,0.0
17189,17,189,0,458657.69999999995,-14.323199049040674,3.4194632372428577,0.31116734767561954,0.16181304707192315,0.19259329997076252,0.00025269389350707515,0.05255357099640974,0.04173221118930305,0.0,0.0,0.028091101490283498,0.0
17191,17,191,0,285820.8,-12.867284983277923,1.697201577477232,0.3333469782465097,0.12295816119750558,0.15423999932825044,0.0,0.09653111320099866,0.025390734334240196,0.0,0.0,0.0346363875547196,0.0
17193,17,193,0,222255.80000000002,-13.191655365541603,1.4764500881673075,0.3326252903186328,0.11994422642738681,0.1542114986425551,0.0,0.09567804304769549,0.02763032505788375,0.0,0.0,0.035778593854468584,0.0
17195,17,195,0,390106.4,-10.533909392302345,4.849467389832851,0.3834740983485531,0.16690061993343352,0.1339229502515211,0.033313731843415025,0.07337536631031943,0.024270045300461614,0.0,0.0,0.027755504652064153,0.0
17197,17,197,0,190602.0,-11.586507008083128,1.1111028041968207,0.47753538787630767,0.12343469638303901,0.05778900536195843,0.000810589605565524,0.10527171803024103,0.02018604211918028,0.0,0.0,0.021467245884093555,0.0
17199,17,199,0,94801.8,-13.65755692137914,4.6890608024567655,0.3109160374592044,0.14782103293397383,0.2006628566124272,0.0004071652647945503,0.057268954808874936,0.03804780078015396,0.0,0.0,0.029224128655785015,0.0
17201,17,201,0,166976.2,-11.342292108592467,3.603398132651603,0.41856743655682666,0.15764941350923065,0.12704984303152184,0.001642150198651065,0.06865229895038932,0.02719549253127092,0.0,0.0,0.0342084680331688,0.0
17203,17,203,0,347660.7,-14.677657609474831,3.2794638043416398,0.3829152964370146,0.1708266134193482,0.15010497303836756,0.0,0.060274859942466896,0.04349096691112916,0.0,0.0,0.06043478598530118,0.0
18001,18,001,0,196923.8,-12.990843542079816,7.58326826858002,0.4710385438428468,0.13967026839823324,0.07548605094965667,0.0005448808117657693,0.0686798650036207,0.08185551974926342,0.0,0.0,0.037396698621497255,0.0
18003,18,003,0,250812.5,-13.258111956963322,8.212264631842725,0.46780682780961874,0.14103364066782956,0.07480169449289809,0.00014273610765013704,0.0691317219038126,0.08307161724395715,0.0,0.0,0.03680877149264889,0.0
18005,18,005,0,119114.9,-12.884025031989395,5.6234073277361585,0.435588662711382,0.10071871780944282,0.11584864697867353,0.0,0.03938634041585058,0.06792097378245711,0.0,0.0,0.023556246951472907,0.0
18007,18,007,0,267840.7,-14.620893605144186,-2.588541742490783,0.4110951024246875,0.10011137217009962,0.13478683411445683,0.0,0.08353099435597353,0.025898976518505215,0.0,0.0,0.07345298903415351,0.0
18009,18,009,0,69405.2,-12.5901939871381,8.554966690626692,0.29790851405946533,0.14267230697411723,0.14096494210808413,0.0,0.08554114100960736,0.05063741621665235,0.0,0.0,0.022492550990415704,0.0
18011,18,011,0,181655.59999999998,-14.515944594575263,6.582824397735048,0.42600338222438505,0.11034452006984648,0.12439032983293663,0.0,0.04281013081897834,0.06266583579036375,0.0,0.0,0.021910692541270406,0.0
18015,18,015,0,171455.3,-7.365698026992472,10.597804321453669,0.40490378541812355,0.19225652400363247,0.07743650969086403,0.0194505506683083,0.08621430775251626,0.06642081055528759,0.0,4.024372533249191e-05,0.01689594897328925,0.0
18017,18,017,0,171806.4,-7.293221265269462,9.082979150013406,0.3995840667169559,0.1985572132353626,0.07787544585067845,0.020251282839288877,0.08841579824732955,0.06636248707847904,0.0,1.2805110868978107e-05,0.01641091367958353,0.0
18019,18,019,0,69742.0,-10.084614959950077,7.109379934154308,0.49911674457285427,0.0844125491095753,0.054829227725043735,0.0,0.06513865389578732,0.07942703105732557,0.0,0.0,0.009527974534713659,0.0
18021,18,021,0,155212.40000000002,-13.323138336205567,2.442354073919976,0.41138852308191864,0.10813504591128027,0.04023389883797943,0.0,0.11235571384760494,0.0881559720743961,0.0,0.0,0.0824347796954367,0.0
18023,18,023,0,200548.5,-14.36181649050766,7.772301254225063,0.42551203324881515,0.10982081641099285,0.12391516266638743,0.0,0.04256626202639262,0.06271101504124937,0.0,0.0,0.022023600276242405,0.0
18025,18,025,0,12712.0,-12.5541096598517,8.064508467625918,0.5314741976085589,0.13200125865324103,0.08586375078665827,0.0,0.06790434235368156,0.03052234109502832,0.0,0.0,0.014301447451227188,0.0
18027,18,027,0,216768.90000000002,-12.052295317000713,3.4838343318056846,0.331902777566339,0.22870808496975348,0.11286120841135419,0.0,0.11186890739400347,0.01495878790730589,0.0,0.0,0.04218732484226288,0.0
18029,18,029,0,26450.300000000003,-10.84446180715836,6.105157927533981,0.49769189763443134,0.09046400229865068,0.05554946446732172,0.0,0.0658858311625955,0.08746970733791298,0.0,0.0,0.009444127287781235,0.0
18031,18,031,0,146705.59999999998,-14.555532267396995,8.001361878363277,0.42594488553947507,0.10891745100391534,0.1230784646257539,0.0,0.04223356163636562,0.06329547065688018,0.0,0.0,0.02202029097730421,0.0
18033,18,033,0,168782.0,-12.443344006655987,9.186805309719702,0.47591390077140927,0.12219727222097143,0.07446350914197011,0.014175682240997262,0.061306300434880494,0.08580121102961216,0.0,0.0,0.038002867604365394,0.0
18035,18,035,0,142399.1,-12.480187775662401,7.960351529139848,0.29243513477262145,0.14879237298550343,0.14247772633394454,0.0,0.08875407218163597,0.048964494859869194,0.0,0.0,0.02235547837029869,0.0
18037,18,037,0,147448.5,-13.879250694922742,5.153776141837089,0.351382347056769,0.1992838177397532,0.10863114918090044,0.0,0.10569520883562736,0.01566173952261298,0.0,0.0,0.04964309572494804,0.0
18039,18,039,0,82325.9,-4.2379706157781385,11.276128126750073,0.3873641223478881,0.19192987868945252,0.0754987191151266,0.02368999306415114,0.08491009512194826,0.06505486122836192,0.0,0.0002939536646425973,0.016561009354285835,0.0
18041,18,041,0,72449.20000000001,-10.821567170813424,6.9345898077888135,0.27626392009849654,0.17404056911601506,0.14638808986158575,0.0,0.1029452361102676,0.047848699502547984,0.0,0.0,0.02178906047271743,0.0
18045,18,045,0,234460.3,-14.69063013881318,5.293470748720024,0.4039677506170554,0.11999131622709688,0.04131275102863897,0.0,0.1182328095630689,0.08570278209146709,0.0,0.0,0.07706976404960669,0.0
18047,18,047,0,103925.0,-10.918746314766636,6.745842297960328,0.46515949001683904,0.12558672119316816,0.06383064710127496,0.0,0.06758046668270387,0.08017127736348327,0.0,0.0,0.008547510223719027,0.0
18049,18,049,0,152640.19999999998,-6.482771418663592,7.527728668883056,0.39133727550147346,0.2208933164395749,0.08018529849934684,0.0005110056197515466,0.09653813346680627,0.06801550312434078,0.0,1.1137301968943962e-05,0.01491415760723584,0.0
18051,18,051,0,283796.4,-13.989965790361499,5.009938264157232,0.343118164994341,0.204821484698185,0.11026637406253215,0.0,0.10611128259555089,0.016881116180473044,0.0,0.0,0.04804817820099198,0.0
18053,18,053,0,163905.3,-12.070652961417395,2.592469559789325,0.44571530023739325,0.09161997812151286,0.10776649687349953,0.0,0.036451536344462326,0.07210993177157786,0.0,0.0,0.025412234991790992,0.0
18055,18,055,0,145097.5,-13.678595981988959,5.352255916050803,0.35315632591877877,0.19760919381795,0.1085235789727597,0.0,0.10531401299126449,0.01617601957304571,0.0,0.0,0.049998793914436845,0.0
18057,18,057,0,101837.4,-12.676474454610151,6.390143590407879,0.4388584154740793,0.09675620155267121,0.11233004770349597,0.0,0.03822073226535635,0.06921327528000519,0.0,0.0,0.02430737626844362,0.0
18059,18,059,0,122443.9,-12.828973527192584,6.360372287453556,0.4393399752866415,0.09656095567031106,0.11205866523362945,0.0,0.0381162311883238,0.06943996393450388,0.0,0.0,0.024223338198146253,0.0
18061,18,061,0,76178.0,-10.833936982290549,5.886779970016788,0.5031675811914201,0.16773871721494396,0.0938328651316653,0.0,0.06445955525217253,0.021573157604557747,0.0,0.0,0.012371025755467457,0.0
18063,18,063,0,126753.20000000001,-14.399963320025186,7.05032709762354,0.4275907827179116,0.10836886169343259,0.1227164284609777,0.0,0.04213384750838638,0.06375775917294395,0.0,0.0,0.022350520539126426,0.0
18065,18,065,0,151175.80000000002,-12.576810087455112,8.59132855979643,0.2884668048722083,0.15530329589788838,0.14348791274793982,0.0,0.09251282281952534,0.0488365201308675,0.0,0.0,0.022172199518706033,0.0
18067,18,067,0,123815.7,-14.442581548537763,8.562763911274118,0.4254751214910549,0.10742175669159888,0.1217664641883057,0.0,0.041791953686002664,0.06343783542797884,0.0,0.0,0.02222012232697469,0.0
18069,18,069,0,211732.3,-14.190300261348629,6.832635095559301,0.48715335355068645,0.12305822021486568,0.07652823872408697,0.0,0.06193292190185438,0.08272663169483353,0.0,0.0,0.03941014195755679,0.0
18071,18,071,0,190641.5,-11.8951969184549,6.080939579665531,0.4664981129502233,0.20832504989732037,0.10298859377417824,0.0,0.06009919141425135,0.016330127490604092,0.0,0.0,0.010462569797237222,0.0
18073,18,073,0,281350.7,-7.6688100721660675,8.617421687557695,0.40970859500260703,0.11492596250871243,0.14358059176678786,0.00030033691048218466,0.08367315240374379,0.02327024599547824,0.0,3.625368623571933e-05,0.06354098283743384,0.0
18075,18,075,0,162038.59999999998,-10.795207672612882,6.881094201891076,0.2908917998550963,0.15262412783126986,0.14237903808104985,0.0,0.09080243843133674,0.05121434028682056,0.0,0.0,0.02202870180315061,0.0
18077,18,077,0,83477.2,-9.625174837661412,6.01812973942074,0.541340629537167,0.049382346317317784,0.04562203811340103,0.0,0.06522978729521355,0.08051180442084785,0.0,0.0,0.010739459397296508,0.0
18079,18,079,0,124047.1,-10.66852512220823,6.132391154788081,0.5049251453681706,0.0880270477907182,0.05506295592561212,0.0,0.0669286101811328,0.07893614602840372,0.0,0.0,0.00972372590733681,0.0
18081,18,081,0,82588.2,-14.471826009937455,8.275235835877128,0.4323353699438903,0.10228943117781959,0.11705425230238702,0.0,0.03984709680075362,0.06679525646520931,0.0,0.0,0.023314468652906834,0.0
18083,18,083,0,342022.4,-12.310728029098893,4.3912198145026355,0.3413367077711869,0.19860248919369022,0.11579855588405905,0.0,0.10428264347598286,0.01483996369828409,0.0,0.0,0.048556176437566656,0.0
18085,18,085,0,178394.4,-6.238793390711507,8.25404343341924,0.405073253420511,0.2061953738458158,0.07939542945294248,0.00043723345575870094,0.09143784782481962,0.06812489629719319,0.0,3.699667702573623e-05,0.016463521276452623,0.0
18087,18,087,0,133779.69999999998,-11.061030763850972,11.055542940389667,0.3380632487589672,0.1397775596745994,0.05941783394640592,0.1874036195327094,0.06589265785466705,0.058617264054262354,0.0,0.0,0.02687403245783927,0.0
18089,18,089,0,121592.70000000001,-5.314842798139992,10.286687289948503,0.3961249318421254,0.0952828582636951,0.12935316018149115,0.01862282850861935,0.08133465249147358,0.025631472942043394,0.0,0.00017517498994594247,0.07140395763890431,0.0
18091,18,091,0,236084.7,-5.6687793643065625,9.462317535255504,0.39897714676131063,0.10489540406472761,0.13530271127269153,0.017733465997584765,0.0806469034206791,0.024375150105025865,0.0,4.023979529380769e-05,0.0652206602122035,0.0
18093,18,093,0,62781.200000000004,-13.893333057240476,6.293832345261244,0.4785763891101157,0.19253056647531425,0.09875089995094072,0.0,0.06133364765248195,0.023581900314106768,0.0,0.0,0.011436544698094334,0.0
18095,18,095,0,170541.3,-14.434892496417355,7.579757156454785,0.43470349997332025,0.10133498454626534,0.11649494873089393,0.0,0.03970768371063197,0.06713329850306056,0.0,0.0,0.023603080309578972,0.0
18097,18,097,0,13856.900000000001,-14.340772049127192,8.506609440127892,0.4411376281852362,0.09212017117825776,0.10873283346202973,0.0,0.03651610389048055,0.07176929904957097,0.0,0.0,0.02505610923078033,0.0
18099,18,099,0,157397.6,-5.615017369741597,9.36529052448891,0.3815369484668127,0.21430314058155908,0.0780132606850422,0.022898061978073363,0.09366407111671333,0.06607661107920323,0.0,2.287201329626373e-05,0.014631099838879374,0.0
18101,18,101,0,48203.1,-13.190831208829582,1.251524455999066,0.330094952399327,0.23559895525391522,0.1118206090479658,0.0,0.11275623352025077,0.01718976580344418,0.0,0.0,0.039937265445583375,0.0
18103,18,103,0,138939.2,-8.711756103112798,8.239675929355133,0.44690123449681585,0.1627913504612089,0.07757062081831477,0.0,0.07657882008821124,0.06825287607816943,0.0,4.6783053306770154e-05,0.020801904718034937,0.0
18105,18,105,0,19893.0,-12.440031275213272,9.165135445542816,0.4662393806866737,0.20485597949027295,0.10068868446187101,0.0,0.059121298949379175,0.023691750867139195,0.0,0.0,0.010672095712059518,0.0
18107,18,107,0,283446.6,-13.280599787633694,1.1597427796271664,0.40603238846399997,0.11754030565192881,0.041163309067739746,0.0,0.11718080230985309,0.08648860138029528,0.0,0.0,0.07842041499174801,0.0
18109,18,109,0,82487.2,-14.2106158205407,9.631316315277285,0.4171568437284815,0.10368154089361743,0.11776493807524077,0.0,0.040339592082165476,0.06300007758779544,0.0,0.0,0.02206645394679417,0.0
18111,18,111,0,206156.2,-10.431114131951372,1.3606780759233366,0.4021567141808008,0.10449988891917875,0.1360657598461749,0.018524788485624007,0.08151197975127597,0.02433300575000897,0.0,0.0,0.06737852172284899,0.0
18113,18,113,0,172732.8,-12.962890178179965,8.99855673338461,0.4414100854035829,0.16780310398488302,0.07374627169825303,0.0006211906482150466,0.08001433427814521,0.07512585913040257,0.0,0.0,0.03380654976935475,0.0
18117,18,117,0,67441.0,-10.979158598694301,5.7607669011997125,0.44171646327901426,0.23453240610311235,0.1073723699233404,0.0,0.05640485757921739,0.01786895212111327,0.0,0.0,0.009724055100013344,0.0
18119,18,119,0,60420.09999999999,-13.293187360222404,2.0933575622558,0.40853126691283204,0.11258174018248895,0.04076292492068038,0.0,0.11471182603140347,0.08837456409373703,0.0,0.0,0.08007765627663643,0.0
18121,18,121,0,152482.80000000002,-15.007618811179704,3.589286965909464,0.4108240404819428,0.10944513086066099,0.0403973431757549,0.0,0.11318784807204484,0.08845587830233967,0.0,0.0,0.0816387159732114,0.0
18123,18,123,0,37780.8,-13.429936996594382,7.775211880534333,0.469476559522297,0.20461186634481004,0.10160716554440351,0.0,0.06060485749375343,0.01949667556007284,0.0,0.0,0.010669440562402066,0.0
18125,18,125,0,103566.49999999999,-14.064532641460556,-1.6563223846768973,0.36751941988963616,0.17276532469476136,0.10717075502213555,0.0,0.10104425658876182,0.013454157473700476,0.0,0.0,0.057210584503676394,0.0
18127,18,127,0,135637.09999999998,-6.269512635574841,9.176423579441604,0.4012346179621948,0.09802775199410783,0.13183339956398363,0.017628657646027526,0.0814622253056133,0.02590736605250334,0.0,3.0227717932630528e-05,0.07127548436231682,0.0
18129,18,129,0,245454.0,-14.038836282550331,5.081055272296803,0.3481593292429539,0.2000639631051032,0.10819624043608986,0.0,0.10534682669665192,0.01662918510189282,0.0,0.0,0.049520480415882404,0.0
18131,18,131,0,212284.19999999998,-11.968322496172892,3.1499165817354053,0.4008305846596214,0.10587316437115905,0.13693482604923024,0.019442803562394185,0.08186148568758297,0.02388731709660917,0.0,0.0,0.06647927636630517,0.0
18133,18,133,0,170085.5,-14.914030915270523,3.3611262190753397,0.40884319944968855,0.11295319118913723,0.04075714861055175,0.0,0.11509799483201096,0.08780054737176303,0.0,0.0,0.0802502270916686,0.0
18135,18,135,0,208453.0,-10.671318758682393,5.879356049796498,0.2827169673739404,0.16554619026830988,0.1450619564122368,0.0,0.09804464315697065,0.04863734271034718,0.0,0.0,0.021963224323948326,0.0
18137,18,137,0,144411.9,-10.25055775024661,6.038980442467828,0.4933125317234937,0.09787143580272817,0.0575520438412624,0.0,0.06715720795862391,0.0792282353462561,0.0,0.0,0.009430663262515071,0.0
18139,18,139,0,198093.09999999998,-12.776544129718172,6.440305224553361,0.42214948425765464,0.11226488958979391,0.12608364450856693,0.0,0.04336597286831294,0.06148220205549816,0.0,0.0,0.021436890027971698,0.0
18141,18,141,0,119075.90000000001,-6.4501874084119954,10.504837776639317,0.3803170918716549,0.21565740842605427,0.07813167903832766,0.02089843536769405,0.09414247551351701,0.06597220764235248,0.0,4.031042385570883e-05,0.014395020318973023,0.0
18143,18,143,0,46531.6,-10.126442472771412,6.298085389173933,0.5024649915326359,0.09000335256041056,0.05542684971073421,0.0,0.066924412657205,0.07886468550404456,0.0,0.0,0.009651505643476692,0.0
18145,18,145,0,176506.1,-14.476301872843518,8.232093964918311,0.4259677144302661,0.10828464285370308,0.12254080737152993,0.0,0.04201951094041509,0.06329809564655273,0.0,0.0,0.02213011335019016,0.0
18147,18,147,0,176345.3,-11.948560313750868,3.950280009845334,0.3545334069011196,0.1920124891335352,0.1084871555975691,0.0,0.10454885953864379,0.014232871531024644,0.0,0.0,0.05165944314932125,0.0
18149,18,149,0,115694.3,-6.396671754745981,8.534623834180145,0.4002807398463018,0.10976167365202952,0.13891609180400416,0.020375247527319843,0.08166953773867858,0.023537028185485368,0.0,8.643468174318009e-06,0.0636012318670842,0.0
18151,18,151,0,108567.79999999999,-14.38911050806665,6.699583949255166,0.4350258548114635,0.17649800401223936,0.07324363208980932,0.0,0.083522923002953,0.07632281394667666,0.0,0.0,0.0326846449868193,0.0
18153,18,153,0,201488.1,-13.868209904561443,5.0596737425878295,0.35777646421798603,0.18327682875564363,0.10945956609844451,0.0,0.10283932400970579,0.013156608256269228,0.0,0.0,0.05400666342081741,0.0
18155,18,155,0,21696.0,-9.319996082782541,6.46509736669295,0.478429203539823,0.10007374631268436,0.05637444690265486,0.0,0.06412702802359882,0.08691002949852507,0.0,0.0,0.008775811209439528,0.0
18157,18,157,0,233560.30000000002,-15.023356049911339,3.330298698833132,0.40513049520830374,0.11851971418087748,0.04132209112593193,0.0,0.11787619728181543,0.0864389196280361,0.0,0.0,0.07778719242953532,0.0
18159,18,159,0,134143.8,-14.54892585193791,1.0624635959434063,0.4308219984822258,0.10560234613899414,0.12032237047109148,0.0,0.04116105254212271,0.06504586868718495,0.0,0.0,0.022878433442320854,0.0
18161,18,161,0,62435.100000000006,-12.677269292882077,1.5838948811315305,0.2783370251669333,0.16990442875882314,0.1467203544160256,0.0,0.10046752547845682,0.047372391491324585,0.0,0.0,0.021893133830169248,0.0
18163,18,163,0,88494.3,-14.244813325731549,3.685202850599077,0.3459714354483848,0.20512959591747715,0.10897651035151415,0.0,0.10656392558616769,0.016276754548033037,0.0,0.0,0.04826751553489885,0.0
18165,18,165,0,110367.90000000001,-14.100732304058468,1.696209295269707,0.4007623593454256,0.12470292539769262,0.041972348844183854,0.0,0.12098898320979196,0.08507093095003167,0.0,0.0,0.07530088005661065,0.0
18167,18,167,0,129756.0,-14.985782710789142,3.803660405959854,0.4106322636332809,0.10885585252319739,0.040391195782853974,0.0,0.11283562995160147,0.08889762323129566,0.0,0.0,0.08228521224452048,0.0
18169,18,169,0,159839.1,-6.470625843305392,10.446672086207627,0.42319620168031474,0.17027811092529924,0.07621101470165935,0.021889512641149758,0.07856338029931349,0.06675713264151262,0.0,4.504529867848355e-05,0.01898409087638757,0.0
18171,18,171,0,198098.0,-14.717028092975937,4.510036531193547,0.4039243202859191,0.12063574594392674,0.04150319538814123,0.0,0.11888509727508607,0.08592110975375823,0.0,0.0,0.07683419317711436,0.0
18173,18,173,0,107335.4,-13.567571647011533,0.6902325913450604,0.3635967257773298,0.17766738652858238,0.10740818033938478,0.0,0.10186015051884095,0.013652532156213143,0.0,0.0,0.05576445422479443,0.0
18175,18,175,0,136726.09999999998,-10.846505652485313,5.326577675773979,0.4889914946743892,0.1853983986963718,0.09779478826646852,0.0,0.06291702900909191,0.01882449656649316,0.0,0.0,0.011429419840103684,0.0
18177,18,177,0,128815.9,-10.43340883909671,6.7536877014302945,0.2808977773706507,0.16172460076745185,0.14480200037417743,0.0,0.09589266542406644,0.04852351301353327,0.0,0.0,0.021826498126395887,0.0
18179,18,179,0,250958.9,-12.352594125753022,9.318167999972125,0.45762194526673494,0.1449189488796771,0.07459388768439773,0.0128542960620245,0.0706538002836321,0.0767205307323231,0.0,0.0,0.03601745146316787,0.0
18181,18,181,0,295190.89999999997,-7.050701965859428,9.961036282384057,0.401092987622586,0.10254889293674027,0.1346924989896369,0.01780339434582841,0.081601431480442,0.02440285252695798,0.0,2.8456161758373992e-05,0.06827073598813514,0.0
18183,18,183,0,173088.6,-13.38662416736003,7.477951775781816,0.4495506925354992,0.16172931088471454,0.07408749045286633,0.00020683049028070015,0.0775937872280439,0.07926576331427951,0.0,0.0,0.03444016532573491,0.0
19001,19,001,0,252600.59999999998,-15.065736701033636,2.314781416732385,0.3954760994233585,0.130208716843903,0.0950286737244488,0.0,0.14349847150006773,0.06639730863663824,0.0,0.0,0.026620285145799342,0.0
19003,19,003,0,167325.90000000002,-14.931144439108731,2.587717569237604,0.393058097999174,0.13129766521500855,0.09482393341377514,0.0,0.14415520848834518,0.06846459514038172,0.0,0.0,0.026363521726164327,0.0
19005,19,005,0,129119.90000000001,-12.808349931196137,5.763174623337994,0.394167746412443,0.15139416929536034,0.08556465734561443,0.00429058572690964,0.19770229066162534,0.012851620857822845,0.0,0.0,0.029380444067877994,0.0
19007,19,007,0,84266.70000000001,-16.549857829076494,0.03159754106840151,0.39557144162522084,0.11775826038043496,0.07916650349426285,0.0,0.07927568066626554,0.07739830799117563,0.0,0.0,0.024105607553161566,0.0
19009,19,009,0,226754.2,-14.697641907907371,1.8310690618613272,0.4003467190464388,0.10163428064397484,0.0951069484049248,0.0,0.19146591331053622,0.035496145165117114,0.0,0.0,0.009994963709602733,0.0
19011,19,011,0,448840.19999999995,-14.252083009233516,3.4681624982848414,0.33767808676673794,0.1893172670362414,0.09703453478543143,0.0,0.17632823441394066,0.03983734077295216,0.0,0.0,0.00846336847724424,0.0
19013,19,013,0,280699.19999999995,-12.919066741870317,4.81321918093729,0.41451454083232164,0.13460993120037396,0.08407754635567186,0.0009397960521440747,0.18926095977473398,0.011814782514520884,0.0,0.0,0.03421064256684736,0.0
19015,19,015,0,308652.7,-13.6613297628804,3.2541184795697555,0.3590530716238672,0.1272141795616886,0.1003166341975949,0.0,0.24144289034244637,0.013499314925804959,0.0,0.0,0.020711952301081443,0.0
19017,19,017,0,223899.09999999998,-13.357680824597157,3.659464431138484,0.40748265625006985,0.1420309416161119,0.08514951600966687,0.00023582051022089863,0.19378550427402347,0.011743236127344864,0.0,0.0,0.032570474825490595,0.0
19019,19,019,0,321129.1,-12.376284155665829,5.657245020926849,0.3933567527826037,0.15267753685355828,0.08642692300386356,0.004797447506314439,0.19964836571958133,0.011366456668050327,0.0,0.0,0.029790822444929473,0.0
19021,19,021,0,296406.8,-16.062970515731145,-0.5749125917596678,0.4217335769624719,0.0781375461021812,0.07912672718709558,0.0,0.2076355873077136,0.0230463673572941,0.0,0.0,0.023127674533782627,0.0
19023,19,023,0,309991.2,-10.492672776828368,-2.4649364598957773,0.3872000237426095,0.11490487471902427,0.13293828986113151,0.0036017151454621936,0.20578390612378672,0.014633641213040886,0.0,0.0,0.025009097032431888,0.0
19025,19,025,0,349804.6,-14.42050759436237,-2.2463042422378274,0.40087408799083835,0.10263501394778685,0.09544471399175426,0.0,0.1930729327172942,0.03473253353443609,0.0,0.0,0.009955843919719752,0.0
19027,19,027,0,338997.60000000003,-13.26512802401352,2.2452845286893757,0.39362107578342737,0.11171701510571166,0.09610127033347728,0.0,0.20629143097178268,0.03307752031282817,0.0,0.0,0.009243723259397705,0.0
19029,19,029,0,296017.60000000003,-14.907543199703827,2.605712969209298,0.3931495965104777,0.13449132754268664,0.09573721292247488,0.0,0.14688923901822054,0.06205171584392279,0.0,0.0,0.025937309132970467,0.0
19031,19,031,0,360543.5,-14.341266939382873,3.4084531763962604,0.33439571091976417,0.192915695332186,0.09756714515724177,0.0,0.1785656931826534,0.03945654269179724,0.0,0.0,0.008319939202897846,0.0
19033,19,033,0,316272.6,-11.153397424243305,0.6818635251935816,0.3935544843277603,0.11086101040684525,0.1319311252381648,0.003517851372518517,0.1991734345624629,0.014615240144103536,0.0,0.0,0.02616097632232448,0.0
19035,19,035,0,273660.5,-15.161844716358406,1.7600950340844708,0.41679453191088955,0.07488146809641873,0.077615878067898,0.0,0.19993641756848357,0.04183175869370991,0.0,0.0,0.02323718622161401,0.0
19037,19,037,0,277515.30000000005,-11.716511143806375,6.04307138779723,0.4099604598377098,0.1368411038958933,0.08416472893566587,0.004467861771945547,0.19015708323108668,0.011739532919446242,0.0,0.0,0.033420499698575176,0.0
19039,19,039,0,76997.4,-15.432143495596979,2.359867827522082,0.3834129464111775,0.1337317883461,0.0816027554177154,0.0,0.08051440697997594,0.07599867008496392,0.0,0.0,0.022437121253444922,0.0
19041,19,041,0,263414.1,-15.101913521079968,1.859749310410027,0.42172040145155487,0.07723960106919106,0.0789467989754535,0.0,0.20563325957114673,0.02590294141429787,0.0,0.0,0.02329260278777788,0.0
19043,19,043,0,238726.0,-13.139373794233347,4.4704973344798535,0.39310255271734124,0.1552269128624448,0.08680286185836482,0.0006631033067198379,0.2012219029347453,0.011906956091921283,0.0,0.0,0.02924147348843444,0.0
19045,19,045,0,414898.30000000005,-14.354640303782482,3.700650012158331,0.3227766900948979,0.20601289520829558,0.09961188079102758,0.0,0.18675444078705553,0.0371399448973399,0.0,0.0,0.007821675817905254,0.0
19047,19,047,0,392776.20000000007,-14.674815426124418,1.2816809869886048,0.39721296758815827,0.10597739883424707,0.09547268902749198,0.0,0.19782130383663774,0.03530280093345778,0.0,0.0,0.00967777579191407,0.0
19049,19,049,0,270137.5,-14.076537390222427,3.2400961969131172,0.3617394845217713,0.12378103743463978,0.10001684327425847,0.0,0.23706964046087642,0.01393142381194762,0.0,0.0,0.02153495904863264,0.0
19051,19,051,0,127151.0,-14.54302528369054,3.5489120270651786,0.3259494616636912,0.18389945812459202,0.08955100628386721,0.0,0.20546594206887875,0.029177906583510944,0.0,0.0,0.019355726655708567,0.0
19053,19,053,0,86681.0,-15.530751233694073,2.051728547141151,0.38309548805389876,0.13099179751041173,0.08080548217025646,0.0,0.07992178216679549,0.08049976350065181,0.0,0.0,0.02272701053287341,0.0
19055,19,055,0,291487.9,-13.214415419680158,4.224410665584856,0.3844715338098082,0.16357968889960783,0.08822047158732832,0.0003619361215336897,0.2065499116772943,0.011405276170983426,0.0,0.0,0.027495824011905808,0.0
19057,19,057,0,184668.90000000002,-14.401546917149727,3.9396888549052234,0.3079051210030492,0.20052753874637252,0.09055450051416344,0.0,0.22278467029369858,0.02236435046724164,0.0,0.0,0.01793480114951678,0.0
19059,19,059,0,167453.0,-15.346325695952366,1.4530550509430782,0.42615420446334196,0.07438206541537028,0.07894453966187527,0.0,0.19957659761246438,0.025335467265441645,0.0,0.0,0.02419723743378739,0.0
19061,19,061,0,220500.40000000002,-13.082522786333065,5.110262739787588,0.3764519248037645,0.16999379592962185,0.0887572086037032,0.0007179125298638914,0.2097116377113148,0.011640795209441796,0.0,0.0,0.02560766329675592,0.0
19063,19,063,0,193063.6,-16.044202591550054,-5.590675798957817,0.4169071746305363,0.08056775073084725,0.07892425086862567,0.0,0.21268949713980262,0.025091731429435687,0.0,0.0,0.022235159812621332,0.0
19065,19,065,0,351337.2,-12.941611568551679,3.7362879267861775,0.4095609573936378,0.13992739738348228,0.08482591652691489,0.0003002813251770664,0.19246382108128599,0.011930988235803098,0.0,0.0,0.033008175621596574,0.0
19067,19,067,0,266994.9,-11.82712297881643,-1.2201283553161089,0.3942176423594608,0.11156804867808334,0.13235795889734223,0.00028951863874553406,0.20037611205307665,0.01474148008070566,0.0,0.0,0.02610386939975258,0.0
19069,19,069,0,353255.8,-11.324128991238293,0.5309597183833901,0.37890956072058835,0.12002747017883358,0.13429305336246428,0.003455852671067255,0.21416350418025693,0.014326162514529133,0.0,0.0,0.023604141814515145,0.0
19071,19,071,0,269372.7,-14.913996266021474,2.5582592682058576,0.3947270825885474,0.13424077495603676,0.09605539091377857,0.0,0.14689424726410658,0.0606330931085444,0.0,0.0,0.02611326240558156,0.0
19073,19,073,0,332154.30000000005,-15.089949570225958,1.9095321895282409,0.3989305572741343,0.10435932938396401,0.09544660418365801,0.0,0.19550763003820812,0.03483140215255379,0.0,0.0,0.009808995397620923,0.0
19075,19,075,0,325682.8,-12.961525574039182,3.4776564037814532,0.36236700249445164,0.12353277483490072,0.10013270581068451,0.0,0.23686851132451575,0.013449896647904034,0.0,0.0,0.02160077228518055,0.0
19077,19,077,0,223380.2,-14.593691556811738,2.130651652382123,0.4016389993383478,0.09866362372314108,0.09461671177660329,0.0,0.1870000116393485,0.03891168510011183,0.0,0.0,0.010239045358541176,0.0
19079,19,079,0,364329.1,-13.526018344112419,-0.1964703218201307,0.3531650367758162,0.13439085705753398,0.10081928673828142,0.0,0.2505956839571695,0.012895483781010082,0.0,0.0,0.01901495104288952,0.0
19081,19,081,0,348035.69999999995,-11.419574550513413,-1.359058534828597,0.3905929765251094,0.11398141052771311,0.13310531074829396,0.0001109081625821719,0.20434627826972926,0.014480123734432993,0.0,0.0,0.025498246300595027,0.0
19083,19,083,0,338217.2,-13.56805573706518,3.5932244097437662,0.3505025764508724,0.1371624506382289,0.10088132714717052,0.0,0.2539977269044862,0.012910934157103777,0.0,0.0,0.01832816308573307,0.0
19085,19,085,0,347391.7,-15.025818561752171,2.3310664859650436,0.39876283745408997,0.10376586429670023,0.09527803917019319,0.0,0.19458092982647543,0.03579647988135583,0.0,0.0,0.009849400546990615,0.0
19087,19,087,0,201617.9,-14.073202849062998,4.11652161863355,0.29913514623453574,0.2095686940494867,0.08983726147331164,0.0,0.23193823564276783,0.021311103825602785,0.0,0.0,0.01658533294910819,0.0
19089,19,089,0,254550.89999999997,-13.462383547657648,3.9333960739800666,0.4174520695075131,0.13188796425390759,0.08376477946061084,0.00020742413403370408,0.18764616428384268,0.011985422169004315,0.0,0.0,0.03482093365216938,0.0
19091,19,091,0,265221.0,-12.58980036514394,-1.810154056804849,0.3990068659721515,0.10869388170619974,0.1317399451777951,0.0,0.1957001896531572,0.014634587758887872,0.0,0.0,0.026976370649382967,0.0
19093,19,093,0,245025.19999999998,-14.814915578946032,-4.879732724821345,0.40061267167621945,0.102357226930128,0.09531386975706989,0.0,0.19259610848190312,0.0356057254519127,0.0,0.0,0.009973668014555239,0.0
19095,19,095,0,293118.9,-14.341450706698662,3.1650133839013823,0.3332855711453611,0.1929544631888288,0.09739938298076309,0.0,0.17844158121499498,0.04170184863548546,0.0,0.0,0.008278551809521664,0.0
19097,19,097,0,236270.09999999998,-14.076062991612279,3.989799767439528,0.3031289189787451,0.22485113435851597,0.10191429215969351,0.0,0.19797892327467592,0.04101661615244587,0.0,0.0,0.006946287321163364,0.0
19099,19,099,0,363688.6,-13.682549690219204,3.5068692910456765,0.3637007043938138,0.12131147360681638,0.09982276046045986,0.0,0.2339077991446529,0.014157441283559617,0.0,0.0,0.0221016001051449,0.0
19101,19,101,0,185329.09999999998,-14.438068104088014,3.8892246871454406,0.30891317121811956,0.1997797431703926,0.09033443749524495,0.0,0.22197053781624151,0.022977503263114103,0.0,0.0,0.01791407825322629,0.0
19103,19,103,0,259103.0,-14.711872369818703,3.5520877245746645,0.33996943300540716,0.18562695144402033,0.09627329671983728,0.0,0.17388181533984556,0.042072457671273586,0.0,0.0,0.008560302273613197,0.0
19105,19,105,0,307958.3,-14.274397569983734,3.696968322899173,0.30805144722516004,0.2219816773894388,0.10201056441732534,0.0,0.19665357290256505,0.035800626253619405,0.0,0.0,0.007186362569217976,0.0
19107,19,107,0,299433.4,-14.022921361714648,4.106028870529148,0.3012386059804951,0.20726111382364157,0.09003170654977033,0.0,0.2296039787144654,0.021760097570945658,0.0,0.0,0.01692897318735986,0.0
19109,19,109,0,590235.2000000001,-12.765782697486,-2.3882151563070275,0.3970435853368284,0.10985078490744028,0.13207904238852577,6.539765842498042e-05,0.19754480925570006,0.014678724684668076,0.0,0.0,0.02667106265434525,0.0
19111,19,111,0,190537.2,-14.565413110881305,4.195702115844526,0.30793199438219937,0.19959304534757516,0.09035295994692899,0.0,0.221768242631885,0.023940206951713366,0.0,0.0,0.017902015984280234,0.0
19113,19,113,0,340939.4,-14.368806802746505,4.304343114023586,0.3274194768923744,0.1997510408007992,0.09860901966742475,0.0,0.18280345422089672,0.03868429404169773,0.0,0.0,0.00803251252275331,0.0
19115,19,115,0,202022.7,-14.227738030534265,4.108928216693229,0.3015621511840006,0.20679359299722258,0.09028539862104605,0.0,0.22916484137673637,0.021193162946540164,0.0,0.0,0.017095603612861325,0.0
19117,19,117,0,78255.4,-15.61738979951151,1.8526499861555548,0.3822304914421241,0.1358615507683815,0.08199561947162753,0.0,0.08083531615709588,0.07694037727747861,0.0,0.0,0.022343506007253176,0.0
19119,19,119,0,286026.3,-15.131555986846351,-2.694416473929347,0.4095717771407734,0.08239137449947784,0.07816693779558034,0.0,0.21618256782680476,0.03218235525893948,0.0,0.0,0.021198050668767173,0.0
19121,19,121,0,152785.9,-15.438978460624206,2.7539538317064074,0.3728334879069338,0.15523029284770387,0.08574285977960008,0.0,0.08328320872541249,0.06573774150625156,0.0,0.0,0.020357899518214706,0.0
19123,19,123,0,315641.60000000003,-14.028953060129165,3.6762627261352723,0.2928514492386301,0.21585747886210183,0.08963425606764126,0.0,0.23836465155416775,0.020140564488331066,0.0,0.0,0.015779605730043184,0.0
19125,19,125,0,162782.9,-15.621659758820268,2.169091481502705,0.3762299356996343,0.15451192969286087,0.08600719117302862,0.0,0.08371579570089979,0.06084422872427018,0.0,0.0,0.020447479434264903,0.0
19127,19,127,0,313194.10000000003,-12.962373641101784,3.7293346217528565,0.3627488512714639,0.12282319494524321,0.1000136975760399,0.0,0.2359089778511153,0.01381475576966488,0.0,0.0,0.02176509710751256,0.0
19129,19,129,0,225358.0,-15.444832036396392,1.1642133992384491,0.40093584430106766,0.12890290116170713,0.09589852590101083,0.0,0.1430683623390339,0.06096965716770649,0.0,0.0,0.02715945295929144,0.0
19131,19,131,0,264452.1,-12.49421776442406,-1.5039109516018252,0.3877390272189179,0.11534262726595856,0.13329672935098644,0.00014596216101138922,0.2065258699023377,0.014671466023525623,0.0,0.0,0.02501625057997271,0.0
19133,19,133,0,342434.1,-14.607965845660377,2.8968007273834973,0.40090867118666046,0.10128780982968695,0.09513158882249169,0.0,0.19098536039489059,0.03589011725175735,0.0,0.0,0.010041640128713817,0.0
19135,19,135,0,65973.1,-15.606306957646439,2.075654563942227,0.37312480389734604,0.14530012990142951,0.08311872566242907,0.0,0.08127555018636383,0.07927625047178319,0.0,0.0,0.021339000289511936,0.0
19137,19,137,0,216564.3,-15.31004112563404,1.7973588215070457,0.3930047565549816,0.13496407302588656,0.09579879970983214,0.0,0.14735992959135003,0.06160156590906258,0.0,0.0,0.025872223630579925,0.0
19139,19,139,0,217598.2,-14.602395450739607,3.6784896690211744,0.3350358596716333,0.1914432196589861,0.09726367221787681,0.0,0.1776834551021102,0.04021172969261694,0.0,0.0,0.00835622721143833,0.0
19141,19,141,0,291772.1,-14.718527778726529,-1.5467633744186262,0.4235943052814166,0.0765707207783061,0.0791532158146718,0.0,0.20426284761291433,0.024791266882611462,0.0,0.0,0.023600268839961053,0.0
19143,19,143,0,208652.90000000002,-14.529416014395139,-1.4214990498088373,0.42551577284571646,0.0772201105280588,0.07954981694479203,0.0,0.20589744978382757,0.019683407227984846,0.0,0.0,0.023659388390959338,0.0
19145,19,145,0,267749.5,-14.462316040014251,-0.9012200997545414,0.3923943835562718,0.13541015015901056,0.09583696701581142,0.0,0.14758795067777905,0.06256893103441837,0.0,0.0,0.025833474945798216,0.0
19147,19,147,0,269757.3,-15.31514746946943,-3.3915361713932786,0.41188282949154664,0.0848166110796631,0.07911148280324574,0.0,0.22183384842597403,0.021119354323312106,0.0,0.0,0.021000358470373185,0.0
19149,19,149,0,408449.6,-15.452354352315172,1.5307554710122455,0.4181681167027707,0.07544700741535798,0.07792858653797188,0.0,0.20130121317293492,0.03670465095326327,0.0,0.0,0.023250604236116284,0.0
19151,19,151,0,311828.6,-14.558543047493576,-1.418884417190117,0.42103161801066363,0.08084761949352946,0.07967485984287523,0.0,0.21369111107832958,0.016756320619725068,0.0,0.0,0.022589012040588965,0.0
19153,19,153,0,164422.8,-13.895884176136452,4.159393003713238,0.3651221120185279,0.11879739306227605,0.09958229637252256,0.0,0.23060123048628292,0.014102667026714059,0.0,0.0,0.022613043933079842,0.0
19155,19,155,0,524017.0,-15.260052162595915,1.897350040748469,0.38330951095098065,0.14507735436064098,0.0965190060627804,0.0,0.15484306806840234,0.0585700463916247,0.0,0.0,0.02404101393657076,0.0
19157,19,157,0,297628.6,-12.971671835213687,3.819206323451582,0.3646457363304468,0.12026330802886552,0.099722607303196,0.0,0.23255762383050557,0.014330612044675815,0.0,0.0,0.022363442222958413,0.0
19159,19,159,0,119309.3,-15.309728856538037,1.7965702738619647,0.3800223452823878,0.14131086176852936,0.08309746180725223,0.0,0.08159464517854015,0.07283254532546918,0.0,0.0,0.021767791781529183,0.0
19161,19,161,0,338399.1,-13.499501564949654,3.609307733492815,0.4026813310082681,0.09945889335994099,0.0950694017803239,0.0,0.18835481536446166,0.03548059081717416,0.0,0.0,0.010179696104392713,0.0
19163,19,163,0,239306.3,-14.35916009389691,3.711803004999288,0.32177757125491474,0.2074855530339151,0.09991629973803448,0.0,0.18776521972050048,0.036098924265679594,0.0,0.0,0.007779569530764548,0.0
19165,19,165,0,344228.6,-13.471854920146125,3.6354080503835666,0.40006234229230225,0.10277007779132821,0.09531224308497319,0.0,0.1931820888793087,0.03496455553083039,0.0,0.0,0.009922766440673437,0.0
19167,19,167,0,363539.5,-15.823983345113913,0.5172745244447061,0.4120440832426737,0.08299345738221019,0.07873779878115032,0.0,0.21771636919784507,0.02563352813105591,0.0,0.0,0.02134293522437039,0.0
19169,19,169,0,321604.9,-13.85765044718071,4.316194767393701,0.3583894399618911,0.1264433471007438,0.10008709444414558,0.0,0.2401303587103306,0.013648734829599921,0.0,0.0,0.020731960240655534,0.0
19171,19,171,0,361156.6,-12.974473632364639,3.808575025826723,0.36439012882500277,0.12063631122897935,0.09978026152644034,0.0,0.23305956474282902,0.014155632210514774,0.0,0.0,0.022270671503718885,0.0
19173,19,173,0,195422.4,-16.1472217915029,0.5248826376695164,0.39683168357363335,0.12882862967602485,0.09492719360728352,0.0,0.14248213101466362,0.06666328936703264,0.0,0.0,0.026898144736734377,0.0
19175,19,175,0,123054.3,-16.726885686156045,-5.905306874037301,0.3742965503846676,0.1539889300902122,0.08559148278442931,0.0,0.08325186523347823,0.06669088361804504,0.0,0.0,0.020562467138490893,0.0
19177,19,177,0,131367.80000000002,-14.537980835077988,3.8364697354164026,0.3141279674318973,0.19499603403573781,0.08977009586824167,0.0,0.21694205124847943,0.025694272112344117,0.0,0.0,0.018187105211474954,0.0
19179,19,179,0,146092.3,-14.131737682279411,4.066100137130791,0.31220194356581427,0.19749911528533673,0.0898651058269327,0.0,0.21953929125628116,0.02392186309613854,0.0,0.0,0.01797151526808737,0.0
19181,19,181,0,145077.2,-15.53550146911968,2.783415804098456,0.3830657057070304,0.1421967063053326,0.08380779336794479,0.0,0.08226034139065269,0.0652790376434064,0.0,0.0,0.02165674551204462,0.0
19183,19,183,0,290209.2,-14.004570460012225,4.377884126484096,0.29334597249156813,0.21530054870762194,0.08954402548230725,0.0,0.2377677895807576,0.02009378062445987,0.0,0.0,0.015796880319438527,0.0
19185,19,185,0,138052.5,-15.372967811348023,2.395953268534633,0.38993136669020845,0.1313464080693939,0.08192607884681552,0.0,0.08116404990854928,0.06814146791981311,0.0,0.0,0.02273482914108763,0.0
19187,19,187,0,405907.6,-12.930678489691513,3.9989238047800324,0.3630919943356567,0.12244363002811479,0.10002498105480165,0.0,0.23545802049530484,0.013518840248371796,0.0,0.0,0.021841670370301026,0.0
19189,19,189,0,232841.10000000003,-11.79538712501375,0.30405071321953026,0.3920897126838861,0.1114021536575802,0.13202952571517657,0.003617059015783725,0.2000179521570719,0.014788626234801329,0.0,0.0,0.025982526280798363,0.0
19191,19,191,0,258803.90000000002,-12.597456124925195,5.549505860486397,0.3946493851135937,0.15257652608789898,0.08627652056247993,0.002242624628145093,0.19935325549576338,0.011862263281194756,0.0,0.0,0.029683092101780537,0.0
19193,19,193,0,396271.6,-15.000633211966683,1.5284909948596834,0.40279545644956644,0.09859121874996847,0.09486195831343958,0.0,0.18703687067152933,0.03729260436528886,0.0,0.0,0.010258115898287942,0.0
19195,19,195,0,225811.90000000002,-10.32531340924945,1.2365194645627344,0.4003185837416008,0.10657055717612755,0.13081197226541205,0.003626912487782973,0.19215506357282322,0.014671060293988049,0.0,0.0,0.02735019722166989,0.0
19197,19,197,0,354154.30000000005,-12.692077002367935,-0.5857694614095772,0.39549484504353044,0.11084321156061071,0.1322748304905517,0.0,0.19921203836858678,0.014596744978106998,0.0,0.0,0.02636647359639569,0.0
20001,20,001,0,139011.3,-14.095811380781782,-6.049198633446512,0.30931370327448204,0.18910333188740774,0.08887910551156634,0.0,0.05473943485169911,0.032465706025337514,0.0,0.0,0.04283536662127468,0.0
20003,20,003,0,236802.19999999995,-14.133038519698761,-7.247639188893497,0.354409291805566,0.16712133586596747,0.16504703081305835,0.0,0.05870089044780835,0.06226251276381724,0.0,0.0,0.04388979494278348,0.0
20005,20,005,0,278270.1,-15.27031926583767,-1.9916514310017934,0.3040341021187688,0.20589959179947828,0.15176513754082813,0.0,0.09466737533065896,0.07279366342269615,0.0,0.0,0.06793399650195979,0.0
20007,20,007,2,56465.1,-1.7282016801066966,-22.373680928965896,0.45685742166400134,0.14452821300236784,0.06899305942962998,0.0,0.013803216500103604,0.1045247418316801,0.0,0.0,0.07986526190514141,0.0
20009,20,009,0,353331.6,-10.307951106115883,-12.24869512701855,0.30908387475108373,0.2134963303593565,0.08802467710218957,0.0,0.09507754188982814,0.07215120300590154,0.0,0.0,0.05709141214655016,0.0
20011,20,011,0,70859.3,-13.75818393712558,-6.0332183205010805,0.31539120482420796,0.1863425125565734,0.08768785466410195,0.0,0.05410722375185755,0.03837181569673988,0.0,0.0,0.042611202763786826,0.0
20013,20,013,0,506540.7,-15.971396101591061,-4.4044198408649295,0.3019698120999951,0.2137368231220117,0.15273086644370332,0.0,0.09529441563135993,0.0685396059980965,0.0,0.0,0.0657392387225745,0.0
20015,20,015,0,233631.40000000002,-8.425708011307194,-11.135418153761567,0.27983053647754536,0.2778629071263537,0.07567433144688598,0.0,0.07584425723597084,0.028519710963509186,0.0,0.0,0.03327292478665111,0.0
20017,20,017,0,59681.1,-13.544859668845188,-7.978193308311256,0.40947971803468775,0.08432150211708564,0.16342359641494542,0.0,0.03761492331743215,0.08611101336939164,0.0,0.0,0.05420476499260235,0.0
20019,20,019,0,15552.1,-13.273439585954797,-7.023245366296131,0.3679567389612978,0.10713022678609319,0.08296628751101137,0.0,0.03321737900347863,0.08073507757794766,0.0,0.0,0.042843088714707336,0.0
20021,20,021,0,213844.09999999998,-14.712460018950747,-6.28093519875427,0.2843562202557845,0.2527411324418116,0.07951540397887996,0.0,0.07002063652913501,0.027688863054907763,0.0,0.0,0.03691474303008594,0.0
20023,20,023,0,389851.79999999993,-10.188236458936373,-11.073644624114348,0.399729589551722,0.17656889105039406,0.08651441393883524,0.0,0.04104559732698426,0.13815378048786747,0.0,0.0,0.07455166296526014,0.0
20025,20,025,0,99764.7,-8.682724784411931,-12.526145675252184,0.32919158780610774,0.2119527247613635,0.04648538009937383,0.0,0.06779251578965306,0.17770814727052756,0.0,0.0,0.08407482807044978,0.0
20027,20,027,0,303304.8,-11.637910496054623,-11.601115773287319,0.4412277682384189,0.1092244501240996,0.0689128559785404,0.0,0.06058855646201445,0.066666600726398,0.0,0.0,0.13775284796020373,0.0
20029,20,029,0,312247.7,-11.665494179457738,-11.939095983669286,0.41862021721857356,0.12087679108605123,0.06856511673264526,0.0,0.06820450558963284,0.06996400613999718,0.0,0.0,0.12919678831901724,0.0
20031,20,031,0,197314.8,-14.088311003032018,-7.403979092047716,0.37734371674096423,0.12924271266017553,0.17009570493444995,0.0,0.04993543312513811,0.06738825470770567,0.0,0.0,0.04783219505075139,0.0
20033,20,033,2,45465.200000000004,-2.213378436548325,-19.780210892302815,0.3059460862373859,0.2564598858027678,0.10774614430377519,0.0,0.022670086131810704,0.11269718378012193,0.0,0.0,0.0605606045942831,0.0
20035,20,035,2,174069.90000000002,-5.832398803235932,-14.757352576058345,0.3069663393843507,0.12225778264938394,0.08892577062432963,0.0,0.049131986632956065,0.04241859161176056,0.0,0.0,0.0517119846682281,0.0
20037,20,037,0,156118.1,-14.194692036427199,-5.943598716597559,0.28819912617435134,0.2487161962642384,0.08122696855777774,0.0,0.06945062744166115,0.027858396944364552,0.0,0.0,0.03688873999875735,0.0
20039,20,039,0,322275.9,-9.904074323910642,-11.365443307839904,0.38484230437336453,0.2012219964322495,0.10429448804580174,0.0,0.04258338895337815,0.10465411779161891,0.0,0.0,0.06497383142828861,0.0
20041,20,041,0,282921.3,-11.0399131001965,-12.240329326943066,0.350093824678453,0.14790862335214777,0.09537316561177966,0.0,0.0938554290539454,0.05711906455964963,0.0,0.0,0.08397211521366543,0.0
20043,20,043,0,335681.4,-15.137840724074973,-1.7033673281861401,0.292383194302693,0.2337803047770892,0.15241714316015126,0.0,0.09557812854688999,0.06760219660666333,0.0,0.0,0.06141269668203242,0.0
20045,20,045,0,117673.29999999999,-13.357944062867077,-5.9230211363192495,0.3556465230430353,0.16645662185049626,0.16579716894146762,0.0,0.05798426660933279,0.06251970497980426,0.0,0.0,0.04356723232882906,0.0
20047,20,047,0,308076.3,-10.696894932761012,-13.19635790004088,0.32997085462270226,0.18749770754842227,0.16356240320985418,0.0,0.02286998383192735,0.05057188754863649,0.0,0.0,0.06900400972096847,0.0
20049,20,049,0,28929.3,-13.762407355822994,-6.684223976913491,0.33603993183381553,0.14936759617412107,0.08554303076811398,0.0,0.04673116874587357,0.056669190059904666,0.0,0.0,0.043412733802753616,0.0
20051,20,051,0,193401.1,-9.21880102453068,-11.679505671210343,0.2678816201148804,0.25940597028662193,0.06972762822962227,0.0,0.08708378597639826,0.09876262337701285,0.0,0.0,0.045515770075764815,0.0
20053,20,053,0,122900.8,-10.536215226251144,-12.134712649189904,0.3100744665616497,0.2009384804655462,0.07908329319255855,0.0,0.08893758218009971,0.08084406285394398,0.0,0.0,0.06332098733287334,0.0
20055,20,055,0,671296.2,-9.48733501436272,-13.115450002707522,0.32337260362862175,0.22932857358644368,0.04000856849778086,0.0,0.1288757481421763,0.09614518896427539,0.0,0.0,0.057566391706075505,0.0
20057,20,057,2,523691.9,-3.6534494192824667,-19.442975749051158,0.31512536283261205,0.2383162695470371,0.048644632464240896,0.0,0.11744921011762831,0.10757947564207122,0.0,0.0,0.06230991924832139,0.0
20059,20,059,0,196311.4,-13.989498127826067,-7.350857431409698,0.3720456376960279,0.13547914181244697,0.17067577328672712,0.0,0.05088038697701713,0.06632217996509628,0.0,0.0,0.0477496467347286,0.0
20061,20,061,0,60584.799999999996,-13.862190467502451,-7.942156582023533,0.3583291518664748,0.16802069165863387,0.15668121376979047,0.0,0.06005961891431515,0.06497669382419353,0.0,0.0,0.041464195639830455,0.0
20063,20,063,0,211022.40000000002,-10.800577790754243,-13.038461772052049,0.2697718346488335,0.22206552479736746,0.05671767546952361,0.0,0.03231836999294861,0.13030322847242756,0.0,0.0,0.07477215688950556,0.0
20065,20,065,0,322773.9,-9.98847781981997,-11.057662082173017,0.3660763773031214,0.21690105674591406,0.10648630511946597,0.0,0.06359467106850956,0.11938263905476866,0.0,0.0,0.05522596467682176,0.0
20067,20,067,2,313015.5,-2.8325900241389306,-18.797859567368306,0.3284211165261784,0.23131729898359665,0.029219319810041357,0.0,0.1508043531390618,0.08389360910242465,0.0,0.0,0.051254969801814924,0.0
20069,20,069,2,568634.4000000001,-3.2810738714707774,-20.310490756188745,0.3231155202710212,0.23298731135506395,0.04552556088762832,0.0,0.13552152314386884,0.07872175865547351,0.0,0.0,0.055058575422098965,0.0
20071,20,071,0,320292.9,-9.7282310594851,-12.482223275735734,0.2817524209871652,0.2159635758394894,0.07615061089396612,0.0,0.041685906868369545,0.18010327422181385,0.0,0.0,0.07202875867682361,0.0
20073,20,073,0,50930.0,-13.647372546536364,-6.696192100642457,0.3511545258197526,0.12883369330453565,0.0865639112507363,0.0,0.039996073041429415,0.06569801688592185,0.0,0.0,0.044317690948360494,0.0
20075,20,075,0,342018.7,-7.9122792232508985,-12.096638468308651,0.3331145343807224,0.21894124502549128,0.04046708557163687,0.0,0.09736105072617375,0.14335824327734126,0.0,0.0,0.06984501139849955,0.0
20077,20,077,2,91742.99999999999,-1.1595656336476168,-21.607155041289214,0.42960443848577007,0.11912189485846333,0.06437657368954582,0.0,0.01567204037365249,0.10651275846658602,0.0,0.0,0.10920070196091257,0.0
20079,20,079,2,300989.80000000005,-3.5152064737627384,-20.25779966750791,0.3589354190740018,0.12055225791704567,0.15217724986029427,0.0,0.027386310100873845,0.028337505124758373,0.0,0.0,0.11201143693241432,0.0
20081,20,081,2,485925.69999999995,-3.1237051887465945,-20.17760705920905,0.32879121231908504,0.23074206612245454,0.03768559678979729,0.0,0.15655912004654213,0.05781336529432381,0.0,0.0,0.04856874209369869,0.0
20083,20,083,0,267373.1,-9.58261996604529,-12.193374659165194,0.3311092252735971,0.2196017475205995,0.04171549045135805,0.0,0.1001129133783466,0.13882398790304637,0.0,0.0,0.07181014096032846,0.0
20085,20,085,0,181644.5,-16.361606261491353,-5.324066501965847,0.30963888254254873,0.17606753851616758,0.14708840620002256,0.0,0.09042387740889485,0.09608713723784645,0.0,0.0,0.07485830839909824,0.0
20087,20,087,0,204461.5,-15.980448701030177,-4.488073138448957,0.3000075808893117,0.2069015438114266,0.15114728200663693,0.0,0.09304587905302465,0.0788524979030282,0.0,0.0,0.06789346649613742,0.0
20089,20,089,0,421701.3,-11.592607190145678,-11.850252536360614,0.4053222031803079,0.14283830758880753,0.0809177017002319,0.0,0.06537802942509308,0.07362343914993859,0.0,0.0,0.11894414363911139,0.0
20091,20,091,0,69502.9,-13.60273930324145,-5.910954227198393,0.3636898604230903,0.1525864388392427,0.16762466026597453,0.0,0.054934398420785326,0.06409516725201395,0.0,0.0,0.04534199292403627,0.0
20093,20,093,2,434652.3,-3.1514239096851107,-19.760582032922112,0.3309965229678987,0.2199486808191283,0.03674247208630899,0.0,0.12162227141096459,0.10766467818069753,0.0,0.0,0.05933984474486849,0.0
20095,20,095,2,100378.9,-3.8612738224409924,-21.229651094842314,0.3862763987252301,0.12931801404478432,0.09777752097303317,0.0,0.022736850075065578,0.08028380466412763,0.0,0.0,0.11741909903376108,0.0
20097,20,097,2,184053.1,-2.637281407828972,-21.913333068601613,0.34104016721261415,0.1844761104268279,0.14058279920305608,0.0,0.0206255694688109,0.06696002403654162,0.0,0.0,0.07277519368051936,0.0
20099,20,099,0,157184.9,-13.91758703721526,-5.7390329638734485,0.2908994439033266,0.2425945494764446,0.07994024871345784,0.0,0.06589055310020238,0.030845202051851036,0.0,0.0,0.03770082240724141,0.0
20101,20,101,0,209876.7,-10.361484238164202,-12.542492459451317,0.27815998631577493,0.229022087730558,0.09085953800493336,0.0,0.04966249231096163,0.1698859377910935,0.0,0.0,0.06689546767220944,0.0
20103,20,103,0,102430.4,-14.596457270093559,-0.191173750591215,0.3099226401537044,0.18468638216779396,0.14831924897296117,0.0,0.0919180243365251,0.0861336087723957,0.0,0.0,0.07265225948546526,0.0
20105,20,105,0,160632.8,-10.732242673104565,-12.127962650229371,0.305104561459428,0.20595793636168952,0.09385629834006505,0.0,0.1051304590345185,0.06664018805623759,0.0,0.0,0.06179622094615795,0.0
20107,20,107,0,140473.30000000002,-14.030896255549585,-7.190191419560544,0.3840907845120745,0.11642141246770737,0.17336105864957965,0.0,0.04565351565030507,0.06981540264235267,0.0,0.0,0.0501298111456056,0.0
20109,20,109,0,168935.2,-10.266382155144967,-12.984287475154225,0.28543074504306976,0.21069854003191757,0.06320293224857815,0.0,0.03499389114879551,0.1583181006681852,0.0,0.0,0.07703071947113449,0.0
20111,20,111,0,175911.8,-13.705405193574656,-7.819705617391937,0.3946352660822071,0.09566271279129655,0.17161611671303462,0.0,0.04124225890474659,0.0733333409128893,0.0,0.0,0.05381276298690594,0.0
20113,20,113,0,301658.5,-11.098081488201622,-12.036258041929557,0.37024018882279136,0.13533117747386533,0.09254272629480025,0.0,0.08664002506145194,0.05895607118645753,0.0,0.0,0.08500837867986481,0.0
20115,20,115,2,302552.1,-5.230551237101306,-18.287963411106396,0.3618094205923542,0.14891253440316563,0.09799931978657561,0.0,0.09217949569677421,0.055460530599523196,0.0,0.0,0.08295199405325562,0.0
20117,20,117,0,611628.8999999999,-16.426601655940722,-5.271200679054443,0.30421469619895336,0.20534821032819087,0.1515183471546227,0.0,0.09329170024503422,0.07389366329812082,0.0,0.0,0.06682107402053762,0.0
20119,20,119,0,501471.7,-10.571070496075752,-12.344048728500894,0.35803815050779536,0.20147039204804576,0.04004552998703616,0.0,0.1409150306986416,0.06497854215900917,0.0,0.0,0.05712146866911931,0.0
20121,20,121,0,131857.60000000003,-14.283735616173214,-7.180741472540562,0.37238202424433625,0.13518295494533494,0.16968987756488815,0.0,0.05193557292109062,0.06681526131220346,0.0,0.0,0.04761803642717597,0.0
20123,20,123,0,286254.0,-11.694912461961007,-11.945916188090745,0.39094265931655103,0.13114052554724126,0.06412067604295485,0.0,0.07325522088774304,0.08952538654481684,0.0,0.0,0.12008391149119313,0.0
20125,20,125,0,123116.5,-13.981229224725666,-6.113773364834117,0.2995309320846515,0.21190742101992827,0.08342748534924238,0.0,0.06015521883744259,0.03334077885579918,0.0,0.0,0.040719968485134,0.0
20127,20,127,0,96490.5,-13.393142643340838,-8.325194055814727,0.423751561034506,0.06240717998144895,0.1618822578388546,0.0,0.036658531150735044,0.08124012208455754,0.0,0.0,0.05466444883175028,0.0
20129,20,129,2,284007.8,-1.1335372308664304,-18.926916878220485,0.32877125205716184,0.22528113664483862,0.03969644495679344,0.0,0.11018993140329245,0.12887181267556735,0.0,0.0,0.06595382239501874,0.0
20131,20,131,0,448325.6,-16.41453918794472,-5.267375507467761,0.3094202070994831,0.197114998563544,0.15131971049612158,0.0,0.09364176393228493,0.0736393371246255,0.0,0.0,0.06929428076380204,0.0
20133,20,133,0,128905.9,-14.03712146948391,-5.877737849866107,0.28693488816260543,0.25172160467441757,0.0794370156835335,0.0,0.06950496447408537,0.029659619924301373,0.0,0.0,0.0369641730906033,0.0
20135,20,135,0,233758.0,-9.62024137108929,-12.34843289040857,0.28462598071509854,0.22202149231256257,0.08667553623833195,0.0,0.047303193901385196,0.17937268457122324,0.0,0.0,0.06995610845404221,0.0
20137,20,137,0,274332.2,-10.537033756786094,-11.49477131267495,0.3914334518514414,0.18762216028595988,0.10077417087749815,0.0,0.048221462883321756,0.10086056248592035,0.0,0.0,0.07660311111856355,0.0
20139,20,139,0,206190.19999999998,-14.11724517119995,-7.394966178776991,0.3747796937002826,0.12945038124993333,0.16883004138897,0.0,0.04998297688250945,0.06727138341201475,0.0,0.0,0.04957316109107029,0.0
20141,20,141,0,302300.10000000003,-11.580109332201744,-11.724085638384867,0.3650637231016463,0.16575614761622637,0.08291561928031119,0.0,0.06969068154459757,0.10099202745880666,0.0,0.0,0.10330926122750207,0.0
20143,20,143,0,210988.3,-11.393300714205992,-12.122106489475708,0.4402500043841294,0.08494452062033772,0.0497620010209097,0.0,0.0650154534635333,0.07780147050808031,0.0,0.0,0.14449189836592835,0.0
20145,20,145,2,335992.3,-3.951613618480451,-20.262147103212662,0.32970815104989015,0.20927801024011564,0.137038557133601,0.0,0.02077815473747464,0.07682884399434155,0.0,0.0,0.06440742838451953,0.0
20147,20,147,0,295600.2,-10.733847549519858,-11.879382143767,0.3387964554827771,0.19868254486972606,0.10163897047430956,0.0,0.06284501837278865,0.11421068050698205,0.0,0.0,0.08545867019034492,0.0
20149,20,149,0,167458.39999999997,-15.878859665573636,-4.475948922686013,0.31040843576673377,0.1753408607749746,0.14096993641405867,0.0,0.08706639977451118,0.10887300965493522,0.0,0.0,0.07415513345403994,0.0
20151,20,151,2,270580.0,-2.1294104077073897,-22.62462730607549,0.34658178727178657,0.15802128760440537,0.14952915958311774,0.0,0.021479045014413483,0.05130719195801611,0.0,0.0,0.07995786828294774,0.0
20153,20,153,0,475013.30000000005,-10.597432152599204,-11.521644295692582,0.37184369363973596,0.20428649050458164,0.10838622834350112,0.0,0.051811601906725555,0.11017986233227574,0.0,0.0,0.06055556760200188,0.0
20155,20,155,2,352790.7,-4.403978982103332,-19.712589444335467,0.36093326723181757,0.1264534467603596,0.11740077048516302,0.0,0.028682445427274585,0.0527332494875857,0.0,0.0,0.12486978823421366,0.0
20157,20,157,0,418500.6,-11.15396956413342,-11.760999459298375,0.43017955051916296,0.14138713301725256,0.09410117930535823,0.0,0.04945751571204438,0.06346060196807364,0.0,0.0,0.12238883289534114,0.0
20159,20,159,0,335851.5,-10.83999629400735,-11.955475781829708,0.32834779657080587,0.19468753303171193,0.09817047117550465,0.0,0.10153118268044062,0.061022207731690946,0.0,0.0,0.06530207547085543,0.0
20161,20,161,0,103798.99999999999,-15.081336695856368,-1.9350953060433436,0.3350581412152333,0.12137496507673487,0.14649466757868576,0.0,0.08371082573049839,0.10605882522953015,0.0,0.0,0.08256919623503119,0.0
20163,20,163,0,248973.9,-11.003198778417815,-11.958684329603429,0.3334783284512955,0.15755908551056957,0.06821879723135639,0.0,0.0671222967548004,0.15634048388204547,0.0,0.0,0.09961927736200461,0.0
20165,20,165,0,230552.59999999998,-9.417515463537079,-11.611283925591145,0.28570746979214295,0.24728586882125816,0.0705340126287884,0.0,0.0845021916907465,0.09542204251871374,0.0,0.0,0.04845401873585464,0.0
20167,20,167,0,154939.5,-10.02002283524326,-11.84272130968468,0.2755494886713846,0.24825044614188121,0.08069472277889111,0.0,0.09785561461086424,0.08590837068662284,0.0,0.0,0.04981105528286847,0.0
20169,20,169,0,165054.09999999998,-11.047792616911128,-12.310319225250105,0.36222971740780757,0.10972220623419837,0.08230513510418706,0.0,0.0807092947100375,0.06521498102743284,0.0,0.0,0.10045494174334356,0.0
20171,20,171,0,276947.10000000003,-10.374035270994924,-12.522464052847958,0.2556867358423323,0.2526533045480527,0.08585538537865173,0.0,0.047705500436725994,0.1348178045554548,0.0,0.0,0.061501275875428904,0.0
20173,20,173,2,297288.6,-4.409723171521353,-19.512204681474415,0.3696700781664686,0.10983199490326909,0.1297658235129097,0.0,0.028076757736421782,0.03857161021310605,0.0,0.0,0.1260825339417657,0.0
20175,20,175,2,378583.2,-2.610500835142343,-20.598356635633305,0.35272616428832554,0.2057204334476543,0.03496166760701478,0.0,0.14533133007486862,0.06911611503098923,0.0,0.0,0.05336607646615064,0.0
20177,20,177,0,148279.7,-13.672461040437387,-6.23906852613215,0.340597532905718,0.19224816343707196,0.16336288783967057,0.0,0.06525370634011263,0.059164538369041744,0.0,0.0,0.03952193051375205,0.0
20179,20,179,0,521582.5,-10.689040172279569,-11.097254760255215,0.3776087196177019,0.20251772250794456,0.10920132481438699,0.0,0.04996429136330303,0.09497001912449132,0.0,0.0,0.06894153849103449,0.0
20181,20,181,0,568160.3,-10.856431333766242,-10.604714714458453,0.38317531161540147,0.19606473736373342,0.10309854454807911,0.0,0.043321224661420375,0.11144055647675488,0.0,0.0,0.06718720051365784,0.0
20183,20,183,0,354602.3,-11.553102691150475,-11.969571670772403,0.38581701246720623,0.13914856164215517,0.07229084526524504,0.0,0.06653989553931264,0.09921734856203696,0.0,0.0,0.11597527709211136,0.0
20185,20,185,2,255301.6,-2.340235769837566,-20.582578958484184,0.3253896567824095,0.19014177741150073,0.1646053138719068,0.0,0.02219375045044763,0.050893139721803544,0.0,0.0,0.06240423091747172,0.0
20187,20,187,0,455712.30000000005,-8.585661005690678,-11.553995408684628,0.3335001052198942,0.22638800839915885,0.025554280628370132,0.0,0.1494010585187189,0.08979195865461607,0.0,0.0,0.05283728352295954,0.0
20189,20,189,2,602165.5,-2.11899875880561,-20.512207755648543,0.33471612040211535,0.22661029235318197,0.030854308325535092,0.0,0.17178749031620044,0.044398757484445724,0.0,0.0,0.042432520627634765,0.0
20191,20,191,2,473503.4,-3.6731015624115457,-22.168301977326646,0.3705901583811225,0.1132819743216205,0.1099054410168966,0.0,0.02839155959598178,0.05544733152919282,0.0,0.0,0.13395954495786092,0.0
20193,20,193,0,585264.2,-10.88165700055687,-10.626455748081547,0.39124774759843506,0.19073300570921647,0.10086607040034229,0.0,0.04240204680211092,0.10781797348957958,0.0,0.0,0.07076410961066815,0.0
20195,20,195,0,176055.2,-10.199046801042712,-12.949515074194153,0.2753045635686989,0.2343639949288632,0.09362518119317123,0.0,0.051495212865055956,0.16070925482462317,0.0,0.0,0.06513468503060403,0.0
20197,20,197,0,99669.4,-13.93184947751972,-7.8527677744644935,0.3654682379948109,0.145474940152143,0.16124908948985348,0.0,0.05792249175775113,0.07030743638468778,0.0,0.0,0.04580643607767279,0.0
20199,20,199,0,226270.3,-10.562628687140865,-12.831148026325632,0.27524823187135034,0.2112557414738037,0.06222513515914374,0.0,0.033227073990709344,0.16013767604497808,0.0,0.0,0.07419002847479321,0.0
20201,20,201,0,451980.39999999997,-11.465690223114919,-11.522497020650473,0.4407118096271432,0.12418702226910724,0.08322838777964708,0.0,0.05248789549281341,0.06423619254286249,0.0,0.0,0.1312441866948213,0.0
20203,20,203,0,224819.59999999998,-10.48665350825285,-12.500925777149991,0.2814105175883242,0.21369088816099666,0.05803631000144117,0.0,0.03280941697254154,0.15288969467074937,0.0,0.0,0.07778280897217146,0.0
20205,20,205,0,164866.19999999998,-14.374414643775356,-6.086493530898366,0.29326205128765026,0.2326474438059469,0.08267492063260996,0.0,0.06481134398682084,0.02917638666991779,0.0,0.0,0.038607064395249,0.0
20207,20,207,0,81625.3,-13.811912199665482,-6.228268953310118,0.2912810121371683,0.23936328564795473,0.08036478885835642,0.0,0.06497617772920895,0.03469880049445454,0.0,0.0,0.0380494773066684,0.0
21001,21,001,0,28685.199999999997,-5.088883716471791,10.37379793643013,0.4173929413077127,0.04318603321573495,0.12248825178140645,0.0,0.09000111555784865,0.13526487526668807,0.0,0.000216139333175296,0.0016001282891525946,0.0
21003,21,003,0,25666.6,-4.138848316272572,11.455599815612622,0.38088410619248364,0.047532590993742845,0.11105093779464363,0.0,0.07416642640630236,0.1499809090413222,0.0,0.000576624874350323,0.0010441585562559904,0.0
21007,21,007,0,119670.8,-11.134935781249894,0.36482168032422235,0.4941247154694378,0.12004682846609198,0.02454817716602546,0.0,0.027260618296192557,0.049503304064149316,0.0,0.0,0.047395855964863606,0.0
21009,21,009,0,67892.4,-4.928765565435686,10.08948815968322,0.4126470709534499,0.04423175495342631,0.12108719090796614,0.0,0.08760332526173771,0.10979284868409425,0.0,0.0003490817823497181,0.0012254685355061834,0.0
21011,21,011,0,14245.0,-3.846359495618074,9.933448466246315,0.4514496314496314,0.021614601614601613,0.03742365742365743,0.0,0.08874692874692874,0.24308178308178308,0.0,0.0002106002106002106,0.0033906633906633904,0.0
21015,21,015,0,10295.6,-3.1778894577224044,14.8160802453319,0.4880628618050429,0.055169198492559926,0.046349897043397176,0.0,0.07346827771086677,0.12552935234469095,0.0,0.009499203543261198,0.0027098954893352498,0.0
21017,21,017,0,32013.899999999994,-4.250735942253048,10.23823416619787,0.532771702291817,0.027106975407557347,0.0435873167592827,0.0,0.09981914106060182,0.17273746716270122,0.0,0.0006465941356723175,0.0037889791621764303,0.0
21021,21,021,0,16279.400000000001,-4.542300048649391,11.364654021419373,0.45747386267307144,0.06878017617356905,0.06679607356536482,0.0,0.10190793272479329,0.1649569394449427,0.0,0.0018182488298094524,0.0034890720788235434,0.0
21027,21,027,0,84785.1,-4.942923450300942,10.1423531320394,0.43860065035012047,0.036526465145408804,0.12907810452544136,0.0,0.1028742078502001,0.0960168708888708,0.0,0.00017455897321581269,0.0012513991255539002,0.0
21029,21,029,0,10320.199999999999,-4.32903415161508,12.099120183157975,0.4505048351776129,0.027276603166605302,0.12705180132167984,0.0,0.10843782097246178,0.11230402511579234,0.0,0.001143388694017558,0.0016181856940756963,0.0
21031,21,031,0,64172.1,-6.072710722679332,9.760695198287284,0.4420238701865764,0.04387264870559013,0.1329362760451972,0.0,0.10035202214046292,0.08841225392343402,0.0,0.0002493295372911281,0.0012404144480233621,0.0
21033,21,033,0,112496.0,-11.509109971478654,1.9082994077216215,0.4792970416725928,0.14112590669890485,0.06654014364955198,0.0,0.07450931588678708,0.029815282321149196,0.0,0.0,0.09308775423126156,0.0
21035,21,035,0,138363.0,-10.628083176536165,-0.18563760352235747,0.478625065949712,0.12117039960104942,0.023288017750410152,0.0,0.026447822033347067,0.047695554447359484,0.0,0.0,0.04445769461488982,0.0
21039,21,039,0,101815.90000000001,-11.016340411871099,-4.2504711074007275,0.48790021990671395,0.13624296401642572,0.024559032528318266,0.0,0.027201056023666244,0.046571311553499986,0.0,0.0,0.043220165023341146,0.0
21045,21,045,0,22271.4,-4.267131965745229,11.818400824867346,0.4078189965606114,0.044667151593523524,0.11652612767944537,0.0,0.08232082401645159,0.1512612588341999,0.0,0.0014637606975762636,0.0014502905071077702,0.0
21047,21,047,0,269915.9,-11.108941592661697,2.5103949129001224,0.45455195488668876,0.16092753335390764,0.06661593481525172,0.0,0.0662221084419258,0.03311142470673272,0.0,0.0,0.07924987005211623,0.0
21049,21,049,0,18507.9,-4.566641563068103,10.15869483556887,0.475910286958542,0.03781088075902722,0.05009752592136331,0.0,0.10232927560663284,0.20084396392891682,0.0,0.0006375655801036315,0.0037929748918029598,0.0
21055,21,055,0,67292.2,-14.546807184908321,2.021593876190578,0.466730170807315,0.16484228484133379,0.06985207795257103,0.0,0.0717230228763512,0.035837734536840825,0.0,0.0,0.08405134621843245,0.0
21059,21,059,0,225496.60000000003,-11.26944213003803,2.3715498552947842,0.4710740649748155,0.1567513656525198,0.07028443000914425,0.0,0.0745975770809848,0.023947145988010458,0.0,0.0,0.08831884826644834,0.0
21061,21,061,0,22488.3,-5.215332602667075,9.314289312490127,0.4571577220154481,0.021700172978837886,0.13169070138694344,0.0,0.11888848868078067,0.10321811786573462,0.0,0.00012006243246488175,0.0016808740545083442,0.0
21067,21,067,0,18702.0,-3.572765102930312,11.985335635816678,0.4554218800128328,0.038915623997433424,0.050566784301144266,0.0,0.09955619719816063,0.181258688910277,0.0,0.0025344882900224575,0.0036680568923109823,0.0
21069,21,069,0,36047.100000000006,-4.1770896736055185,10.40185763711618,0.5612629032571275,0.020967012602955575,0.044364179087915526,0.0,0.11393426933095864,0.13596655486849146,0.0,0.0004937983915488346,0.004419218189535358,0.0
21075,21,075,0,115670.79999999997,-11.403620760036414,-0.8038426986080771,0.5094647914599019,0.10107563879561655,0.024019026409430908,0.0,0.02797681005059186,0.05003337056543225,0.0,0.0,0.052723764338104356,0.0
21079,21,079,0,10193.400000000001,-3.4839335586134546,10.693070789514,0.35962485529852645,0.04904153668059724,0.04367531932426864,0.0,0.05906763199717464,0.30915101928698957,0.0,0.00017658484901995406,0.001932623069829497,0.0
21083,21,083,0,275311.2,-10.947004796694667,0.7602500881523,0.48745419728656153,0.12495822908766516,0.024147582808109514,0.0,0.026986188720255478,0.04815132838765731,0.0,0.0,0.04532761471382203,0.0
21085,21,085,0,53979.69999999999,-5.307402005748017,10.13349276323439,0.4471514291483651,0.03303278825187988,0.13000813268691752,0.0,0.10697169491494027,0.10474493189106278,0.0,0.00027417714437093953,0.001450545297584092,0.0
21087,21,087,0,33168.200000000004,-4.823144006514834,9.987757391856576,0.41540089603897706,0.03847962807749591,0.12116424768302168,0.0,0.09278767011776339,0.11647903715004129,0.0,0.00016883641560289672,0.0012662731170217255,0.0
21091,21,091,0,35951.9,-10.541778545107686,-1.5542954343830115,0.4950308606777388,0.10828634926109607,0.06416628884704285,0.0,0.08279951824521097,0.028919194813069683,0.0,0.0,0.10813893007045525,0.0
21093,21,093,0,105180.9,-5.57284963306596,10.267872665551529,0.44070834153349137,0.04907259778153639,0.13021660776814042,0.0,0.0927915619660984,0.08699773437953089,0.0,0.00016923224653905798,0.001341498313857364,0.0
21097,21,097,0,22122.300000000003,-3.730809350712512,11.660461183181916,0.42745555389810275,0.06079837991528909,0.05740813568209453,0.0,0.08338644715965338,0.18634590435895,0.0,0.0016047156037120912,0.002811642550729354,0.0
21099,21,099,0,30414.4,-4.236917021064951,11.066055544964883,0.44101478247146086,0.030857094008101424,0.1151099479194066,0.0,0.09329133568309748,0.12905071282024302,0.0,0.0010718606975643117,0.0012526960913251618,0.0
21101,21,101,0,254374.60000000003,-12.019368693918587,1.9791505820701842,0.4815524034239267,0.1530891842188646,0.07038477898343623,0.0,0.07728837706280423,0.021717184027021563,0.0,0.0,0.09270265191571798,0.0
21103,21,103,0,34115.100000000006,-3.9867168968937605,12.723496156921318,0.5250842002515014,0.04708179076127579,0.04610568340705435,0.0,0.08304826894835422,0.09807094219275334,0.0,0.0010405949271730113,0.0029429783292442345,0.0
21105,21,105,0,154385.8,-12.330716188699679,-7.5307938283053035,0.48795485076995426,0.13803860199577941,0.02431117369602645,0.0,0.027200040418224995,0.04620308344420278,0.0,0.0,0.04301172776252738,0.0
21107,21,107,0,107250.29999999999,-12.283088256762472,1.0514700014462561,0.4713217585405356,0.16206201754214208,0.07010050321537563,0.0,0.07330049426435171,0.029570080456651406,0.0,0.0,0.08637085397430123,0.0
21123,21,123,0,80481.6,-5.311423268780242,10.660126262129289,0.43293622393192976,0.054136597681954626,0.12968678555098306,0.0,0.08778776763881434,0.08332339317309795,0.0,0.0002025307647959285,0.001561847676984553,0.0
21137,21,137,0,37837.2,-4.750064894706366,10.45296018089202,0.5138065184527397,0.05178765870624677,0.05959743321387418,0.0,0.10585085577156873,0.13968792616789827,0.0,0.00013214508473142835,0.0038031355385705077,0.0
21139,21,139,0,62478.7,-10.221745595297183,1.4706008919057882,0.5108893110772151,0.0973579795994475,0.02400338035202397,0.0,0.027979135289306595,0.05419767056612894,0.0,0.0,0.05327575637777355,0.0
21141,21,141,0,227634.80000000002,-11.372933765057699,1.9570312842716766,0.4690012247687963,0.14869782651861665,0.0659446622396927,0.0,0.07033766366126795,0.03307490770304013,0.0,0.0,0.08719448871613654,0.0
21143,21,143,0,27266.7,-9.753149101116477,1.6960116272250703,0.506738989316639,0.10084095251717295,0.023897281299167118,0.0,0.027810479449291624,0.05203783369457984,0.0,0.0,0.05194981424228087,0.0
21145,21,145,0,49051.399999999994,-10.866288562528506,1.8546367972469158,0.4997166237864771,0.10007461560730174,0.025110394402606248,0.0,0.027281586254418837,0.05295057837289049,0.0,0.0,0.05197609038681873,0.0
21149,21,149,0,149539.8,-11.775745780196193,2.019060870373643,0.47377153105728376,0.16229659261280274,0.0709062069094649,0.0,0.07471455759603798,0.023961513924721047,0.0,0.0,0.08777395716725582,0.0
21151,21,151,0,10587.500000000002,-3.022579978638916,11.669643476707126,0.26980873671782757,0.03965997638724911,0.03765761511216056,0.0,0.054129870129870125,0.5106304604486422,0.0,0.001114521841794569,0.0018229043683589137,0.0
21155,21,155,0,47182.100000000006,-4.88637499269214,10.791118267381844,0.4366528831908711,0.04574616220982109,0.12243202400910513,0.0,0.08742934290758571,0.10995271511865727,0.0,0.0002500948452909048,0.0018545168612673023,0.0
21157,21,157,0,53036.1,-10.62654136121396,1.5937201010088258,0.4984001463154342,0.1052999749227413,0.02364050146975362,0.0,0.027260677161405157,0.05363705098979751,0.0,0.0,0.05060326833986662,0.0
21161,21,161,0,34707.5,-4.507295394293596,10.824919560605316,0.5145631347691422,0.051617085644313186,0.059770942879781026,0.0,0.10893034646690196,0.11398112799827127,0.0,0.0005964128790607217,0.003929986314197219,0.0
21163,21,163,0,58121.2,-5.592472036313854,9.637114590006224,0.44435249100156227,0.046824566595321505,0.1288376702476893,0.0,0.09333599443920636,0.08655705663337991,0.0,0.000153128290537704,0.0014985925961611254,0.0
21167,21,167,0,26505.699999999997,-4.583266763036306,10.85292873708033,0.48598226041945697,0.06019837242555375,0.06111892913599717,0.0,0.09833356598769323,0.16052773554367553,0.0,0.0008941472966192179,0.0034219054769351505,0.0
21169,21,169,0,21001.5,-3.8403269496359833,12.373541476083759,0.38981025164869176,0.04961074208985073,0.10900649953574745,0.0,0.06957122110325452,0.14269933100016666,0.0,0.003242625526748089,0.0011475370806847132,0.0
21171,21,171,0,30589.6,-4.683649540352391,10.423867201170793,0.3637674242226116,0.0583825875460941,0.10771961712477443,0.0,0.06095208829144546,0.14506237414023065,0.0,0.0001928760101472396,0.001222637759238434,0.0
21177,21,177,0,59239.100000000006,-11.50547395188308,1.9194447676475412,0.5034208824914626,0.1011848593243314,0.06424979447695862,0.0,0.0857541724975565,0.029058510341986962,0.0,0.0,0.11317862695415697,0.0
21179,21,179,0,76545.1,-5.425394243329656,10.25393749824552,0.42980020928838025,0.05807817874690869,0.12393869757829043,0.0,0.0782179394892684,0.09680175478247463,0.0,0.00019335006421051119,0.0019073722550496373,0.0
21183,21,183,0,109846.5,-11.984987400727736,1.201010165410235,0.4748262347912769,0.1581889272757894,0.07031994647075691,0.0,0.07524318025608463,0.028925819211354026,0.0,0.0,0.08901694637516899,0.0
21185,21,185,0,12977.7,-5.041844397922404,12.33850770352026,0.5245767740046388,0.05503286406682232,0.0486680998944343,0.0,0.08412892885488182,0.1122926250414172,0.0,0.00090925202462686,0.0030590936760751136,0.0
21187,21,187,0,10162.400000000001,-2.0306780799725104,13.958147270921224,0.42781232779658346,0.02415767928835708,0.02693261434306856,0.0,0.0501062741084783,0.24752027080217268,0.0,0.006120601432732425,0.00173187436038731,0.0
21199,21,199,0,35652.3,-3.652702177979659,10.846865860042953,0.2549933664868746,0.09264759917312486,0.11810458231306253,0.0,0.15218653495005932,0.16496551414635238,0.0,0.0034079147768867643,0.003980107875228246,0.0
21207,21,207,0,18105.7,-5.010119235085909,10.516124240712902,0.43996641941488035,0.03110070309350094,0.12470106099184235,0.0,0.10310012868875547,0.13039540034353822,0.0,0.00032586423060141284,0.0013310725351684829,0.0
21209,21,209,0,13718.7,-2.4567751672489706,13.61942173464928,0.4396189143286171,0.03264886614620918,0.0430361477399462,0.0,0.08406773236531158,0.23315620284720853,0.0,0.011444233054152361,0.0030979611770794607,0.0
21211,21,211,0,86832.4,-4.80830813939329,10.851557067694923,0.5196366793961702,0.05641557759545976,0.065361547072291,0.0,0.12024428669482821,0.09008734067007247,0.0,0.0009213150851525468,0.004344000626494258,0.0
21213,21,213,0,140516.4,-10.195530133640151,1.6889408689665792,0.463111067462588,0.16835259087195517,0.06852438576564727,0.0,0.06765046642242471,0.03222328496887196,0.0,0.0,0.08013797677708795,0.0
21215,21,215,0,24412.2,-4.406854310964185,10.899463572302405,0.5460753229942406,0.034400832370699894,0.05509130680561359,0.0,0.12519150260935105,0.0974471780503191,0.0,0.0004833648749395794,0.004747626186906547,0.0
21217,21,217,0,41350.3,-4.9862248838708325,10.378127032376302,0.43306094514429155,0.043121815319356806,0.12463271124997884,0.0,0.09236208685305788,0.09652892482037614,0.0,0.0005731518271935149,0.002713402321143982,0.0
21219,21,219,0,171014.7,-11.194016000528688,2.5649188763183415,0.45208452840603763,0.171747224069042,0.06871456079506616,0.0,0.06533590387259107,0.033480162816412855,0.0,0.0,0.07605954341936687,0.0
21221,21,221,0,85794.29999999999,-10.580801765462247,1.303507865352239,0.4640296616441885,0.14011536896973345,0.023778968999106004,0.0,0.025760452617481583,0.0476022299849757,0.0,0.0,0.03921705754344986,0.0
21223,21,223,0,12592.099999999999,-4.777931071329661,11.320097242944453,0.5426735810547884,0.03397368191167478,0.047029486741687256,0.0,0.09258979836564196,0.10723390062023015,0.0,0.00019059569094908714,0.0030892384907997873,0.0
21225,21,225,0,210914.80000000002,-12.791475919764348,1.2039903434088313,0.4580166967894145,0.19032282229601716,0.07325943935655534,0.0,0.06832759009799216,0.026492688042754703,0.0,0.0,0.07473112365751478,0.0
21227,21,227,0,107305.99999999999,-4.6012501270298785,11.810406386662049,0.4293189570014725,0.050724097440963234,0.1233500456638026,0.0,0.0841649115613293,0.0953199261923844,0.0,0.0016010288334296315,0.003310159730117608,0.0
21229,21,229,0,26088.0,-4.75154784255276,10.54965506678941,0.49581416743330264,0.051502606562404164,0.05937212511499541,0.0,0.10868981907390371,0.15067080650107328,0.0,0.00034115302054584483,0.003921343146274149,0.0
21231,21,231,0,19239.899999999998,-4.139883814707556,10.718341611873242,0.25988180811750583,0.10979786797228677,0.1130931033945083,0.0,0.14286456790315957,0.15821288052432705,0.0,0.001231815134174294,0.003757815789063353,0.0
21233,21,233,0,137336.9,-12.318295320255611,1.2247798787298347,0.47571264532692964,0.15926600935364058,0.07060010820107342,0.0,0.0753759550419443,0.024998379896444437,0.0,0.0,0.08916176206103386,0.0
21239,21,239,0,13863.5,-2.7069630738292716,13.253997150410385,0.4423774660078623,0.03230785876582393,0.04496699967540664,0.0,0.09325927796011109,0.21159158942546977,0.0,0.007689255959894687,0.003476755509070581,0.0
22001,22,001,2,108639.9,2.680507451955858,-6.225918977962807,0.6223220014009586,0.003908324657883522,0.03237852759437371,0.0,0.0,0.08591502753592373,0.0,0.0,0.00837261448141981,0.0
22003,22,003,2,25761.800000000003,8.514967446191058,-17.61161912444416,0.5729685037536196,0.006257326739591176,0.023534846167581454,0.0,0.0008035152823172293,0.11938218602737385,0.0,0.0,0.022017095078760023,0.0
22007,22,007,2,21153.8,8.370285773246234,-5.919173751266343,0.5806143577040532,0.0,0.037369172441830786,0.0,0.0,0.12333008726564496,0.0,0.0,0.0042309183220036115,0.0
22009,22,009,2,224349.2,7.723121228468887,-18.446425649222437,0.5362796034039791,0.003818600645778991,0.07763655943502361,0.0,0.001511928725397728,0.1311344101071009,0.0,0.0,0.010846483963392783,0.0
22015,22,015,2,79291.9,9.20010300709594,-12.64578396903773,0.2709091344765355,0.2294534498479668,0.0580992509953728,0.0,0.0,0.19311682529993607,0.0,0.0,0.04280512889715091,0.0
22017,22,017,2,215506.49999999997,11.73386657406893,-13.840549814390368,0.28001521995856277,0.2697055541248176,0.059136499363128266,0.0,0.0,0.10555644493321548,0.0,0.0,0.024185349397813992,0.0
22019,22,019,2,17525.2,2.4972557360525958,-5.991631473214061,0.5601134366512223,0.00919818318763837,0.024273617419487366,0.0,0.0,0.09516581836441239,0.0,0.0,0.08967658001049916,0.0
22021,22,021,2,42223.5,3.6460455592942385,-23.96022448586712,0.22931306026264994,0.03478631567728871,0.13526827477589495,0.0,0.059265574857603,0.14711239001977572,0.0,0.0,0.009461555768706999,0.0
22023,22,023,2,15377.2,8.297403912793538,-2.57744899505047,0.5885791951720729,0.0,0.024035585152043286,0.0,0.0,0.08472933954165908,0.0,0.0,0.0764508493093671,0.0
22025,22,025,2,264207.6,8.350858795304678,-19.36649631823134,0.5171437157750194,0.006595949548763927,0.0725872382172201,0.0,0.0059793889350647,0.11760486829296357,0.0,0.0,0.01590226776216884,0.0
22029,22,029,2,332759.3,8.375377335559868,-19.084746217328796,0.5265292359973109,0.003658800820893661,0.07275408981807571,0.0,0.0034331121624549643,0.12505195196648147,0.0,0.0,0.012201011361665926,0.0
22031,22,031,2,33760.49999999999,13.154195350217716,-11.422069771460158,0.02538173309044594,0.002497000933043054,0.007014114127456645,0.0,0.0,0.7873787414285928,0.0,0.0,0.024336132462493155,0.0
22035,22,035,2,453525.99999999994,1.5324995554013245,-23.50427944139979,0.3160676565400881,0.034581920330918184,0.25728161119759396,0.0,0.013248413541891756,0.07153349532331113,0.0,0.0,0.004379241763427014,0.0
22037,22,037,2,19037.500000000004,2.5030432035956647,-6.728698767512763,0.5284937623112278,0.03848719632304661,0.12961260669730792,0.0,0.0,0.15642284963887063,0.0,0.0,0.0288903479973736,0.0
22039,22,039,2,63419.50000000001,7.794993885194016,-18.128557794417645,0.48533337538138893,0.004399277824643839,0.052729838614306315,0.0,0.0008451659189996766,0.12378211748752353,0.0,0.0,0.012202871356601674,0.0
22041,22,041,2,339861.0,1.648960487061684,-22.857558557507645,0.2992332159323959,0.08970284910595802,0.2286714274365108,0.0,0.0171302385386967,0.0825646367191293,0.0,0.0,0.007019046021755953,0.0
22043,22,043,2,18758.7,8.639535831662723,-18.3510805838471,0.49827013599023384,0.00564004968361347,0.06676368831528838,0.0,0.006418355216512872,0.13843176765980586,0.0,0.0,0.021605974827679956,0.0
22045,22,045,2,30213.4,3.0286761408381437,-8.092624476564648,0.592141235345906,0.0005461152998338485,0.025756783413981875,0.0,0.0,0.13861730225661462,0.0,0.0,0.004342444081103086,0.0
22047,22,047,2,45049.4,6.824690370917066,-6.278068113491119,0.5746336244211909,0.0013385305908624754,0.04358770594058966,0.0,0.0,0.11530453235781163,0.0,0.0,0.00637300385798701,0.0
22053,22,053,2,88202.20000000001,2.926938694037858,-5.913647686588051,0.6182770951291464,0.0050803721449124845,0.016642442025255604,0.0,0.0,0.08301493613537983,0.0,0.0,0.010630120337134447,0.0
22055,22,055,2,13870.5,1.9474710748846409,-8.718509323898598,0.6085865686168487,0.006438124076276991,0.04015716809055189,0.0,0.0,0.10049385386251397,0.0,0.0,0.0116073681554378,0.0
22065,22,065,2,448474.60000000003,1.743991814630446,-24.039615234356926,0.3137167634465809,0.042444990195654335,0.24526071264682545,0.0,0.015457731608434456,0.06943091091446427,0.0,0.0,0.00513875256257545,0.0
22067,22,067,2,411984.00000000006,0.0774073977688019,-21.851464304452293,0.29329658433337213,0.0635658180900229,0.2387692240475358,0.0,0.010147724183463434,0.08076624334925628,0.0,0.0,0.004510612062604372,0.0
22069,22,069,2,137988.2,5.954716357392474,-16.818236013163286,0.35858211064424345,0.21977386472176605,0.050463735304902876,0.0,0.00047322887029470627,0.19861480909237164,0.0,0.0,0.026665323556651944,0.0
22073,22,073,2,83912.6,2.5189057025185004,-23.502832690484247,0.2790367596761392,0.06645128383580058,0.16500740055724647,0.0,0.03964362920467248,0.12128095184751753,0.0,0.0,0.008221649668822084,0.0
22077,22,077,2,146292.50000000003,7.74794416769682,-18.26183604265049,0.532258318095596,0.004307124425380658,0.07785566587487396,0.0,0.0014641898935352116,0.14428217441085495,0.0,0.0,0.010498145837961615,0.0
22079,22,079,2,122875.59999999998,8.50847559854071,-19.664393003623832,0.5007430279079005,0.006836996116397398,0.0648908326795556,0.0,0.006246968478689017,0.12597944587859594,0.0,0.0,0.018524426330369905,0.0
22081,22,081,2,81527.1,10.017483101026837,-12.750881686476028,0.21577733048274744,0.1746916056133482,0.04566089067316266,0.0,0.0,0.331037164329407,0.0,0.0,0.03720235357322902,0.0
22083,22,083,2,282121.60000000003,1.7374789857563133,-24.431141415270492,0.2949596911402742,0.06662198144346267,0.2167359748420539,0.0,0.017405260710275282,0.08833389573857513,0.0,0.0,0.0065411510497601025,0.0
22093,22,093,1,19542.999999999996,14.815441044708528,-3.390397116030808,0.8609783554213786,0.0,0.0,0.0,0.0,0.06811134421532007,0.0,0.0,0.0002865476129560457,0.0
22097,22,097,2,198148.80000000002,7.506078205518596,-17.84339169477978,0.5352694540668427,0.0016033405198517476,0.07594797445152329,0.0,0.0006797921561977664,0.13283855365260852,0.0,0.0,0.009596828242209893,0.0
22099,22,099,2,29913.400000000005,2.02339920506172,-8.57553497857121,0.6083126625525683,0.006475358869269289,0.037264236094860494,0.0,0.0,0.10437797107650751,0.0,0.0,0.004787152246150553,0.0
22101,22,101,2,18708.7,8.373330967522968,-5.897671523995605,0.5791637045866361,0.0,0.032781540139079676,0.0,0.0,0.1340713144152186,0.0,0.0,0.006660003100161956,0.0
22107,22,107,2,447307.2,2.5809396744243696,-25.102358737048036,0.3153036660263908,0.0417241215880272,0.20359050782102323,0.0,0.026101971978094697,0.06110789184703488,0.0,0.0,0.0077324934631054455,0.0
22113,22,113,2,58522.1,2.907160704286717,-3.975237372174437,0.6074884530801185,0.008255001102147736,0.012660174532356152,0.0,0.0,0.09772889216210628,0.0,0.0,0.01907142771705048,0.0
22117,22,117,2,10748.500000000002,2.164369542028995,-6.634301684628485,0.417295436572545,0.10139089175233751,0.24710424710424705,0.0,0.0,0.1039214774154533,0.0,0.0,0.03200446573940549,0.0
22121,22,121,2,17609.7,6.107533077701222,-7.712810040591781,0.5318489241724731,0.0,0.07295411051863461,0.0,0.0,0.14743578823035033,0.0,0.0,0.008080773664514445,0.0
22123,22,123,2,227507.30000000002,1.2453082356170668,-23.39445399275612,0.3058170001577971,0.0488670033884627,0.2473564584521024,0.0,0.012771458322436246,0.08623063963222277,0.0,0.0,0.004771275471160705,0.0
22125,22,125,2,28291.6,2.1789526466748654,-6.593593410913088,0.4030772384736106,0.1061445800166834,0.25749339026424806,0.0,0.0,0.11715491523985919,0.0,0.0,0.01791697889126101,0.0
23003,23,003,1,195079.09999999998,10.093851345979528,17.307036603966704,0.0004741666329196721,0.0024805322558900467,0.004535596073592712,0.0,0.0,0.0002742477282292158,0.0,0.0017228908683708305,4.100900609035002e-05,0.0
23011,23,011,1,10015.399999999998,11.965493539614133,18.307609892197082,0.18564410807356674,0.15416258961199755,0.00015975397887253633,0.0,0.04790622441440183,0.02676877608482937,0.0,0.13739840645406076,0.004722727000419355,0.0
23019,23,019,1,13167.6,7.291106638919679,18.449330097750465,0.0010784045687900604,0.21890093866763874,0.021309881831161337,0.0,0.0,0.029154895349190434,0.0,0.08686472857620219,0.00675901455086728,0.0
24003,24,003,0,13626.6,3.929569709289341,16.39027031672181,0.3837641084349727,0.1604508828321078,0.0508197202530345,0.0,0.08697694215725126,0.06506391909940851,0.0,0.00014677175524342097,0.009004447184183875,0.0
24005,24,005,0,88613.5,-3.717089382080701,13.971199821934363,0.34692569416623875,0.190802755787775,0.06923437173794061,0.0,0.10343232126030458,0.05439126092525406,0.0,3.724037533784355e-05,0.00951435165070785,0.0
24011,24,011,0,150316.40000000002,-3.1266142174981475,14.506523338948302,0.5094819993028039,0.09179304453805438,0.07513617941887911,0.0,0.009020971763560063,0.032671751053111965,0.0,4.656843830746345e-05,0.013106354329933392,0.0
24013,24,013,0,166225.09999999998,-2.8038619922533883,15.392848381814375,0.34586232765087827,0.17783896655799877,0.06607365554299563,0.0,0.09640421332277738,0.05392446748415252,0.0,0.0001895020667757156,0.009533457943475446,0.0
24015,24,015,0,69767.99999999999,-0.2658523254213421,14.799774469918937,0.4733717463593625,0.09888487558766199,0.06989880747620687,0.0,0.00971792225662195,0.0330352023850476,0.0,5.4466230936819184e-05,0.014413484692122466,0.0
24017,24,017,0,20124.300000000003,3.5661571628693736,14.119395621574977,0.4243178644723046,0.1179568978796778,0.037362790258543145,0.0,0.06394259676112957,0.07150559274111397,0.0,2.4845584691144534e-05,0.012482421748831013,0.0
24019,24,019,0,86603.2,-5.2976982567982525,16.561611179124288,0.45194172963585644,0.08037924695623257,0.0575521458791361,0.0,0.011048090601732962,0.06171596430616883,0.0,0.0016488998097068009,0.024799314574981062,0.0
24021,24,021,0,209425.7,-3.566217356760223,14.458797441920343,0.3567456143157215,0.16875961259768976,0.06450258970126398,0.0,0.09148256398331245,0.05631496038929319,0.0,6.350700988465122e-05,0.011059292149912832,0.0
24023,24,023,0,11103.4,-4.033903398072212,13.842698414424127,0.32012716825476883,0.1510438244141434,0.10687717275789399,0.0,0.0730947277410523,0.08269539060107715,0.0,9.006250337734388e-06,0.02485725093214691,0.0
24025,24,025,0,95335.80000000002,-2.757174508483896,15.40165283900026,0.34021742094784957,0.1876472426937205,0.06807516169162055,0.0,0.10172044499547912,0.05357798434585957,0.0,0.00016572997761596375,0.009275634126949161,0.0
24027,24,027,0,24112.3,-3.0329629574413666,15.13558464989394,0.34221123658879493,0.1809574366609573,0.06687458268186776,0.0,0.09809516304956392,0.0560958514948802,0.0,0.0002405411346076484,0.011873608075546506,0.0
24029,24,029,0,151273.80000000002,-3.116819581323636,14.563230900154526,0.5000257810671775,0.10194296699097925,0.07377351530800441,0.0,0.010018258283985726,0.033929206511636514,0.0,4.891792233684881e-05,0.012489935468005696,0.0
24031,24,031,0,70739.90000000001,-2.4369151757021186,15.819506640615742,0.35972343755080227,0.14357668020452388,0.058408338151453416,0.0,0.07783160564264296,0.05571820146763,0.0,0.00021204440492565013,0.011902759263159828,0.0
24035,24,035,0,189054.9,-3.146000227213264,11.588373784749294,0.5020541652186746,0.10303673694783895,0.07436622906891067,0.0,0.010125630174092288,0.03496444683528435,0.0,3.1736812957505993e-06,0.012597927903482005,0.0
24037,24,037,1,36874.7,4.013359782809932,14.138096809187797,0.3904275831396595,0.12536237582949827,0.039707441687661195,0.0,0.06795716304132644,0.06429069253444773,0.0,0.00011932300466173286,0.010768901170721391,0.0
24039,24,039,0,39667.3,-4.900327476625328,17.74398268183919,0.4129623140470866,0.10108830195148144,0.05750832549732399,0.0,0.013893055489030007,0.06082591958615787,0.0,0.0030579343691151148,0.02190469227802245,0.0
24041,24,041,0,121800.09999999999,-2.915913562603638,14.74511516201579,0.5028739713678396,0.09662471541484778,0.0744974757820396,0.0,0.009495887113393175,0.034277475962663416,0.0,9.85220865992721e-05,0.012887509944573118,0.0
24043,24,043,0,120903.1,-1.31039285650575,17.121366626876718,0.2982090616369638,0.17359769931457505,0.061804866872726995,0.0,0.0941051139300812,0.05217897638687511,0.0,0.0013415702326904767,0.010815272726671193,0.0
24045,24,045,0,57816.799999999996,-5.151883445088856,17.00807666892504,0.40342945303095296,0.11096774639897056,0.058745900845429015,0.0,0.015251622365817548,0.06034059304561996,0.0,0.0018714283737598762,0.02109421483029154,0.0
24047,24,047,0,91512.2,-5.470868226381633,16.234452323846895,0.39720387008508157,0.11497811220798976,0.05863699047777236,0.0,0.015803357366558777,0.06118856283643055,0.0,0.0013113005697600977,0.02027270680849111,0.0
25011,25,011,0,18844.800000000003,2.550419468678111,18.151786487074826,0.1248089658685685,0.08905905077262692,0.0702846408558329,0.0,0.015357021565630834,0.05151023093903888,0.0,0.15886610629988113,0.0015123535404992356,0.0
25015,25,015,0,15883.600000000002,2.729980971490008,18.059895003590466,0.13973532448563297,0.09771084640761539,0.07202397441386083,0.0,0.016942003072351355,0.04697297841799088,0.0,0.12582789795764182,0.0016683875192021957,0.0
25017,25,017,0,12851.300000000001,4.607934142701099,18.734286794469956,0.06449931135371519,0.040960836646876185,0.04571521947196003,0.0,0.006131675394707149,0.027763728183141004,0.0,0.2791546380521815,0.0006069424883085757,0.0
25027,25,027,0,35458.7,6.049458551132588,19.384697162700967,0.052582299971516165,0.029270672641693016,0.02325240350041034,0.0,0.005070687870677719,0.02976984491817241,0.0,0.3443245240237234,0.0004991722764793972,0.0
26005,26,005,0,584534.4,2.2340290423820175,14.050418277756926,0.06032305369880712,0.013558825622580982,0.02699447628745203,0.6857064357546793,0.01168109182282514,0.009858444601378465,0.0,0.0014924699042519994,0.0037130406696338145,0.0
26007,26,007,0,10969.8,-0.9818046759751766,10.36251720435612,0.4484949588871265,0.05556163284654233,0.10122335867563677,0.006180604933544823,0.04594431985997922,0.1351346423818119,0.0,0.015542671698663605,0.004840562270962096,0.0
26009,26,009,1,102384.90000000002,8.82951691751406,17.455955731743757,0.06574699980172856,0.002991652089321765,0.006167901712068868,0.214470102524884,0.00020413166394653894,0.026167921246199384,0.0,0.166705246574446,7.129957640237963e-05,0.0
26011,26,011,0,60521.8,-2.0129608012187674,9.585083863959913,0.46457309597533447,0.03052288596836181,0.1121116688532066,0.11544930917454536,0.034387609092921885,0.004750354417746993,0.0,0.0005006460482008136,0.00518986546996289,0.0
26015,26,015,0,72750.90000000001,-3.8092762939319265,9.617564295503024,0.45868023625824556,0.14966412786645938,0.11414154326613139,0.00737447921606468,0.10297329655028321,0.021511761366526046,0.0,0.0003243946123003289,0.01376752727457667,0.0
26017,26,017,0,235835.7,-1.0132011234032454,10.606250092419597,0.3730796482466395,0.025065755523866824,0.09214635443234422,0.2434330340995871,0.02744919450278308,0.0026272527865798096,0.0,0.00046345824656741956,0.0037695734784852332,0.0
26019,26,019,1,33587.3,11.575753636689196,18.542184063604246,0.08388587352957813,0.007461153471699123,0.008940879439550067,0.014612666097006904,0.0005091210070473066,0.029642156410309848,0.0,0.21889821450369631,0.00016672968651841615,0.0
26021,26,021,0,187804.89999999997,2.089810329851746,14.772092921821042,0.1700860840159123,0.037423943677720874,0.05201142249217141,0.0878917429736924,0.03284312603132294,0.028094581131802212,0.0,0.021904114322895733,0.010486946826201023,0.0
26023,26,023,0,224970.9,-4.334126866453445,10.48390899416837,0.3547481029768739,0.12883310685959828,0.1002120718724066,0.1812292167564783,0.08636983716560676,0.01391202151033756,0.0,2.578111213494723e-05,0.009214080576643469,0.0
26025,26,025,0,173317.3,-4.341660324926032,9.594366784159954,0.46193484435771853,0.15244756293803333,0.11692254610474546,0.002476382911573167,0.1052606981530407,0.018864244942657198,0.0,0.00024117615494817886,0.012511734258495834,0.0
26027,26,027,0,112012.5,-2.0475142538718103,12.065240445418027,0.3787184466019417,0.09345207008146411,0.12768217832831158,0.015663430420711975,0.07792790983149202,0.06148153107912063,0.0,0.002064055350965294,0.02225465907822788,0.0
26029,26,029,0,12348.199999999999,4.781825201728569,15.042298542936571,0.367146628658428,0.03668550881909914,0.04446801963039148,0.11722356294844594,0.0025023890121637165,0.15471890639931327,0.0,0.050719942987641924,0.000809834631768193,0.0
26037,26,037,0,201292.7,-2.9123815641374584,11.219192757582345,0.3492928456918706,0.11075811492418751,0.08919548498281359,0.20709593542140375,0.07657207638429013,0.01553061785151672,0.0,0.00022305826291763186,0.009005791069422784,0.0
26041,26,041,0,29926.199999999997,-0.7272259056107124,16.32903713213765,0.21027059900689032,0.017626695003040815,0.039223155629515276,0.42170740020450315,0.014328581644178013,0.04590960429322802,0.0,0.004414192246259131,4.6781749771103586e-05,0.0
26043,26,043,0,15083.400000000001,1.9064381591576005,16.685083794856716,0.15962581380855773,0.01327949931713009,0.03553575453810148,0.488788999827625,0.010813211875306627,0.03639762918174947,0.0,0.0037856186270999906,2.6519219804553348e-05,0.0
26045,26,045,0,151075.30000000002,-4.99651817404941,10.242810052231967,0.48677249027471725,0.12959431488800616,0.10466634850303126,0.00011848396130936028,0.09545107638376357,0.021833483037928765,0.0,0.0003302988642087753,0.01388910033605758,0.0
26049,26,049,0,87313.90000000001,-3.992541884335587,12.565110031959762,0.28567043735304454,0.11590365337019648,0.04841955290051182,0.19139106144611565,0.06172556717773458,0.03711551081786519,0.0,8.01705112244442e-05,0.008892054987808354,0.0
26051,26,051,0,15042.5,-2.624128601730323,9.155218172387428,0.45348844939338545,0.07305966428452718,0.05552268572378262,0.00844939338540801,0.09056340368954628,0.028638856573043044,0.0,0.0014425793584842944,0.018288183480139605,0.0
26055,26,055,1,91483.1,9.32063335709994,17.201500829706564,0.11046193231318133,0.00888688730486833,0.012566255406736324,0.004099117760548123,0.0006066694285611221,0.03526334372140865,0.0,0.21303278966279018,0.0002022231428537074,0.0
26057,26,057,0,131652.9,-3.053442241997363,8.949521900603894,0.4054874598280782,0.09599940449469781,0.05620005332203089,0.003675574180287711,0.11123416195161671,0.01327657803208285,0.0,0.0008165410712563111,0.012610432432555607,0.0
26059,26,059,0,205709.1,-2.974313108263587,11.546872828235223,0.37823120124486476,0.11081619626939207,0.08940926774751336,0.17156363038873826,0.07915303698280728,0.01637749618271627,0.0,0.0002678539743744929,0.010448249494067108,0.0
26063,26,063,0,382435.30000000005,-0.8513086877968092,8.186375140995068,0.39363259615417295,0.022541852177348685,0.12185799794108963,0.13087311762277173,0.024450671786835573,0.004125926660012817,0.0,0.00037758020768480314,0.0032444703718511334,0.0
26065,26,065,0,153014.5,-4.862057751749266,11.719534902952496,0.3701518483542409,0.11125742985141931,0.08914972110486262,0.18920559816226568,0.0786036617444752,0.016424587212323014,0.0,6.143208650160605e-05,0.010128451878743517,0.0
26067,26,067,0,165151.80000000002,-3.2338964590690367,11.76270263622775,0.4079513514233571,0.13837814665053605,0.10521290110068432,0.0017323456359543158,0.09419273662170197,0.0177878775768717,0.0,0.0008531544918069315,0.01093418297590459,0.0
26071,26,071,0,14939.800000000001,3.3693437760075895,16.223461683647066,0.018748577624867802,0.001305238356604506,0.02500033467650169,0.6368291409523554,0.0016064472081286228,0.01016077859141354,0.0,0.00047524063240471755,0.0,0.0
26073,26,073,0,63360.4,-4.055556012609365,8.84571962188684,0.4758808340856434,0.09250888567622678,0.04915846490868113,0.004750601321961351,0.11748978857456707,0.01894716573759004,0.0,0.0011095258237006078,0.016770727457528674,0.0
26075,26,075,0,116743.3,-4.046511086795519,10.199093319473807,0.4365860824561238,0.16180029175121827,0.1198252919011198,0.0024506759702698144,0.10748368428852019,0.01913514522889108,0.0,0.0003255004784000452,0.012053796663277465,0.0
26077,26,077,0,84274.40000000001,-2.2135303063016245,11.420376140808838,0.38634033585525374,0.09914042698613101,0.13457348850896594,0.03156474564043173,0.0802011049618864,0.06393756585629799,0.0,0.0014903695546927653,0.02132082815184682,0.0
26079,26,079,1,134392.0,7.352860636007696,14.440130640969429,0.027715191380439312,0.0012798380856003334,0.007673075778320138,0.7863049883921662,8.705875349723197e-05,0.0071499791654265135,0.0,0.00016667658789213644,2.7531400678611825e-05,0.0
26081,26,081,0,220385.9,2.2021583731356387,14.892182907839004,0.10478801048524429,0.021713276575316298,0.02969291592610961,0.025962187236116284,0.01830652505446129,0.01674517289899218,0.0,0.013212732756496674,0.005827051549123606,0.0
26085,26,085,0,11006.9,0.9646875811223019,14.064381988710672,0.3270766519183421,0.022967411351061607,0.09389564727579973,0.2645885762567117,0.011974307025593038,0.09886525724772643,0.0,0.0077587694991323635,0.000672305553788987,0.0
26087,26,087,0,80440.7,-3.1535750571055274,11.151346181996775,0.3647830016397172,0.1523656556941946,0.06671249752923582,0.01475372541511946,0.0786865355473038,0.04540984849709165,0.0,0.0014097341271271883,0.011141126320382593,0.0
26089,26,089,1,165356.10000000003,12.65145045419302,18.58019521488499,0.04821533647685207,0.0025696058385508602,0.0031816183376361675,0.012641807589801645,0.000175379075824841,0.01740244236529526,0.0,0.23969965426131842,5.74517662184824e-05,0.0
26091,26,091,0,197028.4,-4.527228632311228,9.418979640106837,0.3805101193533521,0.16493764350723045,0.056836476365843706,0.0007344118918896971,0.08613225301530135,0.049554784995462585,0.0,0.0002390518321216637,0.01119737053135487,0.0
26093,26,093,0,33319.4,-4.728550197950284,10.14791416700129,0.379097462739425,0.19145902987448754,0.055127043104017476,0.006950905478490008,0.09104005474288253,0.048173136371003074,0.0,0.0007863286853904932,0.011935989243503784,0.0
26099,26,099,0,42219.299999999996,-2.7441390601948044,12.658488822077214,0.31400331128180714,0.10075723661927129,0.09369885336800943,0.015770038821107883,0.05781715945077252,0.042501888946524465,0.0,0.0009498025784416133,0.01049756864751429,0.0
26101,26,101,1,21411.6,9.554888468030978,17.492281236314064,0.16016551775673002,0.015542976704216407,0.02162379271049338,0.023818864540716248,0.001060172990341684,0.06711315361766519,0.0,0.15149731921014778,0.0003502774197164154,0.0
26105,26,105,0,134474.59999999998,3.4167976664313855,14.481638020021325,0.2426160776830718,0.01879760192631174,0.09905811208956934,0.12096485135482837,0.010510535075025322,0.026922556378676722,0.0,0.07200244507141126,0.0007555330151567658,0.0
26107,26,107,0,43748.49999999999,-2.7132987238834545,11.672655463965867,0.2830839914511355,0.08708641439135058,0.03130164462781582,0.28420174405979637,0.08423145936432108,0.021129867309736337,0.0,0.0015063373601380623,0.010446072436769262,0.0
26109,26,109,0,33770.100000000006,-3.9381321055059253,13.400455460114351,0.6763882843106771,0.05827640427478745,0.0836509219694345,0.0009683122051755842,0.04750652204168775,0.09011225906941346,0.0,0.0023778431215779636,0.0002635467469743945,0.0
26111,26,111,0,40638.5,-3.367318088813562,10.470876574235017,0.41187543831588275,0.09285037587509382,0.05720683588222991,0.00144690379812247,0.10932244054283499,0.012719465531454163,0.0,0.002288470292948805,0.013371556528907317,0.0
26113,26,113,0,65840.4,2.175918068650553,13.386935314208301,0.38007818907540053,0.04945747595701121,0.05720651757887255,0.3249418290289853,0.0033748276134409876,0.09940553216566121,0.0,0.0002445307136651661,0.001069252313169422,0.0
26115,26,115,0,160050.0,-3.379082092564328,10.836813340789103,0.2842830365510778,0.11573195876288661,0.05044860980943455,0.21757763199000313,0.06155826304279912,0.03723211496407373,0.0,0.0005535770071852545,0.008355513901905655,0.0
26117,26,117,0,698657.7000000001,0.7651872209712085,13.170053516858186,0.050570257795770374,0.014026181919987425,0.014197081059866654,0.7020396397262922,0.013887630523502425,0.002328608129560441,0.0,0.001188708003933829,0.0013308376906173078,0.0
26121,26,121,0,92041.3,0.5460377166744443,15.90163004109574,0.34622392339091257,0.022429061736416154,0.12621399306615616,0.12451258293831137,0.013815537155602972,0.02245296404983415,0.0,0.03833170544092706,0.0007409717159579449,0.0
26123,26,123,0,98519.7,1.6237296823629883,14.872053179148352,0.3693860212729028,0.023520169062634173,0.12029472278133206,0.09776521852989807,0.01372314369613387,0.04545791349344344,0.0,0.034130229791605134,0.000772434345618186,0.0
26127,26,127,0,318358.7,5.6161497679626695,15.019805319830652,0.11915144772233333,0.00860193234863693,0.04813061493215043,0.09487694226669477,0.004466973888258747,0.01918716215388491,0.0,0.11567706489566644,0.0007789955166923347,0.0
26129,26,129,0,15526.2,-0.1532206490447976,11.994768322453204,0.3255529363269828,0.07668972446574178,0.08142365807473818,0.22447218250441187,0.04705594414602414,0.09117491723667091,0.0,0.005532583632827093,0.00526207314088444,0.0
26133,26,133,0,23296.200000000004,1.4191256353268198,12.183388367975112,0.2363346811926408,0.0353834530953546,0.015075420025583569,0.4419132734093971,0.0333144461328457,0.0281462212721388,0.0,0.0035885680926503027,0.011121985559876717,0.0
26139,26,139,0,130148.9,1.1558128182552156,14.610142005016097,0.1673706039774443,0.033321065333629406,0.04797428176496306,0.14573768967697767,0.030073246873388866,0.026568030924579464,0.0,0.008947444042938511,0.010766130178587756,0.0
26141,26,141,0,61542.700000000004,-0.07871552851763752,13.822636836771316,0.0996397623113708,0.010365161099529268,0.03332482975235081,0.6232225755451093,0.009754203179256028,0.025223137756387026,0.0,0.002232596229934663,0.0010041808370448485,0.0
26145,26,145,0,308380.29999999993,-1.63560932812317,9.017312957746887,0.5162207183792221,0.0335459171678606,0.10052847085238586,0.10073373688267379,0.0387787417030206,0.003522922832619335,0.0,0.0003411372256917839,0.005210773839963189,0.0
26147,26,147,0,84674.6,-4.120443757107097,10.271937829467209,0.41010527360034765,0.1088201184298479,0.06329997425438089,0.004444071775951702,0.07157282112935874,0.05332768031971807,0.0,0.00107352145743824,0.013140894672074034,0.0
26149,26,149,0,417995.30000000005,-1.1070035395327338,12.224429630230684,0.16683823956872243,0.065759351839602,0.05713078592032016,0.5252623653902329,0.04290694177661806,0.0061503083886349915,0.0,0.00011196298140194397,0.004055787230143496,0.0
26151,26,151,0,324328.9,-2.51970155624549,9.295573224660778,0.5796772967194721,0.032655739281944964,0.1158419739961502,0.002853893069658609,0.03987587908447258,0.005078178355367036,0.0,0.0007313563484475172,0.005408707025491715,0.0
26155,26,155,0,165510.5,-4.400205111511816,9.791148311044292,0.5109784575600944,0.10754967207518555,0.0954120735542458,0.0004319967615347667,0.08598850224003915,0.023632941716688668,0.0,0.0002797405602665692,0.01423655900985134,0.0
26157,26,157,0,295837.6,-1.3946202869484843,10.170070006725663,0.4531374646089612,0.029972863489968825,0.11867524614856259,0.1267759743859469,0.03277778078242928,0.004013688591308205,0.0,0.0007592003180123149,0.0046748621541007635,0.0
26159,26,159,0,131860.2,1.748085343360744,14.341798108277779,0.19245989312923836,0.05392301846956094,0.06960326163618741,0.07383956644992196,0.04072419122676895,0.03471403804938866,0.0,0.012530695387994253,0.009133157692768552,0.0
26161,26,161,0,85971.70000000001,-4.2378212931924395,11.449735158366718,0.3433187897878022,0.14803127075537645,0.05308607367308078,0.09360405807957733,0.07567722866943424,0.04430178768129511,0.0,0.0002233293048759068,0.01063140545086348,0.0
26165,26,165,0,13205.2,5.765685088943757,13.455810133771049,0.466687365583255,0.054334656044588495,0.06642080392572623,0.014721473358979796,0.003710659437191409,0.189713143307182,0.0,0.004937448883773059,0.0011964983491351891,0.0
27003,27,003,0,12666.7,-0.8898314439345825,11.827373433030068,0.48149873289807127,0.04968934292278178,0.11472601387891085,0.009749974342172783,0.06914192331072812,0.015039434106752349,0.0,0.008731555969589553,0.005928931765969036,0.0
27005,27,005,0,118238.90000000001,-5.8311559285575,1.4948437028473842,0.5324229166543328,0.03951406855104369,0.02814302230484214,0.03385856938790872,0.06462255653596236,0.04204707587773567,0.0,0.0,0.032287174525473424,0.0
27007,27,007,0,14700.599999999999,-7.554149404411227,1.9990674538238036,0.31178999496619186,0.017958450675482636,0.04468525094213842,0.0006938492306436473,0.06898357890154144,0.0737452893079194,0.0,0.0002516904071942642,0.04812728732160593,0.0
27009,27,009,0,78190.8,-3.094847372887532,7.651969836084624,0.3325135437928759,0.025095023967014022,0.07315054968103664,0.08204162126490584,0.18178225571294832,0.014919913851757494,0.0,0.00010487167288223166,0.027482772909344835,0.0
27011,27,011,0,188524.80000000002,-14.252167668434122,-3.102233412266232,0.4930375207930203,0.04240927453576399,0.056884293207047555,0.0,0.14939732067080827,0.013425819839087482,0.0,0.0,0.038361000780799126,0.0
27013,27,013,0,323901.69999999995,-8.32985941669357,4.2738702266829005,0.360721786887812,0.0378445065277521,0.12301016018131428,0.041299567121753304,0.1642350132771764,0.02234165489097464,0.0,0.0,0.022867122957366388,0.0
27015,27,015,0,239813.8,-11.185121450970836,1.8951780658854127,0.37506306976495934,0.045979839358702465,0.13555683617873535,5.712765487223838e-05,0.18591048555170722,0.022716374120254963,0.0,0.0,0.02359955932477614,0.0
27019,27,019,0,78845.5,-3.722664362128789,6.089371094974766,0.3928404284328212,0.03154270059800496,0.08205668047003317,0.0002891731297283929,0.22367034263210966,0.013216987653068342,0.0,0.0031466602405971172,0.03062191247439613,0.0
27023,27,023,0,280584.7,-10.2762993470771,1.784255081282163,0.4657014441628499,0.041392492177941276,0.09014354667235955,2.2809511708942076e-05,0.14847245769281076,0.009344059031016302,0.0,0.0,0.027163633655006847,0.0
27025,27,025,0,64948.09999999999,-1.2309965390682613,10.12152228754768,0.48886572509434467,0.04136379663146421,0.11834834275367564,0.039807169108873094,0.06702120616307483,0.0093505429720038,0.0,0.002252567819535907,0.005706094558578312,0.0
27027,27,027,0,331555.0,-5.4000761577838325,2.1228941033326123,0.5249849949480478,0.03333413762422524,0.05479664007479905,0.03819275836588198,0.0581873294023616,0.010909502194206088,0.0,0.0,0.027433759104824235,0.0
27029,27,029,0,28332.600000000002,-5.822252816565719,0.6825935163118715,0.5219535093849487,0.01646513203871159,0.010542625809138588,0.016179242286270937,0.0493424535693865,0.18229177696363905,0.0,0.0,0.04099870820185934,0.0
27033,27,033,0,319967.80000000005,-8.773899015973953,3.846729618803949,0.3846155769424298,0.048111403709998314,0.10532091041661067,0.028905096075292576,0.19721953271547948,0.0035259798017175477,0.0,0.0,0.009957251948477314,0.0
27035,27,035,0,14735.899999999998,-2.9587890208142262,7.3786098380771135,0.46542796843083906,0.06191681539641285,0.14603790742336745,0.0018594045833644367,0.07225890512286322,0.022183918186198335,0.0,0.0014522356964963119,0.004614580717838749,0.0
27037,27,037,0,179371.9,-10.117144626935751,9.70002655967432,0.3005504206623223,0.07114213541808946,0.11975175598853555,0.08174468799182036,0.19961766586628119,0.011933864780380873,0.0,0.0,0.004834648013429083,0.0
27039,27,039,0,249228.7,-9.582649483263374,8.384981575740554,0.3434508144527496,0.06333459990763503,0.1085846052240372,0.07747823585325446,0.20225640144975277,0.013030200775432363,0.0,0.0,0.005431958678916192,0.0
27041,27,041,0,123944.9,-10.850452412376598,-0.2203328160091631,0.47852957241483923,0.040746331636073774,0.057333540952471625,0.00010327169572931199,0.14353071405116308,0.02881118948823227,0.0,0.0,0.03710439074136975,0.0
27043,27,043,0,356810.1,-8.68328964818432,3.9729440807733813,0.35972720503147193,0.04017739408161373,0.1251623762892362,0.03980576783000257,0.16973846872608148,0.016209182419443847,0.0,0.0,0.022683774926774775,0.0
27045,27,045,0,292560.8,-12.179658041199307,5.010536408210372,0.37777583326269276,0.07534126239742304,0.12193328702956788,0.0003407838644138244,0.23431232072102623,0.015655207396206194,0.0,0.0,0.006084205402774398,0.0
27047,27,047,0,321855.30000000005,-8.716049991585933,3.7832807349249378,0.3565316463640648,0.04210618871275383,0.12607497841421283,0.03769085051574418,0.175735804257379,0.02026438589018108,0.0,0.0,0.022339542024008924,0.0
27049,27,049,0,301390.8,-9.865780894126228,9.102548988968886,0.3382876982310011,0.0653427377345294,0.10960022668243358,0.07472324968114488,0.2038791495958072,0.013477850020637658,0.0,0.0,0.005382712411924982,0.0
27051,27,051,0,242282.1,-14.030860603038132,-2.2217157757044657,0.4814953312687978,0.043823295241373586,0.06673501674287947,0.0,0.15408773491727204,0.01088730863732814,0.0,0.0,0.034294733288179356,0.0
27053,27,053,0,29988.899999999994,-1.3869979267680677,10.08092915689561,0.4900313115852867,0.059838807025266026,0.12808405776804085,0.0041181903971136,0.07174321165497902,0.008839937443520771,0.0,0.009580211344864269,0.005412002440903136,0.0
27055,27,055,0,86346.5,-14.514973865560492,0.6122374451343877,0.3865090073135564,0.07087953767668637,0.11818892485508968,0.0,0.22681289919105002,0.019204021008379032,0.0,0.0,0.006460018645804983,0.0
27057,27,057,0,19285.9,-4.804144536525655,5.186539906467056,0.2545279193607765,0.03702186571536718,0.1716539025920491,0.056227606697120694,0.06296309739239547,0.019563515314296974,0.0,0.0012029513789867208,0.022124972129898005,0.0
27059,27,059,0,74703.0,-2.4849846207477704,8.891644037833093,0.4727226483541491,0.04846927164906363,0.13177382434440382,0.050094373719930925,0.06885265651981848,0.007743999571637016,0.0,0.00016732929065767105,0.00463702930270538,0.0
27063,27,063,0,339463.4,-11.932552445975627,-0.6322949843885555,0.4103293609856025,0.051177240315156206,0.11161232698429345,2.9752839334078428e-05,0.20981525548851512,0.003311991808247958,0.0,0.0,0.01066889685309226,0.0
27065,27,065,0,40074.5,-4.441531710304112,5.964973506668425,0.5091042932538148,0.052709328874970374,0.12070269123757003,0.00017217931602390548,0.07382749628816329,0.01506444247588866,0.0,0.0012027598597611948,0.005584598684949282,0.0
27067,27,067,0,298553.19999999995,-3.011498576035059,7.995286414074501,0.3307551217002531,0.02684044250739902,0.08343002185205184,0.07055191503557826,0.1784968307155978,0.00907509951325258,0.0,9.010119469494885e-05,0.02152882635322616,0.0
27069,27,069,0,201733.5,-4.8601190098356675,1.825483103294286,0.4749335137694037,0.005486446227324663,0.060310756517881266,0.0449389912929682,0.03605102771726064,0.029139929659674768,0.0,0.0,0.030537317797985956,0.0
27073,27,073,0,307937.9,-11.257584597993315,-0.16185243530429827,0.490597941987654,0.045459490371272906,0.054563923440407947,2.0783411200764828e-05,0.15900381213225134,0.01318999707408539,0.0,0.0,0.03757640745098281,0.0
27077,27,077,0,15566.1,-4.47959962868855,5.945113854835215,0.30539441478597723,0.002145688386943422,0.04764199125021682,0.07058286918367478,0.07479715535683311,0.02433493296329845,0.0,0.00020557493527601647,0.05762522404455837,0.0
27079,27,079,0,146535.59999999998,-11.22925390320312,1.1057482800479654,0.3817195275414303,0.04040588089174235,0.12993156611772158,0.0002811603460183055,0.1724905074261818,0.03421967085131532,0.0,0.0,0.024265775688638126,0.0
27081,27,081,0,198374.30000000002,-15.650908811277265,-6.136593764415508,0.41106584875157715,0.048576352884421005,0.11006365239852137,0.0,0.20070392182858363,0.007317984234853002,0.0,0.0,0.010859269572721868,0.0
27083,27,083,0,308348.4,-11.63126705875213,-3.4830693228298903,0.40650283899640793,0.05383488287923661,0.11268908805753491,3.275515618047637e-05,0.2184104084859853,0.00456139872948911,0.0,0.0,0.010086642252724515,0.0
27085,27,085,0,176197.60000000003,-4.237167314778471,6.75458738550965,0.3953294483012254,0.0312444664399515,0.0866532801808878,0.0010334987536720134,0.21667037462485297,0.010500143021244327,0.0,0.0005874086820705842,0.03121949447665575,0.0
27087,27,087,0,69854.6,-4.9349408582545315,1.3309189040670024,0.5505492837980606,0.0025438553796027744,0.023099409344552825,0.038664597607029456,0.04347888328041388,0.02420026741259702,0.0,0.0,0.0465395263876681,0.0
27089,27,089,0,336018.69999999995,-6.007751145945019,0.9403365415794219,0.5559541775502376,0.013732866652957114,0.048165771726394996,0.011007720701258593,0.047807458334908154,0.020702419240357754,0.0,0.0,0.036775631832395045,0.0
27091,27,091,0,340367.2,-7.957087636133984,4.288899137978531,0.3559397027680693,0.040943134356071914,0.1260653200425893,0.041236934698760636,0.17477477265729482,0.020356544343873323,0.0,0.0,0.022388467513908508,0.0
27093,27,093,0,181278.3,-4.799317325763571,6.308970850938987,0.39749600476173924,0.029235159420625635,0.08556567443538472,0.0006277640511853874,0.20970684301430456,0.01078562629945228,0.0,0.00031498530160532177,0.03248154908778381,0.0
27095,27,095,0,46507.3,-3.4229958602638924,7.67685351827707,0.5210407828448437,0.05073827119613479,0.11843302019252891,0.0008858824313602381,0.07361855020609667,0.01286249685533239,0.0,0.0018040178638622324,0.005773287204374367,0.0
27097,27,097,0,117595.50000000001,-2.0920038292171697,8.175758023206402,0.31953008405933897,0.02599079046392081,0.08823636958897237,0.08780778176035646,0.1783631176363041,0.02391077889885242,0.0,0.0004098796297477369,0.020139376081567746,0.0
27099,27,099,0,389052.99999999994,-15.760245312560293,3.358875707712957,0.37755138760014706,0.07117025186799743,0.11915009009055323,0.0,0.2228801731383642,0.015231600835875833,0.0,0.0,0.0063161060318259995,0.0
27101,27,101,0,317402.0,-11.820833669401114,-0.6512610480500287,0.4105783832490028,0.04955765874191089,0.1104158133849188,9.514747859181732e-05,0.20459984499152495,0.0038292134265064497,0.0,0.0,0.010872017189557723,0.0
27103,27,103,0,174077.3,-10.521558708748763,1.720728432328855,0.38256395291057477,0.04439234753755947,0.13515317620390482,0.0002366764649957232,0.18895168985272634,0.023315504089275282,0.0,0.0,0.023938215953487333,0.0
27105,27,105,0,354818.6,-12.002804005892603,-0.2566219870237081,0.40792619101704364,0.05253839567598767,0.11215787447444976,2.8465249566961822e-05,0.21416859206366295,0.003319442667323528,0.0,0.0,0.010386997750399782,0.0
27107,27,107,0,325899.3,-5.70829106997634,1.6428027345370835,0.5381766699099998,0.027057130837654455,0.0527165906769361,0.026989625322914164,0.05518453092719131,0.012652681365071972,0.0,0.0,0.030838973879354758,0.0
27109,27,109,0,224227.50000000006,-9.67034278222712,9.584158766355895,0.32798519360916917,0.06679510764736706,0.11154474807951743,0.073441928398613,0.2008005262512403,0.013274910526139742,0.0,0.0,0.005200521791484094,0.0
27111,27,111,0,515054.5,-6.783119431761413,5.158895348102908,0.2934322484319621,0.026009286395905676,0.03893743283477768,0.12814779795147893,0.09132334539354574,0.02966152125648839,0.0,0.0,0.022249878410925444,0.0
27113,27,113,0,131620.19999999998,-8.710157035659318,-2.2120738002258813,0.6195021736785083,0.011290820102081597,0.017804258009029014,2.735142478130257e-05,0.05369768470189227,0.02554699050753608,0.0,0.0,0.05075968582330068,0.0
27115,27,115,0,40342.8,-3.435022313866707,8.02429430275648,0.5146494541776971,0.048459700367847545,0.11365101083712582,0.00033958971613274236,0.07084535530503583,0.017425662076008604,0.0,0.0012393785260319064,0.0052276986228025814,0.0
27117,27,117,0,196680.3,-11.682188798133243,-0.6044251834125642,0.40454585436365514,0.05454384602830076,0.11240525868630465,0.00010219630537476302,0.22048878306571632,0.005707231481749825,0.0,0.0,0.009912024742691566,0.0
27119,27,119,0,563518.2999999999,-5.121248452497436,1.806290225678814,0.4658762634682849,0.012596574059795397,0.07022114454845567,0.043758649896551725,0.03897051790509732,0.01472374544003274,0.0,0.0,0.024509408123924284,0.0
27121,27,121,0,204950.59999999998,-7.958574135474169,3.3248182795078147,0.44098626693456866,0.042978649489193985,0.057294782254845814,0.0240477461398015,0.14971071077615777,0.01891968113291691,0.0,0.0,0.031887196231677295,0.0
27125,27,125,0,84006.8,-4.977080015756449,1.1258878720683794,0.5254288938514501,0.002542651309179733,0.01778665536599418,0.043434579105500984,0.0415228291043106,0.028373893541951363,0.0,0.0,0.04511539542037073,0.0
27127,27,127,0,433756.4,-11.39499103920312,1.4087858197594008,0.4027878320642646,0.051596933209515757,0.111903824358557,9.290929194358861e-05,0.21467487280879313,0.0036561996549215182,0.0,0.0,0.010109591466546662,0.0
27129,27,129,0,519373.6,-3.1085170796519144,8.273035604254414,0.332174565669106,0.029844990195882118,0.07851746796525662,0.06207169559638765,0.1716346383412634,0.007639394840246019,0.0,7.932632694461174e-05,0.02247322543925991,0.0
27131,27,131,0,145079.4,-10.917880755373886,1.7299671918841142,0.37354097135775305,0.040591565721942606,0.1285110084546807,0.0002839824261749084,0.17597880884536332,0.0496996816915427,0.0,0.0,0.023459567657434482,0.0
27133,27,133,0,219683.0,-11.970995457392824,-0.9748170404643299,0.4090730734740512,0.05157567950182763,0.11075185608353855,9.14954730224915e-05,0.21053927704920272,0.007995611858905786,0.0,0.0,0.010422745501472576,0.0
27135,27,135,0,176030.5,-5.28132853613436,1.113758353148702,0.5099406068834662,0.00436117604619654,0.029326735991774152,0.047199775038984725,0.04075600535134537,0.035324560232459716,0.0,0.0,0.04313343426281241,0.0
27139,27,139,0,54725.100000000006,-2.1258294163916673,8.104230639350245,0.38138806507434425,0.02733297883420953,0.0800236089107192,0.002910912908336394,0.20200785380017575,0.013428938457855717,0.0,0.008641372971451856,0.03343986580198117,0.0
27141,27,141,0,302249.1,3.344937439526742,10.74005197753376,0.017442566412935557,0.0008043034702171157,0.027753267089959906,0.48766729164784944,0.004669327385921083,0.0034282980495227286,0.0,0.00011215914290563644,0.002586608198337067,0.0
27143,27,143,0,260208.69999999998,-3.0132309271036277,8.148946362181979,0.3380966893113105,0.028636244675908223,0.07739479886721697,0.06953187960279576,0.18919390473877318,0.008792557666211776,0.0,0.0001199037541788572,0.02656021877823455,0.0
27145,27,145,0,336704.69999999995,-2.3190286452636215,8.374237037868,0.3362144929963853,0.029547553093259467,0.0769876393171821,0.07207710495279693,0.20156683289541252,0.01613253393849269,0.0,0.000355207396867344,0.021722298500733733,0.0
27147,27,147,0,182590.0,-8.415082590828895,4.112565971035496,0.3468015773043431,0.043408729941398765,0.12709513116819102,0.04152363218139,0.18087573251547182,0.026442850101319897,0.0,0.0,0.021624952078427077,0.0
27149,27,149,0,237304.2,-10.241772542810075,-2.2493400254582347,0.4635442609106792,0.04765360242254456,0.06188006786226286,2.6969602729323796e-05,0.16511127910926143,0.01139887115356576,0.0,0.0,0.03302217154184376,0.0
27151,27,151,0,303138.0,-13.978760506275595,-2.532071360562867,0.47158158990294846,0.05038167435293497,0.058100930929147775,0.0,0.1740428451728256,0.011677849692219385,0.0,0.0,0.03276428557290739,0.0
27153,27,153,0,157824.7,-1.1072881117202051,9.31846676174338,0.2645238673034069,0.018549694692909284,0.06566082495325509,0.16414034051704202,0.13606488718179094,0.019416479169610333,0.0,0.0007913843650581943,0.021641732884649864,0.0
27155,27,155,0,253260.69999999998,-12.441709445036075,-3.451960480388493,0.48983004469307717,0.039057777223232816,0.07493108879506374,0.0,0.13918859104472192,0.008873465168500285,0.0,0.0,0.03653586995534641,0.0
27157,27,157,0,152511.59999999998,-10.48536201775249,9.754446021320273,0.3198550143071085,0.06928259883182657,0.11158102072235819,0.06819940253724964,0.2038454779833141,0.014813299447386298,0.0,0.0,0.005487451446316216,0.0
27159,27,159,0,173235.19999999998,0.17891940606074286,8.872873666258597,0.06464506058814837,0.005078067275011084,0.042098257167134626,0.42522766735628786,0.033586130301462985,0.007815386249445841,0.0,2.7707994680065023e-05,0.002889712945175115,0.0
27161,27,161,0,179383.5,-14.04400400989509,-7.126384398278824,0.38073512892768846,0.04659068420451157,0.13683532766391557,0.0,0.19522475590006885,0.021715486652897284,0.0,0.0,0.023703963853977654,0.0
27163,27,163,0,40427.899999999994,-0.36783768273423334,10.919480435941171,0.4539983526228175,0.07438180068714922,0.14452148145216548,0.008145364958357966,0.0708570071658434,0.00800684675681893,0.0,0.013948288187118303,0.004269328854578151,0.0
27165,27,165,0,197788.7,-13.917383226673941,-6.860476826025887,0.3848313882441211,0.043965100129582727,0.13475491774808165,0.0,0.1873418451104638,0.024356800969923962,0.0,0.0,0.024073164948250327,0.0
27167,27,167,0,237754.49999999997,-5.659096308722251,4.5321038278682675,0.45335167157719414,0.0001913738751527311,0.12905202635491653,0.029592289525540005,0.01859312862637721,0.01141639800718809,0.0,0.0,0.030373347297317194,0.0
27169,27,169,0,123644.90000000001,-11.47078013984277,7.305713924606942,0.3563090754248659,0.07768375404080556,0.12223472217616739,0.0018820024117452477,0.2325207105185899,0.016647674105442278,0.0,0.0,0.005878932329598713,0.0
27171,27,171,0,129438.5,-3.1287696073226847,7.0379171068894255,0.38944054512374604,0.027570622341884368,0.08106243505603047,0.0008791820053538939,0.20528899825013422,0.014514228765011955,0.0,0.003791762110963894,0.0345415004036666,0.0
27173,27,173,0,329080.2,-10.583507371867515,-2.8537535228938093,0.4860866743122193,0.0478585463361211,0.057540380733936594,1.9448146682784318e-05,0.16648798681901858,0.01132125238771582,0.0,0.0,0.03579583335612413,0.0
28001,28,001,2,25987.299999999996,1.716112022629666,-23.47802204331005,0.36893405625055326,0.04656890096316278,0.16821293477968086,0.0,0.015703824560458383,0.09014403189250135,0.0,0.0,0.009596995455472483,0.0
28003,28,003,2,30574.199999999997,3.4250137431515117,-21.89958114445021,0.2905129161188192,0.03124529832342302,0.10744680155163505,0.0,0.04485481222730277,0.25622583747080874,0.0,0.0,0.029299213061993446,0.0
28007,28,007,2,28703.6,2.8481439477376593,-24.27609366661108,0.40205061386028235,0.01302624061093382,0.12924859599492747,0.0,0.01845064730556446,0.14206231970902605,0.0,0.0,0.012064688749843226,0.0
28009,28,009,0,38245.7,-9.08754373537986,-11.687930599424195,0.3972368135502815,0.019994404599732785,0.18876893350102106,0.0,0.047299434969159934,0.0698588338035387,0.0,0.0,0.06110490852566433,0.0
28011,28,011,2,669016.8,0.3349017392723379,-23.489246942622522,0.4005152038035517,0.027882857351265316,0.06917584132416406,0.0,0.00811025971246163,0.10473399173234513,0.0,0.0,0.0707566685918799,0.0
28013,28,013,2,84980.1,1.007847159535494,-24.17579715513391,0.3428284974952959,0.027961840477947187,0.15897015889602387,0.0,0.044499829960190675,0.07696507770642773,0.0,0.0,0.053051243761774815,0.0
28015,28,015,2,54544.600000000006,2.188421477910518,-23.883004274077805,0.39817323804739607,0.02458355180897834,0.14568994914253655,0.0,0.01811911719950279,0.1596271674922907,0.0,0.0,0.01311587214866366,0.0
28017,28,017,2,85469.8,4.948444503610547,-21.733431609913975,0.49904527681122457,0.012101350418510397,0.04971814605860783,0.0,0.04330184462816106,0.11029275837781298,0.0,0.0,0.0719821504203824,0.0
28021,28,021,2,13318.8,1.042954914103973,-22.639918946003128,0.3437847253506322,0.16017208757545728,0.14681502838093524,0.0,0.012846502687929844,0.10795266840856534,0.0,0.0,0.008566837853260054,0.0
28025,28,025,2,31967.0,5.906874560914197,-22.65619149941424,0.3894172114993587,0.013836143523008103,0.03795476585228517,0.0,0.030622204148027653,0.19661525948634528,0.0,0.0,0.05593268057684487,0.0
28027,28,027,2,465849.89999999997,2.8832264287999774,-26.495628348070927,0.2701035247619459,0.032729211705315384,0.06594184092343908,0.0,0.00848556584427731,0.07780081094790404,0.0,0.0,0.057299142921357286,0.0
28033,28,033,2,110727.59999999999,0.5357025845911938,-25.093781025605562,0.3535189058554507,0.02062719683258736,0.16422102529089405,0.0,0.044667273561424616,0.06749085142277085,0.0,0.0,0.05401363345724102,0.0
28039,28,039,2,45727.7,18.514743093999634,-12.265657687872594,0.1333874216284659,0.007693367477480828,0.059939598973926096,0.0,0.006932340791249068,0.08225648786184304,0.44368511864799676,0.0,0.009895533779306635,0.0
28041,28,041,2,43537.0,19.167187916243588,-11.37683125636488,0.09023818820773136,0.0026460252199278773,0.06637342949674989,0.0,0.003849599191492294,0.09127868249994257,0.4965569515584445,0.0,0.008211406389967155,0.0
28043,28,043,2,44837.3,2.5316701766294134,-25.467801775721448,0.2536035845155707,0.020839791869715615,0.10982820107365963,0.0,0.04340582506083105,0.08676481411681791,0.0,0.0,0.04240665695748852,0.0
28049,28,049,2,49657.700000000004,1.7706426562292474,-23.696707981433637,0.3160114141412107,0.1252917473020297,0.13533651377329195,0.0,0.015252418053997666,0.10622320405496025,0.0,0.0,0.01088048781961307,0.0
28051,28,051,2,171383.40000000002,2.022229222640176,-25.21083375100347,0.4410619698290499,0.024039084298712706,0.16316165976401448,0.0,0.020467559868692066,0.057890670858437854,0.0,0.0,0.013193226415160393,0.0
28053,28,053,2,291072.1,1.1711612760426195,-25.30349397144061,0.29508290214005395,0.038068231204570965,0.12345944527146367,0.0,0.01881904861372835,0.09051709181333423,0.0,0.0,0.05333523893220958,0.0
28055,28,055,2,179669.5,1.1589328107694588,-24.951374250966964,0.3023490353120591,0.03213901079482049,0.12556054310831832,0.0,0.01887632569801775,0.09266347376711127,0.0,0.0,0.057132123148336246,0.0
28057,28,057,2,26716.0,3.629116530926261,-21.71410206459874,0.29428806707590954,0.011004641413385237,0.12485027698757299,0.0,0.05582048210810001,0.24252133552927085,0.0,0.0,0.03515122024255128,0.0
28063,28,063,2,19269.800000000003,2.6347350489524253,-24.50100088365279,0.23571080135756467,0.13543472168886028,0.10479610582362037,0.0,0.019175082253059188,0.09600514795171718,0.0,0.0,0.013456289115610955,0.0
28067,28,067,1,10872.699999999999,7.912562030958515,2.7995986601184404,0.12449529555676143,0.014586993111186735,0.008397178253791607,0.0,0.004414726792792959,0.7240151940180453,0.006686471621584336,0.0,0.04877353371287721,0.0
28071,28,071,2,32680.9,1.9259757955921142,-24.939231849811637,0.3016226603306518,0.016860000795571723,0.13515539657720563,0.0,0.04479374803019501,0.08885924194254136,0.0,0.0,0.04949680088369659,0.0
28079,28,079,2,10311.599999999999,2.4459762683157784,-21.93811976859138,0.22765623181659495,0.010366965359401065,0.08697001435276776,0.0,0.008446797781139688,0.5631230846813299,0.0,0.0,0.011065208115132473,0.0
28081,28,081,2,77187.6,3.887369198955957,-23.33480487947365,0.31679052075722003,0.006029465872756763,0.14361633215697855,0.0,0.06603651363690541,0.14499349636470107,0.0,0.0,0.038344241821225165,0.0
28083,28,083,2,489510.4999999999,1.4158849601970243,-25.550276432427022,0.2859995853000089,0.05303011886364032,0.1247021258992402,0.0,0.019992216714452504,0.08961401236541404,0.0,0.0,0.04668766042812157,0.0
28087,28,087,2,84728.9,8.64874852244872,-20.08294400977785,0.3187047158643627,0.016865555908314636,0.03762706703379839,0.0,0.023269510167133058,0.07958441570703739,0.0,0.0,0.032619330594401676,0.0
28089,28,089,2,60435.899999999994,2.124149644198706,-23.89166164764112,0.403725269252216,0.027654093014251466,0.1462921872595593,0.0,0.018427788781171458,0.14710958221851583,0.0,0.0,0.013566439814745873,0.0
28093,28,093,2,65098.5,0.09112130330552048,-24.02480946823176,0.37928677312073245,0.015971182131692744,0.1785724709478713,0.0,0.04696267963163513,0.07912778328225689,0.0,0.0,0.05975560112752214,0.0
28095,28,095,2,104092.09999999999,7.215404717983946,-18.584943846284297,0.4576303100811685,0.01307495957906508,0.04965122233099342,0.0,0.03897413924783918,0.10212206305761917,0.0,0.0,0.06440066056886162,0.0
28097,28,097,2,33495.3,2.7515576684504452,-24.34190763012322,0.4029281720121927,0.02378841210557899,0.11359504169241653,0.0,0.018719044164405153,0.13520702904586612,0.0,0.0,0.013476517600976852,0.0
28101,28,101,1,11345.599999999999,6.057530619146181,1.9125697579457046,0.2119323790720632,0.03012621633055987,0.027279297701311524,0.0,0.018306656324918912,0.5955700888450149,0.012445353264701736,0.0,0.05219644619940771,0.0
28103,28,103,2,154457.6,8.363273265863862,-20.58169405781857,0.30784176369437305,0.029848968260545287,0.032832958688986495,0.0,0.019516035468633463,0.06994152440540316,0.0,0.0,0.029757681072346068,0.0
28105,28,105,2,11588.5,7.159986908133941,-22.899568577241094,0.24828925227596327,0.00925055011433749,0.022392889502524053,0.0,0.01529965051559736,0.36410234283988435,0.0,0.0,0.039237174785347544,0.0
28107,28,107,2,148895.0,2.1327362334164235,-26.478322904148115,0.29262970549716244,0.01004197588904933,0.12117331005070686,0.0,0.04333926592565231,0.0805755733906444,0.0,0.0,0.04515531078948252,0.0
28109,28,109,1,11900.3,8.126086223189498,3.459931528227118,0.1268875574565347,0.0022520440661159807,0.01858776669495727,0.0,0.012335823466635297,0.6998815155920439,0.034209221616261776,0.0,0.053939816643277905,0.0
28115,28,115,2,53084.799999999996,4.3892695681981895,-22.23592328713916,0.28284179275423477,0.0038297215022002535,0.12619996684550006,0.0,0.05864578937850383,0.2325825848453795,0.0,0.0,0.035857721984447526,0.0
28117,28,117,2,35738.6,3.531344256458171,-21.409467784584052,0.3205917411426301,0.0068553328893689175,0.1390373433766292,0.0,0.062450683574622405,0.19421857599346368,0.0,0.0,0.03817720895614266,0.0
28119,28,119,2,253531.5,2.5502079548023975,-26.052170849756887,0.32999449772513473,0.015247809443796926,0.06406975070158935,0.0,0.008241973877013309,0.08238936779059013,0.0,0.0,0.06454898109307916,0.0
28121,28,121,2,39838.2,1.8379590628074958,-22.93417441200559,0.40406444066247976,0.007548031788584826,0.21211550722673214,0.0,0.017623788223363506,0.1703741634913224,0.0,0.0,0.010597868377587341,0.0
28123,28,123,0,20299.5,-7.293084303367795,-8.940851132110172,0.32491933298849723,0.009758861055691027,0.18838395034360453,0.0,0.013143180866523807,0.36024532623956257,0.0,0.0,0.01059139387669647,0.0
28125,28,125,2,258815.7,0.8660554981388362,-23.387991190074004,0.3127310282954241,0.03999873268893656,0.12880362358234063,0.0,0.017426686248168097,0.09241402279691688,0.0,0.0,0.05986460635888781,0.0
28133,28,133,2,633649.1,0.4018293446211789,-24.33289639711409,0.3125789967980701,0.031033264309852253,0.1252182004203904,0.0,0.01624069220645938,0.09198987262824172,0.0,0.0,0.06234807245840009,0.0
28135,28,135,2,325019.39999999997,1.4784575658940096,-25.167730114451448,0.35002587537851587,0.052695623707384856,0.07190739998904681,0.0,0.0081859728988485,0.1173914541716587,0.0,0.0,0.06320699625930022,0.0
28137,28,137,2,79961.00000000001,1.0107831476938554,-25.635455979616392,0.32626530433586365,0.027665987168744757,0.15256437513287727,0.0,0.04407773789722489,0.08001275621865657,0.0,0.0,0.05177398982003725,0.0
28139,28,139,2,29047.5,4.103641947524439,-21.662713329615517,0.27339013684482316,0.006998881142955504,0.09869351923573458,0.0,0.04487133143988296,0.34116189000774594,0.0,0.0,0.0309424218951717,0.0
28141,28,141,2,13509.400000000001,3.968111271254891,-22.372985258947118,0.2577760670348054,0.025382326380150113,0.09557789391090647,0.0,0.041645076761366154,0.3004204479843664,0.0,0.0,0.027617806860408305,0.0
28143,28,143,2,336599.8,2.2601187885984686,-25.656317964742993,0.32107208619850636,0.024603401428046005,0.05671839377206998,0.0,0.0069735632641492965,0.10118366083402308,0.0,0.0,0.054259093439746546,0.0
28145,28,145,2,43457.7,4.075768650915254,-21.852738506750956,0.3076969098686769,0.0036633323898871777,0.13849559456667057,0.0,0.06339037730942963,0.19544982822376702,0.0,0.0,0.03828550521541637,0.0
28149,28,149,2,52329.40000000001,1.6579147654245343,-23.37857896771254,0.37208337951514825,0.04657037917499531,0.17119630647398976,0.0,0.015583973827332244,0.08953093289814137,0.0,0.0,0.009115334783123825,0.0
28151,28,151,2,657164.9,0.7886365269665738,-24.857996536458195,0.3060711246142331,0.04140102430911937,0.12655864608715406,0.0,0.017590562125274798,0.09097549184382793,0.0,0.0,0.05711062778915915,0.0
28155,28,155,2,32929.600000000006,3.098214312320099,-24.588565910974392,0.4237707108498129,0.015933992517370387,0.1130077498663816,0.0,0.01995469122005733,0.08095755794179096,0.0,0.0,0.012687673096545355,0.0
28161,28,161,2,37780.899999999994,2.7081528454813952,-25.362024741590172,0.2737335531975152,0.007810825046518216,0.11814435336373673,0.0,0.04577445217027652,0.0834548674065467,0.0,0.0,0.045853857372375996,0.0
28163,28,163,2,284167.4,1.7121960590933547,-24.315415602626565,0.28590893958983327,0.06443948179840474,0.1270768568104575,0.0,0.020460475058011577,0.09267495145467072,0.0,0.0,0.04388891899633807,0.0
29001,29,001,0,67433.5,-15.630663134217912,3.6119146088526635,0.30658500596884336,0.1085988418219431,0.17716416914441635,0.0,0.05118079292933038,0.09155241830840755,0.0,0.0,0.01722289366561131,0.0
29003,29,003,0,173383.6,-15.477296517046732,3.1583740140323973,0.34722199792829306,0.1774527694660856,0.12411669846513741,0.0,0.08810925600806535,0.061947035359745675,0.0,0.0,0.03816450921540446,0.0
29005,29,005,0,388065.5,-16.13578248826751,1.7386474372585332,0.33129819579426667,0.20292038328581127,0.13227483504717633,0.0,0.09731140748146896,0.05387106042665478,0.0,0.0,0.03188224668258322,0.0
29007,29,007,0,324915.8,-15.582380537277427,2.257390558935564,0.32982545016278064,0.14269758503587698,0.1316476453284205,0.0,0.06693980409693835,0.043875982639194525,0.0,0.0,0.024186881647491443,0.0
29009,29,009,0,25726.9,-11.650167466308808,-7.8129648362409325,0.14625936276815318,0.05342268209539432,0.033377515363296785,0.0,0.020033505785772867,0.6303013577228503,0.0,0.0,0.03204039351806863,0.0
29011,29,011,0,182268.09999999998,-14.678912126605876,-7.383368350172932,0.2998061646552524,0.1746783995663531,0.1039847345750573,0.0,0.05239424781407169,0.09333832963639825,0.0,0.0,0.06487750736415204,0.0
29013,29,013,0,242598.7,-15.323918607376324,3.9630117921395986,0.342552536349123,0.17176431695635633,0.05914953377738628,0.0,0.10348695190864583,0.0816401736695209,0.0,0.0,0.029525714688495856,0.0
29015,29,015,0,36456.3,-15.391419734731755,4.284003453861388,0.2880380071482843,0.19824008470415264,0.13370254249608435,0.0,0.03373628152061509,0.0891423430243881,0.0,0.0,0.012656248714214002,0.0
29017,29,017,0,50694.299999999996,-15.491098904734681,-4.315877447255619,0.22351428069822446,0.20043279027425173,0.08525218811582368,0.0,0.061322476096918196,0.18147996914840525,0.0,0.0,0.008241557729369969,0.0
29019,29,019,0,74376.3,-15.610096969292783,4.217661767635962,0.29303286127435757,0.1712077637634569,0.14674701484209351,0.0,0.03364378168852175,0.0704216262438438,0.0,0.0,0.009868735067487895,0.0
29021,29,021,0,146088.90000000002,-13.83614010994236,1.6867112696844524,0.3457545371345803,0.17537403594660508,0.12426063855638585,0.0,0.08767127413513277,0.06205741846231985,0.0,0.0,0.039676525731934455,0.0
29023,29,023,0,367708.7,-2.7084858202279882,-7.661367540877639,0.3623428001567545,0.07428461714395117,0.09787720551621433,0.0003151951531198473,0.041943255625988725,0.019219561571428685,0.0,0.0,0.08326563934984405,0.0
29025,29,025,0,106254.3,-15.13253965406448,3.5449533430202753,0.36361446077946963,0.13149867817114225,0.10805397993304743,0.0,0.07452404279167996,0.09225885446518399,0.0,0.0,0.04971281162268256,0.0
29027,29,027,0,92958.8,-15.958768785346557,3.1541741722659538,0.2827123413813431,0.1994894512407647,0.14171546964891973,0.0,0.03458306260407837,0.06959642336174736,0.0,0.0,0.010357276556926294,0.0
29031,29,031,0,241326.19999999998,-10.512766650374619,2.9828262729516863,0.36369155110385865,0.14946450074629278,0.13530441369399593,0.03452961178686773,0.05023698214284235,0.017383524872144014,0.0,0.0,0.08406132446456291,0.0
29033,29,033,0,225915.3,-15.885757155311794,4.056673298972729,0.2803696783706106,0.1474349014874159,0.1813188394057419,0.0,0.06671482630879803,0.07466116726047328,0.0,0.0,0.014891421696538482,0.0
29037,29,037,0,127569.2,-15.305488863127,2.863517336968636,0.3663987859138413,0.1614441416893733,0.059625677671412844,0.0,0.09788099321779865,0.07494207065655346,0.0,0.0,0.0299343415181721,0.0
29039,29,039,0,18444.399999999998,-14.698390746283795,3.544627674677334,0.4175359458697491,0.11372557524235,0.04569950770965714,0.0,0.0701730606579775,0.15318470646917223,0.0,0.0,0.030291036845871925,0.0
29041,29,041,0,219394.59999999998,-16.101453283939996,2.0565168236355946,0.2870631273513569,0.13771214059051592,0.18350816291741,0.0,0.0641374035641716,0.07784375732128321,0.0,0.0,0.01557330946158201,0.0
29043,29,043,0,13204.499999999998,-8.373244019601142,-8.582391489079544,0.09901170055662845,0.008027566359953048,0.006285735923359462,0.0,0.006573516604187967,0.794986557612935,0.0,0.0,0.017448597069180963,0.0
29045,29,045,0,143254.8,-16.015573141176752,2.0561940192629917,0.33069048995216915,0.14155057980605187,0.13130310467781883,0.0,0.06636775870686358,0.04278111448970646,0.0,0.0,0.02420931096200616,0.0
29047,29,047,0,51276.399999999994,-15.13615149046257,3.7284351093249066,0.34793589253535745,0.149054925852829,0.11408952266539775,0.0,0.07694182898955466,0.09437870053279872,0.0,0.0,0.044819839146273924,0.0
29049,29,049,0,138963.90000000002,-15.224539363625755,3.6017570692763003,0.3456005480560059,0.16589704232538088,0.12166325211079998,0.0,0.08373973384454522,0.06977495594179495,0.0,0.0,0.04258947827457346,0.0
29051,29,051,0,17308.0,-15.061418899653429,4.115582853991658,0.306586549572452,0.12244048994684538,0.14362722440489947,0.0,0.02998613357984747,0.10908250519990756,0.0,0.0,0.012797550265773052,0.0
29053,29,053,0,129452.80000000002,-15.381204625276695,4.574996006872101,0.29095546793889354,0.20684527488011073,0.14278022568843624,0.0,0.03600849112572303,0.061596968161368455,0.0,0.0,0.010585325307756957,0.0
29057,29,057,0,67471.7,-13.815410897230539,-8.134654706303547,0.26088863923689487,0.13316249627621657,0.07936512641596402,0.0,0.04253190596946572,0.24452622358707427,0.0,0.0,0.056029416777700874,0.0
29061,29,061,0,166737.6,-15.291616443068335,2.324354917464138,0.3557601884637898,0.1513599811920047,0.11704198693036243,0.0,0.07905775302031455,0.07373741735517363,0.0,0.0,0.04641484584160981,0.0
29063,29,063,0,127306.90000000001,-15.193395925926765,3.5587890486740177,0.34637478408475897,0.1696223849610665,0.1206038321567802,0.0,0.08569606203591479,0.07577593987442942,0.0,0.0,0.03955716461558642,0.0
29069,29,069,2,686153.2,2.6675466871020266,-9.498261130648064,0.24372253893153892,0.05000545067777867,0.06340785119125,0.04416360661146811,0.0751300146964264,0.04370131918061448,0.0,0.0,0.07917342657587256,0.0
29071,29,071,0,61022.100000000006,-14.169552990851784,5.326529221926297,0.18362363799344827,0.10635491076183873,0.29009490004441013,0.0006325577126975308,0.04958531417306189,0.013365649494199642,0.0,0.0,0.0043492439624332815,0.0
29073,29,073,0,27148.300000000003,-13.653287361527031,5.7729162866982024,0.18574275368991797,0.11689129706095777,0.2623479186542067,0.019920215998791818,0.05690964075098624,0.014767038820110281,0.0,0.0,0.004184424070752127,0.0
29075,29,075,0,133630.09999999998,-15.469492918018304,1.6741738716261978,0.36035369276832097,0.14238932695552875,0.11382091310266176,0.0,0.07520311666308714,0.08007627024150997,0.0,0.0,0.048362606927630836,0.0
29077,29,077,0,19612.600000000002,-11.086513891450359,-8.509282372642275,0.15310565656771666,0.03242813293494998,0.023209569358473632,0.0,0.020471533605947195,0.6308342596086188,0.0,0.0,0.03407503339689791,0.0
29079,29,079,0,112001.1,-15.888006937835762,3.639617690360395,0.2887632353610812,0.12827641871374476,0.18329909259819768,0.0,0.06027172947408552,0.08060099409737939,0.0,0.0,0.01594091486601471,0.0
29081,29,081,0,195081.6,-15.13341065531781,3.8132718746666407,0.3490564973836589,0.16163697652674575,0.1186477863622197,0.0,0.08175604465003362,0.0759174622311894,0.0,0.0,0.041835826648951,0.0
29083,29,083,0,112214.49999999999,-15.20547773462393,2.432340753611605,0.3672475482223777,0.1326949725748455,0.06475455489263866,0.0,0.08476266436155756,0.08947150323710396,0.0,0.0,0.033119605755049485,0.0
29087,29,087,0,263423.1,-15.175313334585368,3.3325928446144832,0.33336901737167324,0.20212198550544733,0.13281750917060806,0.0,0.0969907346774068,0.051513325900424074,0.0,0.0,0.03268695873672431,0.0
29089,29,089,0,82128.8,-14.150202655425545,2.1216114285192016,0.29184403035232465,0.21458002552088914,0.14168355071546154,0.0,0.0364037950146599,0.05396645269381751,0.0,0.0,0.010774539503803781,0.0
29091,29,091,0,12808.0,-7.473478560207649,-1.6069733736470604,0.120315427857589,0.11893347907557776,0.03212054965646471,0.0,0.008322923173016864,0.6665755777638975,0.0,0.0,0.019323860087445348,0.0
29095,29,095,0,68578.1,-15.230249380238948,4.192881538629992,0.34310224401084305,0.18895974079188543,0.058136635456508705,0.0,0.11033405708236302,0.06434998928229274,0.0,0.0,0.028859067253248483,0.0
29097,29,097,0,110149.70000000001,-14.46031222712346,-7.5460981571069246,0.2930393818594149,0.1535437681627821,0.09300887791796073,0.0,0.05019441723400063,0.14542844873839872,0.0,0.0,0.06455215039169421,0.0
29099,29,099,0,13223.2,-13.53870564251234,6.6278679975293295,0.18968933389799747,0.09911367898844455,0.27860124629439165,0.011684009921955351,0.04620666706999818,0.015692116885474016,0.0,0.0,0.00416691874886563,0.0
29101,29,101,0,151843.8,-15.398303786264947,2.8972683323553543,0.34866421941495146,0.1697145355951313,0.0603152713512175,0.0,0.10209965767453134,0.07787805626571516,0.0,0.0,0.03016586781943023,0.0
29103,29,103,0,164338.5,-15.091034800706712,3.695823368240987,0.33816299893208224,0.12750085950644555,0.13266885118216362,0.0,0.06348299394238113,0.044450326612449305,0.0,0.0,0.02577058936280908,0.0
29107,29,107,0,271876.19999999995,-15.328363328458277,4.221535259959943,0.3267663738127869,0.2143221804630196,0.05540573246205443,0.0,0.12358235108479523,0.05963743792211309,0.0,0.0,0.02579298960335624,0.0
29109,29,109,0,52531.399999999994,-13.250991329006652,-7.835669594797165,0.2167237119132557,0.14487335193807896,0.08229934858008735,0.0,0.03270234564470013,0.3387973669081731,0.0,0.0,0.04133337394396495,0.0
29111,29,111,0,173616.5,-14.44299808163467,5.427395982100387,0.3214458303214268,0.1542278527674501,0.12968986242667027,0.0,0.06897501101565807,0.041286398470191485,0.0,0.0,0.022751293799840453,0.0
29113,29,113,0,156196.8,-12.802125295077662,7.76489743338435,0.17546646282126138,0.1146905698452209,0.2539315786238899,0.07459435788697336,0.05240760374092171,0.00954693053890989,0.0,0.0,0.0038003339376991084,0.0
29115,29,115,0,118317.1,-15.52960866255334,3.3288891517667536,0.2905691569519537,0.11433765702506231,0.18252898355351846,0.0,0.05309798837192595,0.09067328391246912,0.0,0.0,0.01688090732446958,0.0
29117,29,117,0,156018.8,-15.81211787650146,1.8478926590002056,0.29299225477955226,0.10973357056970058,0.1871716741828549,0.0,0.05007409363486965,0.08349057934043846,0.0,0.0,0.016487115655292827,0.0
29119,29,119,0,14732.900000000001,-10.913270335809464,-7.357035802547061,0.11578847341663895,0.04995622043182265,0.028724826748298023,0.0,0.011518438325109107,0.7207067176183914,0.0,0.0,0.02207304739732164,0.0
29121,29,121,0,126687.7,-15.794602415305391,3.5194655609710073,0.29938660185637594,0.1011376795063767,0.18436675383640244,0.0,0.051000215490533025,0.08799512502002957,0.0,0.0,0.017434210266663613,0.0
29125,29,125,0,10139.5,-14.805153429537118,5.035603296126204,0.2511169189802258,0.1729375215740421,0.09794368558607426,0.0,0.024537699097588638,0.21211105084077123,0.0,0.0,0.01956703979486168,0.0
29127,29,127,0,152162.40000000002,-15.256675491955694,4.233742101755518,0.3136543587640573,0.1703338012544492,0.12863230338112436,0.0,0.072379904628213,0.04197226121564854,0.0,0.0,0.02111428316062312,0.0
29129,29,129,0,56034.6,-15.515785696173644,4.362129526505317,0.30719948032108735,0.13135098671178164,0.17163324089044982,0.0,0.06052688874374047,0.08201004379436991,0.0,0.0,0.015681382574337998,0.0
29131,29,131,0,10648.599999999999,-15.518472913330012,1.700622377834323,0.30937400221625383,0.07951279980466917,0.0893544691320925,0.0,0.01753282121593449,0.21535225287831267,0.0,0.0,0.01875363897601563,0.0
29133,29,133,0,460475.30000000005,-2.1332563970482283,-7.606033269599732,0.366579271461466,0.10968232172279381,0.1260447628787038,0.05131089550297269,0.051665963407809275,0.013079746079757154,0.0,0.0,0.09254025134464323,0.0
29135,29,135,0,43311.2,-15.232493741819866,4.2106712660521115,0.29034753135447644,0.1758159552263618,0.13892711354107024,0.0,0.03273287279040987,0.09118888416852916,0.0,0.0,0.011375810413934503,0.0
29137,29,137,0,190794.7,-15.262700601929634,2.7200311432244644,0.3314007150093792,0.13916633952620278,0.1320241075878942,0.0,0.06619261436507408,0.04478059401021097,0.0,0.0,0.024528983247438213,0.0
29139,29,139,0,164100.4,-13.723572951607643,6.0768414142048695,0.17677104991822082,0.11179680244533226,0.25568737187721663,0.07738189547374656,0.05071346565882838,0.01143568205805714,0.0,0.0,0.003787924953260321,0.0
29141,29,141,0,20704.8,-13.818143645718969,2.8225123481264927,0.2779790193578301,0.17332695800007727,0.1294385842896333,0.0,0.030306981955874966,0.11224933348788686,0.0,0.0,0.012528495807735403,0.0
29143,29,143,2,831676.5999999999,-0.3480483355309332,-19.320859978834978,0.3014545557732417,0.0646854799088973,0.0851651952213156,0.0,0.07750861332397714,0.03210743214369625,0.0,0.0,0.09468319777182624,0.0
29145,29,145,0,31945.6,-13.13861660328195,-8.136209856221292,0.20112628969247723,0.08040856956826604,0.04941212561354302,0.0,0.03238004607833317,0.44680644595812885,0.0,0.0,0.04619415506360814,0.0
29147,29,147,0,401442.1,-15.45746953371155,3.039693122421333,0.34327266622011,0.18471007400569098,0.12574366266019435,0.0,0.0904862743593659,0.06199050871844283,0.0,0.0,0.03559143398263411,0.0
29151,29,151,0,26996.5,-15.421022175650958,3.23656017341776,0.28414794510399494,0.18719093215787233,0.12915748337747487,0.0,0.031863389698664646,0.10877335950956606,0.0,0.0,0.013838830959568834,0.0
29155,29,155,2,533179.0,-0.3983457094831415,-17.912039009602164,0.3267729974361331,0.03849063822843736,0.08317638166544444,0.0,0.06625410978301846,0.02848893148454834,0.0,0.0,0.09698900369294365,0.0
29157,29,157,0,104409.7,-13.51585644930445,6.095687727235542,0.17950439470662208,0.10036998478110751,0.2694625116248778,0.06227199197009474,0.045345403731645625,0.014588682852263727,0.0,0.0,0.003934500338570075,0.0
29159,29,159,0,157572.6,-15.341118096046142,4.794015409523892,0.29067680548521757,0.19959180720505976,0.1444642025326738,0.0,0.03557407823441385,0.06021986055951352,0.0,0.0,0.010461844254648333,0.0
29163,29,163,0,179345.40000000002,-15.313878565425387,3.147952168804357,0.3240568199686192,0.15184666013179038,0.12985724752349376,0.0,0.06843777426128575,0.04625934091423588,0.0,0.0,0.022947898301266718,0.0
29165,29,165,0,125814.09999999999,-13.55296527332321,0.04148785666527166,0.3439407824719169,0.17549940745910036,0.12442564068733156,0.0,0.08779063713844473,0.06539648576749346,0.0,0.0,0.039675203335715156,0.0
29167,29,167,0,12604.7,-14.509643337215312,5.846091765102056,0.2849571985053194,0.11206137393194601,0.09367140828421144,0.0,0.02112703991368299,0.2329051861607178,0.0,0.0,0.021603052829500105,0.0
29171,29,171,0,48359.3,-16.613470500903254,1.9489602854824108,0.2906452326646581,0.14663363613617236,0.16920633673357555,0.0,0.06581774343301082,0.09660189456836638,0.0,0.0,0.01704325744996309,0.0
29173,29,173,0,155477.2,-15.225398892030501,3.8286846608013354,0.32756764335864036,0.14673855716465178,0.1307490744623649,0.0,0.06740473844396477,0.04341729848492254,0.0,0.0,0.023647197145304905,0.0
29175,29,175,0,82543.0,-15.713068435122434,3.9263402079834,0.28610542383969567,0.12579746314042378,0.18101595532025733,0.0,0.05686369528609331,0.09003549665023079,0.0,0.0,0.016519874489659934,0.0
29177,29,177,0,158766.7,-13.81924600437815,-0.1769727737080551,0.35703582678231643,0.14593992317028698,0.11571822050845675,0.0,0.07690844490689798,0.07637747714098737,0.0,0.0,0.04835207886792381,0.0
29181,29,181,0,19862.6,-15.430001513324243,-6.897275618855557,0.248139719875545,0.0651525983506691,0.04240633149738705,0.0,0.04192804567377886,0.23278926223153065,0.0,0.0,0.01688600686717751,0.0
29183,29,183,0,113367.0,-14.442041795213147,5.491467734245819,0.19593973554914568,0.13267617560665804,0.27250875475226477,0.0001702435452997786,0.05873843358296506,0.008046433265412333,0.0,0.0,0.003960588178217647,0.0
29185,29,185,0,61837.6,-15.333716364641749,3.3805391457106158,0.3527611032769707,0.14276103859140718,0.06157903929001126,0.0,0.08826991991927241,0.1037135981991539,0.0,0.0,0.03212285082215351,0.0
29186,29,186,0,39720.2,-13.477851294941342,6.17417475071881,0.1754548063705621,0.09355944834114632,0.28103332813027126,0.05232602051349188,0.042741476629019996,0.011550797830826633,0.0,0.0,0.00411377586215578,0.0
29189,29,189,0,13271.699999999997,-13.502115175399148,6.7330709755432006,0.16853153702992082,0.06555301882953957,0.3164929888409172,0.014557291078008095,0.03159354114393786,0.016192349133871325,0.0,0.0,0.004648989956071944,0.0
29195,29,195,0,290779.30000000005,-15.445833904796093,3.9979193811123444,0.2873261611125688,0.2444231759275849,0.13992570998004325,0.0,0.038369306205771864,0.04331876443749606,0.0,0.0,0.010905177913283371,0.0
29197,29,197,0,35634.9,-16.675351617627605,1.6993052891895364,0.30690138038832715,0.10652197705058805,0.1784514619095325,0.0,0.05283864975066578,0.09002410558188742,0.0,0.0,0.017536179419613915,0.0
29199,29,199,0,125845.09999999998,-14.965403042173541,2.8599409776657874,0.32260453525802757,0.15706292894995516,0.12983898459296392,0.0,0.06962448279670802,0.04279785228030333,0.0,0.0,0.02253564103806982,0.0
29201,29,201,2,391708.89999999997,-0.9866822435438145,-7.212823629747487,0.34487319537544336,0.1559913496987176,0.12773133314050308,0.051442538068448285,0.049981504122066166,0.015343281707410786,0.0,0.0,0.07734825529876907,0.0
29205,29,205,0,194937.8,-14.974903302247544,4.279942950450305,0.3454943063890123,0.11369113635221081,0.1341751061107697,0.0,0.06060189455303179,0.04377755366070613,0.0,0.0,0.027286652460425838,0.0
29207,29,207,2,800252.0,1.1996000353265632,-10.498304535784985,0.30129384243963153,0.08757029035853707,0.09123401128644476,0.04705830163498498,0.06393586020403573,0.02696225688907994,0.0,0.0,0.08314930796799008,0.0
29209,29,209,0,13833.6,-12.40032416227675,-8.056577206465136,0.16736062919269024,0.10704371963913949,0.0589940434883183,0.0,0.021592354846171637,0.5040047420772611,0.0,0.0,0.029883761276891047,0.0
29211,29,211,0,58196.2,-15.460664094087772,4.065046303703749,0.30247507569222737,0.09500448482890635,0.1786302198425327,0.0,0.0487987188166925,0.10136056993411942,0.0,0.0,0.018795041600654337,0.0
29215,29,215,0,14837.600000000002,-11.686617175032147,-2.210957728141856,0.11994527416832909,0.12624683237181214,0.03534938264948509,0.0,0.010432954116568716,0.6487369925055264,0.0,0.0,0.018850757534911302,0.0
29217,29,217,0,196602.1,-14.94416302183101,3.650097576487445,0.3371271212260703,0.18043957821406792,0.05624100658131322,0.0,0.10560314462561692,0.08821014628022793,0.0,0.0,0.028659409029710262,0.0
29219,29,219,0,61111.0,-13.531135686512076,6.662515788953046,0.1828181505784556,0.11179002143640261,0.28684197607632017,0.0037930978056323742,0.05200209454926282,0.010196200356727922,0.0,0.0,0.004303644188443979,0.0
29225,29,225,0,10306.300000000001,-13.039829331325912,-3.554210811239555,0.16459835246402685,0.04865955774623288,0.025857970367639208,0.0,0.017794940958442893,0.5866799918496453,0.0,0.0,0.015718541086519894,0.0
29227,29,227,0,51266.6,-16.20189564921096,1.0916084797445273,0.37706811062173035,0.13002812747480816,0.10628167266797486,0.0,0.06920880261222706,0.09093444854934792,0.0,0.0,0.04729394966703468,0.0
29229,29,229,0,10798.300000000001,-12.30494801018078,-3.7549670679686935,0.15654315957141401,0.09283868757119175,0.02665234342442792,0.0,0.00921441337988387,0.6215978441050906,0.0,0.0,0.01767870868562644,0.0
30001,30,001,1,48759.0,13.158784652757042,6.825687525223649,0.06914825980844562,0.0,0.001886831149121188,0.2158145162944277,0.0,0.024102217026600217,0.047593264833159,0.0,0.01869808650710638,0.4622592752107303
30003,30,003,0,99519.1,-1.103037100502057,-5.950989826329792,0.6643578971272851,0.01949876958292428,0.0,0.0,0.007946213339951828,0.1948641014639401,0.0,0.0,0.06911738550690269,0.0
30005,30,005,1,361104.9,9.555125081747558,0.7825726175527421,0.6507142384387473,0.00041373019308239795,0.0,0.0,0.0,0.17398046938715037,0.05762231418072698,0.0,0.046920160872920856,0.0
30007,30,007,1,90770.59999999999,7.411482158059485,0.6253950596400044,0.3074101085593794,0.0002126239112664233,0.00046270488462123204,0.0,0.00017076013599116895,0.14074601247540505,0.4760704457170053,0.0,0.037739091732345055,0.0
30009,30,009,0,22852.9,-1.1111334631432683,-1.7040779991657353,0.6359105408941534,0.07050746294780968,9.626786972331739e-05,0.0,0.012584836060193673,0.13412302158588188,0.0,0.0,0.04850150309151136,0.0
30011,30,011,0,23837.999999999996,-8.010523230343988,-5.729086427164408,0.7040481584025506,0.005159828844701737,0.01813071566406578,0.0,0.009350616662471686,0.1693850155214364,0.0,0.0,0.0445800822216629,0.0
30013,30,013,1,202557.40000000002,5.055962887488217,-0.002576508427282631,0.6022322561407285,0.0003534800505930664,0.0009839186324469013,0.0,6.516671323782788e-05,0.28126990176611666,0.0011853430188183693,0.0,0.0644809816871662,0.0
30015,30,015,1,769223.6000000001,9.53126918053723,0.8140268058313476,0.6313455541405646,0.0003807735488094748,0.0,0.0,0.0,0.17722961177998178,0.06055482437096313,0.0,0.04306654138016566,0.0
30017,30,017,0,26624.4,-9.391222544338977,-2.448019799912638,0.6203482519793874,0.021893451120025238,0.03755953185799492,0.0,0.09330538904163098,0.13774207118282478,0.0,0.0,0.04163098511140157,0.0
30019,30,019,0,181128.6,-6.909357998245881,-2.493803557510919,0.6216665948944562,0.013409257290124255,0.04973648556881685,0.0,0.0007751398729963131,0.14911946539640894,0.0,0.0,0.012962613303476095,0.0
30021,30,021,0,119606.69999999998,-7.082773188610311,-2.652146813678482,0.6608066270535012,0.012312855383519488,0.03928793286663708,0.0,0.006678555632753015,0.1423766394357507,0.0,0.0,0.016649568962273854,0.0
30025,30,025,0,19218.4,-8.16993828215098,-5.60335015532881,0.5056716480039962,0.020220205636265247,0.05146630312617075,0.0,0.05543125338217541,0.24941722515922238,0.0,0.0,0.04348957249302751,0.0
30027,30,027,1,200166.4,5.224275884417661,-0.6251031250234016,0.6063320317495844,0.0003327231743189666,0.00013688611075585112,0.0,3.197339813275355e-05,0.27879654127765696,0.011873621147205525,0.0,0.0607094897045658,0.0
30029,30,029,1,14591.800000000001,10.91984018200382,3.062735108682046,0.5667840842116805,0.00019874175907016268,8.223796927041213e-05,0.009498485450732602,0.0,0.127304376430598,0.010752614482106388,0.015385353417672939,0.023424114913855727,0.02034019106621527
30031,30,031,1,231969.5,4.329133456619829,4.139122496781099,0.06539049314672835,0.0015644298065047343,0.0019028363642634052,0.21770405161023323,0.00015217517820230675,0.05135244073035464,0.048009328812624076,0.0,0.014095818631328689,0.46630526858056776
30033,30,033,0,71671.4,-4.878741468504579,-1.9179869873455466,0.7273263812343558,0.008794302887902287,0.02049353019474993,0.0,0.0049475802063305594,0.13428647968366741,0.0,0.0,0.024627675753508375,0.0
30035,30,035,1,232651.1,9.107900654912822,1.032017342025651,0.6535271056100744,0.0003013095575305683,0.0,0.0,0.0,0.14846781296112505,0.06367990523148181,0.0,0.03451133478414673,0.0
30037,30,037,0,42986.899999999994,0.9316948764886472,-0.871545421339166,0.6061567593848359,0.0003559223856570258,0.0010538094163570764,0.0,0.0004559528600573664,0.276300454324457,0.0,0.0,0.06517566979707771,0.0
30041,30,041,1,683373.9,9.609627107618891,0.8115680191486386,0.6377041909268119,0.0003627589523100019,0.0,0.0,0.0,0.16794144464692023,0.06529309942917047,0.0,0.04169942691694839,0.0
30045,30,045,1,71915.1,4.350432007835392,-0.434178456883608,0.6158901259957923,0.000253076196793163,0.0008037255041013639,0.0,0.000276715182207909,0.26118854037608236,0.018927874674442503,0.0,0.04872968263966816,0.0
30047,30,047,1,104239.2,13.536599401261673,6.163036677668956,0.046244598960851584,1.9186639958863847e-06,0.0015752231406227215,0.18026807573350526,0.0,0.017943345689529468,0.20412474385835655,0.04010487417401515,0.0008518868141735547,0.38611961718815957
30049,30,049,1,22319.999999999996,5.545335834112805,-0.5106257124728342,0.5938754480286739,0.00041666666666666675,9.856630824372763e-05,0.0,2.2401433691756276e-05,0.2787589605734767,0.011832437275985666,0.0,0.07239247311827958,0.0
30051,30,051,1,366437.5,8.53049170007249,0.6282568717748482,0.6840448916936722,0.00039570185911649326,0.0,0.0,0.0,0.1752252430496333,0.0038833361760191028,0.0,0.045176326112911475,0.0
30055,30,055,0,157642.3,-6.86189390013482,-2.520817549535381,0.6595304686622816,0.013117672096892777,0.041762268122198166,0.0,0.005790958391243974,0.1344023780419342,0.0,0.0,0.016276088334159045,0.0
30057,30,057,1,52818.3,6.051372594160583,4.659853758208039,0.08119723656384245,0.00013631639034198374,0.0018421645528159745,0.21079247154868672,1.3252982394359529e-05,0.03159511002815312,0.04648388910661645,0.0,0.010981042555326467,0.4514988176446421
30059,30,059,1,16692.3,3.7752972189346483,-0.49080709751640317,0.6102753964402748,0.0003654379564230214,9.585257873390726e-05,0.0,0.0,0.27886510546779053,0.0,0.0,0.06464058278367871,0.0
30065,30,065,0,31743.300000000003,0.24106531101529427,-3.7986661290270796,0.6111179366984529,0.0003748822586183541,0.0,0.0,0.0013703679201595297,0.28009060179628453,0.0,0.0,0.06824432242394458,0.0
30067,30,067,1,10995.9,4.61635194022206,1.5484545832180692,0.5810256550168699,0.0,1.8188597568184506e-05,0.0,0.0,0.16333360616229686,0.0,0.0,0.05232859520366682,0.0
30069,30,069,0,53941.2,1.847688714932655,-3.1926183925910943,0.5822914581062342,0.0005023989084410432,0.0,0.0,5.376224481472418e-05,0.2996188442229687,0.0,0.0,0.08676484764892142,0.0
30071,30,071,1,236487.6,9.343506747801367,0.9372229581858295,0.6450037972392633,0.00040890093180361253,0.0,0.0,0.0,0.16806124295734745,0.06585630705373136,0.0,0.04620115388713827,0.0
30073,30,073,1,295659.0,8.675181285287291,0.7135331679358874,0.6845085047301114,0.0003676532762405339,0.0,0.0,0.0,0.1745602197125743,0.00855647891658972,0.0,0.0418627540511197,0.0
30075,30,075,0,13018.100000000002,-4.735430364189952,-4.4824881851701495,0.8065846782556594,0.0007374348023137015,0.00384848787457463,0.0,0.0004993048140665688,0.0993539763867231,0.0,0.0,0.042448590808182446,0.0
30079,30,079,0,26803.4,-5.9310665369417634,-2.4209223866301226,0.6608452658991024,0.009095860972861651,0.025500496205705245,0.0,0.022269562816657585,0.18055918279024302,0.0,0.0,0.04531514658588089,0.0
30083,30,083,0,151321.8,-6.944505029334977,-2.759513738889459,0.6875645148286632,0.01415922887515216,0.034015587972122986,0.0,0.010441985226186841,0.12752293456726,0.0,0.0,0.01598249558226244,0.0
30085,30,085,0,200204.80000000005,-7.071904132855401,-2.589360715585938,0.6642178409308866,0.01078995109008375,0.04407936273256184,0.0,0.0017801770986509808,0.1288325754427466,0.0,0.0,0.0147184283293907,0.0
30087,30,087,0,35635.6,-8.59374390824189,-8.002612118628033,0.7204565097823525,0.009484897125346564,0.01885754694743459,0.0,0.039118185185600916,0.12281258067774922,0.0,0.0,0.045412452715823504,0.0
30091,30,091,0,244058.80000000002,-2.2798996975718318,1.5736759873226722,0.6222295610729873,0.011191565311310225,0.05561282772839987,0.0,0.0012230659169019924,0.12396479864688345,0.013102580197886739,0.0,0.010923187363045298,0.0
30095,30,095,0,46985.6,-0.5208822075355393,-4.612747202084984,0.6301526425117483,0.011158737996322277,0.0,0.0,0.0002639106449635633,0.2025897296192876,0.0,0.0,0.0736204283865695,0.0
30099,30,099,1,269395.3,8.62274994868937,0.7706304801110067,0.6772664556508595,0.0003745425402744592,0.0,0.0,0.0,0.17748750627794918,0.00997753115960078,0.0,0.04223162022500022,0.0
30101,30,101,1,428694.29999999993,4.574853523007571,-0.2645463653270861,0.6974785995521752,0.0003844231192250516,0.0,0.0,0.0,0.16988376099239016,0.0,0.0,0.04378994542264734,0.0
30103,30,103,0,19515.4,-0.9990672912853817,-6.133404688592995,0.6737345890937413,0.059588837533435135,0.0,0.0,0.01473707943470285,0.17463644096457154,0.0,0.0,0.03506461563688164,0.0
30105,30,105,0,220909.2,-6.905226750006175,-2.6818847288564385,0.66092810982974,0.012160652430953533,0.040465041745658396,0.0,0.0018279003319010706,0.13592190818671201,0.0,0.0,0.016355588630985036,0.0
30107,30,107,1,27998.299999999996,4.206681078294427,-0.5740182218214547,0.6272630838300898,0.0002285853069650658,0.0005357468131993729,0.0,0.00020001214359443255,0.2656732730201477,0.007718325755492299,0.0,0.04506702192633125,0.0
30109,30,109,0,24213.600000000002,-7.646848971766158,-1.0510654837091584,0.46641556811048335,0.013100075990352528,0.0584919218951333,0.0,0.009341857468530081,0.30751726302573756,0.0,0.0,0.055472957346284726,0.0
30111,30,111,0,111946.29999999999,-1.1637618273447146,-3.293071636003834,0.6679318566133942,0.031790242285810254,3.573141765292824e-06,0.0,0.0056875484049048524,0.17805501387718933,0.0,0.0,0.06185287052810143,0.0
31001,31,001,0,325448.60000000003,-11.781562648370752,-11.160614704840988,0.3368150915382644,0.10325317116128321,0.1486363745304174,0.0,0.09375704796394882,0.060820356885849254,0.0,0.0,0.04977007121861946,0.0
31003,31,003,0,390136.0,-15.790932518083562,-5.78861401169346,0.4297478315254168,0.159074015215207,0.04252106957573769,0.0,0.14794917669735683,0.08109736092029446,0.0,0.0,0.018447413209752496,0.0
31007,31,007,0,71870.6,-11.030720492328022,-5.858318663928941,0.5402779439715265,0.07858289759651373,0.09083825653326952,0.0,0.021931081694044573,0.09452404738516165,0.0,0.0,0.05691896269128127,0.0
31011,31,011,0,326048.10000000003,-15.630101236795742,-0.341453340340538,0.441352671584346,0.14894397483070748,0.04038821265942049,0.0,0.14044369527072845,0.082567572085223,0.0,0.0,0.020635298902217186,0.0
31013,31,013,0,260921.30000000002,-8.542151132400836,0.9694744871719784,0.551814282697503,0.07646405257064103,0.12119516497886527,0.0,0.02412068313318997,0.05350732193960401,0.0,0.0,0.04323372603156584,0.0
31015,31,015,0,59339.7,-14.453481261220489,-9.961445080623246,0.44951356343223847,0.0344895575811809,0.05725340707822925,0.0,0.1773163666145936,0.03236281949521147,0.0,0.0,0.04856108136711173,0.0
31017,31,017,0,46879.7,-14.491696241317506,-9.947427003636033,0.4444119736261111,0.03992346367404229,0.06528625396493579,0.0,0.20389848911149178,0.02941785037020288,0.0,0.0,0.04870764957966882,0.0
31019,31,019,0,305917.1,-13.218840083252555,-8.869842899524844,0.3563167930135321,0.179686588294672,0.05615540942301036,0.0,0.1494865765921552,0.04702810009639867,0.0,0.0,0.05009886665374378,0.0
31021,31,021,0,310564.10000000003,-12.122691017691537,5.527276182347503,0.4071890472852464,0.1247275522186885,0.03439708581899839,0.09058323225382457,0.11942945111814275,0.07261785892187796,0.0,0.0,0.020639539470273607,0.0
31023,31,023,0,371166.1,-14.19687674178721,1.6863981014336746,0.39055614184592835,0.1663740303869346,0.09559601483001816,0.0,0.1384008399473982,0.07952773704279567,0.0,0.0,0.01874120508311508,0.0
31025,31,025,0,335990.9,-13.073585251038487,4.321033323188176,0.4040258233184291,0.1520621540642916,0.0922432720648089,0.0,0.12703617865841008,0.07637379464741456,0.0,0.0,0.020272572858372053,0.0
31027,31,027,0,353799.1,-13.978524985113982,1.6934585090992194,0.442098354687731,0.1487530635323832,0.040382239525199475,0.00010910146464476593,0.1403265299431231,0.08162824608655025,0.0,0.0,0.020724473295720653,0.0
31029,31,029,0,288633.4,-10.663265796889512,-9.103312447741867,0.36444257663873963,0.2444342893095532,0.04964602156230013,0.0,0.05561102769118196,0.05515543246207819,0.0,0.0,0.062161551643018446,0.0
31031,31,031,0,27166.2,-10.503863075786835,-1.7965946220578006,0.3814040977391022,0.04335534598140336,0.06449190538242375,0.021508344928624537,0.18049267103974792,0.03332817987057446,0.0,0.0,0.04389645957108466,0.0
31033,31,033,0,185282.2,-11.942266946296257,-6.426539563965535,0.5331828961443679,0.07424782305046032,0.07804419420753855,0.0,0.021914139620535594,0.12172189233504352,0.0,0.0,0.05580244621447716,0.0
31035,31,035,0,461339.3,-16.071064079795505,-5.28196654907282,0.3437272740475394,0.13934256197119993,0.12496550803280795,0.0,0.1482811024337185,0.12075689194482239,0.0,0.0,0.028964582033223704,0.0
31037,31,037,0,265156.89999999997,-15.096633175028863,-0.28023706360863043,0.3851168873976125,0.17381369294934437,0.09750905973029556,0.0,0.14321445151908174,0.07429374834296223,0.0,0.0,0.017864894332374533,0.0
31039,31,039,0,322721.0,-13.093577201441242,-0.47707873582943616,0.45027376588446366,0.14320760037307767,0.03926084760520697,0.0004787416994865534,0.13635400237356726,0.08021293935008877,0.0,0.0,0.02214761357333424,0.0
31041,31,041,0,351408.3,-13.311545775105603,-9.062794232906498,0.3386197764822288,0.18258646708117027,0.05687230495124902,0.0,0.15054026896917347,0.058905836885469125,0.0,0.0,0.04757798834005913,0.0
31043,31,043,0,131691.7,-13.406288772171571,-0.27705023788705896,0.44243410936300465,0.14594693515232926,0.03967068539627023,0.000880085836844691,0.13807779837301817,0.08019563875323957,0.0,0.0,0.02115395275480535,0.0
31045,31,045,0,43593.1,-8.350997971185684,0.8125500209056034,0.5354907083919245,0.06319348704267419,0.06626966194191283,0.0,0.016208987202103085,0.08575439691143782,0.0,0.0,0.051856830553459146,0.0
31047,31,047,0,290997.2,-12.335719604372294,-7.478322856738935,0.3407407356496901,0.1919915380629092,0.05768096737700569,0.0,0.1579692175732275,0.04999154631041123,0.0,0.0,0.0461629871352714,0.0
31049,31,049,0,119826.3,-11.598872671797949,-6.16375432044498,0.5743864243492456,0.08401494496617187,0.09804525383826422,0.0,0.025911673814513175,0.07544921273543453,0.0,0.0,0.05513814579937793,0.0
31051,31,051,0,249030.1,-11.670925954429563,6.444961899828041,0.41270794173073855,0.1281788827936864,0.03523790899172429,0.07983010889045139,0.12254020698702688,0.07579525527235462,0.0,0.0,0.020663365593155205,0.0
31053,31,053,0,356865.0,-13.83605265596304,2.034958927079055,0.39309150519103864,0.16957476917041459,0.09699886511706107,0.0,0.13982542418001206,0.07178961231838371,0.0,0.0,0.018412284757541367,0.0
31055,31,055,0,62804.3,-12.96873231809683,5.031375914895277,0.4048289687171101,0.15380316315921042,0.09281370861549289,0.0,0.12804378044178502,0.07841182848945057,0.0,0.0,0.020508149919671103,0.0
31057,31,057,0,180081.09999999998,-10.390125262982249,-9.381590565319438,0.3691969895785843,0.2412474157476826,0.04588432656175468,0.0,0.05593091112837495,0.0663195637965339,0.0,0.0,0.06222418676918345,0.0
31059,31,059,0,516724.4,-14.568888972254346,-0.8056620694384216,0.35188274445719997,0.13459573420570034,0.12621776715014812,0.0,0.1435980185955995,0.11514203703173297,0.0,0.0,0.030689667451353177,0.0
31061,31,061,0,183143.3,-11.71843053821527,-11.552935437524223,0.3327405370548636,0.10658757377419759,0.14373389580727225,0.0,0.10070911685002946,0.06256685338748402,0.0,0.0,0.04827476626226568,0.0
31063,31,063,0,225722.2,-10.470498999487841,-8.87738449935507,0.3849218198298616,0.2335184576439535,0.04344942588721889,0.0,0.06829456739301673,0.049320802295919494,0.0,0.0,0.0675520617821375,0.0
31065,31,065,0,251501.7,-11.731234334137,-11.747508312476064,0.2967296046110225,0.11432049962286536,0.12503096400541228,0.0,0.11350261250719179,0.07327465380949712,0.0,0.0,0.05244616636786152,0.0
31067,31,067,0,607608.0,-15.277013110173108,-2.9292951897680153,0.3609373148477308,0.11894198233071324,0.12267926031256994,0.0,0.13275467077457836,0.12342464220352596,0.0,0.0,0.03585008755645087,0.0
31069,31,069,0,92443.19999999998,-11.796950032562073,-6.253432421523031,0.5894592571438463,0.0838006473164062,0.10280042231337733,0.0,0.029000510583796327,0.058068089378126256,0.0,0.0,0.04950174810045521,0.0
31071,31,071,0,12077.3,-13.564263559405223,-9.366798258935635,0.43147061015293153,0.043304380946072384,0.06958508938256068,0.0,0.2179709040928022,0.023366149718894124,0.0,0.0,0.04620237967095295,0.0
31073,31,073,0,149150.40000000002,-11.64510847149117,-11.416709652080279,0.32913957991396603,0.1066225769424688,0.14681355195829174,0.0,0.09126425406837661,0.07064010555787982,0.0,0.0,0.05014669756165588,0.0
31077,31,077,0,119156.89999999998,-13.411576934065184,-8.997610609940889,0.37144470861527956,0.16852989629639578,0.05519025755117833,0.0,0.14182980591136563,0.04691797117917637,0.0,0.0,0.053382556948024,0.0
31079,31,079,0,249869.5,-12.527664977242996,-7.482994864254697,0.3304424909802917,0.20143995165476378,0.06230132128971323,0.0,0.16409845939580459,0.049307338430660805,0.0,0.0,0.043530723037425535,0.0
31081,31,081,0,412922.60000000003,-14.103029003057856,-3.303619254539063,0.3631176883997146,0.19736822348788852,0.10324428839690537,0.0,0.16011451056444959,0.06619497213279195,0.0,0.0,0.014522576385986138,0.0
31083,31,083,0,212664.2,-11.864119859597853,-11.625274607151304,0.3166381553641845,0.10580248109460831,0.13328712590083333,0.0,0.10633806724404013,0.06497943706557097,0.0,0.0,0.04856717773842518,0.0
31085,31,085,0,152895.19999999998,-10.456915710740372,-9.4193945885728,0.36611090472428176,0.23766606145909097,0.048035517138536724,0.0,0.05827259456150358,0.06507136914697127,0.0,0.0,0.06171416761284854,0.0
31087,31,087,0,166948.9,-10.315547706477926,-9.11595662144406,0.3904164687518157,0.22178403092203663,0.03864356099381308,0.0,0.05336423300782455,0.09184367192596059,0.0,0.0,0.06516065694353182,0.0
31089,31,089,0,224596.90000000002,-10.374176002705667,-1.491512315412904,0.442674409130313,0.0340320814757461,0.05825547903822358,0.024558664879167965,0.17850602568423696,0.029254633523436876,0.0,0.0,0.048172971220885055,0.0
31093,31,093,0,150547.1,-12.570623571314865,-7.6105996003174115,0.3566837222370939,0.17803996224437402,0.055944617996626964,0.0,0.1482140805103519,0.04751270532610724,0.0,0.0,0.05043537869543817,0.0
31095,31,095,0,361866.5,-16.164872915831303,-5.3928416081305155,0.3524741859221564,0.12432264384793838,0.12078238798009763,0.0,0.13935940464231975,0.12834235830064403,0.0,0.0,0.03360603979644427,0.0
31097,31,097,0,202925.6,-16.207124428579583,-5.404264419973449,0.3630005282724309,0.11489531138505935,0.12365221539322786,0.0,0.12332549466405422,0.13282257142519227,0.0,0.0,0.03659567841612887,0.0
31099,31,099,0,302119.5,-11.634789075291174,-11.311591673637327,0.3301726634659464,0.09776661221801307,0.14433858125675436,0.0,0.08924018476132789,0.06006034036200908,0.0,0.0,0.050170214104021754,0.0
31101,31,101,0,208239.6,-10.3088324932355,-9.203001145291704,0.39147405200547825,0.2131438977024543,0.04337263421558627,0.0,0.05276854162224668,0.06777385281185712,0.0,0.0,0.0669997445250567,0.0
31103,31,103,0,21813.0,-10.411270947056938,-1.475834939133506,0.40246641910787145,0.037986521798927246,0.06070691789299959,0.030261770503827994,0.18877275019483794,0.029725393114197956,0.0,0.0,0.04269013890799065,0.0
31105,31,105,0,145442.6,-11.744179588823197,-6.215940612591141,0.553262936718678,0.07595298763910985,0.09096165772614076,0.0,0.02309983457391438,0.09862103675264332,0.0,0.0,0.05277889696691341,0.0
31107,31,107,0,272711.3,-15.830276855379658,-1.0926798528998733,0.4354546364598753,0.14623486448856357,0.0397060921201285,0.0,0.13777353560340186,0.09397667056700622,0.0,0.0,0.02015501374530502,0.0
31109,31,109,0,365092.0,-14.206743474479921,2.6748118903025158,0.4017055974932346,0.15543205548190592,0.09310146483626044,0.0,0.1304054868361947,0.08336830168834157,0.0,0.0,0.019976608635631568,0.0
31111,31,111,0,349117.9,-9.923222671249317,-9.19562677389695,0.3880981181428967,0.22573434361285968,0.04325702004967376,0.0,0.06698396157859565,0.03960839590293136,0.0,0.0,0.06923048059122719,0.0
31113,31,113,0,26681.3,-12.045836749749139,-4.8634180151473405,0.45334372762946334,0.035998995551191286,0.060765404984015024,0.00024361631554684367,0.18899004171460912,0.030238406674337456,0.0,0.0,0.04920299985383021,0.0
31119,31,119,0,287289.69999999995,-13.92978265685165,4.200858899302613,0.4421578636477396,0.14362784325369135,0.03915420566765882,0.0005377846821518489,0.1361789162646625,0.08098201919525831,0.0,0.0,0.021373199248006458,0.0
31121,31,121,0,267102.1,-13.142594994995761,4.343818912253088,0.36653100069224465,0.1840670664888071,0.09908982370411915,0.0,0.15118263765054638,0.07161493676013779,0.0,0.0,0.01573405824963563,0.0
31123,31,123,0,182988.5,-9.407170400388814,-0.17885880862871462,0.5839498110537001,0.09226372149069477,0.1242996144566462,0.0,0.03074564795055427,0.03396497594111105,0.0,0.0,0.04793853165636092,0.0
31125,31,125,0,192588.1,-15.236069162485386,-5.113644043351905,0.36683159551394917,0.17996127486589256,0.0976337582643995,0.0,0.1485439650736468,0.09027556738967776,0.0,0.0,0.015959968450802515,0.0
31127,31,127,0,276216.4,-16.258189976017093,-5.444033622009229,0.3745896333454494,0.10919264750391358,0.12648669666247186,0.0,0.11537910131331809,0.12304446803303497,0.0,0.0,0.04013737055439141,0.0
31129,31,129,0,368223.3,-16.026086693434607,-5.312906953689429,0.3338094031529238,0.1388404807626242,0.11849657531177413,0.0,0.15375317096989788,0.1340404042872898,0.0,0.0,0.027856466443052355,0.0
31131,31,131,0,424213.1,-14.683786997222963,-0.9073260834965211,0.37311766185438405,0.11178391237800059,0.1274284080336039,0.0,0.11726323397367974,0.12241253275771069,0.0,0.0,0.038268973777566044,0.0
31133,31,133,0,226151.49999999997,-16.18315709673483,-5.443306912772398,0.3584309633144154,0.11320685469696201,0.11938191875800075,0.0,0.12676236947356087,0.138811814204195,0.0,0.0,0.03698759459919567,0.0
31135,31,135,0,430597.19999999995,-10.846188770933772,-8.559744478771627,0.3889412193112264,0.23050707250302604,0.04155809652268989,0.0,0.05008323323978884,0.06644725046981263,0.0,0.0,0.06725543036508366,0.0
31137,31,137,0,317604.1,-11.635342248425598,-11.242567455831768,0.3288603642081447,0.10014543263137976,0.1452046746247923,0.0,0.09035368246190778,0.05930276089005149,0.0,0.0,0.04851543163328182,0.0
31139,31,139,0,281830.4,-13.434075539302263,-1.2516822437896744,0.44528340448723763,0.14665167419838313,0.03995133243255518,0.00013696180397856298,0.13883917419838313,0.0815579156826233,0.0,0.0,0.021285496525569984,0.0
31141,31,141,0,454428.8,-13.081954998783626,4.304685633505271,0.3756498267715427,0.1748573153814195,0.09691485222767572,0.0,0.14373692864536755,0.07702416748234267,0.0,0.0,0.01692960481377941,0.0
31143,31,143,0,286093.9,-15.324446689564496,-5.110766881370035,0.3853738230699781,0.17288554561981223,0.09733202979860807,0.0,0.14383494370205027,0.07557239074303926,0.0,0.0,0.01761834139071123,0.0
31145,31,145,0,271519.0,-10.089772539091285,-9.211677312761534,0.38046324566604917,0.2349651405610657,0.04237751317587351,0.0,0.06508752610314564,0.06599869622383701,0.0,0.0,0.06452623941602613,0.0
31147,31,147,0,350438.89999999997,-14.66545919836187,-0.8975778015682709,0.36787183158034115,0.1132979244027989,0.12710204260999564,0.0,0.11916770655312525,0.12547750834738952,0.0,0.0,0.03693282908946467,0.0
31149,31,149,0,28095.4,-13.753674923662224,-9.525904030397768,0.4650974892687059,0.03212625554361212,0.055777814161748894,0.0,0.17249087039159433,0.03277760772226058,0.0,0.0,0.05049225140058514,0.0
31151,31,151,0,441195.69999999995,-15.535268356129304,-4.135224195117703,0.35692868266848476,0.12500665804313144,0.12340192798796545,0.0,0.1368941265746697,0.12194656475573086,0.0,0.0,0.03379407369564119,0.0
31153,31,153,0,82027.5,-12.420232770221602,6.307619746453104,0.3952479351437018,0.15658285331138946,0.0928420346834903,0.0,0.12990033830117947,0.07474200725366492,0.0,0.0,0.01940081070372741,0.0
31155,31,155,0,465074.0,-13.98655529384267,2.7807340008418593,0.40090673742243166,0.15968813565153073,0.09442432817143079,0.0,0.13249912917084164,0.07740316594778465,0.0,0.0,0.01977835785272881,0.0
31157,31,157,0,203086.0,-9.26135507603906,-2.937773136190735,0.5719965925765439,0.08952414248151029,0.13717439902307396,0.0,0.0300916852958845,0.01683867918024876,0.0,0.0,0.04234757688860877,0.0
31159,31,159,0,351391.89999999997,-13.512955431561949,4.024220964499708,0.3849089862344579,0.1626986848587005,0.09394638863331796,0.0,0.14032309794278128,0.07850807033400599,0.0,0.0,0.01837264888575975,0.0
31161,31,161,0,138345.19999999998,-10.03905312868293,-0.2762263991260667,0.5694082628092627,0.07417821507359852,0.11009200174635624,0.0,0.027455957994928632,0.04027606306543343,0.0,0.0,0.0405991678786109,0.0
31163,31,163,0,119492.4,-13.308248865715338,-9.033039297325171,0.35364675912442967,0.17294907458549666,0.05469971311983022,0.0,0.14423260391455858,0.05613160334883223,0.0,0.0,0.050091051815847706,0.0
31165,31,165,0,37015.7,-10.402456858536038,-5.803579395203271,0.571476427569923,0.08438851622419676,0.12385825474055603,0.0,0.02787195703444755,0.0252487458024568,0.0,0.0,0.04219290733391507,0.0
31167,31,167,0,201301.59999999998,-16.265360179612472,-6.163918355784978,0.4447525504019839,0.14327258203610901,0.039109972300269844,0.0,0.13601729941540455,0.08257659154224309,0.0,0.0,0.021611850079681437,0.0
31169,31,169,0,440651.30000000005,-16.122650540584395,-5.352546436254896,0.3467987045539182,0.13245144176358947,0.12104196674331835,0.0,0.14703394725035418,0.12441992114853626,0.0,0.0,0.03117567110320564,0.0
31173,31,173,0,207414.1,-15.832022925449749,-5.86437380139659,0.4456432807605654,0.1471158421727356,0.040003066329627544,0.0,0.1392316144370127,0.07960837763681447,0.0,0.0,0.02124204670752856,0.0
31175,31,175,0,115384.4,-13.575959034279716,-9.065822045527511,0.3646220806278838,0.17289945607898471,0.05639670527384985,0.0,0.1435644679870069,0.05352889992061319,0.0,0.0,0.05001629336374762,0.0
31177,31,177,0,216727.40000000002,-13.086341730506351,2.73555672310021,0.40205068671520067,0.15818396750941505,0.09401949176707697,0.0,0.13129950343149965,0.078464928753817,0.0,0.0,0.019740466595363576,0.0
31179,31,179,0,283173.7,-12.136961121354986,5.487252478390465,0.40501642631360185,0.12773537938021787,0.03503114872602928,0.08746221841929529,0.12169209216816392,0.07338958384906508,0.0,0.0,0.020039996652231475,0.0
31181,31,181,0,194289.1,-11.679659889437513,-11.778002792303997,0.33521643777237115,0.09325433078850022,0.13614248045824495,0.0,0.09150384658737933,0.08115637984838057,0.0,0.0,0.04981339663419101,0.0
31183,31,183,0,44451.6,-14.055106596780636,-9.663379193508128,0.4540219024737017,0.03824609237912696,0.063772732590053,0.0,0.19848329418963548,0.027479325828541606,0.0,0.0,0.04933905641191768,0.0
31185,31,185,0,447309.2,-13.290940077941947,4.415302400147818,0.36457466110690323,0.18681328262418925,0.09972587194719,0.0,0.1549257202847605,0.06801603901730614,0.0,0.0,0.0161816479517971,0.0
32011,32,011,1,13708.2,12.48516561193478,-7.899342080846194,0.07967493908755344,0.0,0.0,0.0,0.0,0.09845202141783749,0.0,0.0,0.022052494127602455,0.0
32013,32,013,1,350274.99999999994,14.629916452660417,4.482610710499227,0.02814988223538649,2.1126257940189855e-05,0.003133252444507887,0.45700349725215905,6.88030832916994e-05,0.0062088359146385,0.20403482977660414,0.00010762971950610237,0.00029491114124616377,0.20115908928698883
32015,32,015,1,13560.0,12.14212224316521,-8.09405217327576,0.0788274336283186,0.0,0.0,0.0,0.0,0.04502212389380531,0.0,0.0,0.009004424778761061,0.0
32017,32,017,1,59228.399999999994,22.043397384310516,9.823443145291453,0.018286835369518677,0.0032619486597645726,0.0024633452870582357,0.6135316841245079,0.00030053150177955176,0.00715703952833438,0.08136805991720189,0.010457820910239007,0.002431266081812104,0.11334427403070149
32019,32,019,1,170255.2,18.969488526173723,9.856072651553209,0.029034061808391166,1.1747071455086246e-06,0.0007136345908964895,0.25009573863235895,0.0001762060718262937,0.004571372856746812,0.0019588241651356314,0.0005667961977079114,0.00030366179711397947,0.001931218547216179
32023,32,023,1,133705.1,24.52913085574223,9.64014500135424,0.005135929743891594,7.40435480770741e-05,0.0017254390445839386,0.6397534574223421,0.0,0.003046256275938614,0.10671545064473979,0.0007905457607824982,0.0009655577835101278,0.14865177169756427
32033,32,033,1,42678.50000000001,12.152614926436854,2.353845684822592,0.018833839052450292,0.0009184952610799348,0.00260552737326757,0.44962920440034204,0.001244186182738381,0.011188303244022164,0.16212378598123173,0.0,0.0027484564827723558,0.22912239183663902
34005,34,005,0,30714.2,-1.7985905418867283,17.51505183306368,0.3909234165304647,0.08740256949554277,0.07857603323544159,0.0,0.012150731583436977,0.022393550865723345,0.0,0.047880133618977534,0.020124242207187556,0.0
34011,34,011,0,44186.700000000004,-0.3290334028391193,18.205765449166453,0.1723210830408245,0.050386202183009814,0.04178180312175383,0.0,0.0070043700932633565,0.022189934980435286,0.0,0.014624310029941136,0.007031527586355169,0.0
34015,34,015,0,49936.399999999994,0.8510331723089699,18.477225696287146,0.12271609487267807,0.036462380147547685,0.03007625699890261,0.0,0.005068447064666256,0.020974679792696314,0.0,0.012219543259025483,0.005346801131038682,0.0
34019,34,019,0,29700.899999999998,-1.5024569659449512,15.753574238514407,0.2297034769990135,0.11185856320852232,0.08818924679050132,0.0,0.015201559548700545,0.024440336824810022,0.0,0.033473733119198414,0.02163907491018791,0.0
34025,34,025,0,13040.900000000001,-0.38434579187768847,18.24407025337217,0.25359446050502643,0.06755668703847126,0.05712795895988773,0.0,0.009393523453135903,0.02294320177288377,0.0,0.06465044590480717,0.023418629082348607,0.0
34033,34,033,0,49810.7,-2.7535460116368426,16.72591566737311,0.397474839743268,0.13840198993388972,0.10991614251556393,0.0,0.019238838241582634,0.02995741878752959,0.0,0.0063761400662909785,0.01545651837858131,0.0
34037,34,037,0,15491.8,0.22451139689879973,16.37560759146132,0.2442130675583212,0.1430046863501982,0.10907706012212913,0.0,0.01931989826876154,0.031745826824513615,0.0,0.021308046837681872,0.028305296995830054,0.0
34041,34,041,0,41978.4,-2.3776684164350286,15.138412033941094,0.29058754025879974,0.1468517142149296,0.11646942236959959,0.0,0.019819716806738705,0.02775475006193661,0.0,0.013766603777180645,0.011834657824023783,0.0
35005,35,005,2,47173.1,10.084000029618426,-17.48320354779005,0.16145430340596653,0.04516769090858985,0.007025190203738995,0.0,0.018663178803173842,0.19029489264008512,0.0,0.0,0.052406986184923184,0.0
35009,35,009,2,180540.19999999998,9.090757981120307,-15.358391086951087,0.13807783529651568,0.0755443939909228,0.0442444397425061,0.0,0.012522418829712166,0.07994009090496189,0.0,0.0,0.02823360115918782,0.0
35013,35,013,2,306314.30000000005,13.3414325539461,-14.815398284407998,0.10743474921020664,0.0021389794730445164,0.0040530265808680814,0.0,0.0015696296255186255,0.011023971130306355,0.0,0.0,0.003582268278039908,0.0
35015,35,015,2,40793.700000000004,12.939729381124717,-17.809630301516645,0.2184773629261381,0.011445394754582202,0.01909118319740548,0.0,0.013747220771834864,0.10033412021954369,0.0,0.0,0.04412936311244138,0.0
35025,35,025,2,83220.3,12.643171290338113,-17.940873405253615,0.07673127830589412,0.012327521049551612,0.027410379438670612,0.0,0.01687328692638695,0.08592374697039064,0.0,0.0,0.04945067489542816,0.0
35029,35,029,2,193702.30000000002,16.470910019123256,-14.066038401932111,0.03204969688021257,0.004875006646797689,0.007826959204924256,0.0,0.0004006147578010173,0.004143987965037069,2.1166501378661994e-05,0.0,0.0023675506176230226,0.0
35031,35,031,1,10157.100000000002,22.059201441990382,5.323490543740352,0.05813667286922447,0.0014571088204310284,0.0044599344301030795,0.23679987397977761,0.0,0.0725600811255181,0.1328036545864469,0.0,0.061464394364533166,0.18211891189414298
35035,35,035,1,11704.7,16.776650136683674,-2.8488107434562666,0.14284005570411887,0.002076089092415867,0.0013157107828479157,0.0,0.0,0.30833767631806025,0.0,0.0,0.07568754431980315,0.0
35037,35,037,2,43162.5,-3.847570592678249,-14.499320638941743,0.30843672169128294,0.156668404286128,0.06572371850564726,0.0,0.0268010425716768,0.15838748913987835,0.0,0.0,0.07107326962061974,0.0
35039,35,039,1,30399.2,21.60851459426939,6.102881062023876,0.038862864812231904,0.002848759177873102,0.006875180925813837,0.019970920287375984,0.0004243532724545383,0.015049738151003973,0.011200952656648859,0.009704202742177426,0.010289744466959657,0.015358956814653017
35041,35,041,2,260685.9,9.63881329776962,-15.25817626899416,0.08691532606865196,0.061355830906082764,0.04321138964554662,0.0,0.013809722735291782,0.03601767491068753,0.0,0.0,0.01852305782552873,0.0
35043,35,043,1,13367.4,20.707436708399392,4.423993019544131,0.030536978021155948,0.0001870221583853255,0.007839968879512845,0.0017505274024866466,2.992354534165208e-05,0.019906638538534048,0.0009799961099391057,0.005917381091311698,0.015029100647844757,0.0013465595403743436
35045,35,045,1,99662.20000000001,19.660213903286532,5.800747056048976,0.03475841392222929,0.0023710092693117347,0.004812255800092713,0.170573196256956,0.00033613546560280625,0.010747304394243753,0.09566013995276042,2.2074567890333546e-05,0.006483902623060699,0.13118715019335314
35049,35,049,1,12295.6,23.059287298653597,7.60840302676108,0.043600962946094536,0.005172582061875793,0.007750740102150362,0.02658674647841504,0.0007726341130160383,0.017201275252936007,0.014907771885877875,0.009946647581248576,0.012776928332086273,0.02044633852760337
35051,35,051,1,60400.1,19.487852245002422,-7.965954296875711,0.03878967087802835,0.004408933097792884,0.005715222325790852,0.00038741657712487227,0.0006539724271979682,0.010720180926852771,1.1589384785786777e-05,0.0,0.005655619775463948,0.0
35053,35,053,1,24592.2,14.246173851893893,1.974537343058979,0.07129089711371898,0.014187425281186716,0.003834549165995722,0.0037979521962248192,0.002053496637145111,0.01908735290051317,0.0016468636396906335,0.0,0.005607469034897244,0.0
35057,35,057,0,23920.7,-2.454544923741672,-7.873711478937641,0.17968537710016846,0.07091347661230649,0.10040676067171948,0.0,0.015354901821434992,0.021228475755308163,0.0,0.0,0.036466324146032514,0.0
35059,35,059,0,18580.300000000003,-2.184376532333758,-7.319337788218593,0.2689676700591486,0.14078351802715777,0.1549974973493431,0.0,0.02871858904323396,0.059509265189474865,0.0,0.0,0.05954155745601523,0.0
35061,35,061,1,14556.7,16.992833323847357,2.1360191717983623,0.21900568123269695,0.022635624832551333,0.0028577905706650545,0.0064162894062527905,0.003263102214100723,0.06313244073175926,0.003599716968818482,0.001580028440511929,0.03515906764582632,0.004932436609945935
36001,36,001,0,12141.400000000001,-2.1110644524932916,15.76062891322357,0.036198461462434314,0.09470901214028037,0.10280527780980776,0.0,0.026990297659248517,0.08954486303062249,0.0,0.20143476040654287,0.004982950895283904,0.0
36003,36,003,0,15221.2,-1.792392871025676,12.132624717282617,0.22464720258586707,0.14058681312905685,0.14526449951383597,0.0,0.17783748981683442,0.04374162352508343,0.0,0.0047762331485034035,0.014676898010669329,0.0
36009,36,009,0,23650.199999999997,-1.4538413543527469,12.376675119722137,0.25584138823350333,0.1425019661567344,0.14785075813312362,0.0,0.18253122595157759,0.044904482837354445,0.0,0.003632104591081683,0.0268200691748907,0.0
36011,36,011,0,75289.8,-3.0631140258814824,11.763501353987934,0.1855244667936427,0.05830139009533828,0.1320975749703147,0.0,0.052238151781516216,0.011690826645840473,0.0,0.010189959330480357,0.026723407420394262,0.0
36013,36,013,0,27106.0,-0.1722871028038675,12.604862824881142,0.23296687080351214,0.1304582011362798,0.1386408913155759,0.0,0.1631742049730687,0.03982513096731351,0.0,0.015273371209326349,0.02014683095993507,0.0
36017,36,017,0,12167.7,-2.2522580737747937,12.46967788508018,0.21529952250630766,0.08248066602562522,0.11385882294928376,0.0,0.10538556999268554,0.06350419553407793,0.0,0.029175604263747462,0.021450232993910107,0.0
36019,36,019,0,67550.59999999999,-1.862198660387456,9.845097791372467,0.15011413666199858,0.11892714498464857,0.03333205034448251,0.0,0.035867927153866885,0.05210612489008241,0.0,0.24302966961063263,0.008264915485576738,0.0
36021,36,021,0,68271.0,0.42918002763334506,16.025238576838152,0.18609365616440363,0.08784256858695494,0.010897745748560882,0.0,0.006428791141187326,0.013691025472015938,0.0,0.2757334739494075,0.0018206852104114485,0.0
36023,36,023,0,11941.699999999999,-5.674116707625824,11.350657059071604,0.22886188733597396,0.08935913647135668,0.1254595241883484,0.0,0.11242117956404868,0.04671026738236599,0.0,0.0006866694021789193,0.02298667693879431,0.0
36025,36,025,0,20610.300000000003,-1.2799253300494442,13.88134348165294,0.45075035297885035,0.22678951786242796,0.016239453088989483,0.0,0.016700387670242546,0.0357297079615532,0.0,0.01812685890064676,0.003042168236270214,0.0
36027,36,027,0,28935.6,-0.24924272797088065,16.029736709529693,0.2028953952916131,0.10171898975656286,0.03523687084421958,0.0,0.006839325951423161,0.019277291640747037,0.0,0.1663452632743057,0.002159969034683919,0.0
36029,36,029,0,57105.899999999994,-1.8767811329260589,9.447627535140189,0.39744579806990177,0.11028632768242862,0.16081700840018284,0.0,0.054467226678854556,0.008890499930830265,0.0,0.00016285532668253196,0.0088222057615763,0.0
36033,36,033,0,26475.3,-4.512700616973433,8.008114984819377,0.27983063459148716,0.2303958784225297,0.06433543718107065,0.0,0.07035992037861705,0.09438231105974249,0.0,0.013401170147269343,0.016211336604306657,0.0
36035,36,035,0,15053.300000000001,-1.2557198424099063,15.876967090537377,0.027050547056127226,0.02784771445463785,0.028585094298260182,0.0,0.008576192595643479,0.04031009811802063,0.0,0.33003394604505326,0.0015810486737127406,0.0
36037,36,037,0,120405.7,-3.1966997534277226,6.9864290127553845,0.39121237615827154,0.10939183111762982,0.16080883214000666,0.0,0.052489209397893956,0.005130155798272009,0.0,1.49494583728179e-05,0.009332614651964152,0.0
36039,36,039,0,10282.2,-0.9635446101612928,15.483678114050726,0.24504483476298844,0.13976580887358733,0.08186963879325435,0.0,0.008373694345568068,0.02323432728404427,0.0,0.07684153196786679,0.0016922448503238605,0.0
36043,36,043,0,16113.2,-3.2467658376870396,11.12227836377225,0.1979246828687039,0.06924757341806717,0.1367822654717871,0.0,0.08599160936375144,0.05869721718839212,0.0,0.011139934960156889,0.02221160290941588,0.0
36045,36,045,0,108397.09999999999,-1.3865804010573797,9.050369496531445,0.1035784167657622,0.6146492848978432,0.06412994443578288,0.0,0.03966526779775474,0.012714362284599866,0.0,0.008847100153048376,0.050477365169363395,0.0
36049,36,049,0,51494.100000000006,-2.5693287024816236,7.012029107480938,0.09298152603890542,0.6388576555372363,0.06045546965574696,0.0,0.04126686358242983,0.015087165325736344,0.0,0.00039616189039132633,0.05251475411746199,0.0
36051,36,051,0,131387.09999999998,-2.5384628166302186,8.076897219783643,0.443975093445247,0.10786827626152036,0.1568677594680148,0.0,0.05557318793093083,0.00599830576974452,0.0,5.860544908898972e-05,0.012765332365201762,0.0
36053,36,053,0,24618.9,-3.3454543161010157,11.274565915229495,0.20290914703743868,0.07363042215533594,0.13702886806477949,0.0,0.09193749517647011,0.04040391731555837,0.0,0.007291146233178574,0.021999358216654684,0.0
36055,36,055,0,94649.7,0.14031690006760122,12.456413627866159,0.3059206738109048,0.07194845836806667,0.12179858995855244,0.0,0.033910302938097006,0.008902299743158194,0.0,0.0021764464124027862,0.011028032841097225,0.0
36057,36,057,0,30626.699999999997,-4.152351630736096,14.73747485543835,0.06030032618597499,0.19143100627883514,0.17970267772890974,0.0,0.06257611822364147,0.14893214090972912,0.0,0.026816470595917942,0.011561807181315652,0.0
36063,36,063,0,120714.0,0.20933639474729837,12.64895559986277,0.301480358533393,0.06909637655947114,0.10899150057159898,0.0,0.03462895770167503,0.014540981162085591,0.0,0.004035157479662674,0.009995526616631044,0.0
36065,36,065,0,42701.399999999994,-2.3556753865890236,11.876196712288682,0.1896167338775778,0.06222044242109159,0.12981307404441073,0.0,0.08001142819673361,0.03862168453493329,0.0,0.03946709007198828,0.021645660329637904,0.0
36067,36,067,0,45800.3,-1.8103921167140058,12.717649339420298,0.18620402049768234,0.059883887223446126,0.11383768228592389,0.0,0.07159123411855381,0.01635142127889992,0.0,0.05443850804470713,0.02261993917070412,0.0
36069,36,069,0,101268.40000000001,-0.8317280666825475,11.081193106309822,0.4171577708347322,0.09322651488519616,0.14286588906312334,0.0,0.04726943449289215,0.007641080534500396,0.0,0.0009805625446832377,0.014806198182256262,0.0
36071,36,071,0,48299.3,-1.0429957466792743,15.469383320105614,0.1270556716142884,0.06405475855757745,0.03032756168308857,0.0,0.00409736787075589,0.01122997641787769,0.0,0.21082293118119724,0.0013602681612362912,0.0
36073,36,073,0,221491.09999999998,0.5129250708536564,13.033109903126462,0.21484294402799936,0.050784884810270034,0.08502734421383072,0.0,0.02499829564257887,0.011125051977257779,0.0,0.004521626376861192,0.0068481306923844805,0.0
36075,36,075,0,30404.699999999997,-0.3435721126990039,14.03197316221975,0.08412844066871242,0.017250622436662755,0.0574450660588659,0.0,0.020095577328505133,0.024752752041625147,0.0,0.10777281144033654,0.011748183668972232,0.0
36077,36,077,0,13227.899999999998,-2.4233511601586386,12.4121516309236,0.20586034064363962,0.07304258423483699,0.10796120321441802,0.0,0.09238805857316733,0.07368516544576238,0.0,0.029921605092267108,0.02224086967697065,0.0
36083,36,083,0,33403.600000000006,-3.252850357300094,15.51415467996025,0.04976409728292758,0.1154875522398783,0.12142403812762693,0.0,0.03478068232166592,0.08413763785939239,0.0,0.1584559748051108,0.006424457244129374,0.0
36089,36,089,0,52425.6,-1.0046998909136242,9.304462398873891,0.09559070377830678,0.5944004455838369,0.06155389733260087,0.0,0.03825993407800769,0.03244216565952512,0.0,0.017047015198681563,0.048689953000061036,0.0
36091,36,091,0,31506.8,-2.8114841330210716,15.98363859331111,0.040143715007553926,0.10734825497987735,0.100778244696383,0.0,0.03498292432109894,0.08340104358424213,0.0,0.19232356189774907,0.006462097071108459,0.0
36095,36,095,0,18620.0,-2.800314234947791,15.671624856189304,0.03997314715359828,0.08050483351235231,0.08936627282491943,0.0,0.02293233082706767,0.08236305048335123,0.0,0.21761009667024706,0.004237379162191192,0.0
36099,36,099,0,58007.0,-1.873968954749028,9.244528354691877,0.4996638336752461,0.08967021221576706,0.1467305670005344,0.0,0.0463944006757805,0.008573103246159947,0.0,0.0003344423948833761,0.023479924836657645,0.0
36101,36,101,0,49818.2,-2.831602645695046,12.111286885878485,0.22267364135998494,0.11169211252112683,0.12179685335881264,0.0,0.14347367026508387,0.04640272029097799,0.0,0.002077553986294166,0.019167693734418345,0.0
36103,36,103,0,16249.1,6.489039944209429,17.976038026700085,0.08417081561440326,0.06299425814352795,0.060107944439999755,0.0,0.0051387461459403904,0.014025392175566647,0.0,0.18655802475214012,0.0005046433340923496,0.0
36109,36,109,0,14732.0,1.2388254757767445,11.268790641849062,0.2699022535976106,0.03274504480043443,0.07911349443388542,0.0,0.07167390714091773,0.021062992125984253,0.0,0.014288623404833016,0.018544664675536247,0.0
36111,36,111,0,128276.6,2.7327382886757956,16.562944672020702,0.03947173529700662,0.023938114979661137,0.031129605867321084,0.0,0.0009393763164910825,0.007992884126956904,0.0,0.43754433778257296,0.00021126222553450902,0.0
36115,36,115,0,53995.5,-2.8299645331092584,15.741852291290847,0.03570112324175163,0.10386606291265013,0.099282347603041,0.0,0.03291755794464354,0.086116435628895,0.0,0.2028131973960793,0.006081988313840968,0.0
36117,36,117,0,355399.60000000003,2.113054162580795,14.194724910198115,0.11129444152441363,0.01960919483308366,0.034834310449420876,0.0,0.010055160444750078,0.023087251645753117,0.0,0.010492696108830735,0.004172486406850204,0.0
36121,36,121,0,127816.0,-2.6386672762992056,8.371300005768422,0.32539744632909806,0.09704497089566251,0.14808631157288601,0.0,0.048497058271264944,0.0076132878512862245,0.0,4.303060649683921e-05,0.004040965137384991,0.0
36123,36,123,0,33697.7,-1.3032902768231764,10.657735642085992,0.3866079880822727,0.1050546476465753,0.1509450199865273,0.0,0.05040700107128973,0.021529659294254506,0.0,0.0008783982289592466,0.009466521453986475,0.0
37001,37,001,1,22093.4,8.77647105801692,10.500088037681447,0.12210433885232692,0.06276535073822952,0.04612689762553523,0.0,0.020245865281034153,0.09132591633700561,0.13164112359347135,0.002195225723519241,0.05475843464564077,0.0
37003,37,003,1,35255.00000000001,15.474930995275262,5.901111925353512,0.042810948801588415,0.015821869238405895,0.010747411714650401,0.0,0.004646149482342929,0.04327045809105091,0.061960005672954184,0.017603176854346897,0.006112608140689263,0.0
37007,37,007,2,56859.7,7.587177132845632,-2.549437527801137,0.31219827047979504,0.12024509450454365,0.09644088871379906,0.0,0.04373044528901841,0.023018060243019223,0.003786513119133587,6.155502051540898e-05,0.04128583161712074,0.0
37013,37,013,1,326711.5,12.107606449284441,-7.097593044235606,0.22786097214208867,0.08950679728139353,0.07298855412190879,0.0005595150461492785,0.014472095411395068,0.07497991347105933,0.17014368946302777,0.0,0.005371405659121274,0.0
37015,37,015,1,333474.5,15.37890741899142,-5.782343256793441,0.16442936416427642,0.016439038067378463,0.05602887177280422,0.011280622656305056,0.03919670019746637,0.028187162736581062,0.12428236641782205,0.0,0.008041994215449757,0.0
37017,37,017,1,66653.6,12.263665108799694,-0.4863963589767506,0.3808121391792791,0.08246666346603933,0.11883379142311892,0.0,0.05843045236866425,0.019518825689835206,0.03950124224347972,5.2510292017235375e-05,0.021904293241475328,0.0
37019,37,019,1,21525.300000000003,13.403134257866371,2.5068132545209094,0.3700947257413369,0.0781498980269729,0.10548981895722706,0.0,0.04473340673533004,0.011149670387869157,0.09517637384844808,0.002350722173442414,0.021950913576117403,0.0
37021,37,021,1,25742.800000000003,13.533947101543593,16.39237859882017,0.11171667417685721,0.030528924592507414,0.04912829995183119,0.0,0.004082694967136442,0.28442904423761206,0.13716068182171323,0.00506160945973243,0.009820221576518483,0.0
37025,37,025,1,23021.3,8.688279737027308,4.554055597428741,0.3143262978198451,0.12789025815223293,0.09586773987568036,0.0,0.035732126335176556,0.04654819667004035,0.016059040975096976,0.001203233527211756,0.04385938239804008,0.0
37029,37,029,2,77724.4,2.9719909655988896,-2.275680813292352,0.49483302540772267,0.1206082002562902,0.10456819222792328,0.0,0.03510737940723891,0.062313765046754954,0.0,0.00028047820246923747,0.013718986573071005,0.0
37031,37,031,2,113374.8,9.13907945842477,-9.659072718242825,0.2725164675042426,0.10443590639189661,0.08942463404566094,0.0006068367926558635,0.0187352039430279,0.10350095435670008,0.16518750198456797,0.0,0.007520189671778914,0.0
37033,37,033,1,31758.1,10.725190429623296,10.57084838396666,0.056489525506878566,0.025640702686873584,0.01892745472808512,0.0,0.008419899175328498,0.05033361567600077,0.23978449592387457,0.0032747551018480325,0.032445265932155895,0.0
37035,37,035,1,20286.9,4.9273623633794745,11.8293762868045,0.22191167699352782,0.05780084685190935,0.057731836801088385,0.0,0.025883698347209282,0.08126919342038458,0.12277873898919993,0.005979227974702886,0.013826656610916404,0.0
37037,37,037,1,13546.6,8.472823226939758,10.382311196134914,0.14152628703881417,0.05644958882671667,0.03585401502960152,0.0,0.01472694255385115,0.18987790294243573,0.04548742857986506,0.006141762508673763,0.026921884458092803,0.0
37039,37,039,1,11485.599999999999,8.29622799229816,18.339967158423946,0.15305251793550187,0.03656752803510483,0.06388869540990458,0.0,0.007574702235843144,0.147193006895591,0.18685136170509162,0.0020634533676952014,0.009228947551716934,0.0
37041,37,041,1,100117.59999999999,19.039696020156594,3.205798753907552,0.2522433618065156,0.023545310714599636,0.09001314454201859,0.019702829472540293,0.052719002453115144,0.04001294477694232,0.19145584792284273,0.0005643363404636148,0.01258719745579199,0.0
37045,37,045,1,47569.3,10.752197835457238,-1.846624011050063,0.3336858015568865,0.062185064737130875,0.08034173300847396,0.0,0.04662250653257458,0.052727284193797255,0.011980415940533075,3.5737334793658935e-05,0.04985988862564721,0.0
37047,37,047,1,144028.1,13.25618214815658,2.583069542728183,0.3280811175041537,0.05827682237007917,0.09320750603528061,0.0,0.04312005782205,0.014082668590365352,0.13368294103720035,0.0015455317399868497,0.017323008496258716,0.0
37049,37,049,1,163241.0,14.173371862799623,-1.9459100490197354,0.19752390637156106,0.07713564606930857,0.06657886192806954,0.0018083692209677714,0.013168873015970252,0.07266127994805226,0.1653628683970326,0.00021869505822679354,0.0057289528978626695,0.0
37051,37,051,1,141380.9,14.769661398588772,-0.7873041122058009,0.1313763033054677,0.016758274986225157,0.032273807848160536,0.0,0.032925239547916305,0.005199429343001778,0.5178471773768593,9.831596771558252e-05,0.009284846821600372,0.0
37053,37,053,0,48344.1,1.4246815883332076,10.691207489519584,0.487720321611117,0.14061074670952609,0.11296724936445193,0.0,0.02686780806758219,0.06331072457652537,0.005886964489979129,0.001261787891386953,0.011929066835456656,0.0
37057,37,057,1,32079.5,9.86243207441819,9.355594065906256,0.16582552720584798,0.04655309465546533,0.04593899530853037,3.74070668183731e-05,0.021100702941130627,0.04794650789444972,0.0757929518851603,0.0014058822612571893,0.008996399569818733,0.0
37059,37,059,1,22359.9,7.432890592635438,6.374033953224371,0.22767990912302824,0.07551017670025358,0.06317112330556039,4.472291915437904e-05,0.028305135532806495,0.0689180184168981,0.03403861376839789,6.261208681613065e-05,0.012258552140215297,0.0
37061,37,061,1,164036.1,13.676242878297996,2.5009470431455,0.3383688102801761,0.06311842332267105,0.09657874089910697,0.0,0.05087538657649139,0.014211505881936962,0.09062578298313602,0.0017648554190205692,0.020680813552626524,0.0
37065,37,065,1,356029.1,18.762007214752348,3.6352995872377516,0.14148899626463118,0.018169301329582332,0.03935549088543606,0.006674454419596601,0.02079717641057992,0.02006156238352427,0.11195208481553895,0.0001724578131394316,0.006869663182026414,0.0
37067,37,067,1,16021.500000000002,9.885545321415877,12.25954018359253,0.13789595231407795,0.041862497269294384,0.03331772930125144,0.0,0.020303966544955216,0.056605186780264015,0.16726274069219485,0.010386043753705956,0.030009674499890768,0.0
37069,37,069,1,60486.0,15.383274378455278,4.539788693988143,0.11931356016268228,0.013870978408226696,0.014256191515391991,0.0,0.017870250967165956,0.038792447839169394,0.24142280858380452,0.0005158218430711238,0.02070396455378104,0.0
37073,37,073,1,114582.09999999999,18.74825764654392,1.6826484975470841,0.29335646667324133,0.02971057433927289,0.07916856123251363,0.011610888611746514,0.07222943199679532,0.051995905119560565,0.11140832643144087,0.00047215053660213947,0.014759722504649506,0.0
37077,37,077,1,37028.899999999994,15.580743268639239,1.7637099939167222,0.09304894285274476,0.018790728323012568,0.019028380535203587,0.0,0.02305766576916949,0.05080086094915053,0.21150776825668602,0.0006562441768456531,0.027454231694703332,0.0
37079,37,079,1,339301.9,14.307626539171132,-6.356262682492873,0.10900292630250523,0.019143423600044677,0.025998380793034164,0.0016197964113964583,0.008332402500545974,0.032974469049539656,0.1271602074730498,0.0,0.0036869820062899734,0.0
37081,37,081,1,33526.0,13.72563117927136,5.1593425788596035,0.14342599773310266,0.038567082264511124,0.0313428383940822,0.0,0.02174730060251745,0.06334784943029291,0.16212491797410963,0.002067052436914633,0.03475809819244765,0.0
37083,37,083,1,424483.0,19.632828639287847,0.8687658854278518,0.20824461757007937,0.008988581403731127,0.05234367454055875,0.007348939769083803,0.0715357269902446,0.044125677588972935,0.08185934419046229,0.00041250179630279656,0.014210463080971441,0.0
37085,37,085,1,112768.8,15.217273395711487,-1.1493246369681787,0.15910606479806472,0.009895467540667278,0.0309411823128383,0.0,0.04168262852845823,0.006095657664176616,0.23880541426351967,0.0003077092245372834,0.013423038996601896,0.0
37087,37,087,1,32672.299999999996,16.637315786355998,17.295494708501483,0.0815859305895208,0.023695913663868175,0.03822198008710743,0.0,0.0026781095913051734,0.21490069569635445,0.17126434318979689,0.004624712677099562,0.006990631207475446,0.0
37089,37,089,1,50443.7,12.675624780302407,21.45725200726786,0.07694518839815478,0.019393898544317726,0.03342736555803797,0.0,0.003491020682463816,0.056526384860745744,0.1169957794531329,0.2279234076802455,0.003346304890402568,0.0
37091,37,091,1,216045.30000000002,18.586693013732276,1.6643912344592844,0.15378996904815795,0.021745902363994957,0.05342675818451038,0.00934294798359418,0.035851740352601975,0.02785341777858625,0.11207603220250567,6.43383586682978e-05,0.008024705929728626,0.0
37093,37,093,1,48968.600000000006,13.045010087388633,-0.6285467589857414,0.3375387493209934,0.028062881111569453,0.07121093925495112,0.0,0.11834114105773903,0.016332915378426172,0.016138913507839716,0.001351886719244577,0.02214480299620573,0.0
37095,37,095,1,203526.69999999998,12.378644590593934,-2.065970582954073,0.24492216500341232,0.11528315449520875,0.08791917718903713,0.0,0.014738606777390879,0.08859525556106398,0.18819938612476889,0.0008485373172168565,0.005067639774044389,0.0
37097,37,097,1,34497.2,6.701259952439447,6.991741015769345,0.24585763482253634,0.07536843569912921,0.06354428765233121,0.0,0.028567535915958397,0.09507148406247463,0.02463388332966154,0.0009044212283895505,0.01571142005728001,0.0
37101,37,101,1,409409.80000000005,15.066029085872184,-0.759403430226282,0.09481893203338074,0.01571383977618513,0.020000986786344634,0.0010407664887357362,0.006718451781076075,0.028535467397214232,0.14136520425256063,5.080484150599228e-05,0.006480059832471035,0.0
37103,37,103,1,176021.8,12.515508799088808,-7.531206653319493,0.1737517739280021,0.060198793558525136,0.05383196854026036,0.0012100773881416962,0.01197919803115296,0.06645881362422155,0.03903607394084142,0.0,0.00675427702705006,0.0
37105,37,105,1,57968.600000000006,17.41212567090259,-0.7718000753354048,0.05246288507916354,0.0024306262355827117,0.0114286010012317,0.0,0.012649951870495404,0.01605524370090014,0.07189754453272978,0.00017940747232122217,0.0033725154652691283,0.0
37107,37,107,1,340634.6,14.04509104316118,-0.3723675101627224,0.10818718943994535,0.04302528281037804,0.03550255904714319,0.0011167391685988446,0.006491119809907743,0.033849468022332435,0.14881664986469373,0.0001506012601186139,0.002779224424060269,0.0
37109,37,109,1,21161.4,9.250630331504635,5.15005233413804,0.3663746254973678,0.03791337057094521,0.08462578090296483,0.0,0.04392431502641602,0.040814879922878446,0.025187369455707088,0.002457304337142155,0.06394189420359711,0.0
37115,37,115,1,11137.0,15.673046070552342,15.519672216902716,0.04732872407291012,0.00815300350184071,0.013576367064739157,0.0,0.0011942174732872408,0.5169076052796984,0.05280596210828769,0.00798240100565682,0.014447337703151658,0.0
37117,37,117,1,340696.80000000005,16.117386883270296,-6.098353705593936,0.13873626051081195,0.007852143019834643,0.049778864961455456,0.010906765194155036,0.042477358167144506,0.02667885345562388,0.12287318225472031,0.0,0.007877972437663047,0.0
37123,37,123,1,10696.900000000001,15.69535402668126,6.4907547855718315,0.1593919733754639,0.0989258570239976,0.05937234151950564,0.0,0.02050126672213445,0.0375342388916415,0.046022679467883215,0.001944488590152287,0.019220521833428372,0.0
37125,37,125,1,37133.5,14.936476094945803,10.770524001240318,0.11608655257382147,0.03112553354787456,0.03045228701846042,0.0,0.01284285079510415,0.02156543283019376,0.13124267844399262,0.0010260277108271507,0.01815072643300524,0.0
37127,37,127,1,385024.19999999995,19.51801384093252,3.1527156595641417,0.09683884805162898,0.00543887890683235,0.02190355826984382,0.0033527762670502274,0.02026547941661849,0.0158696518296772,0.08110762907889947,0.0003204993348470045,0.007228896261585637,0.0
37131,37,131,1,297265.0,15.226570787605793,-7.460383633372124,0.2793356096412292,0.017703732360015472,0.0702248835214371,0.009105343716885607,0.09013641027366155,0.056758111449380186,0.08599633323801995,0.0,0.01659260256000538,0.0
37133,37,133,1,113166.1,15.419525670950952,1.4246765096097653,0.15192800670872283,0.02135445155395476,0.03987501557445206,0.0,0.04001551701437091,0.00753936028545651,0.5387814902165932,0.0008704020020129702,0.009342903926175771,0.0
37135,37,135,1,16383.4,9.900453164905757,12.202117093583741,0.11786930673730728,0.06897835614097196,0.05016663207881148,0.0,0.020197272849347508,0.07695594321081094,0.1445975804778007,0.006134257846356678,0.041773990746731444,0.0
37137,37,137,1,79554.2,11.352664007921085,-1.8631798891751767,0.2488856653702759,0.12454653556946084,0.0905822696978915,0.0,0.013695065753913684,0.08307166686359739,0.16813317210153583,0.0003054521320056012,0.004236105699007721,0.0
37139,37,139,2,111540.5,6.7722427771414555,-6.953484086617448,0.4799888829617941,0.08011170830326204,0.08840555672603224,0.0,0.041703237837377456,0.05546864143517377,0.00432667954689104,0.0,0.01584895172605466,0.0
37141,37,141,1,42812.9,11.499234942947762,1.5766155524974388,0.419679582555725,0.09075769219090507,0.1260881650156845,0.0,0.05374314750927875,0.010050709015273433,0.034150921801606525,0.00210450588490852,0.024616412343008768,0.0
37143,37,143,1,127201.5,11.18078464566046,-2.2445716157744435,0.4388902646588287,0.0555952563452475,0.07739216911750255,0.002975593841267595,0.06261404150108293,0.05963058611730208,0.03116158221404622,0.0007955881023415604,0.017874003058140037,0.0
37145,37,145,1,56688.5,10.062163222766745,8.363770403147631,0.09243320955749401,0.018282367675983666,0.01536819637139808,0.0,0.012369351808567876,0.030868694708803376,0.24404244247069512,0.0002451996436667049,0.015842719422810625,0.0
37147,37,147,1,350850.7,13.96199045705874,-0.11636467134785677,0.14355935444905768,0.039811235947370203,0.04274182722166437,0.005117846422994168,0.009524849173736864,0.03781665534656194,0.05220910204825015,0.0006769261113060342,0.003928451617739397,0.0
37151,37,151,1,44534.3,9.121956033767944,6.448409935395882,0.11605885800383076,0.030504577370700784,0.02971642082619464,0.0,0.013739971213199711,0.06484664629285741,0.07194454611389423,6.960926746350565e-05,0.010423426437599782,0.0
37153,37,153,1,32234.200000000004,14.880040507078364,2.081759647034489,0.23360281936576677,0.08229768382649484,0.07548504383542944,0.0,0.05395821828989085,0.019972575711511373,0.01791265177978668,0.0008934609824348052,0.028221578323643828,0.0
37155,37,155,1,204159.9,12.81731963000533,2.196360705602018,0.3756325311679718,0.06626423700246718,0.10451023927813444,0.0,0.05445339657787842,0.013585429851797537,0.07209202198864713,0.0017407923887110053,0.019508728207645088,0.0
37157,37,157,1,38655.59999999999,11.709764459013767,11.392364817824532,0.07481710282598124,0.019404691687620945,0.01536129305973779,0.0,0.009150032595535965,0.04744978735293206,0.23240875836877456,0.0017047982698496472,0.029855958774407852,0.0
37159,37,159,1,28942.699999999997,9.331661617691683,2.0484447945150994,0.3180663863426702,0.09066189401818076,0.08621863198664949,0.0,0.04003081951580191,0.08498170523137095,0.027744474427057603,8.292246404101898e-05,0.016028221278595295,0.0
37161,37,161,1,14070.900000000001,15.022025774998282,5.695512185000759,0.17513449743797482,0.023175489840735135,0.05142528196490629,0.0,0.02488824453304337,0.3665792522155654,0.006538316667732696,2.132059782956314e-05,0.01917432431472045,0.0
37163,37,163,1,309416.5,14.767024341605993,0.4294374442107374,0.17244070694355343,0.025422044396468838,0.044425555844630135,0.0,0.032369960877975154,0.006874552585269369,0.36263676953232943,8.952334474729046e-05,0.011774743751545249,0.0
37165,37,165,2,43715.4,7.500287958626862,-8.778800020047921,0.37719430681178717,0.047694862679970904,0.08994999473869619,0.0,0.10253137338329284,0.01597377583185788,0.012222237472378154,0.0,0.02276543277655014,0.0
37167,37,167,2,96073.5,9.611534979804663,-4.536650594397291,0.28952208465393686,0.08060599436889465,0.08559904656330829,0.0,0.05981358022763821,0.02410446168818665,0.002361733464482922,3.9553050529022046e-05,0.038404971193929646,0.0
37169,37,169,1,20198.9,10.973798070514878,11.70795879061999,0.07519221343736539,0.03420483293644703,0.025139982870354325,0.0,0.010173821346706998,0.08269262187544865,0.184698176633381,0.003262553901450079,0.05637435701944165,0.0
37171,37,171,1,55521.7,14.88739369923743,7.382343681119868,0.18708540984876182,0.021492497527993558,0.03647943056498631,0.0,0.017965948448984814,0.09899732897227571,0.17544131393671303,0.0013742374603083118,0.007314257308403742,0.0
37175,37,175,1,22626.1,9.522449489877317,17.997813807092637,0.059060111994554965,0.009882392458267223,0.024639686026314743,0.0,0.003668329937549998,0.054384096242834606,0.2884986807271249,0.0005215216055793973,0.004437353322048431,0.0
37177,37,177,1,101050.5,10.488928810082172,1.857454125345391,0.46045690026273994,0.13237044843914678,0.11035967164932385,0.0,0.035483248474772515,0.06446974532535713,0.004881717557063053,0.0010499700644727142,0.01210978669081301,0.0
37179,37,179,2,201032.50000000003,5.389020428848863,-7.372061442438107,0.33949286806859585,0.10411251912004277,0.09361670376680387,0.0,0.04062676432915075,0.0188954522278736,0.0014077325805528956,0.0,0.045669730018778054,0.0
37181,37,181,1,20129.3,9.00549232614286,6.576310177291295,0.11121102075084578,0.004525741083892634,0.007367369953252225,0.0,0.014317437764850243,0.029817231597720737,0.2368835478630653,0.0006905356867849354,0.017000094389770137,0.0
37183,37,183,1,133891.3,18.475193091434402,0.8377658273655499,0.0451597676622753,0.001074752429769522,0.010230687132024262,0.0,0.008544991347458722,0.007940769863314495,0.09706829345894769,0.00023302484926205065,0.002068842411717565,0.0
37185,37,185,1,29270.800000000003,13.247778542102154,-1.1534185397909926,0.17029941101712284,0.03439263703076103,0.03646295967312133,0.00014007133388906347,0.04632944777730707,0.07152178963335473,0.12066632958443226,5.807835795400193e-05,0.03239064186834661,0.0
37187,37,187,1,170183.7,15.18606540140778,-2.128308207252781,0.38368598167744616,0.0972813495064451,0.09918517460837906,0.00350444842837475,0.04420164798391385,0.05673986404103331,0.03881041486346812,0.0,0.011702060773152775,0.0
37191,37,191,1,398757.7,13.655542699205785,0.3510955110683134,0.1265966776315542,0.04193047557451555,0.03858533640855086,0.0031292185705755647,0.007554963828911642,0.03586438581624882,0.06818902807394064,0.00018256700748349184,0.0038577311485144985,0.0
37193,37,193,1,19488.6,12.07584910772319,15.082663095031702,0.13582299395544062,0.02267992570015291,0.029796906909680537,0.0,0.018636536231437868,0.2686852826780785,0.11408720995864251,0.03966934515562945,0.016342887636874893,0.0
37195,37,195,1,366094.69999999995,15.581033562646256,0.5349096293765458,0.08029042758608634,0.01693414299633401,0.020746271388250092,0.002078150817261217,0.005582435364401616,0.020936112978417885,0.14387261001047,0.0003693033523839597,0.0026812734519237784,0.0
37197,37,197,1,60703.5,9.37698598829547,10.845824633832223,0.23955455616233,0.020204765787804658,0.04232869603894339,0.0,0.01660200812144275,0.09526798290049174,0.1368405446143962,0.0005716309603235399,0.007534985626858418,0.0
38001,38,001,0,78815.90000000001,-9.780639664933371,-6.299152487803773,0.7002863635383215,0.01747490036908796,0.05480620027177257,0.0,0.04515966955906105,0.07065452529248539,0.0,0.0,0.03379140503375588,0.0
38003,38,003,0,489404.89999999997,-11.58763316178808,-1.9244224757159647,0.40043305655501205,0.061611969965972964,0.16223866986211213,0.011582638424748099,0.06284591756232927,0.01418906921446843,0.0,0.0,0.026934548468967107,0.0
38005,38,005,0,380088.30000000005,-9.973186397947483,-9.173837122609736,0.7457590775617138,0.013194828675336756,0.056859156148715964,0.0,0.021449752596962336,0.023371411327315256,0.0,0.0,0.022935459997058576,0.0
38007,38,007,0,36188.8,-5.848183318405432,0.2353767984655588,0.7556453930497833,0.009298456981165442,0.028356839685206473,0.0,0.005813953488372093,0.08660414271818904,0.0,0.0,0.02208418074100274,0.0
38009,38,009,0,546472.5,-9.416545234669737,-9.104908699342356,0.7526029214644836,0.007778799482133135,0.05599421745833505,0.0,0.007935806467846048,0.01929209612560559,0.0,0.0,0.019654053955139552,0.0
38011,38,011,0,104098.2,-8.803855705774463,-6.107328961565002,0.7487189980230207,0.013488225540883511,0.037004482306130175,0.0,0.012972366477038028,0.05127754370392571,0.0,0.0,0.027564357500898192,0.0
38013,38,013,0,96810.30000000002,-8.41953848714055,-5.989459082413825,0.7243247877550218,0.006013822909339192,0.036815297545818984,0.0,0.0024356912435970135,0.0834239745151084,0.0,0.0,0.023877624591598205,0.0
38015,38,015,0,360684.60000000003,-7.6498065675681985,-0.6702242215443466,0.7411148133299841,0.02785952047855661,0.04468835098587519,0.0,0.010478406896219023,0.03171053047454757,0.0,0.0,0.054668261411770835,0.0
38017,38,017,0,757482.7,-11.369794638386214,-1.1248032495865128,0.40020055903586976,0.07292879428137436,0.15625214938902238,0.011267584064956204,0.07140334690152,0.010732786372546859,0.0,0.0,0.022743885767952193,0.0
38019,38,019,0,307974.4,-7.894459383948771,-0.9304198768253689,0.48480685407618296,0.004156514307682716,0.04287531690945741,0.023458118596870386,0.007801947174830116,0.021932991833087424,0.0,0.0,0.037650207289956564,0.0
38021,38,021,0,350781.80000000005,-11.285145008036764,-1.8661391106249274,0.510824392827678,0.09243552544630308,0.08422329778796961,0.007583631761967124,0.06270023131188675,0.015795004187788533,0.0,0.0,0.023241228592817527,0.0
38023,38,023,0,168062.2,-9.485981668557542,-6.386650706195623,0.6632758585809302,0.011469563054630963,0.038926659296379555,0.0,0.0026347388050376587,0.11069056575482172,0.0,0.0,0.008617642753694763,0.0
38025,38,025,0,62388.0,-7.699416004894111,-0.09780520106590274,0.703332371609925,0.027646342245303584,0.030231775341411807,0.0,0.0748268897864974,0.06222671026479451,0.0,0.0,0.02046867987433481,0.0
38027,38,027,0,153578.19999999998,-9.571611585400571,-1.3466356241130808,0.5747020084881839,0.03818120019638204,0.056611550337222344,0.008426977266304723,0.05361047336145365,0.019855682642458374,0.0,0.0,0.07836073088498238,0.0
38029,38,029,0,431664.7,-9.200433270325924,-0.7836773588909658,0.7463047128940588,0.03790974800580172,0.044974027294796166,0.0,0.013961762451272943,0.02379184584701969,0.0,0.0,0.06051803633699952,0.0
38031,38,031,0,185672.7,-8.746182272003207,-0.7749228073682071,0.5991101545892314,0.007465825616797731,0.06942216060842546,0.012367461667762682,0.0141049276495683,0.02193052613550619,0.0,0.0,0.09974325789413305,0.0
38033,38,033,0,45459.100000000006,-9.583708583514689,-6.318468171600183,0.7044772113834193,0.011471850520577836,0.039136278544889797,0.0,0.016511545543136576,0.08325065828403992,0.0,0.0,0.027613833093923984,0.0
38035,38,035,0,624748.8,-8.164203646577498,0.43076356918929304,0.5252395842937193,0.019306319595972014,0.06526943309054775,0.1216109578761896,0.008000015366175972,0.005765037083704682,0.0,0.0,0.03221422754233381,0.0
38037,38,037,0,125898.59999999999,-8.613459842148991,-5.817601320605266,0.6697167402973504,0.016816708049176083,0.0373657848458998,0.0,0.0025107507152581526,0.08304778607546073,0.0,0.0,0.03387011452073335,0.0
38039,38,039,0,138522.69999999998,-13.220857701001485,-6.982609752609142,0.3701285060138158,0.002464578007792225,0.20571646379979602,0.0,0.013734932974884262,0.028993082000278655,0.0,0.0,0.03377569163754388,0.0
38041,38,041,0,248985.3,-9.077168757334654,-6.181141751019272,0.7306575930386252,0.015002893745132745,0.040893980488004716,0.0,0.018348472781324843,0.04843257814818787,0.0,0.0,0.031891039350515876,0.0
38043,38,043,0,239091.40000000002,-8.798799858590865,0.8498327548751866,0.42554019090607187,0.030351990912262,0.038735814002511165,0.17710716487502268,0.04150797561100065,0.024495234876704054,0.0,0.0,0.05249958802365957,0.0
38045,38,045,0,431765.29999999993,-11.259698051031965,-1.8155405819398496,0.5122301398468104,0.07677736029273313,0.08677237378733309,0.00850230437693812,0.05375767807185988,0.016719036939744813,0.0,0.0,0.025734583117263017,0.0
38047,38,047,0,153395.7,-14.897646096193256,-9.784215621970706,0.49938101263594736,0.04951442576291252,0.08171415496001518,0.0,0.03723246479529739,0.03451465719052098,0.0,0.0,0.026931002629148014,0.0
38049,38,049,0,361720.20000000007,-8.506038668826296,-4.991130652871811,0.7307980035397524,0.01707977602577904,0.04711708110301829,3.593938076999846e-05,0.030278098928398244,0.022632410354743802,0.0,0.0,0.01965662962698793,0.0
38051,38,051,0,185328.8,-11.300367518571743,-1.867993907125947,0.4940538113881922,0.04876953824769815,0.08223924182318129,0.00932558782013373,0.0366758971082746,0.03416468460379606,0.0,0.0,0.026648853281303286,0.0
38053,38,053,0,117983.2,-7.250140493736978,0.26003445069364073,0.6757699401270689,0.013453610344523628,0.062349554851877216,0.0,0.005838966903762569,0.1025078146719194,0.0,0.0,0.027138609564751594,0.0
38055,38,055,0,346280.39999999997,-7.628721032725611,-0.26547141643437966,0.6434034383695988,0.011435241497930581,0.08929093301266836,0.0,0.0016434658155644966,0.07734252357338157,0.0,0.0,0.042674087242593,0.0
38057,38,057,0,100430.0,-8.017048977304373,-0.6438258784100266,0.6594882007368316,0.028793189286069897,0.04696206312854724,0.0,0.05408841979488201,0.08760828437717813,0.0,0.0,0.027232898536293935,0.0
38059,38,059,0,244485.3,-8.017707784506555,-2.516223376487072,0.7125806745845251,0.04162008922417831,0.03920194792897569,0.0,0.012155332038367953,0.050885267948625135,0.0,0.0,0.05136750553100739,0.0
38061,38,061,0,200317.1,-9.027997595854892,-6.331878563079768,0.7049028764893261,0.008964287122766854,0.03133082497699897,0.0,0.004005649043441623,0.0978937893969112,0.0,0.0,0.021380101848519174,0.0
38063,38,063,0,215037.0,-10.326720770434953,-9.480062157219272,0.6538256207071341,0.011968172919079041,0.05775796723354586,0.0,0.01159939917316555,0.012027232522775152,0.0,0.0,0.05282718787929519,0.0
38065,38,065,0,74115.0,-7.7989684635072045,-0.3403227052569888,0.6605073197058625,0.015139985158200094,0.0801497672535924,0.0,0.008111718275652702,0.0974566551980031,0.0,0.0,0.037493085070498554,0.0
38067,38,067,0,573868.2,-7.24202271413677,1.1922977051706107,0.3959428314724531,0.00554918359302711,0.07607095148328484,0.2429552639438812,0.0051412502034439275,0.005367434543332424,0.0,0.0,0.023600541030152918,0.0
38069,38,069,0,262794.9,-9.808585049712153,-8.98055642550754,0.7542273461166864,0.011264297747026291,0.051585856498737225,0.0,0.015405930632595988,0.01955783769015304,0.0,0.0,0.019786913672982236,0.0
38071,38,071,0,306570.0,-8.441426910530282,-0.9582781381124916,0.6375157386567505,0.01734644616237727,0.04155722999641191,0.015520435789542358,0.01074632221026193,0.01226212610496787,0.0,0.0,0.04657435495971556,0.0
38073,38,073,0,246346.6,-11.278130515106621,-2.0042761829372755,0.5029685816650199,0.08801258064856587,0.08333948997063487,0.010133689687618989,0.05989000863011708,0.017713254414714878,0.0,0.0,0.022780911122783916,0.0
38075,38,075,0,191191.59999999998,-9.176373884802732,-6.314892741913268,0.6914880151638463,0.012596264689452887,0.03230267438527634,0.0,0.012811755328162954,0.09763242736605585,0.0,0.0,0.029984580912550556,0.0
38077,38,077,0,597711.4,-10.95443636219715,-0.8814482788303177,0.5022067506157654,0.09562156585937627,0.09257711999469978,0.01003477598051501,0.06405599759348743,0.012195183160301108,0.0,0.0,0.020635209567694376,0.0
38079,38,079,0,150517.59999999998,-7.098783220727288,-0.40657569664754867,0.7349552477584018,0.005992654679585644,0.03446640127134635,0.015213503271378234,0.011735504685166388,0.01707375084375515,0.0,0.0,0.017063785231760276,0.0
38081,38,081,0,301116.8,-11.17886107524982,-1.6332754260098832,0.5128192781007237,0.09171656978288824,0.08555849424542238,0.009766309950158876,0.0624126584767107,0.0141144565829605,0.0,0.0,0.023683832984410038,0.0
38083,38,083,0,175141.5,-11.210763370864491,-9.200852843896268,0.5786846635434777,0.02855120002969028,0.05857263983693185,0.0,0.03697695863059298,0.033993656557697635,0.0,0.0,0.07208742645232569,0.0
38085,38,085,0,68832.70000000001,-8.200693048469546,-5.619520206805949,0.6931269585531294,0.04543044221714388,0.03554124711074823,0.0,0.013230630209188363,0.05583392776979545,0.0,0.0,0.04941110838307954,0.0
38087,38,087,0,113884.70000000001,-8.457260907144523,-6.0850671927164965,0.7465910697398334,0.013505765041309322,0.03578004771492571,0.0,0.007794725718204464,0.046852650092593644,0.0,0.0,0.027271442081333138,0.0
38089,38,089,0,197173.7,-7.47259648862828,-2.9499398535562884,0.7426157748218956,0.0150177229518947,0.040625093508921316,0.0,0.016777592549107715,0.04867586295738224,0.0,0.0,0.029505456356501904,0.0
38091,38,091,0,270362.0,-14.612590908261016,-7.36974913070896,0.374917702931625,0.05533765839873947,0.17045886626079107,0.0,0.05596385586731863,0.01535977689172295,0.0,0.0,0.023228486251766153,0.0
38093,38,093,0,801325.9000000001,-9.54965065967776,-1.2865573665402832,0.5794375297241733,0.04682888697345236,0.053674166777836575,0.007573697543034612,0.06675898033496731,0.012120536725444664,0.0,0.0,0.08122238405123307,0.0
38095,38,095,0,223509.9,-6.556647723260955,-0.6601299214541125,0.5749794528117099,0.00025144300095879425,0.052455394593259624,0.02062101052347122,0.01024876303018345,0.020313194180660455,0.0,0.0,0.052580221278788995,0.0
38097,38,097,0,402048.39999999997,-10.852765676292854,-0.8258429510275729,0.3576877808741435,0.056932200202761664,0.16411680782711732,0.03631602563273477,0.05557067258568869,0.015750839948623103,0.0,0.0,0.01788814481042581,0.0
38099,38,099,0,688710.7,-7.152636582647556,1.4102361052866028,0.29036502554701127,0.006372196627698685,0.05476581095661793,0.34416889413798857,0.0038148093241472804,0.00626199070233699,0.0,0.0,0.017119379733754683,0.0
38101,38,101,0,350706.6,-7.824160427383397,-3.00838065463655,0.7002551420475122,0.013654718787727407,0.03152236085662489,0.0,0.013775617567505146,0.08467220177778234,0.0,0.0,0.03180094129965048,0.0
38103,38,103,0,448515.3999999999,-11.490916719008268,-9.453695158958041,0.5620629748722118,0.04269374028182756,0.06935146485494145,0.0,0.05770794046313684,0.02296286816461598,0.0,0.0,0.07365900925586949,0.0
38105,38,105,0,316941.9,-7.299090463870407,-0.37413133690931355,0.6663334825720423,0.01089158612351349,0.038192173392031785,0.0,0.0018476572520073867,0.11340658966201692,0.0,0.0,0.007482443943195897,0.0
39001,39,001,0,69528.6,-9.281900481665296,6.433579402474884,0.3896828067874227,0.1496377030459408,0.06660856108133918,0.0,0.154440043377833,0.07760547458168293,0.0,0.0,0.006756931679913014,0.0
39003,39,003,0,171394.1,-10.864462323077902,8.887069567196228,0.4133695383913449,0.21080247219711765,0.09574016841886622,0.00010443766734094112,0.08274030436286897,0.06974919206670474,0.0,0.0,0.009684113980586263,0.0
39005,39,005,0,82474.20000000001,-7.497745275533838,11.31680366682929,0.42888563938783275,0.17942823331417582,0.14885624837828068,0.0,0.019287243768354223,0.03986337545559702,0.0,0.0011252003656901186,0.020417294135620594,0.0
39007,39,007,0,61150.2,-0.15154787104603784,14.033539018613524,0.5667683834231123,0.0879604645610317,0.056093029949207035,0.0,0.05774960670611053,0.03128689685397595,0.0,0.01109235946897966,0.016099702045128225,0.0
39011,39,011,0,191931.4,-13.947616302739767,7.6426156609567615,0.4020769920919662,0.19845163428183193,0.05360300607404521,0.0,0.08888071467201303,0.06500655963536972,0.0,0.0,0.0312601273163224,0.0
39015,39,015,0,147577.2,-9.67289888988175,6.164079026054695,0.4289287234071387,0.09486153687697015,0.07757499125881233,0.0,0.16767291966509731,0.0570718241029102,0.0,0.0,0.007966677779494393,0.0
39017,39,017,0,72356.6,-13.914911293931606,9.382247932845914,0.3943289209277384,0.14493494719210134,0.07234861781786318,0.0,0.0751652233521199,0.06696970283291365,0.0,0.0,0.007758794636563906,0.0
39019,39,019,0,18787.4,-8.582492490490164,15.475122583340763,0.22683820007025982,0.07946283147215687,0.10676304331626514,0.0,0.09055537221755006,0.09875235530195768,0.0,0.0040984915422038175,0.021934913825223286,0.0
39021,39,021,0,205351.30000000002,-13.8836066553472,8.07621446581836,0.3525787272834406,0.24063495093529963,0.05551657087147731,0.0,0.10595501465050379,0.056920019498293895,0.0,0.0,0.02610453403509011,0.0
39023,39,023,0,154228.5,-13.820237427970834,8.079114886135201,0.36796700998842624,0.22794425154883824,0.055199914412705824,0.0,0.10089121012004915,0.05913174283611654,0.0,0.0,0.02784115776267032,0.0
39025,39,025,0,54201.700000000004,-11.807293420086413,7.378387403834524,0.4693229179158587,0.0827833813330578,0.053175453906427285,0.0,0.08294204794314569,0.07667102692350977,0.0,0.0,0.006199067556921646,0.0
39027,39,027,0,184159.80000000002,-14.028216485674125,8.314236572511081,0.4174993673972278,0.13351991042561948,0.06763256693371734,0.0,0.07842971158743656,0.06894121301174307,0.0,0.0,0.007394664850852357,0.0
39029,39,029,0,62241.79999999999,-0.1933986289523233,13.96854580170088,0.5069985122538231,0.11420299541465705,0.07062777747430185,0.0,0.07237579890041743,0.03358996687113805,0.0,0.007074024208811444,0.014605940059574116,0.0
39031,39,031,0,43557.4,-9.161335205056751,13.637620535704222,0.23123051421802032,0.08941764200801701,0.11460050416232373,0.0,0.10000367331383414,0.08869675416806329,0.0,0.0008838911413445247,0.016878877067960898,0.0
39033,39,033,0,192743.6,-9.479942190732224,9.839655357001483,0.4325212354651464,0.18449691714796235,0.15260013821470597,0.0,0.01967847440848879,0.03399023365756373,0.0,0.00013126246474591115,0.02008211945818175,0.0
39037,39,037,0,313522.8,-14.130297454374876,7.031339008862061,0.3798588172853776,0.21862748099978693,0.054558392563475444,0.0,0.09714827757343326,0.06142679256500644,0.0,0.0,0.028867438030025252,0.0
39039,39,039,0,161833.0,-11.627476444752197,9.688348483681391,0.4690483399553861,0.15852267460901054,0.08257895484851668,0.0,0.06912496215234223,0.08116885925614677,0.0,0.0,0.012031538684940649,0.0
39041,39,041,0,136334.5,-12.623285461763185,8.94417115970863,0.4313251598091459,0.1422185873715017,0.10790518907539912,0.0,0.05704132116228834,0.04053192698839985,0.0,0.0,0.035157645350223164,0.0
39043,39,043,0,73070.70000000001,-5.989697294671341,14.32207692471954,0.4258492117907724,0.15878731146683964,0.13359663996649818,0.0,0.01770887647169111,0.03518099593954895,0.0,0.008205751416094274,0.020493850476319506,0.0
39045,39,045,0,169201.1,-12.543990350776664,10.385637392790795,0.38091655432500143,0.17913536023110962,0.10396504514450555,0.0,0.06943985588746172,0.038285803106480984,0.0,0.0,0.033353802073390774,0.0
39047,39,047,0,246704.6,-12.587672047457069,9.346521960742404,0.39996862644636544,0.16917803721535796,0.1062489309076523,0.0,0.06619738748284386,0.038118056979886066,0.0,0.0,0.03420082154933471,0.0
39049,39,049,0,51453.3,-12.55680284377506,10.079101703855606,0.4241807619725071,0.14293543854330043,0.10644992643814875,0.0,0.057170288397440004,0.04066600198626716,0.0,0.0,0.034648895211774555,0.0
39051,39,051,0,194743.5,-9.588824529878888,12.069386478271522,0.3915889362160996,0.21794617021877494,0.09682839221848226,0.015793595164922063,0.08415377149943387,0.06543889783227681,0.0,0.0,0.008735593229042304,0.0
39053,39,053,0,11806.6,-9.112532223501027,7.247352234730128,0.37429065099181813,0.14121762404079075,0.06640353700472616,0.0,0.14806972371385496,0.09058492707468703,0.0,0.0,0.006513306116917657,0.0
39055,39,055,0,10382.5,1.5054156800852354,15.257542771401933,0.480616421863713,0.08157958102576451,0.05132675174572598,0.0,0.05252106910666987,0.05548759932578859,0.0,0.03667710089092223,0.01263664820611606,0.0
39057,39,057,0,133614.9,-12.386959180009374,7.618616146971694,0.4011768148612168,0.15287067535132684,0.07073163247512067,0.0,0.07765750676009937,0.0678434815278835,0.0,0.0,0.008265545234850307,0.0
39061,39,061,0,11591.2,-12.878300190363014,11.124099664146382,0.26093070605286767,0.15840465180481744,0.1057008765270205,0.0,0.0496065981089102,0.04671647456691283,0.0,0.0,0.005564566222651666,0.0
39063,39,063,0,252769.2,-12.052555825368593,7.427430134584967,0.4333906187937454,0.19292936006443823,0.09117012674012498,0.0,0.0779798329859809,0.07368540154417548,0.0,0.0,0.010387341495720206,0.0
39065,39,065,0,241288.2,-14.235199773389645,6.279793938659723,0.3896585079585326,0.21060623768588765,0.054254207209469836,0.0,0.09393248405848276,0.06287957720269785,0.0,0.0,0.02991484871618256,0.0
39069,39,069,0,216118.1,-9.696820665339764,12.51068432925598,0.4008919197420299,0.2090361705012213,0.09602157338973459,0.015373538819747165,0.08174003010391077,0.0675982252296314,0.0,0.0,0.008995081855707597,0.0
39071,39,071,0,210906.8,-10.316741332915154,6.295131078543243,0.4102660511657282,0.12760849816127315,0.07200052345396166,0.0,0.161740162005208,0.06916467368524865,0.0,0.0,0.007347321186419784,0.0
39075,39,075,0,30695.0,-7.701572201559731,16.921414164507663,0.2234565890210132,0.08461638703371885,0.10832383124287344,0.0,0.09453656947385568,0.09885649128522561,0.0,0.011099527610359993,0.015693109626975076,0.0
39077,39,077,0,170527.7,-8.683632116786416,10.994755189205001,0.48185895898437614,0.141187619372102,0.12382035293972767,0.0,0.017467543396175518,0.04150117546885344,0.0,0.00027209655674708565,0.0253419239220373,0.0
39079,39,079,0,12963.8,-10.649587258571266,7.733472583123863,0.36095897807741556,0.151807340440303,0.06295993458708096,0.0,0.14345330844351195,0.08478995356299851,0.0,0.0,0.006178743886823308,0.0
39083,39,083,0,147065.1,-12.542277233788784,10.457454896523487,0.37587367771143526,0.1824436933031698,0.10366021578199042,0.0,0.0705707880387665,0.03844215928864156,0.0,0.0,0.03337501555433614,0.0
39089,39,089,0,167858.9,-12.518642412047715,10.82308811296826,0.3823681675502461,0.17036570595899295,0.10290368875287519,0.0,0.06634917779158567,0.03837330043268483,0.0,0.0,0.03325769440881598,0.0
39091,39,091,0,183612.59999999998,-13.946600664147848,7.250141817576568,0.39088766239353945,0.20885331398825574,0.054300195084651066,0.0,0.09319567393523104,0.06260245756554834,0.0,0.0,0.03029094953178595,0.0
39093,39,093,0,87401.6,-6.319266880720345,13.444658585533062,0.48001180756416356,0.12031587522425218,0.10925772525903414,0.0,0.016164463808442865,0.04288708673525427,0.0,0.006880880899205506,0.02692055980668546,0.0
39095,39,095,0,60263.9,-9.381573100008247,11.806108781316283,0.39674664268326476,0.2104178455095007,0.09270724264443556,0.01679446567513885,0.07856112863588316,0.06683935158527742,0.0,0.0,0.00914145948071731,0.0
39097,39,097,0,260446.7,-12.578056258464471,9.031263277118315,0.41168692097077825,0.1593001562315821,0.10687061882527212,0.0,0.06284510419982284,0.039050984328079415,0.0,0.0,0.03455947032540631,0.0
39099,39,099,0,39034.4,0.33213467095506033,14.832527376484222,0.5375028180271759,0.09853616297419712,0.061983788658209166,0.0,0.06337486934601275,0.029435574775070195,0.0,0.009755497714836145,0.01499446641936343,0.0
39101,39,101,0,204471.69999999998,-12.624595990547736,8.654418455786509,0.4213169842085726,0.15067121758169957,0.10729846722064718,0.0,0.05990413343264619,0.039690089141920376,0.0,0.0,0.034794546140126,0.0
39103,39,103,0,56985.399999999994,-0.407252924477735,14.11476873426988,0.5735240956455514,0.08765929518789024,0.05585992201511265,0.0,0.05744629326108091,0.029739196355557742,0.0,0.008038901192235205,0.0158075577253121,0.0
39107,39,107,0,235435.59999999998,-14.070176394212563,7.011013512976095,0.36648493261002163,0.23065543188880527,0.05503033525940852,0.0,0.10201855624213162,0.059790872748216504,0.0,0.0,0.02730428193527232,0.0
39109,39,109,0,181883.8,-13.786400582823472,7.2798724178983365,0.3694358705943025,0.22696193943605752,0.05508571956380943,0.0,0.10043500300741463,0.059452243685253994,0.0,0.0,0.027890884179899475,0.0
39113,39,113,0,81160.59999999999,-14.084147027608132,9.706961066843979,0.40319933563822846,0.15597592920702905,0.06932427803638712,0.0,0.07883874687964358,0.06834843507810441,0.0,0.0,0.008638428005707204,0.0
39117,39,117,0,145052.2,-12.604655783664636,9.549517628780166,0.423955651827411,0.14720769488501378,0.10691047774525309,0.0,0.058683012046697666,0.041265144547962734,0.0,0.0,0.034773688368738974,0.0
39119,39,119,0,39598.7,-8.167203527053822,15.666476867227686,0.2913605749683702,0.20336273665549628,0.0874094351582249,0.0,0.07622472454903824,0.06452484551260522,0.0,0.0075558035996131185,0.01247010634187486,0.0
39123,39,123,0,73343.5,-6.477918264893798,13.209426225434544,0.5245918179525112,0.08734243661674176,0.08715428088378656,0.0,0.014429363201919733,0.048994116724726804,0.0,0.0035286017165802016,0.030627117604150336,0.0
39125,39,125,0,191735.5,-11.992887260489233,8.913966370804816,0.45618364882872503,0.1716015031123605,0.08586255544747844,0.0,0.07249100975041138,0.0788664592628908,0.0,0.0,0.01126917028927872,0.0
39127,39,127,0,41289.600000000006,-9.673309412115628,12.563217145269547,0.30075127877237845,0.19727728047740833,0.09636567077423853,0.0,0.07394840347206076,0.060533403084553974,0.0,0.0008597806711617452,0.014822134387351776,0.0
39129,39,129,0,263946.2,-12.614386578979445,9.030154235529986,0.3956120603365383,0.17319059717472726,0.10550710713016516,0.0,0.06752512443823779,0.03924474002656602,0.0,0.0,0.03393229377805022,0.0
39131,39,131,0,43654.3,-10.688901411765798,5.9759259818761405,0.3854099138000151,0.16486577496374927,0.0663531427602779,0.0,0.15412227432349163,0.07840464742304881,0.0,0.0,0.006601869689812916,0.0
39133,39,133,0,42641.600000000006,-0.4340262759943876,13.128320387817755,0.5575306742711342,0.0946821882856178,0.05990159843908296,0.0,0.061440002251322644,0.031011969532100107,0.0,0.008022682075719484,0.01568655960376721,0.0
39135,39,135,0,172377.89999999997,-14.109046825338218,9.151859792059385,0.4019534986793551,0.15882720464746353,0.07006292569987221,0.0,0.07864117151908685,0.0684043604197522,0.0,0.0,0.00867222538388042,0.0
39137,39,137,0,234336.60000000003,-12.02512765095241,7.582798636249008,0.44793984379734103,0.17953277464979858,0.08748313323654947,0.0,0.07423466927488066,0.07717787148913142,0.0,0.0,0.010897145388300417,0.0
39139,39,139,0,86575.8,-7.014346991421078,12.958362209905623,0.4291314662988965,0.17538850348480753,0.1459842126783697,0.0,0.019018016582000974,0.038993575571926564,0.0,0.0029061238821934073,0.02058542918459893,0.0
39141,39,141,0,141629.9,-10.966134672613798,7.116255239115906,0.3970256280630008,0.17190367288263284,0.10563235587965536,0.0,0.06709035309634477,0.04024856333302502,0.0,0.0,0.03421382066922309,0.0
39143,39,143,0,176449.39999999997,-7.011038896224498,12.98706591451257,0.4452035541067298,0.16397618807431483,0.13859837437815037,0.0,0.01849368714203619,0.036659801620181204,0.0,0.002326445995282501,0.022010276033809128,0.0
39145,39,145,0,35911.3,-10.877151557174848,7.315481356637396,0.3831106086385065,0.15018671003277517,0.0659291086649606,0.0,0.15260377652716553,0.0741215160687583,0.0,0.0,0.0066580714148471365,0.0
39147,39,147,0,246884.50000000003,-9.11816124223662,10.444545838945178,0.4595796819970472,0.16102347453971388,0.13674734541860667,0.0,0.018397671785794573,0.0380489662169962,0.0,0.00014662726902660961,0.022573308571416997,0.0
39149,39,149,0,189637.30000000002,-14.014334492454292,7.393119430567357,0.39190918664207935,0.20824858822605044,0.054169195617106966,0.0,0.09296061481575617,0.0636720729518929,0.0,0.0,0.03010536429278417,0.0
39151,39,151,0,77128.8,-0.4502974330744287,14.108614028598211,0.5138521537998776,0.11707299996888322,0.07245153561315618,0.0,0.0742148198856977,0.029037143064588062,0.0,0.006171494953895302,0.015026812293203058,0.0
39155,39,155,0,59546.00000000001,-1.5765028324149988,13.214729244685596,0.5436435696772243,0.1096866288247741,0.06853860880663687,0.0,0.07035233265038793,0.02989453531723373,0.0,0.0026970745306149862,0.01604809726933799,0.0
39157,39,157,0,30400.8,-8.603590179263357,15.5349793384726,0.23100378937396385,0.08540564721981,0.11087537170074471,0.0,0.09600405252493355,0.08834306991921265,0.0,0.005749848688192416,0.018117944264624614,0.0
39159,39,159,0,204904.1,-12.61187030570386,9.326792429497404,0.4381352056889052,0.13579474495629906,0.10791243318215692,0.0,0.05483638443545054,0.041634598819642946,0.0,0.0,0.03525161282765937,0.0
39161,39,161,0,230824.3,-9.749701625965915,12.206654438824465,0.4254881310156686,0.18935441372507142,0.08997362929292974,0.014363305769799802,0.07666653814178144,0.07199978511794469,0.0,0.0,0.010256719071605547,0.0
39165,39,165,0,69701.20000000001,-13.794434827042792,10.11936505832509,0.4135036412572523,0.11195646559887058,0.07233304448130017,0.0,0.0758623954824307,0.06817673153403384,0.0,0.0,0.0066067729106529,0.0
39167,39,167,0,15030.3,-7.846045660215633,16.14440255061532,0.291983526609582,0.17987664916867926,0.0961657451947067,0.0,0.06732400550887208,0.07533449099485706,0.0,0.005122984903827602,0.015262503077117557,0.0
39169,39,169,0,120227.69999999998,-0.46420317821188917,14.151867924181378,0.4934644844740439,0.12686843381350557,0.07805605530173164,0.0,0.07988924349380384,0.030754144011737733,0.0,0.005814799750806179,0.014970759650230358,0.0
39171,39,171,0,164566.5,-10.06416022380424,10.278887131269116,0.4317039008546697,0.18389283359614503,0.08841957506539909,0.014278118572127376,0.07510094703357002,0.07383458966436061,0.0,0.0,0.010544065772803092,0.0
39173,39,173,0,276085.19999999995,-10.643343689677629,9.647074485568144,0.4364754068671556,0.18791988849818828,0.08995121795735521,0.00012967011632640939,0.07673029919749412,0.07447048954453192,0.0,0.0,0.010457279129775883,0.0
39175,39,175,0,191166.0,-14.27604110509525,2.4587066697434805,0.4450304970549156,0.17445152380653461,0.1460777544123955,0.0,0.01922046807486687,0.035502652145255956,0.0,0.0,0.02151323980205685,0.0
40001,40,001,1,19145.800000000003,15.786750827296824,-5.662716423820384,0.09103302029687972,0.0,0.0,0.0,0.0,0.7729684839494823,0.0,0.0,0.09737905963710056,0.0
40003,40,003,0,168540.69999999998,-9.989841505499808,-13.736555599381315,0.41711230581099995,0.06532784069367222,0.14696450174942907,0.0,0.011114822710478835,0.09836674464980863,0.0,0.0,0.048917561158818026,0.0
40005,40,005,1,22057.199999999993,9.311851358087985,4.486606297655257,0.04071232976080374,0.00011787534229185939,0.0002448180186061695,0.0,0.00010880800826940866,0.8734834883847453,0.0,0.003227970911992457,0.011429374535299134,0.0
40007,40,007,0,132961.9,-5.642536698060631,-7.181631630341653,0.38796151378703225,0.13775976426329647,0.09097418132562787,0.0,0.015772187370968676,0.1889458559181239,0.0,0.0,0.0687963995701024,0.0
40009,40,009,2,60864.5,5.19311934153137,-21.864374420712892,0.370274955023043,0.009098900015608442,0.04329617428878903,0.0,0.01678811129640431,0.16400857642796704,0.0,0.0,0.0764468614709724,0.0
40011,40,011,2,54197.09999999999,4.155641481814934,-17.936821263642535,0.5262661655328422,0.03219175933767675,0.03704441750573371,0.0,0.011209086833059335,0.12727064732245824,0.0,0.0002952187478665833,0.04838819789250717,0.0
40013,40,013,2,45662.7,2.188509229520964,-6.921236632515547,0.14713978805458286,0.0405122780737889,0.10128836008383212,0.0,0.03810987961728063,0.5201729201295587,0.0,0.0027111844021488,0.0204214818659431,0.0
40015,40,015,2,111608.59999999999,9.560286291551657,-13.150877302379964,0.37790994600774497,0.008395410389521955,0.04953829722799139,0.0,0.04202812328082245,0.15694041498594197,0.0,0.00465197126386318,0.059525878830126,0.0
40017,40,017,2,58677.7,5.275387982822522,-13.953489349271365,0.2970038021258502,0.010867842468263072,0.04602770728914051,0.0,0.012993010973504415,0.30182846294248067,0.0,0.0012287461846664065,0.06629435032388796,0.0
40019,40,019,1,34519.4,10.095624933977788,-1.0852276959864624,0.08102979773692474,0.0,0.0010370979796867847,0.0,0.00013036147789359027,0.7973110772493148,0.0,0.006987375215096438,0.02001193531753159,0.0
40021,40,021,1,16579.8,9.903158179919913,-6.424203567210891,0.05775702963847574,4.222005090531852e-05,4.825148674893546e-05,0.0,1.2062871687233865e-05,0.8132184947948708,0.0,0.0,0.09216033969046672,0.0
40023,40,023,0,42754.100000000006,-1.379041188882269,-2.920577846936199,0.203388680851661,0.07502906154029672,0.033229561609295945,0.0,0.004560966082785042,0.5038043135044358,0.0,7.016870896592372e-05,0.07962043406363364,0.0
40025,40,025,2,273080.4,0.7478710033433433,-21.96311845634154,0.2910673926067195,0.21151572943352945,0.15837313846032156,0.0,0.027346525052695102,0.12914548242935045,0.0,0.0,0.05353038885251376,0.0
40029,40,029,0,18458.1,-1.8417229876374677,-0.11694810848558057,0.050622761822722816,0.0043178875398876375,0.016442645776109134,0.0,0.0022429177434297137,0.8654953651784312,0.0,0.000178783298389325,0.014194310356970654,0.0
40031,40,031,2,40253.9,10.613179754813752,-18.537133046240047,0.35396073423941526,0.010567920126993905,0.027786127555342464,0.0,0.04230645974675745,0.2013792452408338,0.0,0.00443683717602518,0.05778818946735595,0.0
40033,40,033,2,39808.200000000004,13.674551304144549,-14.039217063255439,0.5684708175702493,0.010211463969734878,0.005998764073733552,0.0,0.011148456850598619,0.22804849252164125,0.0,7.536135771022049e-05,0.0398159173235665,0.0
40035,40,035,0,48732.0,-11.375774489420515,-11.334620584786162,0.19403266847246164,0.05635721907576131,0.044069605187556427,0.0,0.028554132808011164,0.4769166051054748,0.0,0.0,0.08852499384388082,0.0
40037,40,037,0,14928.0,-0.23048308495947012,-4.663624226316113,0.10438102893890676,0.010229099678456591,0.03233520900321543,0.0,0.00905010718113612,0.6636053054662379,0.0,0.0021436227224008574,0.08025857449088959,0.0
40039,40,039,2,83027.90000000001,6.419815584737995,-14.564264190735681,0.5056119689887375,0.017345976472968722,0.04133911612843393,0.0,0.01001831914332411,0.12193612026800629,0.0,0.007136155436907352,0.04986396139129136,0.0
40041,40,041,0,26061.699999999997,-9.649258815264957,-11.524072024754798,0.18075183123127042,0.07864797768372746,0.03169785547374116,0.0,0.029951998526573483,0.5069009312516068,0.0,0.0,0.09519332967534737,0.0
40043,40,043,2,30778.600000000006,0.41977207149488294,-22.094532388169704,0.5555223434464205,0.027285191659139785,0.03285724496890696,0.0,0.008424684683513869,0.1287842851851611,0.0,0.0,0.04569408615076709,0.0
40045,40,045,2,84323.0,5.934811510435747,-19.080125586835166,0.46788183532369576,0.025131933161770807,0.08955089358775185,0.0,0.009119694508022722,0.11612252884740817,0.0,0.0,0.06590254141811842,0.0
40047,40,047,2,339095.10000000003,-2.5013685793079254,-13.940125477529925,0.37840682451619023,0.06635277242283949,0.18332320343172165,0.0,0.011410073457269066,0.0795549685029362,0.0,0.0,0.05693388079037414,0.0
40049,40,049,0,57376.399999999994,-1.3906674663694503,-1.8287652329466488,0.1744881170655531,0.02548957411060994,0.08078234256593304,0.0,0.022798572235274435,0.47262637600128277,0.0,0.016944248854929903,0.029273359778584924,0.0
40051,40,051,2,63307.59999999999,5.536535062476885,-13.279575691268896,0.18868034801508826,0.011816906658916151,0.05774820084792348,0.0,0.013688719837744601,0.3034485590987496,0.0,0.0035540756560033873,0.0685020439883995,0.0
40053,40,053,2,346918.80000000005,-4.0065727192540095,-19.64798439680039,0.359060391077105,0.028547025989943464,0.2164440209063331,0.0,0.005304699543524305,0.057319464958370654,0.0,0.0,0.06734918949333388,0.0
40055,40,055,2,69508.0,14.753586504080308,-18.059633454070404,0.3886401565287449,0.0016875755308741439,0.010332623582896933,0.0,0.03919980433906888,0.16242159175922197,0.0,0.0025407147378718998,0.060931115842780686,0.0
40057,40,057,2,117979.40000000001,9.934865118111553,-20.79432492193356,0.44639403150041446,0.0014477103629955738,0.01582649174347386,0.0,0.04723112678993112,0.08350779881911588,0.0,0.0,0.05720405426710086,0.0
40059,40,059,0,36827.7,-3.1363642290077998,-12.846491471585008,0.38714337305886604,0.14693831002207577,0.06725915547264695,0.0,0.012028989049003876,0.2632719393282774,0.0,0.0,0.04935686996472764,0.0
40061,40,061,1,20625.499999999996,7.598711005410218,-6.9230678077038705,0.05880584713097866,0.0,0.00011636081549538195,0.0,4.848367312307581e-06,0.8072580058665245,0.0,0.0,0.08925844221958257,0.0
40063,40,063,0,40709.299999999996,-5.144044367618573,-9.10921203563068,0.06635338853775427,0.010282662683956738,0.029791718354282685,0.0,0.0029968582117599666,0.7403001279805843,0.0,0.0,0.08488723706867965,0.0
40065,40,065,2,409430.5,14.314708905838557,-19.593836490093782,0.44412421644210676,0.0009586486595405081,0.004492581769067034,0.0,0.04925036117240899,0.0664557232546183,0.0,0.0008968555102758588,0.06199318321424516,0.0
40067,40,067,0,47153.09999999999,3.6739331296688533,2.1392100592488745,0.18656461611219627,0.010342904284129784,0.008381209294828973,0.0,0.0031238667235028036,0.6941664492896544,0.0,0.0016202540235954797,0.046609872945787244,0.0
40069,40,069,1,19498.499999999996,7.385503899830386,3.481120924301131,0.06742057081313949,0.005482473010744417,0.0037592635330922896,0.0,0.0005487601610380286,0.817760340539016,0.0,0.013016385875836606,0.017150037182347363,0.0
40071,40,071,2,487366.4,-1.944385637705441,-14.788016870363876,0.3157181126971412,0.02839875707475936,0.24795615783115124,0.0,0.006203751428083676,0.04272555514701054,0.0,0.0,0.07067865162637392,0.0
40073,40,073,2,72038.09999999999,3.9511921596108515,-15.569789359286727,0.36916159643299873,0.016102590157152954,0.0548487536456403,0.0,0.014465956209283698,0.27170205766115435,0.0,0.005789991684955601,0.05496397045452338,0.0
40075,40,075,2,87076.6,9.327932466457982,-17.23600264623795,0.43065301125675554,0.01117177289880404,0.02193126511600131,0.0,0.033989613742383136,0.17563386719279347,0.0,0.004887650643226768,0.05456919539807479,0.0
40077,40,077,1,16737.2,14.693764549869451,5.737729630833459,0.055337810386444565,0.0,0.0,0.0,0.0,0.7879752885787348,0.0,1.7924145018282627e-05,0.11918361494156728,0.0
40079,40,079,0,70523.9,-2.106246140910116,-3.590294254490243,0.23211563739384808,0.03031312788997773,0.07380193097659092,0.0,0.01890990146602783,0.33054468059764136,0.0,0.0002807558855933946,0.06286379511059371,0.0
40081,40,081,0,20501.399999999998,-1.5278248436235486,-5.761815732949663,0.12735715609665682,0.009233515759899325,0.03782668500687758,0.0,0.008257972626259671,0.6206893187782299,0.0,0.0003902172534558616,0.0814676070902475,0.0
40083,40,083,0,31039.1,-4.228813701006665,-2.6118343187375093,0.2526168606692849,0.017104233047994303,0.06951554652035657,0.0,0.012622788676218062,0.3966803161174132,0.0,0.012046096697391354,0.07938374501838005,0.0
40085,40,085,0,19114.300000000003,0.6153844833614954,0.871945491167972,0.09411801635424785,0.022988024672627297,0.05496931616643036,0.0,0.007146481953301977,0.6585749935911855,0.0,0.0015067253312964638,0.0166576856071109,0.0
40087,40,087,2,37696.600000000006,1.6104930917080562,-11.364499562142072,0.2562167410323477,0.03024941241385164,0.12027609917074747,0.0,0.02592010950589708,0.2654138569526164,0.0,0.0008701049962065542,0.07317901349193294,0.0
40089,40,089,0,65613.4,-1.6960743727725358,-1.4761671572029837,0.28443884938137637,0.16877345176442618,0.06284844254374869,0.0,0.006893408968290014,0.2926018160924445,0.0,0.0001280226295238473,0.04867908079752002,0.0
40091,40,091,0,22950.7,-4.740486769200032,-9.387611270959031,0.12854074167672444,0.01077091330547652,0.027267142178669927,0.0,0.0030238729101944605,0.6408388415168165,0.0,0.0,0.0770608303886156,0.0
40093,40,093,0,114319.3,-4.704484182751205,-11.237551292575834,0.37739034441253577,0.07059962753445831,0.0706302435371805,0.0,0.046285272915421984,0.10895448100189557,0.0,0.0,0.02723687076460405,0.0
40095,40,095,1,12750.199999999999,13.787613526661907,4.51411009602335,0.05531677934463773,0.0030587755486188454,0.0019058524572163576,0.0,0.0,0.834261423350222,0.0,0.009176326645856537,0.014219384793964018,0.0
40097,40,097,0,27578.8,-10.922509511124694,-12.036795510357631,0.1903128489999565,0.06589119178499428,0.042993168665786764,0.0,0.03357651529435653,0.46935689732693225,0.0,0.0,0.08377811942506563,0.0
40099,40,099,0,16566.5,6.146606212332051,1.3430452519010334,0.08379561162587149,0.007207315968973531,0.008547369691848007,0.0,0.006567470497691123,0.7827784987776537,0.0,0.003621766818579664,0.017861346693628707,0.0
40101,40,101,2,65764.4,-3.544529310953024,-15.77650546783654,0.1071871711746781,0.08570594424947237,0.20540900548016863,0.0,0.023730164040118972,0.34787970391275524,0.0,0.0,0.042799751841421804,0.0
40103,40,103,0,166552.5,-10.792417065942676,-13.346416686959735,0.337507992975188,0.0753744314855676,0.2034739796760781,0.0,0.013117185271911257,0.08174779724111016,0.0,0.0,0.057915071824199575,0.0
40105,40,105,0,29249.0,-8.770454634639151,-14.419305018936534,0.1654928373619611,0.04205955759171254,0.03800471811002085,0.0,0.02076310301206879,0.5240726178672775,0.0,0.0,0.09397586242264692,0.0
40107,40,107,0,12637.7,3.395348767554527,-2.4198855950933327,0.07396124294768827,0.001400571306487731,0.0035370360112995246,0.0,0.0012660531584069885,0.7351970690869383,0.0,0.0209057027781954,0.08529241871543082,0.0
40109,40,109,0,13158.0,-4.587322696876981,-3.0743682718990124,0.2401124791001672,0.017153062775497795,0.10535035719714243,0.0,0.012935096519227845,0.319281045751634,0.0,0.005783553731570147,0.06816385468916249,0.0
40111,40,111,0,37130.2,-7.42671593848214,-9.716594372233626,0.1300800965252005,0.05756500099649343,0.10428168983738305,0.0,0.015389090282303893,0.5163936633791362,0.0,0.0,0.07002655520304227,0.0
40113,40,113,0,116342.7,-9.473780593090847,-11.357161671768345,0.13210970692617585,0.031177718928647867,0.02005368622182569,0.0,0.014069640811155321,0.6470848622216951,0.0,0.0,0.0984531044921598,0.0
40115,40,115,0,70170.79999999999,-12.460786110324875,-12.077424086698084,0.3051995986934737,0.16621586186846954,0.08980373602695141,0.0,0.08686946707177345,0.11985042211290169,0.0,0.0,0.05149292868258593,0.0
40117,40,117,0,27336.600000000002,-9.064881131355051,-11.95159389666508,0.16222939209704204,0.021718136125194795,0.024966528390509425,0.0,0.004481171762399127,0.5760116473884829,0.0,0.0,0.10520693868293789,0.0
40119,40,119,0,27416.4,-2.832728222725798,-6.330975613516002,0.25497512437810943,0.014783122510614085,0.08645919960315723,0.0,0.012383099166921988,0.39574853007688826,0.0,0.001896674982856976,0.08998263812900308,0.0
40121,40,121,0,49572.299999999996,-5.598045662497604,-9.098170590090053,0.07500761513990677,0.03608466825222957,0.04872277461404858,0.0,0.009251134201963598,0.6904904553551076,0.0,0.0,0.07656493646653474,0.0
40123,40,123,0,21807.3,2.3074112175153676,-0.8227282218801957,0.0621855984005356,0.004305897566411248,0.004906613840319526,0.0,0.0025541905692130617,0.8139613799048943,0.0,0.005970477775790676,0.01456851604737863,0.0
40125,40,125,0,29813.5,-5.5141530592492956,-3.9034462776313656,0.2416858134737619,0.02197997551444815,0.12671105371727573,0.0,0.019196001811259997,0.3529676153420431,0.0,0.00026833481476512316,0.07195733476445235,0.0
40127,40,127,1,25260.600000000002,15.23683694860382,2.924496593506693,0.05494327133955646,0.0,0.0,0.0,0.0,0.8013665550303635,0.0,0.0,0.12152126236114738,0.0
40129,40,129,2,19973.899999999998,6.964006429200721,-25.57120395025976,0.4062852021888565,0.024602105748001143,0.025953869800089117,0.0,0.008020466709055318,0.1578509955491917,0.0,0.0,0.06161040157405414,0.0
40131,40,131,0,24359.6,-9.948866838281887,-11.713727150940834,0.15184567891098377,0.04221744199412142,0.02497577956945106,0.0,0.018456789109837602,0.585440647629682,0.0,0.0,0.09447199461403308,0.0
40133,40,133,0,10580.7,2.196758086329295,-5.493625012300006,0.0981598570983016,0.01731454440632472,0.029780638332057425,0.0,0.015036812309204494,0.6360165206460819,0.0,0.0,0.076582834784088,0.0
40135,40,135,0,49106.5,-7.543750328598687,-8.983933334777603,0.13004999338173154,0.1234032154602751,0.2241984258703023,0.0,0.033170761508150653,0.2796432244203924,0.0,0.0,0.033653386007962284,0.0
40137,40,137,1,38712.1,6.978737695805281,-1.1184329495863143,0.11707450642047318,0.003239297273978937,0.0039083387364674095,0.0,0.0030584752570901605,0.7778730681104874,0.0,0.0016118991219799495,0.028699037251918653,0.0
40139,40,139,2,397538.8,-0.479680275621142,-21.62594842753096,0.30702588024112365,0.14025674978140498,0.15019993017033811,0.0,0.025062459312147643,0.13515737331802583,0.0,0.0,0.05465277854639597,0.0
40141,40,141,2,344958.8,8.869825472787365,-19.126390671595985,0.4189422041124911,0.008341865753243576,0.02254762017956927,0.0,0.052209423270257196,0.08397930419516766,0.0,0.00011740532492575925,0.05979989494397592,0.0
40143,40,143,0,13215.599999999999,-11.278326839866015,-11.871168068589714,0.26393807318623447,0.10523169587457248,0.055555555555555566,0.0,0.04636187535942372,0.3024607282302733,0.0,0.0,0.07788522655044039,0.0
40145,40,145,0,60588.9,-10.52570083897082,-14.885925540641786,0.32374246767972353,0.05558939013581695,0.09173792559363184,0.0,0.033923705497211534,0.14625121103040326,0.0,0.0,0.07789380563106443,0.0
40147,40,147,0,26565.699999999997,-10.00789547311621,-12.081729000560582,0.21256733306481668,0.014541307023718556,0.045784601949129894,0.0,0.0055522722909616545,0.4508520385308876,0.0,0.0,0.10023827717696128,0.0
40149,40,149,2,142211.4,6.305173971880103,-19.110643442521866,0.4418597946437487,0.017471876375592953,0.0434536190488245,0.0,0.01225991727808038,0.14788898780266563,0.0,0.0027810709971211873,0.06628863790104028,0.0
40151,40,151,2,50165.5,3.043808015169107,-19.341833547036675,0.45294873967168675,0.05998544816656865,0.021215775782161047,0.0,0.007786227586688063,0.2770589349253969,0.0,0.0,0.03300076745970836,0.0
40153,40,153,2,36836.100000000006,1.1932385221483806,-14.031913973201153,0.419398361932995,0.06341062164561394,0.034322308822052276,0.0,0.005453888983904376,0.3140994839301663,0.0,0.0,0.04049017132649764,0.0
41001,41,001,1,273402.19999999995,24.61946476658985,8.696734128289712,0.010481261672364014,0.0019107380994008098,0.0012838228807229791,0.16140213941219203,0.0,0.003129821193830921,0.3386106622404648,0.0035482523549554474,0.000758589360290444,0.30132273990479963
41003,41,003,1,18931.5,18.402418416778133,13.194003191519538,0.2822650080553575,0.034054353854686636,0.03806354488550828,0.12311227319546786,0.0,0.04207273591632993,0.04520508147796001,0.010606660856244883,0.012608615270844888,0.0
41005,41,005,1,43211.8,17.860261388480954,15.649839909139821,0.16795412364215329,0.007477124304009553,0.01689353371069939,0.0879204291420399,0.0,0.018233445494054864,0.03311364025567091,0.01819641857085333,0.0014926478415617955,0.0
41019,41,019,1,12608.8,22.019688258854696,16.491060706559285,0.07355973605735677,0.001895501554469894,0.0019351563987056659,0.031866632827866254,0.0,0.042771714992703505,0.005107543937567414,0.20871137618171437,0.0001982742211788592,0.004195482520144661
41021,41,021,1,34554.100000000006,10.722113321840407,-2.1340707384186897,0.17186093690763177,0.007631511166547528,0.0025612011309801147,0.0,0.0007437612323863158,0.3423414298158539,0.0,0.046243426973933625,0.020903452846406066,0.0
41025,41,025,1,32482.1,11.365103792184051,-2.3135423831772464,0.7202951779595531,0.0007142395350054338,0.00020626745191967269,0.0008712490879592145,7.080822976346973e-05,0.08705410056615798,0.0003294121993344026,0.0,0.0026660837815289037,0.00021858192666114568
41027,41,027,1,579843.7999999999,26.661886043788527,14.790501240233812,0.008270848114612936,1.2072216690081019e-06,7.588250490908071e-06,0.0010516625339444866,0.0,0.0058715812775785485,0.0004101104469858952,0.6252013042133071,8.623011921486443e-07,0.0
41029,41,029,1,144008.09999999998,23.55585420023941,14.218281498137365,0.015947714052195677,0.00023748664137642264,0.00024929153290682957,0.005218456461824023,0.0,0.013744365768314424,0.0013422856075456869,0.7516986891709565,6.388529534102596e-05,0.0011013269392485562
41031,41,031,1,35477.9,15.16520464370469,14.48775594906505,0.18091826179114323,5.637312242269131e-06,0.0010288094842141164,0.1768734902573151,0.00010992758872424804,0.04777340259710975,0.027856778445172908,0.004380191612243115,0.0036022425228099744,0.01865950352191082
41035,41,035,1,752364.9,17.25667345133161,12.362544872688659,0.036397630989962446,3.9874268456702326e-07,0.0034387569117060083,0.37895840170108946,1.7013021208192992e-05,0.007791033313755067,0.23536198990675933,2.179793342299727e-05,0.00651279718126138,0.15765249016800226
41037,41,037,1,36290.0,23.686169075715867,7.517692424060919,0.7531661614769909,8.266740148801323e-06,2.755580049600441e-05,0.0024552218241939926,0.0,0.0387572333976302,0.0011766326811793884,0.007087351887572334,0.0008928079360705428,0.0007880958941857262
41039,41,039,1,25294.9,19.893062927132412,14.52176292781833,0.22013133082162806,0.005479365405674661,0.01519673926364603,0.11325603184831726,0.0,0.02821912717583386,0.03263503710234079,0.03571470928922431,0.004712412383523951,0.0
41043,41,043,1,30501.0,17.031565844596376,13.89556562127822,0.40615061801252417,0.04410019343628077,0.03517261729123635,0.018022359922625488,0.0,0.03021212419264942,0.006314547064030687,0.027425330317038785,0.007035834890659323,0.0
41045,41,045,1,1355199.1,15.467359277812243,14.105320913077268,0.04168693736588225,2.737605123852281e-05,0.002896696138596904,0.24433324963099518,0.0005368952798153422,0.003542874253679773,0.04217970628817566,0.0004304902504731592,0.0007334715614849507,0.028253191726588363
41047,41,047,1,140497.4,17.78844783495599,15.692217258027153,0.14277844287509947,0.01793129267872573,0.023675171213132774,0.0811474091335498,0.0,0.013384589323361144,0.0037210653008525425,0.02964965899724835,0.0020875831154170826,0.0
41049,41,049,1,2384129.8,19.949385844938032,13.1146277669564,0.028025655314572222,0.00027762750165699873,0.0029568021002883316,0.4724669353153507,0.00013707307378985826,0.0091695510873611,0.21308768507486464,0.0019329065053421172,0.0016696658042695495,0.0
41051,41,051,1,95110.4,19.91274628609735,16.47666729503144,0.030904086198775323,0.001488796177915349,0.05538616176569545,0.5069729493304623,0.0,0.0014824877195343518,0.19962695982773704,0.0024624015880492563,0.00039217582935199515,0.0
41053,41,053,1,17349.2,16.601357047718327,12.24670010069768,0.3028496991215733,0.032975583888594284,0.03794411269683904,0.015735595877619718,0.0,0.043719595139833534,0.0031701749936596498,0.00771217116639384,0.009873654116616329,0.0
41055,41,055,1,112804.8,19.827357142221132,0.9144953699010998,0.4907725557777683,0.0,0.0,0.0,0.0,0.1622218203480703,0.0,0.015115491539367119,0.03680517141114563,0.0
41057,41,057,1,30435.600000000002,18.662807887274706,12.743960700896253,0.9377242439774475,9.856878129558806e-06,0.0007491227378464692,0.007198806660621114,0.0,0.015061309781965853,0.0027139271116718576,0.00032856260431862684,0.000390989499139166,0.0
41059,41,059,1,997754.3,23.60697660152612,8.360287410766945,0.07670926599865317,0.007993250442518765,0.0026754081641141513,0.1327773781581297,0.0,0.0074605541664916905,0.1851840678611959,0.04503262977668951,0.011070260483968848,0.16479147220914006
41061,41,061,1,48687.5,22.34187756316384,7.6479962338682626,0.13478408215661106,0.0037216944801026957,0.002419512195121951,0.09266238767650835,0.0,0.027518356867779203,0.1940395378690629,0.041367907573812576,0.014812836970474969,0.1726706033376123
41065,41,065,1,172996.30000000002,19.09539472864143,12.623075732445994,0.168024402834049,1.0982893853799184e-05,7.283392766203669e-05,0.0020272109865933545,0.0,0.04872531955885761,0.0010312359281672498,0.33707137089059125,0.009245284436719167,0.0
41067,41,067,1,98159.2,18.838863549003435,15.372258613229608,0.08132910618668449,0.0063366449604316255,0.03589475056846429,0.2980382888206098,0.0,0.017356498422970032,0.11605636557755157,0.003578880023472074,0.004130025509580355,0.0
41071,41,071,1,43149.7,17.118644671279903,14.24017365568314,0.23013833236384032,0.017606147899058396,0.016085859229612257,0.01642189864587703,0.0,0.038113822344071915,0.00446353045328241,0.016285165366155503,0.00608115467778455,0.0
42001,42,001,0,242850.09999999998,0.37578986748058085,18.83712671134286,0.1327419671641066,0.038814890337702156,0.029832806327854098,0.0,0.004652664339030539,0.015839400519085643,0.0,0.0006983731939990966,0.0027967869891756276,0.0
42005,42,005,0,29601.100000000006,-3.3114654219540895,15.248794892230496,0.3567266081328058,0.109428365837756,0.04262341602170189,0.0,0.09228035444628745,0.09771596325812215,0.0,0.008611166476921464,0.031255595231258294,0.0
42007,42,007,0,12932.7,-1.2658799675516654,17.636909269213984,0.2783100203360474,0.07881571520254857,0.03182630077246051,0.0,0.06646717236153317,0.09434998105577334,0.0,0.03227477634214046,0.027503924161234698,0.0
42009,42,009,0,91231.5,-2.500023370754839,16.05507598682019,0.26947819557937774,0.1897151751313965,0.1302817557532212,0.0,0.0227410488701819,0.030944355842006322,0.0,0.00016989745866285218,0.013997358368545952,0.0
42011,42,011,0,134539.5,-1.6785877963147655,17.084795849950645,0.3608189416491068,0.1769019507282248,0.13053638522515693,0.0,0.024589804481211838,0.035906183685832045,0.0,0.017902549065516075,0.010500262004838728,0.0
42013,42,013,0,54921.100000000006,-1.9848000485955488,16.898661275057496,0.32379176673446086,0.25136787136455746,0.08112364828818067,0.0,0.07804104433450895,0.025245306448705505,0.0,0.008104353335967415,0.01897085091158043,0.0
42015,42,015,0,44114.2,-2.939339371682731,13.887208125313006,0.22671838092949664,0.21345734480054043,0.18231317806964653,0.0,0.13947436426366114,0.030597857379256566,0.0,0.009788231453817593,0.009944643674825794,0.0
42017,42,017,0,14920.3,-1.1007035981689697,17.91938679838142,0.3416151149775809,0.06753885645730985,0.0651796545645865,0.0,0.009389891624163054,0.02060950517080756,0.0,0.05797470560243427,0.025663022861470614,0.0
42019,42,019,0,44326.100000000006,-2.833035906708549,15.979570274850879,0.35444128854106266,0.11410884332255712,0.04327698579392276,0.0,0.09610816200838783,0.09489894215823182,0.0,0.011749285409724742,0.02853397885218866,0.0
42021,42,021,0,27809.300000000003,-4.487063690281385,14.684183968103156,0.40606200084144506,0.19296422419837966,0.07566893089721784,0.0,0.05990801638300856,0.0306839798197006,0.0,0.002103612820171669,0.021018148604963087,0.0
42027,42,027,0,57965.600000000006,-4.006403785732314,15.542600850989224,0.37298328663897207,0.20414176684102295,0.08434485280925239,0.0,0.06337896959576024,0.029089666974895453,0.0,0.0038126060974094976,0.021559338642229184,0.0
42029,42,029,0,75148.90000000001,-2.229880412194948,16.55509352479387,0.3754053618881979,0.1819387908538914,0.13470722791684242,0.0,0.025289791334271023,0.03668184098503104,0.0,0.015696836547175005,0.016520534565376204,0.0
42031,42,031,0,22159.7,-2.931051764643037,15.606747597920556,0.34747762830724244,0.11244737067740088,0.042067356507533946,0.0,0.09482077825963346,0.09980730786066597,0.0,0.011836802844803856,0.029233247742523588,0.0
42035,42,035,0,16916.6,-3.5487218347580267,14.296498903712749,0.2420935649007484,0.19061749997044325,0.17245782249388178,0.0,0.1243689630303962,0.02192520955747609,0.0,0.012378373904921794,0.0171783928212525,0.0
42037,42,037,0,52744.2,-3.4434141960525757,16.520356224813895,0.3678736240193235,0.18956776290094457,0.0863507267149753,0.0,0.058853864500741315,0.02079280755040365,0.0,0.00745484811600138,0.018060753599447903,0.0
42039,42,039,0,75206.8,-5.210681250083937,11.382637535865594,0.44852194216480423,0.0994883441390938,0.02787513895020131,0.0,0.11315200221256587,0.03334139997978906,0.0,0.006581851641075009,0.14511187818122828,0.0
42041,42,041,0,93835.4,-3.0343738508022824,16.103351446861215,0.3560330109958502,0.1532364118445704,0.11154532298045301,0.0,0.01836833433863979,0.025007619725604623,0.0,0.00012468641898473283,0.009075466188666538,0.0
42043,42,043,0,40727.7,-4.333058711691418,15.076522434562595,0.42397680202908583,0.19144464332628655,0.07718825271252734,0.0,0.05943620680765179,0.023740599149964275,0.0,0.0022711815300151986,0.02079665682078782,0.0
42049,42,049,0,56266.4,-4.47517778744438,11.992963796901503,0.38987921743704945,0.08240086445907326,0.025933772197972504,0.0,0.09368290844980308,0.02978153924900118,0.0,0.030012582998023687,0.12808176816003866,0.0
42051,42,051,0,39087.5,-4.980206035034467,13.831040310117913,0.4130374160537256,0.1240217460825072,0.11580428525743525,0.0,0.016442596738087626,0.06716725295810681,0.0,0.0025123121202430447,0.07152414454748961,0.0
42055,42,055,0,195956.69999999998,-2.8761479493391384,16.057876997301175,0.3088350640728284,0.19377342035255748,0.1346578096079389,0.0,0.02322758037872653,0.027000352628922614,0.0,8.57332257585477e-05,0.009973631929911048,0.0
42057,42,057,0,13161.100000000002,-5.6983427750920015,12.109588699768477,0.35298721231507996,0.18613945642841404,0.13149356816679453,0.0,0.02230816573082797,0.04406926472711247,0.0,7.598149090881461e-06,0.02644155883626748,0.0
42061,42,061,0,48675.700000000004,-3.389058661389484,15.520393372496986,0.3322766801504652,0.25535328716382094,0.08375637124889831,0.0,0.079277750499736,0.03250903428199286,0.0,0.0026049959219898223,0.02452969346100826,0.0
42063,42,063,0,51983.7,-3.0972785332417345,15.781531221844212,0.36025331017222706,0.1102345542929803,0.044317738060199646,0.0,0.09296567962649831,0.09164795887941797,0.0,0.011368948343423035,0.03221009662644252,0.0
42065,42,065,0,19679.0,-3.3864062253147225,15.040019324582723,0.34537324051018853,0.10358758066974948,0.04099293663295899,0.0,0.08736216271151989,0.09874485492148992,0.0,0.014075918491793283,0.03243050968036994,0.0
42067,42,067,0,35220.100000000006,-2.6966447227742485,16.72160574862055,0.3752970604853478,0.19794094849248012,0.07343533947944497,0.0,0.06145354499277401,0.028628538817323055,0.0,0.006907987200490628,0.02126058699435833,0.0
42071,42,071,0,300587.80000000005,-2.0002877711989733,16.84868156046075,0.36716160802268083,0.20165455816902747,0.14629602399032826,0.0,0.028030745093446906,0.03630985688707259,0.0,0.019405644540463715,0.010235279009993084,0.0
42073,42,073,0,39653.299999999996,-3.1823455375252756,15.581193369670515,0.3638057866558395,0.11396781604557503,0.04428635195557495,0.0,0.09610297251426743,0.09414348868820502,0.0,0.006428216567095299,0.030549790307490176,0.0
42075,42,075,0,106200.90000000001,-3.1408816874374175,15.336339584264962,0.3912104323033044,0.2088485125832267,0.152510006977342,0.0,0.029030827422366474,0.037632449442518846,0.0,0.005973584028007295,0.0091741218765566,0.0
42077,42,077,0,50593.5,-2.8146019124670545,17.75451339976704,0.1525650528229911,0.09987844288297903,0.17158528269441728,0.0,0.03963947937976222,0.021813078755176057,0.0,0.026193088044906956,0.014529534426359118,0.0
42079,42,079,0,29642.1,-1.3870735397190117,18.276495737921945,0.11193201561292891,0.06419923014901104,0.15664544684755805,0.0,0.024755331100023276,0.01617294321252543,0.0,0.041882997493429955,0.010593041653594044,0.0
42081,42,081,0,37085.2,-2.9826991218996177,14.716797508855247,0.24221791981706992,0.15636965689816965,0.14934529138308544,0.0,0.10021248368621445,0.027301996483772503,0.0,0.03302395564807525,0.02086546654730189,0.0
42085,42,085,0,81363.4,-5.790042015444207,11.052631574142769,0.44852230855642716,0.11170255913592599,0.030846793521411352,0.0,0.1270325478040495,0.02986846665699811,0.0,0.002771516431220918,0.12659869179508232,0.0
42087,42,087,0,31234.400000000005,-2.665361678509914,17.066619633034108,0.34002894244807,0.19530069410649795,0.07163896216991521,0.0,0.060635069026458,0.03003739466741797,0.0,0.010984683554030171,0.02306111210716389,0.0
42089,42,089,0,11556.900000000001,-1.9858800276951847,18.22002601727371,0.10482049684604003,0.08058389360468636,0.13643797212055134,0.0,0.030760844171014715,0.018205574159160326,0.0,0.04094523617925221,0.014052211233116146,0.0
42091,42,091,0,13365.699999999999,-1.484631479050968,17.149118548237446,0.3410520960368705,0.17962396283022963,0.13185242823047055,0.0,0.02496689286756399,0.03476810043619115,0.0,0.026762533948839193,0.015472440650321348,0.0
42093,42,093,0,24291.2,-2.701815913021349,17.068040067670882,0.4011864378869714,0.17370899749703597,0.07056464892636016,0.0,0.053928994862336974,0.0208182387037281,0.0,0.00933259781319984,0.01839760901067053,0.0
42095,42,095,0,48327.8,-2.592343095243482,17.92237969532438,0.1445296496012647,0.10707087845918911,0.16773368537363587,0.0,0.042629707952772516,0.02327852705895985,0.0,0.027892848422647006,0.015034824676480204,0.0
42097,42,097,0,84307.5,-3.4873377838423067,16.39244938376063,0.3923660409809329,0.1860558076090502,0.07839634670699522,0.0,0.057764730302760726,0.021283990155087033,0.0,0.007046822643299825,0.018134804139607982,0.0
42099,42,099,0,55149.399999999994,-4.1835770733352255,15.071240568133543,0.3817267277613175,0.2295364954106482,0.08099090833263826,0.0,0.07126278799044052,0.026361120882548134,0.0,0.0016391837445194329,0.022021998426093488,0.0
42105,42,105,0,12351.6,-4.13389173635478,12.48009066769552,0.23813918844522167,0.16525794229087729,0.20693675313319732,0.0,0.10597817286829236,0.024855079503869944,0.0,0.004015674082709932,0.004890054729751611,0.0
42107,42,107,0,47857.5,-2.398301165275349,17.978634405808958,0.12976231520660295,0.11744867575615107,0.17941806404429816,0.0,0.046667711434989295,0.02188162774904665,0.0,0.028793814971530062,0.015569137543749674,0.0
42109,42,109,0,42440.0,-1.9746662228326706,17.829837382679663,0.32137370405278043,0.17723609802073514,0.06556786050895382,0.0,0.055025918944392085,0.024922243166823753,0.0,0.017295004712535342,0.01802544769085768,0.0
42111,42,111,0,114212.99999999999,-4.99915270218705,14.123875238045759,0.3801598767215641,0.16146760876607744,0.14533371857844554,0.0,0.021408245996515286,0.03619202717729156,0.0,0.000827401434162486,0.057906718149422574,0.0
42117,42,117,0,25419.299999999996,-2.866119616336878,14.255277070149553,0.2204427344576759,0.2089121258256522,0.18004823106851883,0.0,0.13572757707726021,0.035917590177542265,0.0,0.014921732699169531,0.0076359301790371896,0.0
42119,42,119,0,32533.3,-3.3348712766984967,16.50238905589119,0.3845167874147412,0.18468154168190748,0.07308818963953857,0.0,0.057338173502226954,0.026695724073487782,0.0,0.006617834649420748,0.019712110360768812,0.0
42121,42,121,0,17457.4,-3.756339433791439,12.639932915789728,0.42867780998315896,0.11052046696529838,0.030342433581174746,0.0,0.12571173256040416,0.03798962044748932,0.0,0.01669779004891908,0.11337885366663993,0.0
42123,42,123,0,14976.399999999998,-3.5762305467240765,12.519044044582163,0.3962834860180017,0.15372185571966562,0.040724072540797525,0.0,0.1748350738495233,0.05346411687722017,0.0,0.01579151197884672,0.0392751261985524,0.0
42125,42,125,0,24208.0,-2.663173720505739,16.514180319150235,0.28793374091209517,0.08122108393919365,0.07664821546596166,0.0,0.010769167217448777,0.23455882352941176,0.0,0.013702081956378056,0.06608146067415731,0.0
42129,42,129,0,69582.40000000001,-4.758919841368062,14.32395032293364,0.41498856032559955,0.1305674998275426,0.12120881142357837,0.0,0.01731184897330359,0.046375232817494075,0.0,0.003595736852997309,0.06902894984938719,0.0
42133,42,133,0,197167.3,-3.3852142556391165,15.782126686537527,0.36935992935948303,0.1728658859760214,0.12442783362149809,0.0,0.020721488806713893,0.022527569226742976,0.0,3.8545945499076166e-05,0.009029894916652001,0.0
45003,45,003,1,299240.7,24.638961537537483,-2.16437679841867,0.04402943850886594,0.04768602666682707,0.009597290742870204,0.0,0.011729019481641368,0.031660465972710265,0.7232231444452576,0.00041638720936022403,0.013324724878667909,0.0
45005,45,005,1,217803.6,17.78187973872018,3.746008932485112,0.060535271226003606,0.0037969987640241024,0.014557151488772452,0.0,0.01616685858268642,0.007411723222205693,0.724147810229032,0.014408852746235599,0.013198128956546172,0.0
45007,45,007,1,28278.3,15.595007329483607,3.9438812695004093,0.16619457322399153,0.056028827758387176,0.04902345614835404,0.0,0.004515830159521612,0.5091112266296064,0.02643016022886807,0.002026288709010089,0.06082756035546691,0.0
45009,45,009,1,187051.8,17.91639621792071,2.784201710963075,0.050235282419094605,0.0032605941241944745,0.013837343452455417,0.0,0.014421673568498139,0.007337539654790812,0.7911054584879698,0.005419354424817083,0.0123479164595048,0.0
45011,45,011,1,262998.2,15.79087871925837,-9.17006948551666,0.035935987394590536,0.0013342296639292587,0.011284868109363485,0.0,0.011049505281785199,0.004586723407232445,0.8431411317643999,0.0,0.010050258899110334,0.0
45015,45,015,1,19275.699999999997,17.23585216109969,4.677994635677653,0.13583942476797214,0.010131927763972258,0.022499831393931222,0.0,0.03088863180066094,0.02193954045767469,0.3296015190109828,0.052812608621217394,0.024699492106642046,0.0
45017,45,017,1,518807.4,19.3406721746939,0.07590074087737952,0.0522881901838717,0.0040531418788552365,0.006261090339112357,0.0,0.012161353134130314,0.006446708354583994,0.7797841742426957,0.008485422528668634,0.02136958724952651,0.0
45023,45,023,1,23127.4,17.32024885007574,3.805353520318543,0.12726030595743576,0.023482968254105518,0.010999939465741933,0.0,0.021221581327775713,0.11981891609087056,0.20563487465084704,0.021960964051298458,0.03888461305637469,0.0
45025,45,025,1,88361.4,14.308002278711223,2.9805644326158016,0.2518045209786174,0.07509387583265996,0.0371395201977334,0.0,0.03129194421998746,0.044071279993300246,0.10025531510365387,0.00019578684810335736,0.041076759761615365,0.0
45027,45,027,1,335132.0,18.39858582959661,4.87520404269171,0.09795155341775777,0.024211952305360277,0.010970005848441808,0.0,0.01814986333743122,0.0112134919971832,0.5823120442094458,0.022801463304011553,0.02349850208276142,0.0
45029,45,029,1,191653.90000000005,19.61517663800381,6.571011559097552,0.03564133054427798,0.001333654050348049,0.009227049384332902,0.0,0.010457392205428637,0.007068470821621682,0.7037915742909482,0.014458876130357895,0.00952863468992804,0.0
45031,45,031,1,273269.8,14.487894575257725,-0.4824327321450954,0.2137107722843871,0.06776892287402414,0.04315405507670442,0.0,0.03588138901554434,0.021545373839333876,0.18856199989900094,3.805762656539435e-05,0.03749298312510201,0.0
45033,45,033,1,163626.7,10.929846869343024,-4.672787520561008,0.3109596416721721,0.12762770379161834,0.06081831388153645,0.0,0.038427102667229734,0.02174828435701508,0.09832258427261566,0.0,0.04647346673861906,0.0
45035,45,035,1,179753.0,16.981116272141662,-1.624547561836263,0.04858778434852269,0.002305942042691916,0.013153048905998789,0.0,0.013419525682464269,0.007456899189443292,0.8366758830172515,0.00021418279528019003,0.011077422908101674,0.0
45037,45,037,1,23749.2,24.05647923947559,3.9551414171578165,0.10831101679214458,0.15799690094824248,0.023794485708992303,0.0,0.02533137958331228,0.1157344247385175,0.05968201034140098,0.10138867835548145,0.0350074949893049,0.0
45041,45,041,1,192395.8,12.146104711126487,-0.6118979966240299,0.2950433429419977,0.09420787771874439,0.04888672205942126,0.0,0.04108925454713668,0.023860707978032785,0.13873535700883283,8.991880280130856e-05,0.05058530383719395,0.0
45043,45,043,1,39983.2,16.181293799260832,0.34307175660093203,0.14423057684227378,0.029564917265251404,0.021571560055223194,0.0,0.029257288060985615,0.03722313371616079,0.24592578883130917,8.753676544148543e-05,0.030422777566577967,0.0
45045,45,045,1,28452.899999999998,13.913514096008331,24.007466473049025,0.04693018989277016,0.03082638325091643,0.006452769313497043,0.0,0.0006150515413191626,0.20976069223172333,0.05666206256655737,0.08951284403347287,0.020929325306032077,0.0
45049,45,049,1,354563.69999999995,15.854592255981165,-9.783357659871758,0.034350386122437244,0.0016344030705907008,0.01171411512233204,0.0,0.011996151890337337,0.00528480495888327,0.8374368272894266,0.0,0.011688731813211561,0.0
45051,45,051,1,263143.0,13.837978038340836,1.7015274449941147,0.16656076733943143,0.05502863462071953,0.03368016629741244,0.0,0.021070292578559947,0.015738970825748738,0.14000752442588252,2.62214841360021e-05,0.027235761544103395,0.0
45059,45,059,1,13848.1,15.733197708647257,20.898787761633862,0.07378629559289722,0.0016536564582866962,0.0008737660762126212,0.0,3.6106036207133106e-05,0.7526447671521725,0.003877788288646096,0.015720568164585755,0.05873007849452271,0.0
45061,45,061,1,323821.5,17.849508478488584,1.5070951127363026,0.1047740807821593,0.01978620937769728,0.010907861275424886,0.0,0.020557004399028477,0.013212526036720847,0.5667783022436743,0.02633611418636502,0.02845888861610486,0.0
45063,45,063,1,82343.40000000001,18.890185481506787,3.042792729845292,0.08521994476788668,0.011416822720460898,0.007830621519150288,0.0,0.01718291933536871,0.06005217175875661,0.4997644012756335,0.04136457809611942,0.028015602950570415,0.0
45067,45,067,1,112740.80000000002,14.448036284195894,2.302364112428718,0.21818720463221827,0.0803843861317287,0.04968298965414472,0.0,0.027812468955338256,0.022491413933553774,0.09914600570512182,0.00016586719271106818,0.03275921405560365,0.0
45069,45,069,1,170592.2,14.28037895938018,0.9290734642937605,0.24168103817173353,0.092967322069825,0.05316890221241065,0.0,0.03533924763265847,0.02208131438600358,0.15948736225923577,0.00015065167106116222,0.03844079623804605,0.0
45071,45,071,1,27724.0,18.77191339963157,1.739040017312461,0.18807531380753137,0.3602871158562978,0.09772038666859038,0.0,0.017944741018612032,0.18262155533112104,0.0033436733516087145,0.0056737844466887895,0.038959024671764535,0.0
45073,45,073,1,12687.3,8.812556449399917,19.862681967721965,0.15975030148258496,0.05397523507759728,0.04085975739519047,0.0,0.0010798199774577728,0.5007369574298709,0.0016946079938205923,0.016016016016016016,0.05667084407241888,0.0
45075,45,075,1,873687.2000000001,18.670903616456517,0.2515299329131797,0.05421963375450618,0.00852272987403272,0.00699643991579595,0.0,0.011365051473799775,0.008146966099537682,0.7973678680424755,0.0007009373606480671,0.017722475503818755,0.0
45077,45,077,1,10104.2,9.580521518825357,21.36311409449266,0.13811088458264878,0.1389422220462778,0.01772530234951802,0.0,0.0027711248787632863,0.3826725520080758,0.0010589655786702558,0.037340907741335284,0.050503750915460895,0.0
45079,45,079,1,212889.5,17.937184061418666,-1.0455048544913992,0.029531282660723048,0.00912022434173597,0.005898834841549254,0.0,0.005284431594794483,0.012823554003367944,0.8709912889080955,0.0005796434300423459,0.007139854243633434,0.0
45081,45,081,1,270858.2,22.951210081419937,10.28418751720578,0.011132762456517838,0.008785777945803375,0.0013446150051946,0.0,0.0010662405642509623,0.03551673901694687,0.00136713601434256,0.30218948512542726,0.0031448189495462938,0.0
45083,45,083,1,122822.8,11.192796011749461,23.640624321818045,0.03904323952881712,0.020974118811816697,0.011405862755123642,0.0,0.0004193032563986491,0.07357591587229732,0.0007001957291317248,0.1397802362427823,0.01076021715837776,0.0
45085,45,085,1,217056.19999999995,16.69651227369624,-0.42623836129697024,0.11790725167030476,0.032368114801604383,0.013535664956817638,0.0,0.020461060315254763,0.018923670459539976,0.6302464523012935,0.00046808153832970456,0.022862742460247627,0.0
45089,45,089,1,169910.0,12.395049797364145,-1.822305571320039,0.2651627332117003,0.09681890412571362,0.04960508504502383,0.0,0.03767582837973044,0.027307986581131184,0.16655405803072215,2.059914072155847e-05,0.04296627626390442,0.0
45091,45,091,1,59421.3,15.313360548871751,2.681243012316873,0.07621846038373445,0.010257264650891178,0.0067063494066942324,0.0,0.014841479402167235,0.06223694197198647,0.14992771952145104,0.039808957394065765,0.022905927672400298,0.0
46003,46,003,0,169582.0,-11.876467340558218,-9.498789006520763,0.5268011935228974,0.04718248399004611,0.04938377893880247,0.0,0.10815829510207452,0.016272953497423075,0.0,0.0,0.06434291375263884,0.0
46005,46,005,0,413303.3,-10.70681692001148,-5.970525965171703,0.5313886920331873,0.0426819722949224,0.049716757645051464,0.0,0.10062827952256853,0.014868741672277962,0.0,0.0,0.06480688637134037,0.0
46007,46,007,0,35564.7,-11.392801504326194,-7.670109062054441,0.43019904568293843,0.18234654024917968,0.13504401836652638,0.0,0.015425407777937114,0.0387041082871499,0.0,0.0,0.04181112170213724,0.0
46009,46,009,0,230294.30000000002,-11.239234082579934,-2.9962611880765975,0.5243108492046915,0.056614514558111076,0.023941973379280335,0.0008888626422799,0.16822387701302202,0.024967183295461503,0.0,0.0,0.03103420275708083,0.0
46011,46,011,0,340319.4,-11.404316862925086,-5.559183472197045,0.4355575967752647,0.07741022110405694,0.05008647758546824,0.00011342286099470085,0.18547164810469222,0.014395300414845583,0.0,0.0,0.04301312237856555,0.0
46013,46,013,0,967904.5,-10.614385189444018,-9.124662751494895,0.6175146411655281,0.042625176347459895,0.04304618895769159,0.0,0.09165749306878933,0.009336354981302392,0.0,0.0,0.11623243822091951,0.0
46015,46,015,0,178455.59999999998,-12.096883773575374,-11.103062191281882,0.5298354324549076,0.04011642111539229,0.04958039983054609,0.0,0.09459832025444985,0.01629929237300483,0.0,0.0,0.06482957105296781,0.0
46017,46,017,0,65895.1,-11.640645802949148,-9.495713428996304,0.5333264537120361,0.04704446916386802,0.05377789850838681,0.0,0.1021365776818003,0.020543257389396174,0.0,0.0,0.04610206221706925,0.0
46019,46,019,0,17227.600000000002,-6.313448439064814,-7.75049699523719,0.4357716687176391,0.04112586779354059,0.02314309596229306,0.0,0.06927836727112308,0.07420070120039934,0.0,0.0,0.05505119691657572,0.0
46021,46,021,0,203682.19999999995,-9.921353660121579,-7.596940582091444,0.6028042705744538,0.04019546136088476,0.0429880470654775,0.0,0.08652547939878892,0.01596899483607306,0.0,0.0,0.11086290309118815,0.0
46023,46,023,0,289636.19999999995,-14.221099953033683,-9.13780124044041,0.5182608389420936,0.04373866250144147,0.022969849763254734,0.0,0.1331000751977826,0.0520584098258436,0.0,0.0,0.028508176809390544,0.0
46025,46,025,0,316965.9,-10.227880665460706,-7.2308971044913575,0.49929755850708224,0.05087329583403136,0.13329320283349091,0.00014985839170712054,0.10730996615093294,0.021310494283454464,0.0,0.0,0.024202918989077372,0.0
46027,46,027,0,186705.0,-11.858840989389467,-3.8605452233963087,0.5480029993840551,0.04858413004472296,0.022453603277898287,0.00020674325808092982,0.15022575721057282,0.02122385581532364,0.0,0.0,0.030449639806111248,0.0
46029,46,029,0,226093.69999999998,-9.971076600151953,-6.782501226866592,0.48935640400418057,0.05743945983457302,0.13126593089502275,0.00036931590751975845,0.11437603082261913,0.020103611909575547,0.0,0.0,0.022527828064205238,0.0
46031,46,031,0,103039.79999999999,-8.904030563087755,-11.638779166882188,0.43077626315268475,0.05279901552603945,0.058539515798749615,0.0,0.08869485383317904,0.1317102711767686,0.0,0.0,0.046389841595189434,0.0
46035,46,035,0,204078.7,-12.079447033863435,-11.250524019184674,0.4298351567312022,0.07982067702312882,0.05142231893872315,0.0,0.1897713970149751,0.014439037488968715,0.0,0.0,0.042361108729132436,0.0
46037,46,037,0,326357.4,-10.319864026558545,-7.309785599075373,0.4945651607715958,0.05219492495037649,0.13215021323248682,0.00014952931969674962,0.10843633390877608,0.021575426204523015,0.0,0.0,0.023872294607078005,0.0
46039,46,039,0,196880.30000000002,-10.108383230268966,-7.470281913195271,0.49189278967982064,0.05660038104371031,0.13143773145408655,0.00016304322982035278,0.11354868922893757,0.020631317607703765,0.0,0.0,0.022706182385947193,0.0
46041,46,041,0,52328.399999999994,-8.978057589571293,-11.69551005547585,0.37893572132914444,0.06963331575205817,0.06423662867582422,0.0,0.11401839154264225,0.10283899373953724,0.0,0.0,0.03548742174421538,0.0
46043,46,043,0,165078.2,-14.234998826241583,-8.827092872691725,0.5303086658323145,0.05211348318554478,0.022960027429424355,0.0,0.15765013187689225,0.03082417908603316,0.0,0.0,0.030515234597905717,0.0
46045,46,045,0,500735.0,-10.314138971384232,-6.943313565653827,0.6173952290133504,0.03699082348947048,0.04293748190160464,0.0,0.08002656095539556,0.013218968116868204,0.0,0.0,0.11811017803828372,0.0
46049,46,049,0,418028.0,-10.963929757915587,-10.524830170450848,0.6197749911489182,0.03583659467786847,0.042470121618647556,0.0,0.0776799640215488,0.012508970690958502,0.0,0.0,0.12041274747146125,0.0
46051,46,051,0,222243.3,-10.105215613983052,-7.4342573752208,0.49461333592508755,0.052791692707946654,0.1318505439759039,0.00017638327004683608,0.10909305252396811,0.02117004202151426,0.0,0.0,0.023406329909608073,0.0
46053,46,053,0,103248.7,-11.033644834869623,-9.883046668097464,0.6530125803036745,0.02442452059929084,0.0261872546579279,0.0,0.030491425073632887,0.06320757549489728,0.0,0.0,0.022357666488779036,0.0
46055,46,055,0,99372.00000000001,-8.02481977751409,-8.43059917122482,0.5962031558185403,0.11642514994163344,0.058819385742462656,0.0,0.05330777281326731,0.04334621422533509,0.0,0.0,0.029036348267117495,0.0
46057,46,057,0,198503.49999999997,-12.418987988365366,-11.898332330296029,0.49274647550295086,0.06060799935517511,0.132735694836615,0.0,0.11870672305526102,0.017516063948494615,0.0,0.0,0.022222278196606108,0.0
46059,46,059,0,422915.4,-11.99116802576966,-11.070173179776305,0.5208476683516372,0.03230788001571946,0.05220713173367534,0.0,0.08136449985032468,0.016433073848812315,0.0,0.0,0.06839500287764408,0.0
46061,46,061,0,213604.40000000002,-12.753812075212306,-12.101878157561377,0.4360261305478726,0.08400061047431608,0.050908127360672344,0.0,0.19909795865628233,0.012819960637514956,0.0,0.0,0.042589946649039055,0.0
46063,46,063,0,21623.9,-5.650452955231504,-12.337103151408208,0.3647168179653069,0.013230730811740712,0.011468791476098205,0.0,0.022387265941851378,0.1886986158833513,0.0,0.0,0.03991416904443694,0.0
46065,46,065,0,199799.19999999995,-11.308969841254896,-10.95606081410946,0.5264155211832681,0.020829913232885824,0.06610286727874787,0.0,0.04611680126847356,0.0182117846317703,0.0,0.0,0.02769480558480715,0.0
46067,46,067,0,306265.10000000003,-11.425785783699165,-3.1874052158938415,0.5438559600816416,0.04831827067465408,0.022299635185334534,0.0006308260392712064,0.14930627093978385,0.02817330476113667,0.0,0.0,0.03016210466030899,0.0
46069,46,069,0,102705.50000000001,-11.595364481121777,-9.710577602820564,0.5133347289093573,0.04786501209769681,0.04546007760051798,0.0,0.10384448739356703,0.02436383640603473,0.0,0.0,0.04699943041025066,0.0
46071,46,071,0,57467.2,-6.16112499591847,-10.326122994640823,0.7225704401815296,0.04327686053957736,0.023639571790517025,0.0,0.014262048612077848,0.04678842887769023,0.0,0.0,0.029898794442742994,0.0
46073,46,073,0,116263.9,-11.784499656925167,-9.715750815033935,0.5009052681012764,0.03778558950800722,0.04833400565437767,0.0,0.08879712447285873,0.034696066448828916,0.0,0.0,0.06529455832807948,0.0
46075,46,075,0,98141.9,-10.728153605339514,-11.277045315734025,0.5909300716615432,0.11651598348921308,0.0325059938721382,0.0,0.0750423621307515,0.023673884446908,0.0,0.0,0.01164232606053072,0.0
46077,46,077,0,363721.7,-10.774650800893639,-4.155597747655201,0.44012771302894493,0.0720861581808289,0.050378352460136416,0.000828380599782746,0.17481057632800023,0.016192050130635592,0.0,0.0,0.04440867839339803,0.0
46079,46,079,0,279662.7,-10.511397014568502,-3.7363237052897595,0.4437366870876953,0.08003212441273004,0.049833960696224415,0.0008978673237439244,0.19178889426441206,0.009474627828451916,0.0,0.0,0.04398620194970584,0.0
46083,46,083,0,261979.70000000004,-11.170227970163559,-2.3980998166254652,0.5467435072259416,0.05025389371771934,0.022882689002239484,0.0011206975196933196,0.1543757016287903,0.019735498590157937,0.0,0.0,0.030651993265127027,0.0
46085,46,085,0,288585.19999999995,-9.52896488284529,-6.76513706304963,0.5412332302557443,0.1383671096092246,0.03509466181910923,0.00012786518504760466,0.09292195164547595,0.03418990301650952,0.0,0.0,0.014070021608869757,0.0
46087,46,087,0,285855.69999999995,-10.052874722874773,-6.953528012743079,0.4414440572638573,0.08243774743690611,0.04998780853416602,0.000837835313411627,0.19652328080216702,0.009993503715336095,0.0,0.0,0.04336488654940238,0.0
46089,46,089,0,264919.60000000003,-10.658450128610834,-9.307578849452142,0.6078678210294746,0.03380837053959012,0.04204898391813969,0.0,0.07330563688001943,0.017865797774117127,0.0,0.0,0.11496393622819903,0.0
46091,46,091,0,223488.2,-10.735961035430869,-8.585278431862989,0.49340502093622834,0.05557922073738121,0.13221100711357467,2.863685867978712e-05,0.11254822402256584,0.022524679155320054,0.0,0.0,0.02318601161045639,0.0
46093,46,093,0,100598.5,-5.773775875380373,-5.591918509377108,0.7052729414454489,0.03134440374359458,0.02921514734315124,0.0,0.010972330601350914,0.04720448118013688,0.0,0.0,0.013228825479505161,0.0
46095,46,095,0,47368.799999999996,-9.701373068734927,-9.744037351551757,0.626139990880073,0.07243375386330243,0.025109354680718114,0.0,0.04603452061272399,0.025487240546520074,0.0,0.0,0.016202648156592527,0.0
46097,46,097,0,207657.0,-12.847259104395746,-12.293784336974003,0.4386237882662275,0.07467939920156798,0.05019479237396283,0.0,0.17998526416157412,0.02092729838146559,0.0,0.0,0.0439826251944312,0.0
46099,46,099,0,375501.5,-10.366198725686122,-3.584537359934192,0.43899185489272347,0.08416504328211738,0.05000059919867164,0.0008436717296735166,0.19984740407162155,0.009733383222170884,0.0,0.0,0.04275934982949469,0.0
46101,46,101,0,276221.10000000003,-9.808715046088203,-6.847363338782931,0.43808239124382603,0.08642098666611638,0.050337935805772976,0.000825063689920864,0.20443586677484085,0.008496092441888039,0.0,0.0,0.04244860367292723,0.0
46103,46,103,0,100527.0,-5.232700497849077,-8.059039282323301,0.7075730898166661,0.07772041342126991,0.02423826434689188,0.0,0.025313597342007617,0.04288698558596198,0.0,0.0,0.019878241666417978,0.0
46105,46,105,0,72527.29999999999,-8.407995747908853,-12.42426422738859,0.38906866793607375,0.038717834525757895,0.03438705149647099,0.0,0.06505963961156697,0.15917178772682838,0.0,0.0,0.04315478447426004,0.0
46107,46,107,0,288184.60000000003,-11.456646600290927,-10.70535609265686,0.5900617173853148,0.04068121613715653,0.04477442583677267,0.0,0.0870695380669196,0.025417041715622552,0.0,0.0,0.10033534061153856,0.0
46109,46,109,0,362221.5,-10.199623358003368,-7.202703039420089,0.49659200240736673,0.05384523005950779,0.13292860859998648,0.00016315983452114244,0.11071788946818453,0.02036985656566493,0.0,0.0,0.023543329150809655,0.0
46111,46,111,0,170022.2,-13.060253983976533,-9.321861044955789,0.39568126985770097,0.0676823379535143,0.062283043037909165,0.0,0.1601655548510724,0.03800562514777482,0.0,0.0,0.040755266077018175,0.0
46113,46,113,0,26340.499999999996,-10.32653142415182,-7.362565496474278,0.5813025568990718,0.09641426700328393,0.08349879463184072,0.0,0.003971071164176838,0.06805110001708396,0.0,0.0,0.06007099333725632,0.0
46115,46,115,0,867607.2,-9.974442282476918,-7.1591394918778635,0.6203704856299026,0.03933485107085326,0.04315282307477393,0.0,0.08472059706281829,0.010052590619349403,0.0,0.0,0.11868631334548631,0.0
46117,46,117,0,62130.2,-10.903810837172244,-9.647541698000932,0.553885228117727,0.06258148211336838,0.05818104561066921,0.0,0.1122304450975532,0.050075486639347695,0.0,0.0,0.03902610968578887,0.0
46119,46,119,0,265665.7,-12.223288353564904,-10.882856154551455,0.5029682040248327,0.05839745213627503,0.050484876293778236,0.0,0.1195995568867189,0.018904209312681313,0.0,0.0,0.037511052424155616,0.0
46121,46,121,0,35164.1,-9.88228153195487,-11.48440912752043,0.6734908614183216,0.013380123478206466,0.024977178429136535,0.0,0.012589544450163661,0.039403823786191026,0.0,0.0,0.013994386320139007,0.0
46123,46,123,0,207606.9,-11.411447908386194,-11.600096919109621,0.6017767232206637,0.07716024852738516,0.028140201505826638,0.0,0.05955871408898259,0.04951569528758437,0.0,0.0,0.017522057311197266,0.0
46125,46,125,0,268198.3,-11.449497007874353,-3.0256102760617436,0.5476291236745349,0.04890075738735108,0.022556071384494236,0.0005760662912479311,0.15107291880671878,0.022591492936383267,0.0,0.0,0.030411825876599515,0.0
46127,46,127,0,205018.69999999998,-11.75662620673275,-3.5544455397719394,0.5475051787958856,0.0502261501024053,0.02289888678447381,0.0001882755085267832,0.15437616178426652,0.019953301820760744,0.0,0.0,0.030677689401015618,0.0
46129,46,129,0,207584.20000000004,-11.013451986539827,-11.061423880369222,0.6061458434697823,0.03779719265724462,0.041801832702103525,0.0,0.08150764846264792,0.01837037693620227,0.0,0.0,0.11360402188605875,0.0
46135,46,135,0,171636.1,-13.910216441975347,-8.742964782353798,0.5380074471512695,0.05105977122528419,0.02284950543621068,0.0,0.1555727495556005,0.027418474318631102,0.0,0.0,0.030377641999556036,0.0
46137,46,137,0,37937.8,-8.450060090170684,-11.503322117307373,0.3822230071327278,0.058398220244716345,0.05569115763170242,0.0,0.0986166830970694,0.13581704790472826,0.0,0.0,0.041380891880920874,0.0
47003,47,003,0,39135.3,1.8760522220883864,3.4543586476114996,0.48015474520445733,0.021913719838611175,0.1196822306204373,0.0,0.072568755062565,0.11282397221945403,0.0,0.0010604237095410026,0.026927096508778517,0.0
47005,47,005,0,36365.8,-8.919677168774683,-11.464325505548356,0.42533644248167235,0.0540205357781212,0.10869553261580936,0.0,0.03932266030171205,0.05513421951393892,0.0,0.0,0.1416743203779375,0.0
47007,47,007,0,13236.899999999998,-6.345842708781099,13.213872529909061,0.16640603162371856,0.1570382793554382,0.08739961773527036,0.0,0.03512907100605127,0.34875235138136573,0.0,0.00046838761341401697,0.0011860783113871074,0.0
47009,47,009,0,20070.9,4.026027929192667,14.20959836576871,0.4774723604820909,0.024468260018235356,0.044248140342485885,0.0,0.006058522537604192,0.2980434360193115,0.0,0.0014747719334957574,0.03224070669476705,0.0
47011,47,011,0,14248.2,2.6981410903982415,12.338960920405658,0.4211619713367302,0.05170477674372903,0.03730997599696804,0.0,0.012801617046363751,0.3392288148678429,0.0,0.00032986622871660984,0.03358318945551017,0.0
47015,47,015,0,27837.1,-6.157814408755474,10.397735550116796,0.46681586803223035,0.0342312956450205,0.1266726778292279,0.0,0.07241056000804683,0.10109170854722654,0.0,0.0004238947304137285,0.02856260170779284,0.0
47017,47,017,2,297540.5,2.3217626473391473,-23.135878916473168,0.27899025510812814,0.03952571162581228,0.09552245828719115,0.0,0.048951319232171754,0.0310966070165238,0.0,0.0,0.0817219840660347,0.0
47021,47,021,0,14087.8,-10.558811341955732,-5.0755639796204735,0.3604537259188802,0.09327929130169366,0.09885148852198355,0.0,0.03210579366544102,0.17245418021266629,0.0,0.0,0.026341941254134787,0.0
47023,47,023,2,60545.1,1.8241116845866685,-22.44462330392131,0.3515577643772989,0.012661635706275157,0.1106150621602739,0.0,0.046907181588600896,0.039075003592363385,0.0,0.0,0.13181909023190977,0.0
47025,47,025,1,10926.4,8.306788155973761,14.1145005370349,0.16607482793966905,0.05317396397715625,0.00896910235759262,0.0,0.013160784887977743,0.52264240738029,0.0,0.0056926343534924595,0.03928100746815053,0.0
47029,47,029,1,13296.0,7.020925637706778,12.625390850140317,0.45482099879663057,0.05898766546329723,0.04256919374247894,0.0,0.014598375451263537,0.2661251504211793,0.005009025270758122,0.0001128158844765343,0.029617930204572804,0.0
47031,47,031,0,88425.09999999999,-7.662188952671144,12.163546353674406,0.21205291257798975,0.17865854830811614,0.1576882581981813,0.0,0.072186517176684,0.0997262089610303,0.0,0.00013344627260811694,0.000861746268876145,0.0
47033,47,033,2,340933.3,2.624900225052393,-23.251641467633238,0.2652533501420952,0.020377886231705732,0.09810393997887563,0.0,0.05099501867374059,0.029148223420827478,0.0,0.0,0.08670170968925593,0.0
47035,47,035,0,10613.6,-2.4693159549436494,13.682156677557067,0.13134092108238485,0.13145398356825205,0.048908947011381626,0.0,0.015988919876385014,0.4817404085324489,0.0,0.010882264264716966,0.0002826562146679732,0.0
47039,47,039,0,26059.6,-8.636997002415992,-11.532376275762871,0.4222244393620777,0.02958218852169642,0.11415754654714579,0.0,0.040088873198360686,0.06207309398455847,0.0,0.0,0.15610370074751723,0.0
47041,47,041,0,20753.600000000002,-5.449529906961548,11.928914569276504,0.45050979107239225,0.03844152339835016,0.12605523860920514,0.0,0.06995412844036697,0.10403014416775884,0.0,0.0019996530722380694,0.028240883509367046,0.0
47043,47,043,0,13549.7,-9.508571727717076,-5.007195943257466,0.22903090105315985,0.057078754511169984,0.05284987859509804,0.0,0.017365698133538013,0.4578256345158933,0.0,0.0,0.017395219082341304,0.0
47045,47,045,2,387095.49999999994,-3.5525692342765964,-19.962554401820046,0.3037852416264204,0.06164447791307314,0.11911401708363958,0.0,0.04711705509363969,0.03982066440968702,0.0,0.0,0.13526145356895133,0.0
47047,47,047,2,308479.89999999997,2.2879021617437463,-23.03007185958958,0.2920819152236499,0.019865475838134028,0.10291788865336121,0.0,0.04972933406682251,0.032740869016101216,0.0,0.0,0.10238009024250852,0.0
47051,47,051,2,97268.1,3.6857320031750938,1.0234167619913714,0.22472526964133152,0.1649811191952963,0.13450864157930503,0.0,0.06134796505740319,0.10526678325165187,0.0,0.00040506599799934405,0.007555406140348171,0.0
47053,47,053,2,490889.1,1.1920456500602228,-22.22310405116134,0.3744906945377276,0.05872731743279694,0.09890991672049758,0.0,0.04228572196856683,0.03792424806336095,0.0,0.0,0.10424370799840535,0.0
47055,47,055,0,47387.0,0.5983516805846669,3.094057872546736,0.40934644522759406,0.05027117141832148,0.12105429759216663,0.0,0.06027391478675586,0.11865912592061113,0.0,0.00018781522358452741,0.036412940257876635,0.0
47059,47,059,1,29524.4,9.142740916469686,14.848912269566398,0.3671979786210727,0.04491200498570674,0.029870209047431952,0.0,0.011116229288317458,0.37683746325073497,0.0007282112422267684,0.0020051211878988227,0.034395279836338756,0.0
47061,47,061,0,10874.7,-10.112939059151856,9.125766705180858,0.19773419036846993,0.20429988873256272,0.13003577110173153,0.0,0.054732544346050925,0.1487397353490211,0.0,0.0005149567344386511,0.000800022069574333,0.0
47063,47,063,0,12213.7,3.7445409552097413,9.205235530736879,0.4105389849103875,0.06433758811826064,0.03713043549456757,0.0,0.01592474025070208,0.272890278949049,0.0,7.36877440906523e-05,0.02855809459868836,0.0
47069,47,069,2,166262.1,2.2614319848782163,-24.01319021596242,0.28759891761261286,0.01617025166890109,0.102542311206222,0.0,0.04988569253004744,0.03435479282410122,0.0,0.0,0.10216399287630795,0.0
47071,47,071,2,71049.09999999999,-0.5018752026104814,-20.1411503247914,0.4190271234962864,0.03698991260973046,0.1139071430883713,0.0,0.04155717665670642,0.047745854627292965,0.0,0.0,0.1492939389802264,0.0
47073,47,073,1,12794.400000000001,10.596999579101777,13.108033316757933,0.23436034515100354,0.03070874757706496,0.015006565372350402,0.0,0.007604889639217157,0.45055649346589133,0.00033608453698493086,0.0006956168323641593,0.03607828424935909,0.0
47075,47,075,2,571424.5,2.5359907126394283,-23.19754734848854,0.28018399631097374,0.015984438889127085,0.10127567158916008,0.0,0.050389334024004924,0.02983631258372716,0.0,0.0,0.09482967566143909,0.0
47077,47,077,2,102519.29999999999,0.9081870910455017,-21.734576323685513,0.3876879768004659,0.027210486220643336,0.11244321800870667,0.0,0.04353716812346554,0.046320058759667694,0.0,0.0,0.1405949904066844,0.0
47079,47,079,2,177423.69999999998,-0.422312689729317,-19.668528066171966,0.4143352889157424,0.09997987867460774,0.10030508889173206,0.0,0.03763420557681978,0.04376134642666116,0.0,0.0,0.10871264661936372,0.0
47081,47,081,0,23538.300000000003,-10.692393096832987,-4.620363720482168,0.35861978137758455,0.0763946419240132,0.10487163473997696,0.0,0.033451863558540754,0.23083230309750488,0.0,0.0,0.026127630287658833,0.0
47085,47,085,0,28507.700000000004,-11.307844972394559,-4.767680030298654,0.36893891825717257,0.12130406872529174,0.0975350519333373,0.0,0.03247192863682443,0.1839959028613322,0.0,0.0,0.02810117968127909,0.0
47089,47,089,1,16052.5,7.240412150079393,12.46514213569463,0.420146394642579,0.05201059025073976,0.036766858744743815,0.0,0.012876498987696619,0.32635415044385613,0.0020059180812957485,0.0016632923220682137,0.0324746924155116,0.0
47095,47,095,2,143645.4,-2.800861151089812,-19.447775410501436,0.297320345795967,0.049534478653684696,0.11611022698951726,0.0,0.04890863195062285,0.041128361924572594,0.0,0.0,0.1306223519862105,0.0
47097,47,097,2,282077.4,-2.2307120612374938,-21.005536916526264,0.2879053763257886,0.030710719823707957,0.11397651850165946,0.0,0.051180633400619825,0.04440873320585059,0.0,0.0,0.12464415795097374,0.0
47099,47,099,2,122280.2,-3.701505542627313,-11.679584112356387,0.4203894007369959,0.13857435627354225,0.09067862172289545,0.0,0.031184934273905344,0.11748018076516067,0.0,0.0,0.03470308357362844,0.0
47103,47,103,2,92540.4,4.521058906585305,0.46188984660311916,0.34712082506667363,0.035009574196783244,0.10438467955617223,0.0,0.04104909855587398,0.15604968208479755,0.0,0.00034903674503243987,0.03269707068480361,0.0
47105,47,105,1,27332.1,4.629445564578155,13.602206743166246,0.47960456752316877,0.09191024473055491,0.0478228895694074,0.0,0.022749807003486743,0.1793678495249176,0.00015732417194434383,0.0015183611943465742,0.024253533391140822,0.0
47107,47,107,1,31968.699999999997,8.029231837668277,12.278962526131298,0.5047249340761433,0.03533456161808269,0.04640789272006682,0.0,0.008746054734787465,0.241417386381054,0.0008727286376987491,0.00033470238076618695,0.02911285100739161,0.0
47109,47,109,2,103636.20000000001,2.2391896582259623,-22.920187124077042,0.30470916533026104,0.015343094401377122,0.10526341181942216,0.0,0.049228937379023924,0.035423915581621085,0.0,0.0,0.11123333352631608,0.0
47111,47,111,0,22115.3,-4.19933604431338,11.606444291073704,0.42246318159826,0.02585088151641624,0.1058181439998553,0.0,0.06180336689983857,0.10460631327632906,0.0,0.0016052235330291699,0.025547923835534676,0.0
47113,47,113,2,228102.8,1.821349144898159,-22.827925586945664,0.3257588245299926,0.03791316897469036,0.10100095220225266,0.0,0.046289655365913965,0.0347054047561012,0.0,0.0,0.10005488753316487,0.0
47115,47,115,0,11536.3,-7.034339493510295,13.030169911757532,0.21016270381318103,0.1297296360184808,0.1486525142376672,0.0,0.07130535787037438,0.18853531894974992,0.0,0.0005114291410590918,0.002617823738980436,0.0
47117,47,117,0,21692.6,-5.344348596481598,11.801899621268731,0.46807667130726605,0.02635460940597255,0.11700764315941842,0.0,0.06940615693831076,0.11384988429233932,0.0,0.0003411301549837272,0.02923577625549727,0.0
47119,47,119,0,39892.6,-5.64163264354373,11.609066889842087,0.4516200999684152,0.03630748559883287,0.12343642680597404,0.0,0.06914565608659251,0.1103638268751598,0.0,0.001112988373783609,0.027679318971438313,0.0
47123,47,123,1,32853.2,8.304557051708509,12.736445454258337,0.507028234692511,0.03587778359490096,0.047063908538589855,0.0,0.008881935397465087,0.23262269733237553,0.000980117614113694,0.00045048884126964805,0.028657786760498218,0.0
47125,47,125,0,91466.8,-10.612849272756403,-4.871693803614333,0.4330533045870195,0.11115399248689141,0.09240839299068077,0.0,0.030664678331372697,0.10565691595201757,0.0,0.0,0.040446369611706105,0.0
47131,47,131,2,336493.19999999995,-5.392734957327779,-16.312809162758512,0.305971116206806,0.1575645510815672,0.11077014334910781,0.0,0.04247128916721051,0.031217867106972746,0.0,0.0,0.12306311093359393,0.0
47133,47,133,0,11434.1,-3.5320473350647,11.692560876977769,0.15369814852065314,0.0727210711818158,0.09301125580500433,0.0,0.04532932194051127,0.45174521825067127,0.0,0.0018103742314655284,0.00034108500013118654,0.0
47135,47,135,0,11010.0,-11.315994668381162,-4.789542840205796,0.3708991825613079,0.11935513169845594,0.09994550408719347,0.0,0.03314259763851044,0.17919164396003634,0.0,0.0,0.02788374205267938,0.0
47139,47,139,0,14963.7,2.9730306094778722,16.69311767970547,0.5614520472877697,0.04430722348082359,0.05172517492331442,0.0,0.010966539024439143,0.18603019306722265,0.0007150637876995662,0.0007885750182107366,0.026176680901114028,0.0
47141,47,141,0,11115.2,-2.6490133906972844,13.263544759440517,0.1756243702317547,0.07577911328631062,0.11271951921692817,0.0,0.05597740031668346,0.3589768965020872,0.0,0.009059666042896214,0.001979271628040881,0.0
47143,47,143,1,13033.699999999999,8.003859790152829,17.158448812101874,0.4054873136561376,0.06085762293132419,0.04346425036635798,0.0,0.015060957364370825,0.22469444593630358,0.0013196559687579123,0.000905345373915312,0.02490467020109409,0.0
47147,47,147,0,227957.2,-10.580896612765677,-4.819638279150044,0.4656097723607765,0.11225879243998435,0.08846704556820316,0.0,0.029514751014664158,0.07714869282479342,0.0,0.0,0.0471641167727977,0.0
47149,47,149,0,33513.5,2.9296821605816046,3.4287070330486618,0.45134945618929684,0.02957017321377952,0.11951004818953556,0.0,0.06733704328106584,0.11392423948558043,0.0,0.0004953227803720889,0.028749608366777566,0.0
47157,47,157,2,98805.8,-1.9868162113124725,-20.115079503025026,0.2724111337593542,0.05179857862595111,0.10642189021292273,0.0,0.052664924528722,0.04524329543407371,0.0,0.0,0.10733985251877926,0.0
47159,47,159,0,12844.300000000001,-4.224265788859466,12.034436430705249,0.4100729506473689,0.034124086170519215,0.10589911478243266,0.0,0.05789338461418683,0.1287575033283246,0.0,0.002304524185825619,0.033088607397834056,0.0
47161,47,161,0,15470.3,-10.543778107261396,-4.998584405343925,0.3571359314299012,0.09835620511560862,0.09608087755247152,0.0,0.03141503396831348,0.1902354834747872,0.0,0.0,0.026625210887959508,0.0
47165,47,165,0,51045.0,-4.612918948782536,12.368250325754275,0.450353609560192,0.035466745028896074,0.11982956215104319,0.0,0.06701733764325596,0.10420413360760114,0.0,0.0013341169556273875,0.03599177196591243,0.0
47167,47,167,2,249113.89999999997,-3.0383687284741434,-19.08102448185592,0.2967895408485837,0.07568064246916772,0.11389167766230629,0.0,0.04771472005375855,0.039404063763603725,0.0,0.0,0.12645982420089769,0.0
47177,47,177,0,42461.399999999994,-4.983752607537664,11.082572366094706,0.212593084542667,0.10770017003678638,0.1729782814509178,0.0,0.08661984767341634,0.1552822092535809,0.0,0.0006971037224396747,0.0011398587893946032,0.0
47179,47,179,1,13147.900000000001,10.476698343391059,14.823064163406961,0.30451250770084953,0.056031761726207226,0.023555092448223666,0.0,0.013872937883616394,0.39018398375405955,0.006540968519687554,0.0027000509587082346,0.03335133367305805,0.0
47181,47,181,0,23403.0,-10.950419303360949,-4.824876944275996,0.34146476947399906,0.08570268768961245,0.08788616843994361,0.0,0.028620262359526555,0.27562705636029566,0.0,0.0,0.027393923855915908,0.0
47183,47,183,2,321274.6,-0.40798634509098974,-19.728968924445763,0.4202040870955874,0.10448445037360563,0.09906883395076985,0.0,0.03729426478159183,0.04140072075414614,0.0,0.0,0.10465751105129383,0.0
47185,47,185,0,16743.1,-7.248011573908432,7.3579741938033845,0.1731997061476071,0.1241526360112524,0.10203606261683919,0.0,0.04598909401484791,0.3495887858281919,0.0,0.0012542480185867612,0.0014155084781193447,0.0
47187,47,187,0,16391.600000000002,-5.038861411091965,12.417162254072679,0.4640852631835818,0.026019424583323163,0.11712706508211522,0.0,0.0696515288318407,0.11460138119524634,0.0,0.006869372117425997,0.02860001464164572,0.0
47189,47,189,0,10062.3,-3.329067908075565,13.573745494954363,0.429852021903541,0.01894199139361776,0.10179581209067509,0.0,0.062291921330113395,0.14792840603043042,0.0,0.0026534688888226353,0.022827782912455404,0.0
48001,48,001,2,40392.3,9.33554383856153,-9.110849528445847,0.08262961009895449,0.016245670585730447,0.009469626636759976,0.0,0.0003936393817633559,0.8339312195641249,0.0,0.00042829945311358847,0.022962297269529093,0.0
48003,48,003,2,28552.6,8.09364496457035,-28.14742709425962,0.19663007922220746,0.030280955149443487,0.051021623249721565,0.0,0.02419044150094913,0.15285473126790555,0.0,0.0,0.08242681927390151,0.0
48009,48,009,2,12817.0,9.01172559416161,-11.413910652673636,0.292884450339393,0.03500819224467504,0.03918233596005306,0.0,0.013552313333853474,0.12779121479285324,0.0,0.027432316454708592,0.03461808535538737,0.0
48011,48,011,2,67423.69999999998,7.433062148375303,-25.972715410524835,0.2733178392761003,0.07485053475261667,0.0707110407764629,0.0,0.06021176529914556,0.09116527274534031,0.0,0.0,0.07511008740250091,0.0
48013,48,013,2,31319.4,15.913946688506636,-14.041392857790935,0.3320785200227335,0.03303703136075404,0.025945580055812052,0.0,0.007123380396814753,0.13029623811439556,0.0,0.006219787096815393,0.03166727331941225,0.0
48015,48,015,2,48944.600000000006,9.484112617931348,-15.483174337972525,0.2517274632952358,0.13515280541673647,0.05369131630455658,0.0,0.0025498216350731233,0.3366316202400264,0.0,0.0002799083044912002,0.023530685714052212,0.0
48017,48,017,2,182264.5,3.661287079908705,-27.575935093208408,0.2432322256939777,0.031380768059605685,0.06825410324007143,0.0,0.03157773455609842,0.045755481731220286,0.0,0.0,0.073675345445767,0.0
48021,48,021,2,28379.8,9.289562316882567,-11.762680672831753,0.16363046955933447,0.09000063425394118,0.03009182587615135,0.0,0.0020119944467543818,0.5886158464823572,0.0,0.00048273772190078856,0.02054982769434598,0.0
48023,48,023,2,36506.4,15.204816089241303,-18.209355949712055,0.5925892446255998,0.00012052681173712007,0.0009039510880284005,0.0,0.0006985076589310367,0.1254793680012272,0.0,0.008017772226239782,0.0492982052462034,0.0
48025,48,025,2,109150.5,9.696031316279365,-12.642884306308982,0.27461990554326365,0.19761247085446243,0.057218244533923344,0.0,0.005855218253695586,0.24584770569076644,0.0,0.0009674715186829194,0.020055794522242223,0.0
48027,48,027,2,117531.90000000001,8.168837328179489,-8.476593596762612,0.5973050720697954,0.17766495734349566,0.019953731710284608,0.0,0.0016829473530165,0.11247669781565685,0.0,0.003340369720901304,0.018201866897412534,0.0
48029,48,029,2,55882.1,6.030466002587751,-10.733436757932257,0.27816241694567667,0.23150883735579014,0.0545666680386027,0.0,0.0032139092840104432,0.2660887833492299,0.0,0.0021097990233008425,0.01401701081383842,0.0
48033,48,033,2,68870.79999999999,9.382289960809642,-26.103227513279705,0.34038373301892827,0.014170011093235452,0.046285218118564043,0.0,0.03823391045261563,0.07705007056691662,0.0,4.3559825063742554e-05,0.12312329753683712,0.0
48035,48,035,2,35699.0,10.221427588666387,-9.150738162003481,0.18830219333874898,0.011784643827558195,0.0105381103112132,0.0,0.0018571948794083868,0.6733297851480434,0.0,0.0013725874674360627,0.05086977226252836,0.0
48037,48,037,0,34990.7,-0.02582111125338926,-3.6390545146946796,0.14760493502559252,0.06820669492179351,0.04250272215188608,0.0,0.0,0.6007967831452358,0.0,0.000362953584809678,0.037467098400432115,0.0
48039,48,039,2,99187.5,7.5239898152890845,-19.084794263669323,0.27057945809703843,0.08568216761184626,0.10099357277882796,0.0,0.007289224952741021,0.23875488342785128,0.0,0.0,0.03391354757403907,0.0
48041,48,041,2,65289.399999999994,10.560071615475312,-12.361083071670276,0.2492517927871906,0.13171663394057842,0.13631615545555634,0.0,0.003368081189289533,0.2320652357044176,0.0,0.00012406301788651757,0.08149868125606914,0.0
48045,48,045,2,171943.7,6.77511043657481,-25.98330232058017,0.2682907253944169,0.009296647681770253,0.06725515386722514,0.0,0.08751992658061912,0.06472060331375909,0.0,0.0,0.06459207287036396,0.0
48049,48,049,2,16978.8,10.30588221605365,-4.537095262817091,0.35128513204702333,0.0586672791952317,0.07095318868235682,0.0,0.022345513228261126,0.14697151742172593,0.0,0.09490069969609159,0.047865573538766,0.0
48051,48,051,2,106217.0,10.05808744782323,-14.500245599551501,0.32637054332169046,0.14263159381266652,0.06836382123388911,0.0,0.004051140589547812,0.17020627583155237,0.0,0.0002579624730504533,0.028343862093638494,0.0
48055,48,055,2,57553.600000000006,9.944969929528856,-11.994275852142032,0.27383343526729864,0.19236503016318698,0.05149808178810708,0.0,0.004093575380167356,0.2513118206332879,0.0,0.002561090878763448,0.0207337160490395,0.0
48057,48,057,2,87193.0,6.4111466797336565,-26.252705162356566,0.29727501060864975,0.07276960306446618,0.07807966235821683,0.0,0.00877937449107153,0.20392003945270837,0.0,0.0,0.016813276295115434,0.0
48059,48,059,2,10374.6,11.314865595388373,-5.252216455588939,0.2700152295028242,0.013041466658955527,0.01288724384554585,0.0,0.004019432074489619,0.2296666859445183,0.0,0.07863435698725733,0.08258631658088023,0.0
48061,48,061,2,154751.8,15.242585082754562,-19.333944549559607,0.39375632464371985,0.09620889708552664,0.018542595304222635,0.0,0.019570693200337573,0.06935363595124582,0.0,0.0,0.027526658817538796,0.0
48065,48,065,2,416407.00000000006,7.401553011630638,-23.738576819518645,0.2771593657167146,0.04159055923651619,0.07056989916115722,0.0,0.07605972041776433,0.06663864920618529,0.0,0.0006152634321709288,0.06572656079268599,0.0
48067,48,067,1,12492.6,6.358828950588242,3.928265911607879,0.026391623841314056,0.004930919104109633,0.0013207819028865089,0.0,0.0,0.9369066487360517,0.0,2.401421641611834e-05,0.01974769063285465,0.0
48069,48,069,2,421122.3,7.343967598182429,-28.479896635373912,0.31686828268177675,0.08555519382374194,0.06869002187725513,0.0,0.0525080243910142,0.054831339969410316,0.0,0.0,0.06228879354049881,0.0
48071,48,071,2,30929.0,-0.9784970989715482,-12.438308424660292,0.28196837919105044,0.024158556694364515,0.022157198745513917,0.0,0.001852630217595137,0.2733680364706263,0.0,0.0,0.03852048239516312,0.0
48073,48,073,1,26930.2,7.649029987391133,11.414240940702559,0.03302983267855419,0.002079449836985986,0.0005421422789284892,0.0,0.0,0.9190239953657975,0.0,0.012565818300643886,0.020133530385960743,0.0
48075,48,075,2,72000.2,14.066147198035573,-21.947537822783662,0.34528515198568893,0.002723603545545707,0.0433346018483282,0.0,0.03719156335676846,0.07812478298671392,0.0,0.0002249993750017361,0.12302188049477641,0.0
48077,48,077,0,13672.900000000001,5.085354784681549,-0.18502773249815507,0.3510447673865822,0.017582224692640185,0.022189879250195638,0.0,0.007993914970489069,0.15576066525755322,0.0,0.05785166277819628,0.04525009325015176,0.0
48079,48,079,2,339157.9,7.687223721109119,-28.23961073785747,0.2353095711466547,0.0223934043700589,0.06679012931734747,0.0,0.03064236451517125,0.03112768418485903,0.0,0.0,0.07309869532745662,0.0
48083,48,083,2,37120.1,5.3586828636803325,-17.978771064665032,0.5368816355559387,0.027157793217151897,0.04377951568018405,0.0,0.008041465405535008,0.10112580515677491,0.0,0.003650313442043529,0.09909456062887763,0.0
48085,48,085,2,42972.7,7.507145675382349,-8.659571548274645,0.48403055893625485,0.13831804843540202,0.034207764464415785,0.0,0.00336958115268531,0.2164443937662749,0.0,0.0030647364489548015,0.028664710385896162,0.0
48087,48,087,2,143650.5,12.661088087862218,-21.622626467423494,0.31001284367266385,0.007743794835381708,0.04768518035092116,0.0,0.032798354339177375,0.07895621665082962,0.0,0.0015370639155450208,0.10577477976059951,0.0
48089,48,089,2,90583.40000000001,9.926104403367749,-11.995992432249771,0.26103237458518885,0.1567163520026848,0.05939167662066117,0.0,0.0009549211003340567,0.2377886014435316,0.0,0.0017861992373878657,0.013563191489831468,0.0
48091,48,091,0,11238.699999999999,4.447837284660569,-1.3208307721281876,0.06837979481612642,0.02178187868703676,0.006860224047265253,0.0,0.00012456956765462198,0.8612650929377954,0.0,0.0004893804443574435,0.02455800048048262,0.0
48093,48,093,2,61554.6,11.174770036046972,-6.424858332676394,0.3494409841019193,0.045088425560396786,0.06935306215944868,0.0,0.018859679049169357,0.05242337696938978,0.0,0.01649267479603474,0.018589999772559648,0.0
48095,48,095,2,117095.7,9.034440321839506,-23.319489647656255,0.4683664728935392,0.06554211640564085,0.01700062427569928,0.0,0.008507571157608692,0.1299731757869845,0.0,6.917418829214053e-05,0.05092074260626138,0.0
48097,48,097,2,33686.5,8.339314905134618,-8.837803318050483,0.2273611090496193,0.030365279859884523,0.021711961765098778,0.0,0.0026212280884033664,0.571623647455212,0.0,0.0036839683552758523,0.047101954789010435,0.0
48099,48,099,2,35280.0,8.219569707292504,-8.005901728014518,0.2787698412698413,0.06162698412698412,0.012848639455782313,0.0,0.001865079365079365,0.5396343537414966,0.0,0.0013038548752834468,0.039971655328798185,0.0
48101,48,101,2,45728.6,10.9348312653959,-23.562755678778288,0.3532450151546297,0.0089243930494264,0.042485446744488134,0.0,0.03569975901295907,0.07647511622923073,0.0,0.0002296156016147444,0.1207974877866368,0.0
48107,48,107,2,487114.60000000003,6.437891322704816,-27.907447240621064,0.26955607571606355,0.009745140055338107,0.06563527350648081,0.0,0.03239853619661574,0.024324050233764292,0.0,0.0,0.08038950177227289,0.0
48111,48,111,2,235938.40000000002,5.255621673299045,-21.63915966470261,0.33851759611830884,0.14644966652312635,0.07535483838154364,0.0,0.02734612085188337,0.04753995110588187,0.0,0.0011842074032883158,0.06005847288953387,0.0
48115,48,115,2,692838.8,7.215524770115648,-27.807215161915746,0.27136196760343095,0.0038681436432255233,0.06488045992805253,0.0,0.03214412934148607,0.023094838222108807,0.0,0.0,0.08082327375429897,0.0
48117,48,117,2,299993.30000000005,4.6135544638027035,-28.094236153095558,0.3065218456545529,0.11536024304542801,0.06944555095063788,0.0,0.038495526400089596,0.07540301733405379,0.0,0.0,0.06908354286579066,0.0
48119,48,119,2,48217.9,6.720197102135947,-15.69210740057322,0.45336482924391147,0.08029590670684537,0.13791973520207226,0.0,0.0057675676460401636,0.11609796361931979,0.0,0.0004521142563238963,0.05697883980845288,0.0
48121,48,121,2,29828.5,7.09643290056464,-8.758633637691638,0.2725111889635751,0.08812712674120388,0.05591632163870124,0.0,0.006802219353973549,0.4335115745008968,0.0,0.002521078834001039,0.04281475769817456,0.0
48123,48,123,2,46090.0,8.726608430721727,-10.134169346766821,0.16335647645910176,0.15163376003471468,0.03180733347797787,0.0,0.0008722065523974833,0.5444716858320677,0.0,0.0013386851811672815,0.01622043827294424,0.0
48125,48,125,2,54671.2,11.868953142044164,-24.81557834873295,0.3570490495910095,0.0036051888379988,0.04013081841993591,0.0,0.03478613968597726,0.07838130496495413,0.0,0.0001188925796397372,0.1281223020530005,0.0
48129,48,129,2,45800.7,12.216931371968963,-18.347614147545947,0.32969365097040004,0.04401242775765436,0.04877873045608473,0.0,0.02707382201582072,0.06861903857364626,0.0,0.00195848535066058,0.09033704725036955,0.0
48131,48,131,2,13218.900000000001,13.493565015258612,-23.803926064848138,0.2982472066510829,0.00011347388965798968,0.009319988803909553,0.0,0.0011498687485342954,0.393633358297589,0.0,0.0,0.05908963680790383,0.0
48133,48,133,2,16006.599999999999,14.996736880107237,-7.183971091982923,0.27787912486099486,0.00541026826434096,0.027413691852111007,0.0,0.006403608511489012,0.14813264528382042,0.0,0.12068146889408121,0.049254682443492064,0.0
48139,48,139,2,133524.4,8.155256399014307,-14.921796235847975,0.49835460784695534,0.09218914295814098,0.052036182150977654,0.0,0.005163101275871676,0.12967892010748597,0.0,0.0009443966795581932,0.04856041292827379,0.0
48143,48,143,2,11239.3,10.229551576771147,-7.9032876610194895,0.33800147696030897,0.10344950308293223,0.07480003203046454,0.0,0.008399099588052638,0.19381989981582484,0.0,0.04381055759700337,0.05457635261982508,0.0
48145,48,145,2,117030.70000000003,8.32541947497146,-9.333970681644526,0.6036757876352101,0.1700194906122923,0.02267268332155579,0.0,0.0015978713277798044,0.10802379204772762,0.0,0.0005750627826715553,0.021616550187258554,0.0
48147,48,147,2,69703.0,7.5619246833062945,-10.216846301138673,0.45159749221697776,0.09483379481514426,0.06162862430598396,0.0,0.001801931050313473,0.25843650918898753,0.0,0.0018320588783840006,0.03941867638408677,0.0
48149,48,149,2,59714.0,8.806839488669631,-8.96770808638767,0.2343520782396088,0.23192551160531868,0.040573399872726665,0.0,0.0004236862377331949,0.3523495327728841,0.0,0.0035603041162876378,0.011973741501155507,0.0
48151,48,151,2,218286.8,13.540831339542915,-17.052452244996,0.5916285364025676,0.0005854682921734159,0.0024541108303388023,0.0,0.001918576844774856,0.07264296329416163,0.0,0.00011132143583579035,0.08135077338620567,0.0
48153,48,153,2,1134716.0,7.385461101649595,-28.733521664836378,0.2672490737770508,0.006442404971816737,0.06919634516478132,0.0,0.09119497742166321,0.05919992315257739,0.0,0.0,0.06215898956214595,0.0
48157,48,157,2,162014.5,8.237306035212061,-23.69779380746961,0.3207910403081206,0.045690354875643845,0.05315141545972737,0.0,0.008111002410278092,0.2407025297118468,0.0,0.0,0.017587931944363006,0.0
48159,48,159,0,17098.2,1.3054564412090386,0.5356201361547466,0.21475359979413036,0.07000736919675755,0.02216607596121229,0.0,0.0,0.6213870465896995,0.0,0.0012691394415786457,0.02551730591524254,0.0
48161,48,161,1,33260.600000000006,10.180238810850444,12.13845904309645,0.2726769811729193,0.026130015694244838,0.013592659182335855,0.0,0.0,0.5628551499371628,0.0,0.018394136004762387,0.0757833592899707,0.0
48163,48,163,2,65327.6,12.76209964654094,-17.491300549259247,0.38142837024473575,0.05610798498643759,0.030679222870578438,0.0,0.014043069085654456,0.100155217702778,0.0,0.0,0.027490677753353867,0.0
48165,48,165,2,790087.9,15.933738273203618,-17.62873164904293,0.2179258788800588,0.0065620546777137075,0.05471568416628073,0.0,0.025331738405309077,0.03370106035037367,0.0,0.001462748638474276,0.0687207081642435,0.0
48169,48,169,2,74079.9,12.527944213794934,-24.5341575751446,0.3476705557107934,0.00038067006029975743,0.043034615327504494,0.0,0.037926617071567324,0.07892829228981141,0.0,0.0001052917188063159,0.12729633814300506,0.0
48171,48,171,0,32284.800000000003,5.06411216709572,4.876903141652557,0.25004955892556247,0.043878233719892946,0.005160323124194667,0.0,0.0023199772028942413,0.03026811378729309,0.0,0.5746295470314203,0.0029797303994449397,0.0
48173,48,173,2,246308.2,11.125113850570775,-20.57491932733393,0.26917049452677577,0.001929696209870398,0.06388419061971952,0.0,0.031843032428477816,0.03143338305423855,0.0,0.0,0.08147800195040197,0.0
48175,48,175,2,51283.1,7.322771400073593,-11.916006247632744,0.19241036520803148,0.18588774859554122,0.04001318173043361,0.0,0.0027338440928883004,0.4630258311217536,0.0,0.000534289073788441,0.015205789041614098,0.0
48177,48,177,2,49130.200000000004,9.328907122945065,-10.53151832730838,0.15001567264126747,0.14353289829880603,0.027655087909269654,0.0,0.0008894732771289349,0.5734090233705541,0.0,0.0004742500539383108,0.017797607174405965,0.0
48179,48,179,2,189588.0,7.642438654294871,-23.71430879367881,0.27013682300567543,0.0334414625398232,0.07238116336476992,0.0,0.08230531468236386,0.061548726712661136,0.0,0.0006798953520264996,0.06346393231639133,0.0
48181,48,181,2,53584.8,7.317698191250683,-7.537173671005539,0.45822322748242034,0.12028411041937265,0.03758341917857303,0.0,0.002181588808766665,0.25096855824786135,0.0,0.0025137725623684327,0.03090242008927905,0.0
48185,48,185,2,73327.6,11.786994687098755,-8.303712362495414,0.28819707722603766,0.2561900294022987,0.1385685608147546,0.0,0.00047594630125628,0.2475984486059819,0.0,0.00018410530277821718,0.03776886192920537,0.0
48187,48,187,2,127361.0,8.299130654750982,-12.381017664963402,0.31334474446651644,0.3007545480955709,0.0641923351732477,0.0,0.0040820973453411956,0.1331828424714002,0.0,0.00037688146292821196,0.00881510038394799,0.0
48189,48,189,2,1167496.6,7.544902590079824,-25.686341447293437,0.2651493803065465,0.02430114143373094,0.07288877757759636,0.0,0.08739323095244989,0.05870415382794261,0.0,0.0,0.060391610562291996,0.0
48191,48,191,2,118718.20000000001,14.099726609531189,-21.885434739111062,0.34317905763396006,0.00214794361774353,0.0439696693514558,0.0,0.037567955039749586,0.07868212287585222,0.0,0.00014235391035241434,0.12424127050443823,0.0
48193,48,193,0,23868.0,1.537309020810742,2.820359289019982,0.13319088319088318,0.01938578850343556,0.012284229931288755,0.0,0.0017554885201944025,0.7585847159376572,0.0,0.004977375565610859,0.048135579017931966,0.0
48195,48,195,2,237828.19999999998,2.7255871009145416,-27.129092280213076,0.32553456654845814,0.07930724783688393,0.058195369598727155,0.0,0.039946061905190386,0.11736244902833222,0.0,0.0,0.08588426435553059,0.0
48197,48,197,2,29607.1,15.68333488421591,-16.759947001672682,0.4141675476490436,0.007967683427286024,0.03186735614092566,0.0,0.02623019478435916,0.07788672311709016,0.0,0.008258154294071354,0.11775553836748619,0.0
48201,48,201,0,11110.2,0.16156390716861857,-5.352675800133829,0.08991737322460441,0.032249644470846606,0.05241129772641356,0.0,0.0015571276844701266,0.5562996165685586,0.0,0.0,0.08791020863710824,0.0
48203,48,203,1,16336.799999999997,8.6988037550599,9.885782498758328,0.019544831301111603,0.0005386611821164488,0.00014078644532589002,0.0,0.0,0.9497453601684541,0.0,0.001989373683952794,0.019850888790950497,0.0
48205,48,205,2,269086.1,1.3808647744943414,-25.482072968925277,0.3392349140293757,0.16819374913828697,0.07366972875967953,0.0,0.01721047649804282,0.03917147708484385,0.0,0.0,0.05495638756516966,0.0
48207,48,207,2,245902.5,12.49178101055116,-20.74417650094219,0.5761881233415683,0.0005624180315368897,0.0058702127875885765,0.0,0.0015628145301491445,0.08386982645560741,0.0,2.8466567033682048e-06,0.06944134362196398,0.0
48209,48,209,2,30113.4,8.529137611644774,-8.621480356321761,0.22346530116160912,0.2214761534732046,0.04291777082627667,0.0,0.0018231086493056246,0.3706589093227599,0.0,0.011386957301400704,0.012363266851302079,0.0
48213,48,213,1,33253.399999999994,8.760281625466643,9.205868832518345,0.0212339189376124,0.002396747400265838,0.0006254999488774081,0.0,0.0,0.9470941317278836,0.0,0.0017922979304371887,0.019922774814003986,0.0
48215,48,215,2,129746.6,15.26780483890244,-17.381445395763983,0.433653752776566,0.13345474948861857,0.012637710737699485,0.0,0.026016866723289858,0.05659724416670649,0.0,0.0,0.0187611852641996,0.0
48217,48,217,2,131982.5,8.70930011596193,-12.191542885652481,0.5506957361771446,0.12635917640596292,0.02300380732294054,0.0,0.0034322732180402703,0.13057488682211657,0.0,0.0004962779156327543,0.03562896596139639,0.0
48219,48,219,2,646458.5,12.137410036660587,-19.722015988054242,0.2594980188210071,0.032312515033834345,0.0666161864992107,0.0,0.03265638861581989,0.022691015741923108,0.0,0.0012071927277621068,0.07785016362225881,0.0
48223,48,223,0,40062.399999999994,3.498398715165669,7.166649299772549,0.03102909461240465,0.020562921841926596,0.007378489556292186,0.0,0.0,0.9096234873597189,0.0,0.0005815927153640323,0.019861516034985427,0.0
48225,48,225,2,67645.1,9.765107872303883,-8.41137472374151,0.1768509470752501,0.0188661115143595,0.010509260833378914,0.0,0.0004774920873795736,0.7178154810917567,0.0,0.000332618327121994,0.02664346715430977,0.0
48227,48,227,2,296336.1,13.054323947273875,-22.346277737305442,0.2720306435834176,0.005951013055783619,0.06524854717329412,0.0,0.03256032592721575,0.023991677018088586,0.0,0.000631377682300604,0.08202949286300253,0.0
48229,48,229,2,13080.7,14.94745389640087,-23.534429145641923,0.1728424319799399,0.0017430259848479057,0.018049492764148706,0.0,0.00597062848318515,0.33325433654162234,0.0,0.0,0.08565290848349094,0.0
48231,48,231,2,42719.5,7.034400390218025,-8.368328751731557,0.34133826472688117,0.08121583820035347,0.1142007748218027,0.0,0.003883472418918761,0.3181802221467948,0.0,0.002617071829024216,0.04786572876555203,0.0
48233,48,233,2,110341.9,10.407516014680919,-24.593649532814087,0.2877374777849575,0.06758719942288469,0.07313903422000166,0.0,0.06690114997113518,0.06212327320809231,0.0,0.0004132609643299599,0.06460193272002748,0.0
48239,48,239,2,107812.29999999999,6.268831046017262,-26.107348823662438,0.26837754133804775,0.040985119508627495,0.07088430540856656,0.0,0.004760124772405376,0.23491660970037745,0.0,0.0,0.025025901497324518,0.0
48245,48,245,2,41047.299999999996,10.192525668350811,-24.015872846666877,0.2941289682878046,0.0072720982866108135,0.01138442723394718,0.0,0.001493399078623929,0.35071977937647547,0.0,0.0,0.047847239647918385,0.0
48249,48,249,2,169070.80000000002,13.416951576288152,-14.986653131627325,0.3719838079668399,0.14526872765728913,0.07962522209630521,0.0,0.01872647435275636,0.048784296282977306,0.0,0.00026024600344944245,0.018245019246374887,0.0
48251,48,251,2,37487.2,8.084961154832484,-6.81949599788599,0.38455526152926867,0.10724727373610193,0.016082822936895794,0.0,0.0018859770801767006,0.3892155188971169,0.0,0.006450201668836297,0.03068514052796688,0.0
48253,48,253,2,185159.59999999998,9.666662152717386,-14.983586298370561,0.5873808325358232,0.001466302584365056,0.0037772818692630578,0.0,0.0019939554848897928,0.07652695296382149,0.0,0.003064923449823828,0.07909176731857274,0.0
48255,48,255,2,74842.6,7.3108520579173355,-17.705218138517818,0.26224503157292767,0.21668675326618794,0.05001563280805316,0.0,0.003349696563187275,0.2880912742208314,0.0,0.0,0.0162073471525575,0.0
48257,48,257,0,33794.0,0.36436287877443263,0.39372028559853334,0.2645795111558265,0.03911345209208735,0.12207492454281824,0.0,0.0006983488193170386,0.44545777356927263,0.0,0.015810498905131087,0.0543587619103983,0.0
48273,48,273,2,138037.90000000002,8.918871379773854,-23.47094036643607,0.44648100268114765,0.10088968319570203,0.10551450000325996,0.0,0.012363995685242964,0.006518499629449592,0.0,0.0,0.010749946210424816,0.0
48275,48,275,2,69049.8,15.567746950034287,-19.168044930442367,0.5920944014320099,2.461991200553803e-05,0.002786394746979716,0.0,0.0010427256849404342,0.10133555781479453,0.0,0.0004011597426784726,0.05708633479025283,0.0
48277,48,277,2,70326.2,6.530989843335266,-10.68556821488292,0.4370021414494172,0.10154394805918705,0.10738814268366555,0.0,0.0015584518998609338,0.22449528056400034,0.0,0.0015954224741277078,0.04173409056653139,0.0
48279,48,279,2,346008.60000000003,5.544707364823022,-21.455583194558017,0.24399538046164168,0.027076494630480282,0.0744224276506422,0.0,0.03355003314946507,0.033541073834580985,0.0,0.0,0.07238837416179829,0.0
48283,48,283,2,20207.1,13.127443498663613,-13.200436101711535,0.2798669774485206,0.17877379732866172,0.08105566855214258,0.0,0.02727754106229989,0.16268044400235562,0.0,0.0022318887915633617,0.02905909309104226,0.0
48285,48,285,0,40071.6,2.6405230380548996,-3.415023678926998,0.14125215863604149,0.1200476147695625,0.025000249553299592,0.0,0.00025703989858153907,0.6049346669461664,0.0,0.0007012447718583736,0.01732648559079248,0.0
48287,48,287,0,17888.0,3.9196065761648224,-1.0656780745080154,0.08576699463327371,0.06603868515205724,0.01639087656529517,0.0,0.0001788908765652952,0.7660051431127012,0.0,0.0008050089445438283,0.020701028622540252,0.0
48289,48,289,1,42384.9,17.039219694120824,-2.864025589149348,0.2855450879912421,0.0,0.001210336700098384,0.0,3.538996199118082e-05,0.6145632052924509,0.0,0.0005308494298677123,0.08379871133351736,0.0
48291,48,291,2,25868.2,0.031128753269044296,-8.729741502155623,0.30436597830540973,0.03972444932388028,0.1339018563332586,0.0,0.0030616741791079393,0.27478139182471145,0.0,0.0,0.047080972004236867,0.0
48293,48,293,2,46614.7,9.824762461897787,-7.362512204041868,0.36591461491761185,0.08168667823669358,0.01328550864855936,0.0,0.0015660296001046882,0.41655958313579194,0.0,0.011142407867046232,0.03831409405187634,0.0
48295,48,295,2,39181.7,7.640472359944109,-22.345001462345266,0.3134779756876297,0.12855746432645854,0.06182478044597351,0.0,0.02251816536801619,0.07248281723355547,0.0,0.001327150174698903,0.0696626231123203,0.0
48297,48,297,2,20835.7,10.435776343417004,-17.622603084633198,0.2992316072894119,0.20381844622450887,0.0835441093891734,0.0,0.03626947978709619,0.1334968347595713,0.0,0.0,0.02743368353355059,0.0
48303,48,303,2,646062.0,12.635127722709484,-20.022230415957107,0.2586330723676675,0.010933006429723462,0.0638562552820008,0.0,0.031427169528621096,0.020468623754376514,0.0,0.0001363646213521303,0.07713640486516773,0.0
48305,48,305,2,764185.3,6.7361940300757865,-27.775328686768813,0.2720816534942506,0.006258691445648065,0.06555294900333727,0.0,0.03252862885480786,0.02108768645510454,0.0,0.0,0.08090904130189366,0.0
48307,48,307,2,42482.600000000006,10.438735069403355,-12.564116179726394,0.4709245667638044,0.10773116523000002,0.014177569169495273,0.0,0.006070720718600084,0.17441258303399507,0.0,0.0029988748334612287,0.031106853158704973,0.0
48309,48,309,2,85851.7,9.054151868453733,-9.76885159769665,0.521189446452429,0.12821295326708732,0.02082195227351351,0.0,0.00238434416557855,0.1932996085109555,0.0,0.0009166970485150556,0.03197956476109384,0.0
48313,48,313,1,25408.6,8.8715004875014,9.238162358854916,0.24342939004903852,0.008662421384885433,0.004348921231394095,0.0,7.871350645057186e-05,0.5232126130522737,0.0,0.0007477783112804327,0.07048007367584204,0.0
48317,48,317,2,335366.8,11.975666586375066,-21.105473928504914,0.2736883913374848,0.0051355709628979375,0.06492294407198328,0.0,0.03239855584989331,0.02182565477560689,0.0,0.0,0.08150657727598558,0.0
48321,48,321,2,183484.8,7.297279061206005,-26.401930164574917,0.3119593557613492,0.030398703325834074,0.04261497410139695,0.0,0.00665559217984269,0.27170861019550396,0.0,0.0,0.022841129074451946,0.0
48325,48,325,2,170686.5,6.897560289455182,-12.52181861569185,0.2848327196351205,0.2094471443260012,0.054956308788334164,0.0,0.003315435022687793,0.2367832253868935,0.0,0.0005864552849815304,0.01826623663851564,0.0
48329,48,329,2,31070.8,14.351794074309405,-17.801803020492752,0.2573284241152465,0.002349472816921354,0.05628435701687758,0.0,0.02787504666761075,0.09070574301273222,0.0,0.002870862674923079,0.08300075955559562,0.0
48331,48,331,2,83246.4,8.991205624010798,-10.832238466379422,0.4691758442407119,0.10988343039458763,0.024294143650656366,0.0,0.003005535374502681,0.23742408080109173,0.0,0.001449912548770878,0.036532510715178074,0.0
48335,48,335,2,130964.3,13.571111834865908,-23.08692670582859,0.5905403228207993,3.817834325842997e-05,0.0015981454487978785,0.0,0.0017676572928653075,0.07642388040099476,0.0,7.788382024719714e-05,0.08140539062935472,0.0
48337,48,337,2,12029.300000000001,12.276323760608758,-3.2633166650099863,0.307075224659789,0.007082706391893128,0.013832891356936812,0.0,0.00359123140997398,0.14004139891764272,0.0,0.24152693839209263,0.03833972051574073,0.0
48339,48,339,2,11120.900000000001,16.043423562145424,-5.861623502742997,0.25666088176316665,0.00611461302592416,0.01953079337104011,0.0,0.000647429614509617,0.5221699682579647,0.0,0.002194067026949257,0.08244836299220386,0.0
48341,48,341,2,269880.4,3.2893110359286197,-27.97647181045054,0.29631644239448285,0.08447890250644359,0.07289784660167985,0.0,0.05739171870206209,0.06412062528438524,0.0,0.0,0.06368376510483903,0.0
48343,48,343,1,10320.7,9.052738783643402,7.302507096553774,0.13251039173699455,0.0007848304863042235,0.0002034745705233172,0.0,0.0,0.8386737333707985,0.0,0.00013564971368221145,0.025066129235420075,0.0
48345,48,345,2,35438.6,15.089740153044225,-23.43879275337782,0.3523361532340442,0.0,0.041601530534501927,0.0,0.03673113497711535,0.0801555366182637,0.0,0.00018623760532300937,0.12790572991032378,0.0
48347,48,347,1,22432.2,11.247808608176861,7.922529857520278,0.02471447294514136,0.00016048359055286597,7.57839177610756e-05,0.0,0.0,0.9392970818733785,0.0,0.008099963445404373,0.020082738206685033,0.0
48349,48,349,2,77945.40000000001,9.77417019778828,-12.337909132614453,0.3978862126565519,0.057512053309111244,0.02635562842707844,0.0,0.004621183546431219,0.28256574473926616,0.0,0.0012675539544347708,0.05182858770370028,0.0
48353,48,353,2,150153.5,13.149603134778504,-20.480369766771698,0.5927680673444176,0.00024641450249244937,0.0018481087686933705,0.0,0.0017695225219525352,0.07692194987129837,0.0,0.0008125018730832115,0.0793994145990603,0.0
48355,48,355,2,586329.9,8.613255994066655,-23.33333059800997,0.46127529911062015,0.11428412571148085,0.09048455485555146,0.0,0.010191361552600336,0.004410656867405193,0.0,0.0,0.001744239889522946,0.0
48357,48,357,2,261890.7,4.451271529614159,-25.295385306378602,0.2937030600933901,0.08925517400961545,0.06968899621101475,0.0,0.05033970278440586,0.09764340619960923,0.0,0.0,0.07907153633175977,0.0
48359,48,359,2,18307.9,10.856287521288161,-22.53095868556122,0.2785791925889916,0.11032395850971437,0.06943450641526336,0.0,0.040594497457381785,0.1282178731585818,0.0,0.005948251847563073,0.09300902888916805,0.0
48365,48,365,1,18137.5,8.638851684527582,10.42333597507773,0.025830461750516884,0.0010144727773949,0.00027015851137146795,0.0,0.0,0.9302439696760855,0.0,0.007614059269469331,0.019644383184011027,0.0
48367,48,367,1,16520.199999999997,9.474289252492987,7.54414791650442,0.22425878621324202,0.0013498625924625613,0.0028026295081173356,0.0,2.4212781927579575e-05,0.09005944237963222,0.0,0.4152492100579897,0.02036294960109442,0.0
48369,48,369,2,352615.1,6.7594183946531565,-22.83346442957251,0.3115930089210587,0.08917910775800583,0.06706491015274162,0.0,0.045494364818749966,0.059776226259170416,0.0,0.0010399441203737447,0.06368615524406074,0.0
48371,48,371,2,15081.099999999999,14.8018371362318,-18.03986330946208,0.07223611009806978,0.009435651245598798,0.04249690009349451,0.0,0.014130269012207333,0.35990743380787876,0.0,0.0,0.12024321833288025,0.0
48373,48,373,1,10069.0,17.533437634345045,11.236013611110835,0.31562220677326447,0.0,0.0,0.0,0.0,0.5927798192471944,0.0,0.00349587843877247,0.08284834640977258,0.0
48375,48,375,2,11187.9,10.364932614104443,-18.482943566132775,0.29112702115678546,0.05710633809740881,0.04988424994860519,0.0,0.04196498002306063,0.15947586231553734,0.0,0.002145174697664441,0.10734811716229141,0.0
48379,48,379,1,10986.900000000001,16.958148479895375,9.567125849771536,0.02603100055520665,0.0,0.0,0.0,0.0,0.9388089451983725,0.0,0.0005187996614149578,0.01954145391329674,0.0
48381,48,381,2,65415.3,11.870803564419818,-19.80435384985377,0.27733573032608577,0.060985732695562046,0.05705545950259343,0.0,0.048901403800028435,0.11823839377026475,0.0,0.0003668866457847017,0.08374952037214535,0.0
48383,48,383,2,144190.2,10.2939260094795,-23.80290813860151,0.48422361575197204,0.01458074127090468,0.018277247690897162,0.0,0.010297509816894628,0.09809612581160161,0.0,3.675700567722355e-05,0.06480052042371812,0.0
48387,48,387,2,52145.90000000001,7.015497098161395,-10.328246151469411,0.10113163259239939,0.02306221582137809,0.03030343708709601,0.0,0.00010163790441818051,0.7280054615990901,0.0,0.00020711120145591502,0.03841145708483312,0.0
48389,48,389,2,10686.8,13.784961554775505,-21.337765352645743,0.1817288617734027,0.003771007223864955,0.056930044540928995,0.0,0.019060897555863307,0.257504585095632,0.0,0.00411722873077067,0.11372908634951531,0.0
48391,48,391,2,171222.7,8.890659424969638,-23.59880646568339,0.4593100097124972,0.08701182728691931,0.07629303824784914,0.0,0.008242481867182329,0.0057609183829013325,0.0,0.0,0.008567789200847784,0.0
48393,48,393,2,14943.900000000001,2.6643525577467457,-27.426690291156966,0.305529346422286,0.1025100542696351,0.06901143610436364,0.0,0.04377705953599796,0.09126800902040297,0.0,0.0,0.08187287120497326,0.0
48395,48,395,2,147299.2,10.000392028618897,-11.504765858155597,0.27833620277638976,0.29305047142143337,0.17549654037496468,0.0,0.0016904368794942537,0.14123430405596227,0.0,0.00014731919793182854,0.036755800438834696,0.0
48399,48,399,2,191763.0,12.72119695466401,-17.19055909227054,0.5999076985654167,0.0008818176603411503,0.003208648175091128,0.0,0.0016238794762284694,0.08953760631612981,0.0,8.447927911015159e-05,0.06652065309783431,0.0
48401,48,401,1,26619.0,10.47000015640501,10.479446768562251,0.021266764341260003,0.0004958863969345205,0.00012772831436192193,0.0,0.0,0.940820466584019,0.0,0.002847590067245201,0.019636349975581353,0.0
48409,48,409,2,454835.19999999995,9.224992067840756,-23.54557728625777,0.45766994287161594,0.07465824984521867,0.07867113187369844,0.0,0.00873635110035459,0.003955938326673046,0.0,0.0,0.0017542617633815503,0.0
48411,48,411,2,10278.900000000001,13.346161558689035,-13.376421753487126,0.4726186654213972,0.00010701534210859138,0.002208407514422749,0.0,0.0012841841053030964,0.20832968508303415,0.0,0.02283318253898763,0.010983665567327243,0.0
48413,48,413,2,50550.100000000006,11.680868643721464,-20.747995209929186,0.45317219946152426,0.07257552408402752,0.01963794334729308,0.0,0.009875351384072435,0.09744590020593429,0.0,8.704235995576665e-05,0.060274856033914866,0.0
48415,48,415,2,192361.6,16.220582971412764,-16.561402922960276,0.5901593665263754,3.431038211368589e-05,0.0015954327682863938,0.0,0.0017675045331292732,0.07341174122070102,0.0,0.0011244447956348877,0.08172681034052534,0.0
48419,48,419,1,18566.3,6.913826132207694,6.542206391882417,0.019982441304944983,0.013696859363470374,0.0051922030776191275,0.0,0.0,0.8743045194788408,0.0,0.005106025433177316,0.018592826788320777,0.0
48421,48,421,2,322142.0,2.876431691995897,-27.352385356885232,0.3230472897045403,0.10989998199551751,0.07070919035704752,0.0,0.04259457009641711,0.06527245748769177,0.0,0.0,0.06702913621943118,0.0
48423,48,423,1,25380.4,7.887010100823263,11.824083456782677,0.0384588107358434,0.0017021008337142047,0.00044522544955950263,0.0,0.0,0.8908330837969457,0.0,0.009814660131440008,0.01950717876786812,0.0
48427,48,427,2,27035.5,14.019862710487148,-19.80156939077768,0.46989328845406964,0.10544654250892346,0.01071923951841098,0.0,0.012446597991529655,0.13105731353220765,0.0,0.0,0.0159124114590076,0.0
48433,48,433,2,27054.399999999998,15.142953501359958,-19.821733118540465,0.5770669465964872,2.2177538588917146e-05,0.0011864983145070673,0.0,0.0014008811875332663,0.10288529777041813,0.0,0.0023656041161511624,0.07559953279318707,0.0
48437,48,437,2,599092.1000000001,5.695804838691528,-26.24653856449564,0.27412245963517123,0.02482606597549859,0.07081982887105337,0.0,0.08467930056163316,0.05662334722824753,0.0,0.0,0.06203186454970779,0.0
48441,48,441,2,67621.40000000001,13.39561060100434,-15.782704305026748,0.5930001449245357,0.0009538400565501453,0.0029591224079951015,0.0,0.0013812195547563343,0.10264058419376113,0.0,0.0018854977862037756,0.06263401822499977,0.0
48445,48,445,2,598565.8,10.375130548244766,-18.190566805338854,0.2521361895383933,0.0053173769700841575,0.062136527011733715,0.0,0.02998433923221139,0.030385965920538726,0.0,0.0007319161903336274,0.07713153675001144,0.0
48447,48,447,2,12073.9,7.4629048345518765,-18.285104758331745,0.3264893696320162,0.02708321254938338,0.028308997092902875,0.0,0.009375595292324767,0.15734766728231972,0.0,0.0010104440156039059,0.05583945535411094,0.0
48449,48,449,1,13514.599999999999,15.226295097268942,3.8860414621059385,0.022723573024728817,0.0,0.0,0.0,0.0,0.9464801029997189,0.0,0.0,0.019586225267488495,0.0
48451,48,451,2,396039.6,10.66504952072099,-14.518689091847698,0.4690099171900992,0.07810178578101787,0.019523300195233004,0.0,0.009749277597492776,0.09403403094034031,0.0,0.0012789125127891253,0.05624033556240336,0.0
48453,48,453,2,79322.0,8.978010184628577,-12.58108829347772,0.3110562013060689,0.2901679231486851,0.05981190590252389,0.0,0.002861753359723658,0.14296033887193968,0.0,0.0014611331030483347,0.01098056024810267,0.0
48459,48,459,1,18037.3,8.613397807734579,8.80251548506918,0.030292782179150983,0.001191974408586651,0.00033818808801760797,0.0,0.0,0.9350789752346527,0.0,0.004801162036446697,0.02009169886845592,0.0
48461,48,461,2,52589.0,13.475273624874179,-18.229513726635783,0.4844986594154671,0.00718401186559927,0.01699594972332617,0.0,0.00970355017208922,0.11351233147616421,0.0,7.035691874726654e-05,0.0623495407784898,0.0
48463,48,463,2,116433.40000000001,7.428541440268734,-11.292558228574336,0.5310014136837025,0.20093547040625798,0.02386943952508472,0.0,0.009303172457387656,0.051719695551276514,0.0,0.002469222748798884,0.0281207969534515,0.0
48467,48,467,1,34850.1,8.955676117656102,10.617252050519106,0.030605364116602248,0.002903865412150898,0.0007575301075176255,0.0,0.0,0.9237850106599408,0.0,0.006852204154363976,0.019902381915690343,0.0
48469,48,469,2,121104.40000000001,8.308118069990694,-21.360137704141575,0.29039820188201254,0.0472749132153745,0.06983230997387378,0.0,0.006776797539973774,0.2626320761260532,0.0,0.0,0.02660431825763556,0.0
48471,48,471,2,60530.9,11.138947331030593,-3.0230582546450266,0.2908151043516617,0.31449557168322295,0.1639344533122752,0.0,9.912292729828896e-06,0.17435557706890198,0.0,4.460531728423004e-05,0.023807675088260705,0.0
48473,48,473,2,113981.4,9.362994377936744,-7.474688916985998,0.29524641739792634,0.3358688347397032,0.17645949251369084,0.0,0.0003711131816243703,0.12259807301893116,0.0,0.0001754672253543122,0.0180748788837477,0.0
48477,48,477,2,21148.300000000003,11.231181693576822,-11.113967179001957,0.11701649777996338,0.013627572901840808,0.02603518958970697,0.0,0.0016455223351285915,0.7035884681038191,0.0,0.0012956124132909026,0.02807790697124591,0.0
48479,48,479,2,11468.3,14.964541540885802,-14.427892943288828,0.022383439568201043,0.0013864304212481363,0.0009853247647864114,0.0,0.00020927251641481302,0.8356600367970842,0.0,0.00047958285011727984,0.122180270833515,0.0
48481,48,481,2,381136.4,8.517509251073953,-21.344185115528784,0.33576876939594325,0.028262847631451624,0.05492285701391942,0.0,0.006053213495221133,0.2218103545082548,0.0,0.0,0.016780081881447168,0.0
48483,48,483,2,23539.9,12.55510532494173,-18.44685202936827,0.37591493591731484,0.028776672798100245,0.039745283539862106,0.0,0.028317877306190765,0.07089664781923458,0.0,0.0038105514466926366,0.11040828550673537,0.0
48485,48,485,2,25983.300000000003,12.469358922104039,-16.633864545156147,0.5149538357329515,0.029865336581573546,0.021286749566067433,0.0,0.012550368890787544,0.07279290929173739,0.0,0.009559986606782048,0.10159602513922404,0.0
48487,48,487,2,75528.5,13.073259984932879,-21.885871278735742,0.3417464930456715,0.0042301912523087315,0.038934971567024364,0.0,0.024525841238737696,0.0792905989129931,0.0,0.00040646908120775603,0.09455371151287262,0.0
48489,48,489,2,156585.39999999997,15.90419327693461,-19.1901957541415,0.41395238636552334,0.055310392922967286,0.020434216727740904,0.0,0.0056410112309321315,0.0775519301288626,0.0,0.0,0.03033488435064828,0.0
48491,48,491,2,160122.19999999998,8.383864713004076,-11.472874475733406,0.5899163264057077,0.16718793521447997,0.01969121083772269,0.0,0.002431268118974134,0.11579593585399153,0.0,0.00042030399282547956,0.023675667708787415,0.0
48493,48,493,2,53598.5,9.939442929316657,-9.18649774143627,0.2285959495135125,0.18155918542496524,0.045456495984029406,0.0,0.003940408780096457,0.33170704404041157,0.0,0.002815377296006418,0.016595613683218748,0.0
48497,48,497,0,14951.9,6.704836412702434,4.873078652716261,0.25086443863321717,0.024224346069730267,0.01752285662691698,0.0,0.0027287501922832547,0.1121730348651342,0.0,0.04615466930624202,0.035219604197459856,0.0
48499,48,499,1,19591.199999999997,6.2366945988772144,9.797451922775242,0.038450937155457554,0.0022612193229613296,0.0006482502347992977,0.0,0.0,0.900123524847891,0.0,0.0011076401649720285,0.019100412430070646,0.0
48501,48,501,2,306219.2,9.908157870643372,-17.10374801456297,0.22342557226979887,0.020689101140620836,0.05739222099724641,0.0,0.026378816220537442,0.04276250476782645,0.0,0.0016857205557326256,0.07134888994550309,0.0
48503,48,503,2,13523.599999999999,12.658421732428412,-9.986251039287026,0.29960217693513563,0.007268774586648526,0.01652666449761898,0.0,0.0014715016711526517,0.14942027270845043,0.0,0.046999319707770125,0.05286314295010205,0.0
48507,48,507,2,49820.200000000004,15.202086876153349,-14.818957856647682,0.3910903609379328,0.037755769748013854,0.028394105202307493,0.0,0.008514618568371865,0.12497942601595335,0.0,0.003534710820109112,0.030166478657251476,0.0
49003,49,003,1,57451.5,6.264636789273293,8.686087082147655,0.30286937677867415,0.05853110884833294,0.00049433000008703,0.09049372079057988,0.07925641628155922,0.1279705490718258,0.023639069475992792,0.015905589932377742,0.009740389720024717,0.11428596294265597
49005,49,005,1,35585.5,5.88608883080396,8.431539697210617,0.3080440066881173,0.05705694735215186,0.0005226848013938262,0.09458908825223757,0.07726180607269816,0.07876241727669979,0.024709502465892007,0.0041056048109482796,0.009975973359935929,0.11945876831855672
49013,49,013,1,12855.3,8.804520516769962,8.31057040134858,0.4038023227773759,0.10587850925299293,0.11806025530326014,0.0050640591818160606,0.010174791720146556,0.14082907438955142,0.003975014196479274,0.00010890449853367872,0.027840657160859723,0.005445224926683936
49027,49,027,1,31900.300000000003,13.759066501815091,7.28481058313054,0.4168612834362059,0.124870299025401,3.1347667576793946e-06,0.0007711526223891311,0.0,0.09548186067215668,0.00015046880436861093,0.0007899612229352075,0.03269248251583841,0.00044827164634815347
49037,49,037,1,13358.3,13.054410464952966,7.96031159550722,0.3731911994789756,0.12789801097445036,0.014747385520612654,0.0025003181542561552,0.001227701129634759,0.3442803350725766,0.001961327414416505,0.003338748194006723,0.05164579325213538,0.0026874677167004783
49039,49,039,1,18070.1,17.54346107790354,12.453292653213513,0.2855379881683001,0.05908102334796155,0.00043718629116607,0.10437130951129214,0.0,0.08184791451071106,0.02054222168111964,0.0012340828218991595,0.02728817217392267,0.06068588441679902
49041,49,041,1,11733.4,14.20099752885179,8.812826656862615,0.3824637360015,0.09911023232822543,4.261339424207817e-05,0.010474372304702814,0.0,0.09838580462611009,0.0020624882813165832,0.0034346395759115005,0.03033221402151124,0.006093715376617179
49047,49,047,1,11358.2,12.156091593923671,10.570821319434952,0.33860118680776885,0.07543448785899173,0.06842633515873994,0.008672148755964853,0.005890017784508109,0.25459139652409707,0.006805655825747037,0.0025356130372770334,0.04106284446479195,0.00933246465108908
49049,49,049,1,57120.0,18.721730377979796,13.415143773405884,0.13607142857142857,0.03550245098039216,0.00025735294117647055,0.061474089635854344,0.0,0.06264180672268907,0.012099089635854342,0.5183630952380953,0.02557247899159664,0.03574404761904762
50001,50,001,0,48146.2,2.929261065532618,15.261659904674186,0.13823313158670883,0.1713489330414446,0.14684024907469334,0.0,0.05455051489006402,0.12514798675700262,0.0,0.05108399001374979,0.012570047064981247,0.0
50011,50,011,0,39226.399999999994,0.08829986082853836,11.433682746931545,0.15043949992861952,0.20454591805518738,0.17502498317459675,0.0,0.0652035363938572,0.14034935655578898,0.0,0.007512797503721984,0.015023045703913692,0.0
50017,50,017,0,10355.4,4.749685231518445,16.20845638145818,0.12196535141085811,0.15382312609846072,0.13397840740096956,0.0,0.048699229387565914,0.1304826467350368,0.0,0.0766556579176082,0.011221198601695735,0.0
50019,50,019,0,13890.400000000001,0.36868048225272965,12.186120542086655,0.14484104129470712,0.19820883487876514,0.1708950066232794,0.0,0.06251799804181304,0.14898779012843402,0.0,0.014722398203075504,0.01440563266716581,0.0
51001,51,001,0,109199.59999999999,-0.3851409107789827,15.958785861092768,0.3784143897962996,0.136740427620614,0.11702881695537347,0.0,0.014425877017864535,0.05741138245927641,0.0,0.00017216180279048642,0.019094392287151235,0.0
51007,51,007,1,32565.1,9.573558772960807,13.754120965292877,0.31769593828976417,0.07743873041998951,0.06560397480738582,0.0,0.011232884284095551,0.036373295337646744,0.036800132657354045,0.0005711636076658755,0.008045422860669858,0.0
51015,51,015,0,37943.299999999996,-1.8477189755734216,16.316182640177576,0.13428984827360826,0.21842327894516295,0.1436327362142987,0.0,0.026797879994623557,0.03568482446176269,0.0,0.0022296426510082148,0.01557323690875596,0.0
51019,51,019,0,15087.6,2.270196614684531,19.04524358811959,0.1921246586600917,0.110527850685331,0.08282298046077573,0.0,0.016033033749569183,0.12401574803149605,0.0,0.0850566027731382,0.041723004321429516,0.0
51025,51,025,1,93779.20000000001,15.678958598121122,6.056195169856616,0.1264715416638231,0.004234414454377943,0.010945924042858116,0.0,0.0078130331672695,0.014880698491776426,0.10641272265065173,0.006579284105643895,0.0057528748379171496,0.0
51031,51,031,1,16741.4,11.046614611985994,17.005662177717586,0.3491464274194511,0.04303702199338167,0.04092847671043043,0.0,0.006242010823467571,0.07640938033856189,0.028241365716128876,0.010554672846954256,0.02410192695951354,0.0
51033,51,033,0,71122.9,0.5403877733720037,18.616320473660892,0.3191644322714625,0.09593534571846761,0.07864274375763644,0.0,0.013915349345991236,0.03702042520763355,0.0,0.040099602237816515,0.006227248888895138,0.0
51035,51,035,1,16868.0,9.833310852335536,20.480716597645568,0.1685617737728243,0.03190656865069955,0.05007706900640266,0.0,0.008080388902063078,0.054695281005454115,0.0,0.05690064026559165,0.017500592838510787,0.0
51036,51,036,0,34706.09999999999,3.479552832072086,6.562838557241774,0.3157053082887447,0.14703755247636588,0.12187771025842721,0.0,0.015513123053296109,0.06285638547690466,0.0,0.01875462814894212,0.01750412751648846,0.0
51037,51,037,1,32752.099999999995,9.541596260190637,13.142287408488183,0.30586741002866996,0.08443122731061521,0.023543528506569048,0.0,0.014841796403894715,0.09322760983265196,0.11947325515005147,0.0006564464568684146,0.010726029781296468,0.0
51043,51,043,0,15105.7,1.1450516428972257,17.8433534368546,0.2961928278729221,0.08586162839193152,0.054714445540425136,0.0,0.052086298549554134,0.21693797705501897,0.0,0.012683953739316946,0.02830057527953024,0.0
51047,51,047,0,30062.4,-0.31048167515295333,16.381624610460143,0.3287761456171164,0.07723268933950717,0.054865878971738787,0.0,0.04685254670285805,0.15406620895204642,0.0,0.001254058225557507,0.03520344350417797,0.0
51053,51,053,1,94136.8,16.079523395718336,8.881385169204169,0.230642001852623,0.03963274723593749,0.04477313866628141,0.0023667683626382033,0.02026837538560903,0.02884419270678417,0.09314529493248123,0.017970655471611526,0.008872194508417537,0.0
51057,51,057,0,77976.0,-6.596918573530921,8.274086836615615,0.3338527239150508,0.1662421770801272,0.13697291474299786,0.0,0.01753744741971889,0.05891299887144763,0.0,0.0,0.017032163742690058,0.0
51061,51,061,0,36757.8,2.358191391148061,18.85432128435435,0.26008901512060023,0.04339759180364439,0.03471372062528225,0.0,0.026326385148186235,0.27700243213685255,0.0,0.02119550136297602,0.040364222015463386,0.0
51067,51,067,1,50143.5,9.626166450708396,16.28138395960868,0.31346635157099123,0.18468395704328577,0.025034151983806475,0.0,0.03246682022595152,0.10519010440037094,0.05266285759869175,0.014306939084826548,0.007408736925025178,0.0
51069,51,069,1,90092.9,7.195523052144869,20.57430849737326,0.04005754060530852,0.008577812458029434,0.0055198578356341075,0.0,0.005203517702282866,0.05709883908720887,0.0,0.3566496360978501,0.003939267134258083,0.0
51073,51,073,0,27323.3,2.111988072775617,19.512059205183046,0.3226769826485088,0.14623050656399483,0.12177152832930137,0.0,0.0154263943227941,0.060124509118591095,0.0,0.026830580493571423,0.019038695911548022,0.0
51075,51,075,0,18086.8,-0.51247274884836,17.359047706714442,0.3021429993144172,0.13104031669504831,0.102748966096822,0.0,0.01900833757215207,0.05444301921843555,0.0,0.011312117124090497,0.012445540394099565,0.0
51081,51,081,1,72335.59999999999,15.588445559864832,3.640954718343659,0.2441411974186984,0.018197125620026657,0.05586322640580849,0.006310862148098586,0.0590704991732978,0.04627458678714216,0.11000807347972508,0.022890526932796577,0.01364196882309679,0.0
51083,51,083,1,55940.4,10.431869604779578,14.142025453764433,0.2468680953300298,0.08493325038791284,0.019388492037954678,0.0,0.014931963303801902,0.08114707796154477,0.1872635876754546,0.0026939385488841693,0.008425038076238282,0.0
51085,51,085,0,54119.8,-2.053621442076267,15.330437224537548,0.35874670638102873,0.10574133681203551,0.08731185259369029,0.0,0.015336346401871403,0.04155965099649296,0.0,0.0008592049490205063,0.008043266974379062,0.0
51087,51,087,0,11809.6,-0.25244524128926926,17.67957460193633,0.3559985096870342,0.0971582441403604,0.08217043761007993,0.0,0.014090231675924672,0.039340875220159874,0.0,0.011024928871426634,0.0075870478254979,0.0
51093,51,093,1,132655.5,12.776749642837455,0.49265561529872737,0.2771042286222584,0.062252978579855345,0.09176551292633928,0.011241901014281352,0.057234716992510676,0.047349714109102145,0.15961192713457037,0.0002163498686447226,0.012082424023127574,0.0
51097,51,097,0,61971.5,-7.495224483819992,7.249774849818202,0.3522344948887795,0.15886818940964798,0.13240279806039873,0.0,0.016759316782714632,0.059343407856837414,0.0,0.0,0.018618235801941215,0.0
51099,51,099,0,17248.6,-0.168677906321701,16.760263007721193,0.3186635437078952,0.1436464408705634,0.11972565889405518,0.0,0.015154853147501826,0.10952772978676531,0.0,0.0010899435316489455,0.039724963185417954,0.0
51101,51,101,0,61905.29999999999,3.5849895419382616,7.987333292297134,0.3483482028194678,0.14711018281148788,0.12339169667217512,0.0,0.015518865105249474,0.06506712672420618,0.0,0.0017478309611616456,0.019959518813413395,0.0
51103,51,103,0,14610.9,-7.421915320811507,7.975144807867202,0.32430582647201744,0.16554079488600976,0.1360148929908493,0.0,0.017466412062227515,0.06053699635203855,0.0,0.0,0.017226864874853705,0.0
51107,51,107,0,26258.199999999997,1.7958868332388622,18.72856735608624,0.27664120160559375,0.06904128995894616,0.047943118721009065,0.0,0.041880250740721,0.21309152950316473,0.0,0.021056279562193907,0.031552048502943845,0.0
51109,51,109,0,15479.5,-0.0797040925099104,17.512744546472366,0.39073613488807774,0.06770244516941762,0.06066087405923964,0.0,0.00981943861235828,0.050505507283826995,0.0,0.007209535191705158,0.012571465486611325,0.0
51111,51,111,1,25802.9,14.4306100176605,8.082137315239649,0.2237500435997504,0.04885109813238046,0.017540664033887664,0.0,0.008824589484127753,0.06851555445318162,0.2322180840138124,0.0027787574264908207,0.00870444794964907,0.0
51113,51,113,0,20325.9,1.9166284279270585,18.824471724777926,0.2811683615485661,0.05930856690232658,0.04330927535804072,0.0,0.03597872664925046,0.21183317835864585,0.0,0.033695924903694295,0.03571305575644867,0.0
51117,51,117,1,156572.59999999998,11.505736444836721,9.768848703300046,0.12552515574244794,0.005033447742453023,0.011259952252182057,0.0,0.007233066321949052,0.01626529801510609,0.10869079264187989,0.0005958897022850742,0.006591830243605842,0.0
51119,51,119,0,31508.800000000003,-1.9140902689151957,15.319831485818646,0.31882839079876096,0.14972007820037575,0.12415579139795865,0.0,0.01579558726451023,0.05728558370994769,0.0,0.02501523383943533,0.01666201188239476,0.0
51125,51,125,1,17691.4,7.008318156376909,20.350653279134114,0.04190171495754999,0.00795866918389726,0.012893270176469922,0.0,0.0011531026374396597,0.039889437805939607,0.0,0.36531308997592044,0.01103360955040302,0.0
51127,51,127,0,22003.0,1.2403939757085904,18.813548712833455,0.30298595646048265,0.14579375539699133,0.12051538426578193,0.0,0.01537972094714357,0.07231741126210063,0.0,0.024855701495250647,0.022592373767213562,0.0
51131,51,131,0,54061.600000000006,4.304811956224894,0.566517817484806,0.39849726978113853,0.1041071666395371,0.09348224987791703,0.0,0.0109837666661734,0.06004816727584829,0.0,0.0,0.019977211181319086,0.0
51133,51,133,0,66012.5,2.9134062268573704,7.381643037620268,0.323906835826548,0.15287104715016095,0.1265972353720886,0.0,0.016127248627153947,0.057304298428327974,0.0,0.016377201287634917,0.01625904184813482,0.0
51135,51,135,1,35659.9,4.413160478225857,14.823398166186184,0.3640195289386678,0.23354524269557683,0.030653479118000888,0.0,0.04105732209007877,0.09071814559210765,0.0011777935440088166,0.0026163842299052995,0.005773992635986079,0.0
51137,51,137,0,22004.5,-1.0477541622868394,16.750217385661117,0.3282873957599582,0.12229771183167079,0.09823899656888363,0.0,0.017737281010702356,0.0595559999091095,0.0,0.003803767411211343,0.016210320616237586,0.0
51139,51,139,1,10429.7,11.627271238545848,18.12625998640685,0.23204886046578518,0.06776800866755514,0.041372235059493556,0.0,0.041113358965262664,0.31304831394958627,0.04030796667209986,0.016021553831845593,0.026491653642961924,0.0
51141,51,141,1,36480.4,10.864512978971804,17.44346079481023,0.24957511430795715,0.17611100755474174,0.020158770188923366,0.0,0.03095909036085131,0.08211806888082367,0.053631539127860436,0.06745265951031237,0.004443481979364261,0.0
51143,51,143,1,82947.3,11.78547806548955,14.42916150928163,0.16245736750924983,0.06706426851748037,0.011375897708545064,0.0,0.011789413278069328,0.0718588790714104,0.28599966484743927,0.0054492430736142105,0.006126781703563588,0.0
51149,51,149,1,44193.8,10.653993676536917,16.09623615325957,0.3390090917730541,0.07246944141485909,0.07051441604931008,0.002817137245495974,0.024458181916920473,0.03785825160995433,0.05999031538360584,0.03522666075331834,0.010677968402807632,0.0
51159,51,159,0,58182.399999999994,5.160063808498897,10.293450288649996,0.32029445330546696,0.1537028379716203,0.1271106038939611,0.0,0.016214525354746455,0.056106313936860636,0.0,0.016690614343856564,0.01578827961720383,0.0
51165,51,165,0,50868.5,2.256926550202115,19.142216163786227,0.25142671790990495,0.06882255226712013,0.04518316836549142,0.0,0.04174882294543774,0.17388757285943165,0.0,0.0796681639914682,0.025137363987536493,0.0
51171,51,171,0,28777.699999999997,1.295290931695673,18.027101232094644,0.29877300826681774,0.09169947563564845,0.05795459678848553,0.0,0.05562640516789042,0.19366731879198132,0.0,0.015588459119387584,0.02685065171990813,0.0
51175,51,175,1,248359.8,11.878772438856661,-4.879911030864742,0.2577301157433691,0.04927045359192591,0.08732250549404534,0.011518772361710714,0.06650915325266006,0.0501445886169984,0.1620395088093967,0.0,0.013073371777558206,0.0
51177,51,177,0,13531.199999999999,-2.7317394602295337,14.31466178239447,0.3667006621733475,0.10004286389972805,0.08385804658862482,0.0,0.014507212959678375,0.04802973867801821,0.0,0.000339955066808561,0.01141805604824406,0.0
51181,51,181,1,64513.8,12.266420357622271,5.144621297026596,0.3616156543251211,0.09746751857742064,0.0981293924710682,0.006604788432862427,0.03801512234591668,0.04447575557477625,0.09294600535079316,0.002780800386893967,0.011189853953727728,0.0
51183,51,183,1,101400.9,16.849979097496742,8.32374868272914,0.3414397702584494,0.03887736696617091,0.06340279031053966,0.005102518813935576,0.040620941234249405,0.044000595655462625,0.08234147823145554,0.02818022325245634,0.013857865166877219,0.0
51193,51,193,0,67176.20000000001,2.0857727302438462,19.371571543509464,0.33301973020206554,0.1343451996391579,0.1132305786870945,0.0,0.014173174427847955,0.059400501963493016,0.0,0.023066204995221516,0.018251999964273055,0.0
51550,51,550,0,59157.80000000001,-0.712977052782751,11.500188029986901,0.46548215112799995,0.09523680731873056,0.08555253914107691,0.0,0.03341571187569517,0.049056929094726295,0.00024172636575396647,0.0008485778713880501,0.014364969623616832,0.0
51800,51,800,1,126351.70000000001,12.730380689018048,0.16962557705488623,0.3037505629128852,0.05912148392146682,0.08674992105369377,0.008912424605288254,0.06013611213778682,0.05053038463273545,0.1254617072821339,0.00011317615829466481,0.01351703222038168,0.0
51810,51,810,0,40719.5,5.26700098123062,1.5032904801285747,0.4067707118211176,0.10541877970014367,0.08666854946647183,0.0,0.03308488561991184,0.04613268826974791,0.0010535492822849003,0.034162993160525054,0.01099964390525424,0.0
53001,53,001,1,3688279.6,23.76281055699912,11.273845302673607,0.02104539471465233,0.0002588198573665619,0.001975690780059082,0.4635716608903511,0.0,0.010880682690108417,0.2938007465594528,0.02668610047893332,0.00048304363909937846,0.12552868822634813
53005,53,005,1,5066141.6,26.665772990455274,13.527571111567074,0.020326869663493025,0.0015226775343192146,0.0023199114687201005,0.4754827618714803,0.0,0.006174797798782411,0.06608729609926418,0.11502601901218079,0.00023047125252085334,0.08142622780223908
53007,53,007,1,727248.9999999999,25.873436114421885,12.359932429101843,0.014290291220751079,3.850125610348038e-06,8.800287109366945e-06,0.0002942596002194572,0.0,0.0014021332445971052,0.00011179114718617696,0.774031590280633,1.8288096649153184e-05,4.0426318908654396e-05
53011,53,011,1,11196.0,19.66332393433462,16.042672605565894,0.059708824580207216,0.0001607717041800643,0.0013486959628438728,0.0989103251161129,0.0,0.04072883172561629,0.021766702393712038,0.21710432297249016,0.00398356555912826,0.0
53013,53,013,1,81319.40000000001,19.398819258391324,9.068291150633186,0.3521263068837202,0.00823419749776806,0.014879598226253512,0.0534743246998871,0.0,0.1079459513965917,0.18511326940434875,0.028618017348873696,0.014158982973312641,0.019211897775930464
53017,53,017,1,480554.00000000006,21.75862637160344,11.636014125557931,0.09249761733332777,3.683248916875106e-05,0.000634684135393733,0.0014780857094103886,0.0,0.04941296919805058,0.0008652513557269318,0.4398454700200185,0.00221473549278541,3.683248916875106e-05
53021,53,021,1,4846220.199999999,23.572092699483214,11.473003361034767,0.011747691530814059,0.0012991361803989015,0.0030659357987901587,0.4350560257249557,0.0,0.0024097336724402253,0.26689752974906095,0.05128054230800326,0.00019153071088267928,0.1133725826160355
53023,53,023,1,72698.5,10.604902606751043,0.4516306475017482,0.536755228787389,0.00010729244757457169,0.0011705881139225706,0.0,0.0,0.22621787244578637,0.0,0.010415620679931499,0.02855629758523216,0.0
53025,53,025,1,7824306.199999999,24.246305090535323,12.079851423682157,0.012627471046570238,0.001241860907744127,0.002875756575068599,0.36444210222754325,0.0,0.002725711322494,0.2295230470402603,0.11750935820993305,0.00016778484461663835,0.09408072501048081
53027,53,027,1,12954.599999999999,20.367711820756863,10.96296727889819,0.6781220570299353,3.087706297376994e-05,0.0006484183224491687,0.07310916585614377,0.0,0.06474920105599556,0.022231485341114354,0.008305929939944112,0.0027326200731786396,0.0
53033,53,033,1,12319.0,21.096206855596915,14.87521564597396,0.12848445490705415,0.0013475119733744624,0.0036610114457342317,0.25871418134588847,0.0,0.018743404497118272,0.041366994074194335,0.18779121681954705,0.002069973212111373,0.0
53037,53,037,1,56213.100000000006,25.982483077786405,12.661579781531305,0.0391029848914221,0.00627967502237023,0.003493847519528366,0.4345997641119241,0.0,0.008014146168775604,0.04401465138908901,0.21232951038103218,0.00026150488053496425,0.09180600251542789
53039,53,039,1,203725.09999999998,22.539346866481104,9.76159814012668,0.12087808522366662,0.00019290701047637235,0.0011427163368676713,0.0022412554957636542,0.0,0.07536724733476632,0.0007461034501885139,0.45909365119958223,0.0022903412490655303,0.0004074117524055701
53041,53,041,1,10061.2,20.80348352806988,11.531037959474112,0.34153977656740747,0.029658490040949385,0.024301276189718918,0.16793225460183675,0.0,0.06866974118395419,0.041833976066473176,0.07267522760704488,0.00635113107780384,0.0
53043,53,043,1,380593.4,20.994929659239254,9.063249799097349,0.24425489249156712,0.0014895161082667224,0.00891817882285925,0.15593938307916005,0.0,0.12860259794310674,0.26579099900313563,0.016569126001659513,0.004784633679932442,0.04764586038538766
53047,53,047,1,991863.4000000001,24.722140961946565,12.32068445196364,0.02735658962716035,0.00025184919616955316,0.00027281982579456,0.0019174011260018262,0.0,0.005381688647852112,0.0022885207781636057,0.7304795196596627,0.0001614133559117112,0.00041416993509388485
53057,53,057,1,1258942.9,22.461024757897917,14.954546136694667,0.002579703972277059,6.378367120542163e-05,0.005811383502778403,0.70805482917454,0.0,0.0004948596159523995,0.22537527317561423,0.0018118375344902459,3.16932563025694e-05,0.0
53063,53,063,1,100829.4,21.433893347914832,11.865036598669686,0.3067964304062109,0.0013785661721680384,0.015227701444221628,0.14164023588358157,0.0,0.13545454004486787,0.06758643808254339,0.0414551708132747,0.006616125852182003,0.02811977458955424
53065,53,065,1,17707.7,25.589756714674234,11.639043802777508,0.293657561399843,0.00039530825573055785,0.0007059075995188534,0.13781575246926478,0.0,0.07123454768264653,0.07182751006624237,0.0580538409844305,0.0027953940940946592,0.02542396810427102
53071,53,071,1,1674907.1,24.68555588695009,12.609788344440688,0.06808873160786051,0.011829193392278293,0.00502003961891379,0.3960963566277795,0.0,0.026156376076022364,0.1876287944567194,0.07519993198428736,0.003516792065661433,0.061244590819395296
53073,53,073,1,356570.5,21.263531141126407,17.458962606993715,0.003174126855698943,2.6923147035438993e-05,0.004715757472926112,0.5767022229825518,0.0,0.002219476933734002,0.18347760120368903,0.009873222826902393,0.0001447119153154846,0.0
53075,53,075,1,698943.0,21.589038782903287,9.056345525701774,0.3088862754187394,0.005240770706624145,0.015858088570884894,0.14543160171859507,0.0,0.09866684407741404,0.16738890009628826,0.001003229161748526,0.011792950211962921,0.02546073141872799
53077,53,077,1,2526807.5000000005,24.953016958624943,12.57965971395059,0.018760075708181168,0.00328560842090266,0.0024942541131447483,0.04206422531197963,0.0,0.002868718729068201,0.004638699228176265,0.6466644966029267,0.00023432730827338446,0.008129388566402466
54003,54,003,0,45614.399999999994,3.22158455737128,20.160679134995267,0.1146896594058017,0.061559507523939815,0.027579010137149675,0.0,0.043659458416640366,0.04042363814935635,0.0,0.12751894138693046,0.0044744642042863665,0.0
54025,54,025,0,10278.600000000002,3.7364740507170016,15.843485628814111,0.2702994571245111,0.13248886035063137,0.05414161461677659,0.0,0.0939622127527095,0.2708442784036736,0.0,0.0036872725857607057,0.016043040881053836,0.0
54027,54,027,0,12898.2,5.087033365395179,19.239739234556733,0.08749282845668388,0.03512893271929417,0.014412863810454172,0.0,0.024918205641097205,0.10436339954412242,0.0,0.13354576607588656,0.005272053464824549,0.0
54031,54,031,0,18779.300000000003,-0.6994033878170463,16.43460734097771,0.2618840957863179,0.17299899357271037,0.07354906732412815,0.0,0.12269360412794937,0.11170277912382248,0.0,0.004430410079182929,0.010836399652809208,0.0
54037,54,037,0,47781.399999999994,0.2850527819221309,18.500880045332156,0.2660721535995178,0.13210789135521356,0.06401444913711193,0.0,0.09369126898751398,0.05149911890400868,0.0,0.01662362341831759,0.014208457684370908,0.0
54053,54,053,0,14344.8,-2.655413553989952,12.562413538888784,0.32365038201996543,0.13105794434220067,0.09528191400368077,0.0,0.060976799955384534,0.09576292454408566,0.0,0.004126931013328872,0.03262506274050527,0.0
55001,55,001,0,537284.7,2.380955888964447,10.374092296297697,0.03502779811150402,0.012716721693359221,0.02373881109959022,0.7632298109363621,0.012028259877863637,0.001438901945281524,0.0,0.00011185875942493804,0.00024400471481879162,0.05165250378430653
55005,55,005,0,149458.1,-5.838952882324854,11.81912640433534,0.4651939239157998,0.08985796019084948,0.06715193087560994,0.13912594901179662,0.049876855118591766,0.01770797300380508,0.0,0.00025090644133707036,0.0036391470251528686,0.0
55009,55,009,0,65151.9,-1.479224432652856,8.733795380363624,0.3907898311484393,0.10713732063071069,0.27364052314667725,0.009589896841074473,0.0373588490895891,0.029185641554582444,0.0,0.004930017390129835,0.01541321128010081,0.0006339032322925348
55011,55,011,0,77762.5,-6.971578363758088,7.925289628094792,0.529261533515512,0.07118341102716605,0.0626330171998071,0.01489535444462305,0.06687670792477093,0.019751165407490757,0.0,0.0008924610191287575,0.020941970744253337,0.0004256550393827359
55013,55,013,0,23285.600000000002,-5.788325064020377,10.357279296256838,0.5421848696189919,0.10780911808156113,0.07143041192840209,0.0026497062562270243,0.054887999450304044,0.029430205792421064,0.0,0.001301233380286529,0.004114130621499982,0.0
55015,55,015,0,61784.0,-1.8001502862503926,6.082872546882253,0.4265311407484138,0.09608312831801114,0.27462611679399196,0.0009824550045319177,0.03607244594069662,0.026545707626569985,0.0,0.0010115887608442315,0.014294963097242005,6.636022271138159e-05
55017,55,017,0,139545.09999999998,-4.936090653230451,10.93439381452956,0.5478773529131443,0.1136026990557175,0.07567445936833327,0.005309394597158912,0.057582817311392524,0.019213859891891585,0.0,0.0034275657117304736,0.004311867632758156,0.0
55019,55,019,0,102677.4,-3.790449906325634,9.276501230801095,0.34205677198682477,0.12259465081897283,0.15913044155773326,0.006970375175062868,0.16524765917329423,0.043327937793516395,0.0,0.0012339619039827656,0.004408954648247814,0.0002210807831129343
55021,55,021,0,221493.40000000002,-3.6390390684077687,6.614591251274187,0.4636228438409451,0.06268042298325818,0.05998734048057413,0.0018122436153853792,0.25470149449148366,0.015339508987626716,0.0,0.0005964060328659905,0.0066087747987073195,9.345650931359578e-05
55023,55,023,0,76326.9,-1.431118639603742,10.106263672559933,0.4777372066728768,0.09330000301335441,0.11036738030759799,0.016945532964131912,0.10463545617600087,0.032128908680949975,0.0,0.010192998798588702,0.012789724199463101,8.12295534077763e-05
55025,55,025,0,296780.9,-3.187222381539108,7.520241267290633,0.4763096277422165,0.057839301653172415,0.057015461574515064,0.004649557973575792,0.24002218471606493,0.015931281292023848,0.0,0.0010883449709870143,0.0063653018101906145,0.00023653813301327678
55027,55,027,0,278390.20000000007,-3.8327740491319453,7.038725979384383,0.47069077862654635,0.05691651502100288,0.059898301017780056,0.0066316989606674355,0.2352428354159018,0.015041836961214866,0.0,0.0004615823401829517,0.006234055652821111,4.454179780753776e-05
55029,55,029,0,55250.200000000004,3.634063914874,7.480068858635337,0.2759121233950284,0.07971554854100076,0.2121404085415075,0.009998153852836731,0.026932029205324143,0.03255191836409642,0.0,0.015116687360407745,0.011321225986512265,0.0006733007301331035
55033,55,033,0,178648.60000000003,-4.798165170809401,7.872590258930491,0.41107514976327825,0.05148710933083158,0.08755120387173478,0.19563377490783576,0.047273250392110534,0.005064131484937469,0.0,0.0005485629330428561,0.0164289000865386,0.013092182082591185
55035,55,035,0,55053.2,-7.041760442505218,8.278567440537602,0.546580398596267,0.06490267595707425,0.0650407242449122,0.0036818931506252136,0.06310623179034099,0.012482471500294263,0.0,0.0023740672658446736,0.021335726170322523,0.0002252366801566485
55039,55,039,0,177064.0,-4.203961793568894,6.792343196572278,0.3950317399358424,0.11772127592283017,0.2998040256630371,0.0005472597478877694,0.04248746216057471,0.01729600596394524,0.0,0.0007053946595581259,0.01638108254642389,3.5015587584150365e-05
55043,55,043,0,283216.9,-3.5551294303159473,6.085294592581488,0.5032782295124337,0.10042868204545702,0.1182955536904754,0.009990576127342683,0.11200708714769492,0.030382014632601373,0.0,0.00019737522725515319,0.013561337617917574,7.30888587510138e-05
55045,55,045,0,206172.3,-3.9411585620741647,6.057055642405327,0.4813289661123245,0.05695284963110952,0.05562774436721131,0.005465331666766098,0.23700322497251086,0.016704959880643522,0.0,0.0002856833822972339,0.006306375783749806,7.032952535330887e-05
55047,55,047,0,98117.29999999999,-0.19604612929615328,8.488852865557625,0.28731732324472853,0.09069246707767133,0.1556422771519396,0.1885590002986222,0.0506658866479204,0.03460246052429083,0.0,0.0008061779115405744,0.002218772836186891,0.012829541783151393
55049,55,049,0,432715.70000000007,-0.2956561722245574,8.853673144202055,0.17889228424113104,0.03216869644433978,0.040228029627767135,0.6047115923919562,0.037150489339767424,0.012198078322556817,0.0,8.388879811848747e-05,0.0047620181102742505,0.004424845227478457
55053,55,053,0,64934.40000000001,-6.504532538216452,7.525944601492631,0.5444232948945397,0.06997061649911294,0.0605364798935541,0.0028521092055982648,0.06377667307313226,0.02229480829883698,0.0,0.0015122954859057756,0.021410839246993885,0.0001909619554504238
55055,55,055,0,192990.19999999998,-1.8680965074729023,8.820620207188632,0.38381948927976656,0.043111515507005024,0.04284880786692796,0.18796757555565,0.18190353707079426,0.011815107710132432,0.0,0.00034198627702339296,0.0049054304311825165,0.009550744027416937
55057,55,057,0,101741.3,0.26602835106102596,8.265505453825838,0.332536541207946,0.0688786166483031,0.15041187796892708,0.22132113507494006,0.03248926443833527,0.013999231383911941,0.0,0.0008747676705526664,0.0030105768257335025,0.013376082279271053
55059,55,059,0,34989.0,-3.204045879840674,7.910727747672206,0.6391151504758639,0.022489925405127325,0.05437137386035611,0.006624939266626655,0.024073280173768898,0.02728857640972877,0.0,0.004744348223727457,0.004315642058932807,0.0
55061,55,061,0,54328.6,-1.7849253577343553,7.218396771924975,0.37895325850472866,0.1187901031869034,0.28649735130299697,0.010311327735299641,0.039498533001034446,0.033197984118861885,0.0,0.0025953181197380386,0.01672967829099222,0.00018958706832128937
55063,55,063,0,39495.5,-7.303995107436094,7.934183962176264,0.5259789089896317,0.07263105923459634,0.06223240622349382,0.0023445709004823335,0.06880277499968351,0.014075021204947398,0.0,0.0011697535162233674,0.02104796748996721,0.00015697990910356875
55065,55,065,0,242078.5,-3.768273559853469,3.8219172816220777,0.5017835123730525,0.10509772656390387,0.1224813438615986,0.0046898010356144805,0.11545469754645703,0.027712911307695643,0.0,8.840107651030553e-05,0.013614178871729624,3.4286398833436265e-05
55067,55,067,0,91813.8,-0.39901765143345,12.974647189663493,0.09483868438077936,0.02563449067569363,0.09962990313003056,0.18939527609139364,0.042956505449071924,0.013646096774123281,0.0,0.0012046119428669763,0.00038229547192252146,0.19128279191145559
55069,55,069,0,31483.100000000002,1.0805657214954962,9.774357062532196,0.1207727320371882,0.021360666516321455,0.04075519882095473,0.6369163138318653,0.032998656422016895,0.02050941616295727,0.0,0.001118060165612662,0.0016453271755322695,0.020226724814265427
55071,55,071,0,111875.59999999999,-1.1720557128804572,5.665854178805676,0.3780895923686667,0.1189338872819453,0.2876838202431987,0.022395410616792226,0.03971643504034839,0.026844995691643222,0.0,0.0004308356781997147,0.016733765003271492,0.0003137413341246885
55073,55,073,0,229251.50000000003,-2.2381739731197783,11.427530695991667,0.20617226059589577,0.07717812097194565,0.10144186624733098,0.3313867084839139,0.10993559475074317,0.02760156422095384,0.0,0.0006695703190600715,0.0026111061432531517,0.010202332372961571
55075,55,075,0,56935.1,-2.275450834423456,11.238137526998646,0.37116471210202495,0.10840413031679931,0.2322785065802993,0.02559756635186379,0.061434861798784934,0.04158067694620717,0.0,0.0011275996705020278,0.0009695249503381922,0.017274054142348044
55077,55,077,0,99795.09999999999,1.6154987435361061,8.487459798942702,0.17259865464336427,0.05403471713541046,0.08795922845911272,0.4824445288395924,0.017372596450126312,0.01240441664971527,0.0,0.0004699629540929365,0.001331728712131157,0.03130314013413485
55081,55,081,0,63288.600000000006,-6.510681760529742,7.100919003898588,0.531615488413395,0.0716590349604826,0.060222536128149456,0.0019513782892969665,0.06503540922061793,0.015770612716982203,0.0,0.0020145808249826982,0.021193390278817982,0.0001311452615478933
55083,55,083,0,79948.00000000001,-2.4303187954890895,9.757929579481658,0.3916183018962325,0.09554710561865211,0.24250512833341667,0.026599789863411213,0.03919422624706058,0.048767949166958514,0.0,0.0013396207534897681,0.0015410016510731973,0.017431330364737076
55087,55,087,0,176707.8,0.00705273255777783,7.0973807438703345,0.34608828812310494,0.08442411710179178,0.22874315678198698,0.1608129352524337,0.030483657201323316,0.011748773964703313,0.0,0.0007673685032579207,0.012441442879148517,0.010556975979554949
55089,55,089,0,36013.4,-3.334307111825293,9.003410087361871,0.5135532884981701,0.07643543792032964,0.10462216841508994,0.011801162900475934,0.046093953917153055,0.028833711896127556,0.0,0.011298572198126251,0.006236567499875046,0.0
55091,55,091,0,36621.5,-6.983665584646214,8.077844927386442,0.5302868533511735,0.07584888658301817,0.06311592916729244,0.010127930314159714,0.0706251791980121,0.018535559712190924,0.0,0.001081332004423631,0.021247081632374425,0.00011195609136709309
55093,55,093,0,103531.5,-6.62609967768168,8.178902915243748,0.5502769688452307,0.07577017622655907,0.0641543877950189,0.004101167277591845,0.06984830703698874,0.007495303361778782,0.0,0.0017125222758290956,0.022284039157164728,0.0002598243046802181
55095,55,095,0,96618.20000000001,-6.101917074520209,10.374506580793351,0.5368005199848475,0.1166250250987909,0.08125073743870202,0.0019168231244216924,0.06085706419701463,0.01849237514257148,0.0,0.002087598402785396,0.004418422202028188,0.0
55097,55,097,0,924721.0,3.132387210146314,10.115495415275134,0.0368116437282164,0.014899521044725922,0.02631604559645558,0.7509364446141051,0.017084396266549586,0.0010830293677768755,0.0,0.00011571057648739458,0.0002499132170676345,0.05077153000742927
55101,55,101,0,76897.3,-5.7526850414089274,9.10097349899906,0.5513561594490314,0.07069298922068785,0.09967970266836416,0.010047166805596554,0.044190108105226056,0.022781033924468088,0.0,0.0035501896685579334,0.0061718681930314845,0.0
55103,55,103,0,86869.5,-1.1026142871091515,9.48719409648907,0.4622968936162865,0.10345978738222276,0.11920869810462821,0.036331508757388956,0.11104127455551144,0.026266986686926945,0.0,0.005257311254237678,0.01253489429546619,0.00021411427486056674
55105,55,105,0,288093.2,-3.9938729294395863,6.736259473534145,0.48361120637349303,0.05563546796661636,0.056263042654252166,0.006348987063908485,0.23270490244129327,0.013221762957265218,0.0,0.0003033740470097871,0.00624103588699768,5.727313244463944e-05
55107,55,107,0,38482.4,-4.575219471155659,11.412095850012584,0.4025372637881213,0.05298785938506954,0.039620709727044054,0.2754635885495707,0.03497183127871442,0.025936532025029622,0.0,0.0002780491861214477,0.0025284285803380247,0.0
55109,55,109,0,126406.19999999998,-7.383207551804414,8.463583421987774,0.5450950981834752,0.07366489934829147,0.06657743053742618,0.007784428295447535,0.07152022606486076,0.007802623605487706,0.0,0.000622596043548497,0.021881046973961725,3.243511789769806e-05
55111,55,111,0,146221.2,-3.13337186577893,8.779894181602371,0.4948037630658208,0.10096278788575117,0.12054681537287341,0.0039023069158234235,0.11168216373549114,0.03088197881018621,0.0,0.0018889189802846643,0.013285351234978237,2.8039709700098203e-05
55115,55,115,0,82213.8,-1.3612885380028494,7.89870963981599,0.40214294923723265,0.09225945035991524,0.24026623267626604,0.029829541999031792,0.03981570004062578,0.0434148524943501,0.0,0.0008684673376002569,0.00177585758108736,0.01955024582247749
55117,55,117,0,73760.20000000001,-1.431423629222337,8.168056876489416,0.42854276425497756,0.08723945976285313,0.2681025810667541,0.0026287889674919533,0.03542154169863964,0.02379467517712804,0.0,0.0030965208879585463,0.013068023134427507,0.00016811234242857258
55119,55,119,0,114806.2,-0.9999338013500427,8.003823107665228,0.18482799709423361,0.05547000074908847,0.08049129750832272,0.44821272718720767,0.07717440347298317,0.016371938100903958,0.0,0.00012455773294473645,0.002548642843330761,0.014233551846503063
55121,55,121,0,110327.40000000002,-7.136535190038398,8.168259877280544,0.5231284340970601,0.07805948476987583,0.06494488223233756,0.000559244575690173,0.07529589204494984,0.01737827593145492,0.0,0.006561380037959743,0.02106729606607243,3.71621192922157e-05
55123,55,123,0,134930.7,-1.9409109362203587,8.491083229219294,0.48274484605801343,0.09702165630208692,0.11398888466449814,0.02750671270511455,0.1075759630684492,0.03169034178285594,0.0,0.0012939975854271858,0.0128880973714655,0.00019936159821300857
55127,55,127,0,179288.3,-4.952944250014564,7.311552882191236,0.5443578861531958,0.09124410237589403,0.11932792044991224,0.003662815699630149,0.052535497296811895,0.016366935265714495,0.0,0.0009956031709821556,0.007254795767487338,0.0
55129,55,129,0,19074.5,-4.744831245944781,13.085417089821185,0.474848619885187,0.08456316024011114,0.059131300951532156,0.11344465123594329,0.05086896117853679,0.022579884138509528,0.0,0.0015885082177776613,0.0034076908962227055,0.0
55131,55,131,0,64119.99999999999,-5.979242819674454,7.921654293599378,0.5402479725514661,0.08479257641921398,0.11314566437928884,0.004217092950717405,0.05046631316281972,0.02379912663755459,0.0,0.001586088583905178,0.0067950717404865885,0.0
55133,55,133,0,64685.5,-6.117555086221959,8.33640126443575,0.3876401975713259,0.054376946920098014,0.07538010837050034,0.26952871972853265,0.03279869522535962,0.018429168824543367,0.0,0.0007946139397546591,0.004613089486824713,0.0
55135,55,135,0,121373.19999999998,0.6783220739231393,7.595164276004895,0.3101673186502457,0.05975701390422269,0.13794725689031848,0.259805294743815,0.030603955403664077,0.024611693520480635,0.0,0.0005322427026724187,0.0028515355943486706,0.01570115972883635
55137,55,137,0,396748.7,1.8728576857402537,10.47606434767912,0.058360871755849475,0.018501383873469526,0.034676610156504604,0.7090805842590032,0.015339936841633003,0.0029353593345107366,0.0,0.00024776388681298765,0.0004415893486229444,0.04763014976482595
55139,55,139,0,90755.5,-3.11909976842502,6.041483057600864,0.43879654676576074,0.09794117160943415,0.2795786481260089,0.0003349659249301695,0.0369200764691947,0.01861264606552771,0.0,0.0008847948609175202,0.014628314537410954,2.313909349846566e-05
55141,55,141,0,67073.4,-0.06947032348937299,6.433994867728198,0.4106545963079254,0.08979267489049311,0.18683412500335456,0.05324465436372691,0.037463435579529296,0.02511129598320646,0.0,0.0009437422286629275,0.003652714787084001,3.429079187874776e-05
56003,56,003,0,37794.200000000004,-3.9637690087003854,-5.739841991124941,0.6644643887157289,0.06712141016346423,0.020937075000926064,0.0,0.024646638902265424,0.11937281381799324,0.0,0.0,0.012552190547756003,0.0
56009,56,009,0,12341.2,0.0355587388266585,2.8897521909844257,0.28182834732440926,0.035515184909085014,0.02896800959388066,0.0,0.0019447055391696106,0.020921790425566394,0.0,0.0,0.4060058989401355,0.0
56011,56,011,1,11900.7,8.92902461588142,-0.18583674668908512,0.26631206567680893,0.0,0.0,0.0,0.0,0.09746485500852892,0.0,0.0,0.016209130555345484,0.0
56013,56,013,0,22931.1,-1.6014513218880069,0.1625469343609518,0.6032636899232919,0.06267470814745041,0.025358574163472317,0.0,0.0073873473143460195,0.08707388655581286,0.0,0.0,0.012733798204185583,0.0
56015,56,015,0,93934.79999999999,-5.6915222054201955,-0.7897479298286205,0.5435887445334424,0.11049791983375705,0.12683478327520795,0.0,0.00580296120287689,0.045594391003121314,0.0,0.0,0.044587309495522434,0.0
56021,56,021,0,88584.50000000001,-6.314105714172911,-0.8063587791748046,0.4913703864671584,0.1305194475331463,0.07412019032675014,0.0,0.0031946898159384536,0.1302146538051239,0.0,0.0,0.0643035745531103,0.0
56027,56,027,0,10934.8,-2.260639481592815,-0.18246269431403372,0.37287376083696094,0.05814463913377474,0.06760983282730365,0.0,0.0034934338076599487,0.03601346160880858,0.0,0.0,0.25276182463328095,0.0
56029,56,029,0,33654.700000000004,-1.756319820187798,-0.16304255254401134,0.6886140717344085,0.048376601187946996,0.019447506588975684,0.0,0.03019489105533551,0.09940067806279657,0.0,0.0,0.005835737653284682,0.0
56031,56,031,0,39948.1,-5.398192156763194,-0.5748535673381601,0.5500436816769759,0.1041150893284036,0.11318435670282191,0.0,0.0053769766271737586,0.04566424936354921,0.0,0.0,0.07344529527061362,0.0
56043,56,043,0,22058.800000000003,-1.2217219273054418,-0.49027630512416787,0.6813788601374507,0.05316245670662048,0.004442671405516165,0.0,0.0350291040310443,0.12929987125319597,0.0,0.0,0.008944276207227955,0.0
