fips,state,asd,notill_share,cover_share,tilled_ac,harvested_ac,herb_low_kg,herb_high_kg,glyph_low_kg,burndown_low_kg,herb_kg_ha,glyph_kg_ha,burndown_kg_ha,glyph_share,corn_sh,cornsil_sh,soy_sh,wheat_sh,cotton_sh,sorghum_sh,rice_sh,hay_sh,veg_sh,orchard_sh
1001,AL,01-40,0.45198062125961813,0.11833855799373041,14036.0,27557.0,15493.5,22840.2,5967.3,9327.7,1.3893120542009387,0.5350916075149748,0.8364208247310225,0.38514861070771617,0.023406031135464675,0.007620568276662917,0.04376383496026418,0.012120332401930544,0.3360670610008346,0.0,0.0,0.5046267735965454,0.043836411800994304,0.009580142976376238
1003,AL,01-50,0.2564163667993232,0.4680909372542478,83926.0,94301.0,135775.7,162172.80000000002,59081.7,69547.5,3.5578526359711358,1.5481708588698555,1.8224156178182291,0.4351419289313183,0.07060370515689122,0.0,0.12442073785007582,0.023032629558541268,0.12982895197293773,0.0,0.0,0.11726280739334684,0.017518372021505604,0.023573450970827456
1005,AL,01-60,0.7589536965975953,0.28427986697365054,15636.0,25231.0,27155.0,32114.6,7988.2,20234.1,2.6594850119856033,0.7823420428187587,1.9816713563254609,0.2941705026698582,0.04220997978677024,0.0,0.05291110142285284,0.01355475407237129,0.27050057468986566,0.0,0.0,0.41956323570211246,0.00241766081407792,0.02041139867623162
1009,AL,01-20,0.5963257199602781,0.4492303872889772,8056.0,31091.0,15298.7,22011.8,4729.6,11853.400000000001,1.2159117106081256,0.3758996533360476,0.942085789676401,0.30915045069188885,0.009681258241934965,0.004342092566980798,0.07304364607121032,0.0,0.08021613971888972,0.0,0.0,0.7772024058409186,0.018590588916406678,0.009938567431089384
1011,AL,01-40,0.14415954415954416,0.1339031339031339,7020.0,9931.0,4535.9,9099.3,1227.1,3042.3,1.1286328665762917,0.3053297891434484,0.7569919464681877,0.2705306554377301,0.13009767395025676,0.0,0.02718759440136945,0.0,0.0,0.0,0.0,0.6711308025375088,0.006041687644748766,0.04682307924680294
1015,AL,01-20,0.7399193548387096,0.03446620583717358,10416.0,23251.0,11363.2,19858.4,6167.0,9613.5,1.2076503680218889,0.6554121919521779,1.0216969527050854,0.5427168403266686,0.017891703582641607,0.0,0.10876951528966496,0.014106920132467421,0.24962367210012473,0.0,0.0,0.5709431852393445,0.003870801255859963,0.0031826588103737474
1031,AL,01-60,0.3015073689864706,0.1519454795716252,29787.0,44949.0,51825.1,62404.6,17898.3,35598.6,2.8490647411675436,0.9839520899494462,1.9570192068115049,0.3453596809268096,0.05154730917261786,0.00398229104095753,0.0233153129101871,0.0,0.28094062159336136,0.0,0.0,0.35822821419831363,0.0022469910342832987,0.007808850030034039
1033,AL,01-10,0.7093312666736218,0.004664888147011044,67097.0,78341.0,84547.0,107069.4,27633.0,49674.6,2.6668052088822494,0.8716078434130506,1.5668501783521849,0.32683596106307733,0.2827127557728393,0.0,0.345234296217817,0.25291992698586946,0.06636371759359722,0.0,0.0,0.14944920284397697,0.0005744118660726823,0.0
1035,AL,01-50,0.1917010275541593,0.3183454414555926,15279.0,21575.0,28745.1,35078.2,12434.8,16217.2,3.292268320190876,1.4241974495795633,1.8574078295848502,0.4325885107374822,0.0633603707995365,0.0,0.008111239860950173,0.0,0.5250521436848204,0.0,0.0,0.3336268829663963,0.002502896871378911,0.003151796060254925
1039,AL,01-60,0.29114060645300527,0.4524657386424949,27801.0,42276.0,47608.799999999996,57281.799999999996,17108.1,33560.0,2.782758701200204,0.9999771919477746,1.961599158396743,0.3593474315672733,0.053127069732235785,0.014381682278361245,0.028266628820134355,0.007640268710379411,0.3167281672816728,0.0,0.0,0.34130475920143816,0.0018923266155738481,0.03072665342038036
1043,AL,01-20,0.8872065067266868,0.23249271062458438,19549.0,48864.0,20286.5,29805.600000000002,7518.8,16577.1,1.0258888591056095,0.3802259213685582,0.8383043997870306,0.3706307150075173,0.08765144073346431,0.023125409299279632,0.18447118533071383,0.01356827111984283,0.0,0.0,0.0,0.6420063850687623,0.025908644400785854,0.0038883431565160443
1045,AL,01-60,0.17535942911113442,0.141847693007311,28587.0,34404.0,35187.4,41244.2,12011.3,22765.5,2.5273212126025273,0.8627069144333691,1.6351231141119502,0.34135230224455343,0.05595279618648994,0.007964190210440647,0.025636553889082665,0.01537611905592373,0.3097314265783048,0.0,0.0,0.19276828275781885,0.0008138588536216719,0.010522032321823045
1047,AL,01-40,0.25550426136363635,0.2095614346590909,45056.0,54831.0,32265.4,50341.0,12295.0,19107.9,1.4540960360363075,0.5540954323537411,0.86113054996926,0.3810583473318167,0.25306851963305427,0.0,0.11418722985172622,0.0,0.2577556491765607,0.0,0.0,0.3068884390217213,0.006784483230289435,0.0035199066221662926
1049,AL,01-20,0.7305286804686901,0.06726571873484288,39173.0,72653.0,36765.600000000006,61583.600000000006,17234.4,28175.800000000003,1.250461455530978,0.5861716634354692,0.9583075450624968,0.46876427965271883,0.18804454048697233,0.0,0.21221422377603127,0.005354217995127524,0.02094889405805679,0.0,0.0,0.5438866942865401,0.013309842676833716,0.0008533715056501452
1051,AL,01-40,0.6786552828175026,0.022785485592315902,18740.0,27354.0,18209.300000000003,25666.2,7055.8,10745.900000000001,1.6449572357790652,0.6373934892725106,0.9707427501308813,0.3874833189633868,0.09091906119763106,0.0,0.026540908093880235,0.0,0.5043138115083717,0.0,0.0,0.334283834174161,0.004971850552021642,0.0027418293485413467
1053,AL,01-50,0.07489082969432315,0.0791703056768559,45800.0,46422.0,114152.59999999999,137985.6,50752.2,57578.4,6.076369343946563,2.7015513638571944,3.064911571295729,0.4445995973810496,0.0563095084227306,0.0,0.06219034078669596,0.007044073930464004,0.42247210374391453,0.0,0.0,0.11686269441213218,0.0007539528671750463,0.003425100168023782
1057,AL,01-30,0.8400577855742442,0.05861108244763182,9691.0,16734.0,23006.3,30802.0,11498.0,15608.6,3.3972633785395283,1.6978712059934669,2.304869760468745,0.4997761482724297,0.04302617425600574,0.0,0.05204971913469583,0.003286721644555994,0.3442093940480459,0.0,0.0,0.44699414365961515,0.0037050316720449385,0.0005975857535556352
1059,AL,01-10,0.847513009802735,0.14679898342006537,8263.0,25285.0,22298.6,26633.2,3516.7,16253.7,2.1791987578341834,0.34368024322941676,1.588442451553437,0.1577094526113747,0.043543602926636345,0.0,0.07589479928811549,0.022938501087601346,0.12900929404785447,0.0,0.0,0.6929800276843978,0.0013446707534111133,0.0006327862368993475
1061,AL,01-60,0.23974429223744292,0.09609132420091324,54750.0,62014.0,71324.7,85183.59999999999,25367.6,46769.8,2.842054568570182,1.0108153763515437,1.8636226126589206,0.35566360601586827,0.06464669268229754,0.0,0.028767697616667205,0.004257103234753443,0.3633050601477086,0.0,0.0,0.1631889573322153,0.009933240881091366,0.010239623310865288
1067,AL,01-60,0.12390612150222466,0.28235244501613144,47423.0,54457.0,57842.7,69783.9,21201.2,37831.9,2.6246841450301717,0.9620307056139095,1.716669313610308,0.3665319910723393,0.08849183759663588,0.0,0.015002662651266136,0.00850212093945682,0.3649852176946949,0.0,0.0,0.18552252235708908,0.0005692564775878216,0.0067208990579723455
1069,AL,01-60,0.11606073752711497,0.20284598698481562,57625.0,70835.0,74795.0,85339.0,24414.9,45899.3,2.6091970080943927,0.8517051144183942,1.6011807772394808,0.3264242262183301,0.02487470883038046,0.0,0.02848874144137785,0.0,0.24548598856497494,0.0011999717653702266,0.0,0.23481329851062327,0.10068468977200537,0.005759864473777088
1071,AL,01-20,0.8406118006065906,0.07230709115605753,53743.0,80891.0,59016.799999999996,110853.6,36869.4,47289.6,1.8028419573217542,1.1262844014124571,1.444600097344533,0.6247271963237587,0.24149781805145196,0.0,0.32475800768935975,0.03628339370263688,0.04716223065606804,0.0,0.0,0.35268447664140634,0.005958635694947522,0.001718361746053331
1077,AL,01-10,0.9535235945713183,0.22299765390669082,67346.0,86818.0,104637.99999999999,133516.2,37345.7,64972.59999999999,2.978254844152278,1.0629504762443638,1.849280000450776,0.35690380167816665,0.18296896956852265,0.0,0.29840586053583357,0.08430279435140178,0.2114077725817227,0.0,0.0,0.24930313990186367,0.0010712064318459307,0.00024188532332004883
1079,AL,01-10,0.7816886987781848,0.15917726559122658,87902.0,108544.0,120212.7,153336.5,38504.7,70612.9,2.7366971081494977,0.8765771099073888,1.6075349711640254,0.32030475981323103,0.21120467275943397,0.0,0.33883033608490565,0.12298238502358491,0.17323850235849056,0.0,0.0,0.18971108490566038,0.0004514298349056604,0.00025795990566037736
1083,AL,01-10,0.6891641332308823,0.050947115224000264,119732.0,135653.0,168092.8,207492.69999999998,55745.5,95697.6,3.0619769165358623,1.0154595211737203,1.7432266115376884,0.3316352633783244,0.12447937015768173,0.0,0.432566917060441,0.17900083300774772,0.20683656093119945,0.002034602994404842,0.0,0.14271707960752802,0.0011057624969591532,0.000943583997405144
1085,AL,01-40,0.447267257228815,0.05498913588500752,11966.0,34458.0,8290.2,15079.3,1437.6,6230.3,0.5945072358927084,0.10309324290359188,0.44678758435047894,0.17340956792357237,0.047303964246328864,0.015235939404492426,0.03212606651575831,0.0,0.11741830634395496,0.0,0.0,0.6929885657902374,0.0013639793371640837,0.0015381043589297115
1087,AL,01-40,0.7088502083844079,0.43598921304241234,20395.0,26305.0,8460.1,12297.8,3163.4,5275.9,0.7947296094850278,0.2971652399670142,0.49561044747485933,0.3739199300244678,0.0,0.0,0.024063866185135906,0.0,0.4704808971678388,0.0,0.0,0.3249952480517012,0.004713932712412089,0.014217829310017107
1089,AL,01-10,0.698777662534048,0.06996694551341082,103163.0,120404.0,145198.5,183578.5,54487.4,86161.1,2.979911857659231,1.1182460518050916,1.7682860605237851,0.3752614524254727,0.21177867844922096,0.0,0.32863526128700044,0.15823394571608917,0.2532972326500781,0.0,0.0,0.14675592173017507,0.0008305371914554333,0.0010132553735756288
1093,AL,01-10,0.9353520341816831,0.14657254319152888,5383.0,15058.0,11947.0,14134.300000000001,1661.4,9085.1,1.9605312739993523,0.27263971362036693,1.4908866391070157,0.13906420021762786,0.07949262850312126,0.0,0.24372426617080623,0.0,0.0,0.0,0.0,0.6440430336034002,0.0009961482268561561,0.0003320494089520521
1095,AL,01-20,0.8670634920634921,0.3197032436162871,11592.0,36758.0,21681.5,34673.3,9926.3,17636.2,1.4575372240819267,0.6672947788393067,1.1855922326109207,0.4578234900721813,0.10789488002611676,0.0010881984874041026,0.1571086566189673,0.0,0.0,0.0,0.0,0.7092061592034387,0.0017683225420316666,0.005060122966429077
1097,AL,01-50,0.31250812356483687,0.17819851826177374,23081.0,30334.0,63288.299999999996,74486.2,26605.5,33120.2,5.155561255986155,2.1673245291173826,2.6980219078488856,0.42038575850512655,0.0,0.0,0.08297619832531153,0.0,0.2624777477418079,0.0,0.0,0.23600580207028418,0.012593129821322609,0.0435814597481374
1099,AL,01-50,0.1754740658114891,0.16215839375348579,28688.0,35400.0,78877.5,97618.8,36356.6,42360.6,5.505947662902919,2.5378281106918483,2.956930006264973,0.4609248518272004,0.03720338983050848,0.0,0.016610169491525422,0.009689265536723163,0.4709887005649718,0.0,0.0,0.21968926553672316,0.0022033898305084745,0.0024293785310734463
1101,AL,01-40,0.19790009545020681,0.06384558277654045,9429.0,38378.0,17672.8,29552.600000000002,5644.2,11561.0,1.1379029614865077,0.36341450676871506,0.7443809774198495,0.31937214250147117,0.02738548126530825,0.0,0.054354057011829694,0.0,0.12249205273854813,0.0,0.0,0.7719005680337694,0.00039084892386262964,0.0038563760487779456
1103,AL,01-10,0.7293611435239207,0.09385939323220537,13712.0,39368.0,37489.8,45125.200000000004,9207.2,24278.8,2.353162804848541,0.5779182758190624,1.5239336861321413,0.24559213439388847,0.04877057508636456,0.0,0.18233082706766918,0.022149969518390572,0.0560099573257468,0.0,0.0,0.6722972972972973,0.0025147327778906724,0.0019559032716927453
1105,AL,01-40,0.19773420082806314,0.17198234678556804,21979.0,31709.0,13410.8,26267.9,4576.0,8124.3,1.045091566993554,0.356603559113737,0.6331193827158509,0.34121752617293527,0.21076035195055032,0.0,0.3235043678450913,0.0,0.08373017124475701,0.0,0.0,0.3581317606988552,0.0022075751363966065,0.00044151502727932134
1109,AL,01-60,0.5002287282708143,0.18435498627630376,13116.0,28375.0,26942.399999999998,32159.0,7522.9,20275.1,2.3462949884197197,0.6551362376173878,1.7656691875894004,0.27922159866975477,0.07541850220264318,0.0,0.07918942731277533,0.0,0.15943612334801763,0.0,0.0,0.5229603524229075,0.006837004405286343,0.01733920704845815
1117,AL,01-30,0.6632159442724458,0.023510061919504645,10336.0,20893.0,25911.9,31116.8,15213.7,20743.3,3.064648415277386,1.7993524826626208,2.453348518349615,0.5871317811507454,0.06633800794524482,0.0,0.0932369693198679,0.027664768104149716,0.24386158043363806,0.0,0.0,0.5002153831426793,0.0022495572679844924,0.002680323553343225
1121,AL,01-30,0.844327731092437,0.05238095238095238,14280.0,25023.0,61584.6,74740.4,32601.3,42126.9,6.081559395557203,3.219420801992366,4.160086198509023,0.5293742266735515,0.13016025256763777,0.0006394117411980978,0.15493745753906407,0.0,0.21600127882348238,0.0,0.0,0.4533828877432762,0.0030372057706909645,0.005155257163409663
1125,AL,01-30,0.7767952431773136,0.1070285104436652,6559.0,16961.0,23093.199999999997,29995.0,12868.6,16567.2,3.3644561024099655,1.874830677406028,2.413680959756395,0.55724628895086,0.08637462413772773,0.0,0.16431814161900832,0.011791757561464536,0.08383939626201285,0.0,0.0,0.6316254937798479,0.008490065444254466,0.004068156358705265
4001,AZ,04-10,0.6939668646452016,0.08174429509221631,6398.0,5798.0,12404.400000000001,12760.3,590.4,6175.0,5.286640210195424,0.25162300313593383,2.6317277174193623,0.04759601431750023,0.0,0.0,0.0,0.0,0.0,0.0,0.0,0.5569161779924112,0.09468782338737496,0.0070714039323904795
4003,AZ,04-80,0.19797076941659622,0.3125981398719652,49674.0,87417.0,31762.0,37670.2,18174.5,20916.7,0.8978300703707639,0.5137463829089304,0.5912613258901882,0.5722089289087589,0.266447029753938,0.0,0.0,0.01006669183339625,0.0,0.0,0.0,0.2980427148037567,0.01570632714460574,0.26038413580882436
4009,AZ,04-80,0.279623409419668,0.033196851938117534,40787.0,43056.0,38357.3,42374.600000000006,27121.0,29246.7,2.201387785337816,1.5565182670872797,1.6785156447779044,0.7070622801917757,0.11975102192493497,0.0,0.0,0.034652545522110736,0.6080221107395021,0.005295429208472687,0.0,0.09229840208101078,9.29022668153103e-05,0.03205128205128205
4013,AZ,04-80,0.08659940674222139,0.03269229035370065,110913.0,187467.0,76766.2,119117.9,28717.1,31102.199999999997,1.0118762840811828,0.3785279515931195,0.4099666072145001,0.3740852093760014,0.0,0.058282257677351214,0.0,0.07974203459808926,0.14754063381821866,0.005238255266260195,0.0,0.5117647372604245,0.12125867486010872,0.01394378743992276
4021,AZ,04-80,0.08570306687608498,0.027754815243448788,193552.0,235185.0,173000.6,214152.69999999998,113681.8,122772.00000000001,1.8176915728914893,1.1944377640952442,1.2899471434609704,0.6571179521920734,0.0050343346727044665,0.07361013670089504,0.0,0.11052150434764121,0.3746284839594362,0.004915279460849969,0.0,0.3176945808618747,0.039449794842358145,0.01663371388481408
5001,AR,05-60,0.09899135658857657,0.011017036502584189,339565.0,336128.0,593932.1,640132.8,128054.9,202612.0,4.366307422651329,0.9413989585288852,1.489507436150077,0.21560528552001146,0.13859303598629094,0.0,0.6116271182406702,0.013456183358720487,0.0,0.0,0.2411878808073115,0.0031505854912414317,3.8675742574257426e-05,2.38004569687738e-05
5003,AR,05-90,0.24181039962707124,0.006854684917574268,94388.0,96214.0,229845.6,266130.2,95530.0,127471.40000000001,5.903099826069958,2.453486716232389,3.273834257296612,0.415626838190507,0.18782089924543205,3.118049348327686e-05,0.545835325420417,0.016057954143887585,0.21418920323445653,0.0,0.021618475481738623,0.023614027064668343,0.0040950381441370275,0.0
5007,AR,05-10,0.48655818889281927,0.2166607711354793,5654.0,62855.0,3941.1,8096.1,700.0,2849.9,0.15493867137065395,0.027519492009707384,0.11203971468352153,0.17761538656720205,0.006475220746161801,0.008432105639964998,0.044881075491209926,0.00978442446901599,0.0,0.0,0.0,0.9283748309601464,0.0027364569246678865,0.0017818789276907168
5017,AR,05-90,0.17531163434903047,0.032486919052016006,259920.0,261377.0,463710.9,528935.2,199471.3,260208.3,4.38391514306854,1.885798355565003,2.460004944292061,0.43016306064834786,0.09226136959258083,0.0,0.7177601701756466,0.008952585728660135,0.08485826985541957,0.0,0.08330495797258367,0.01466081560351523,0.0,0.0020162447346170473
5021,AR,05-30,0.16882402794716497,0.026578746098352524,241885.0,244544.0,516300.3,538221.7,196131.1,270926.7,5.2170808763703835,1.9818539928632375,2.737644168458039,0.3798779508747138,0.10996385108610311,0.0,0.48301328186338655,0.0120346440722324,0.10508538340748495,0.0009282583093431039,0.27006182936404083,0.02414698377388118,0.0,0.0013290041873855012
5029,AR,05-50,0.29745012644001123,0.04597499297555493,28472.0,64056.0,64233.0,78115.3,10135.5,43286.0,2.4778818483483875,0.39099172503129365,1.6698207103452791,0.15779272336649386,0.04413325839890096,0.0,0.3201105282877482,0.03948107905582615,0.0,0.0,0.025056200824278757,0.5758398900961659,7.805670038716123e-05,0.010990383414512302
5031,AR,05-30,0.1837795157968865,0.15500261414197458,281163.0,282078.0,578583.5,608058.2,226510.2,323015.5,5.068495114050286,1.984269931621889,2.8296736486825327,0.3914909429667455,0.11843532639908111,0.0,0.4087592793482654,0.015499259070186261,0.2546246073781011,0.0,0.1683116017555428,0.01610547437233673,0.0006877530328490701,0.0006274860145066258
5033,AR,05-40,0.29672137891315975,0.12147764202558724,24309.0,45305.0,29608.600000000002,43216.0,1762.3,24073.0,1.6149308901244264,0.09612047539114568,1.3130047120757251,0.05951986922718399,0.036154949784791966,0.0,0.4399072950005518,0.03193907957179119,0.0,0.0,0.0,0.49976823750137955,0.002626641651031895,0.0026707868888643637
5035,AR,05-60,0.15862095702650025,0.008236616819333669,283733.0,283625.0,541830.9,581481.3,127634.0,219005.1,4.72064631944284,1.1119981756960842,1.9080595426621314,0.23556057803274047,0.044326134861172324,0.0,0.7733309828118113,0.02847069193477303,0.06664786249449096,0.0029687086822388718,0.10246275892463641,0.0033071837814014986,0.0003913618334067871,0.000504186866460996
5037,AR,05-60,0.187722714234868,0.013227812323346523,238815.0,236915.0,502016.0,539080.0,107984.4,175249.0,5.236091221856804,1.1262911320306004,1.8278695311288546,0.21510151070882202,0.05894097039022434,0.0,0.636291496950383,0.019606187873287887,0.0,0.0034864824937213767,0.2694848363337062,0.007378173606567756,0.012160479496865965,2.110461557942722e-05
5041,AR,05-90,0.08575064359739774,0.017584327761601255,272686.0,270980.0,487288.0,544842.5,209669.0,273203.8,4.443556244902652,1.9119617029610707,2.491332541784602,0.4302773719032687,0.10666838881098235,0.0,0.7638091372056979,0.00750608901025906,0.06287179865672743,0.0,0.06461731493099122,0.00029522473983319803,0.0,0.0
5043,AR,05-90,0.06503927044917987,0.014535466847717067,64807.0,70295.0,126291.1,150155.3,53489.8,70173.40000000001,4.439463751533954,1.8803069113880622,2.4667792554019465,0.42354370181271683,0.13629703392844442,0.0,0.5709225407212462,0.017070915427839818,0.13328117220285937,0.0,0.054612703606230883,0.09727576641297389,0.0018493491713493136,0.0
5045,AR,05-50,0.4859298763190741,0.10376716214682855,17626.0,57299.0,60432.7,70271.40000000001,5831.9,48454.3,2.606196510687929,0.25150419277445707,2.0896208110480936,0.09650239026222558,0.025689802614356272,0.0009773294472852929,0.18279551126546711,0.0,0.0,0.0,0.01877868723712456,0.7557199951133527,0.00129147105534128,0.002565489799123894
5047,AR,05-40,0.4994701518897916,0.06340515718827269,5662.0,47586.0,27109.9,31152.100000000002,1449.1,22586.7,1.4077674486270557,0.07524910862103756,1.1728859579675586,0.05345279768645402,0.01319715882822679,0.0,0.0676249317026016,0.0,0.0,0.0,0.0,0.9054553860379103,0.0,0.009057285756314882
5055,AR,05-30,0.14437903729943738,0.06337257762033757,191960.0,199364.0,373878.2,385525.1,128512.8,171109.5,4.634102206680099,1.5928755676758857,2.120848210818198,0.3437290540074281,0.12356794606849782,0.0,0.4092514195140547,0.011080235147769908,0.02237615617664172,0.0016051042314560301,0.37386890311189586,0.05430769848117012,9.02871130194017e-05,0.00013041471880580245
5063,AR,05-30,0.32508258961589664,0.16515457817661852,40562.0,68214.0,113637.8,118913.2,32594.0,70000.4,4.116532078178885,1.1807184454130806,2.5357661982663617,0.28682357455001767,0.06960448001876447,0.0,0.3598967953792477,0.012607382648723136,0.0,0.0,0.09926114873779576,0.4604333421291817,0.0,0.0003811534289148855
5067,AR,05-30,0.2781300504067795,0.017896466947162157,218423.0,213142.0,447134.8,461004.39999999997,154225.6,206478.3,5.183840600221669,1.7880087322068134,2.393798457656952,0.34491969759455093,0.05144457685486671,0.0,0.575588105582194,0.028680410242936633,0.0,0.0,0.3480261984967768,0.01827420217507577,0.0007694400915821377,0.0
5069,AR,05-90,0.16567394008105388,0.008219606914115048,236386.0,235228.0,366585.60000000003,435222.0,157030.7,198870.7,3.850956286172127,1.6495966052322006,2.08912290144635,0.4283602520120812,0.17910282789463838,0.0,0.5400972673321204,0.023895964766099273,0.025239342255173703,0.0,0.22848045300729505,0.015465845902698658,0.000140289421327393,0.0028312955940619313
5073,AR,05-70,0.1427049746660525,0.002907646245969599,34736.0,50019.0,26939.8,66054.2,7465.9,15971.6,1.3308881736238511,0.36883265708944796,0.7890338292730719,0.2771327181345073,0.23728982986465144,0.00355864771386873,0.3068234071053,0.0650752713968692,0.0,0.0,0.08100921649773087,0.314040664547472,0.0005597872808332833,0.0036186249225294387
5075,AR,05-30,0.16891955043577822,0.006729443652592471,171188.0,176137.0,342002.2,349256.1,99531.5,134886.8,4.798002923497606,1.3963431462724565,1.8923482385237194,0.2910259056813085,0.03935005138045953,0.0,0.40020552183811464,0.002305023930236123,0.0,0.0,0.4578935714812901,0.08109596507264231,0.0,2.2709595371784465e-05
5077,AR,05-60,0.0886475093559924,0.07025914646795728,241022.0,239525.0,390994.89999999997,436544.8,102783.9,171900.3,4.033689339994412,1.0603675949559743,1.7734052481294296,0.26287785339399566,0.1296858365515082,0.0,0.6301722158438576,0.022473645757227847,0.18320008349859096,0.0,0.03421772257593153,0.0038492850433148942,0.0017200709738023172,0.0
5079,AR,05-90,0.08455386459937055,0.02633622627627832,146794.0,148596.0,242904.8,286195.39999999997,102890.0,135077.6,4.039347173827391,1.7109930751269646,2.2462517076953064,0.4235815842255896,0.1345527470456809,0.0,0.5755605803655549,0.017503835904062022,0.13270209157716223,0.0,0.10552773964305903,0.034738485558157686,0.0,0.0
5085,AR,05-60,0.19009368099753216,0.013966911287180153,246368.0,260392.0,523594.0,559420.6,107961.7,160576.8,4.968773814246174,1.024529058586426,1.523832967939749,0.20619353926897557,0.13056084672340165,0.0,0.4535085563304556,0.013218532059356662,0.01831085440412916,0.0,0.3247910842114965,0.06171080524747304,0.002526959353589972,0.0031990230114596454
5091,AR,05-70,0.19210273434087533,0.010949011385807053,34341.0,51397.0,22499.399999999998,56282.4,3397.2,14962.699999999999,1.081721271627204,0.16332984452794017,0.7193734442241289,0.15099069308514895,0.20326089071346576,0.0026266124481973655,0.3715197385061385,0.16681907504329047,0.0,0.0,0.0,0.34743272953674337,0.00029184582757748505,0.036013775123061656
5093,AR,05-30,0.16068132402304364,0.1407009868644337,456699.0,455277.0,793469.4,843565.1000000001,323567.2,478173.9,4.306621216743276,1.7561879116727308,2.595328645355293,0.40778787436541347,0.03856553263178241,0.0,0.611524412610345,0.021716449546100507,0.20292041987625117,0.0005908490874786119,0.11407341025353795,0.001107018364643942,0.0008390496335198132,0.0006040278775338969
5095,AR,05-60,0.2361678010865863,0.042246207277783054,179093.0,176872.0,366554.3,397369.6,81937.2,130834.1,5.121078527405682,1.1447330873372505,1.8278647942813593,0.22353359379497117,0.15039689719118912,0.0,0.6234056266678728,0.038869917228278074,0.016729612375050884,0.009588855217332309,0.19358632231218056,0.0007123795739291691,0.0010176851056130987,0.0
5107,AR,05-60,0.15968594748563447,0.03596679452150255,344401.0,347239.0,487549.0,542640.5,119041.0,209577.1,3.4695406227104386,0.8471304120571949,1.4914116571664549,0.2441621252427961,0.10045818586045922,0.0,0.7585265479972008,0.027347158585297158,0.07841861081272553,0.0,0.03777225484464591,0.010033435184411889,0.00018143123324280971,0.0019093477403171878
5111,AR,05-30,0.16724491350535312,0.004601736818049612,288804.0,286124.0,644413.4,668129.2999999999,235666.7,322382.0,5.565349954200033,2.035289238323525,2.7841889211722086,0.36570732390108585,0.06443360221442451,0.0,0.5557695264990005,0.01656624400609526,0.08030434357131873,0.001845353762704282,0.27879520767219806,0.00875494540828452,0.0,8.038472829961835e-05
5115,AR,05-40,0.3086555742361876,0.03466867644501131,17249.0,46226.0,30539.2,40398.2,2040.6,23192.4,1.6325013338169116,0.10908217051483961,1.2397713081683654,0.0668190391365851,0.025656556916021287,0.0,0.197680958767793,0.021178557521741012,0.0,0.0,0.06109116081858694,0.6952580798684723,0.00030285986241509105,0.001535932159390819
5117,AR,05-60,0.12734895087216652,0.014304373472655263,189872.0,189369.0,372134.0,395616.10000000003,76694.1,119504.4,4.855932809852833,1.0007722930775855,1.5593988640698697,0.2060926977916557,0.08093193711747963,0.0,0.5704999234299173,0.006315711652910456,0.0,0.0,0.3168575638040017,0.024544672042414544,0.0,0.0
5119,AR,05-50,0.29711854830669016,0.0038219947489115625,30089.0,38132.0,56538.700000000004,71526.3,12174.9,24420.4,3.6638563493017995,0.788965516842702,1.5825060992291946,0.2153374591209207,0.10067659708381411,0.0,0.5669778663589636,0.019668519878317425,0.0,0.0,0.08659393685093884,0.23111822091681528,0.001285009965383405,0.01020140564355397
5121,AR,05-30,0.140488497929325,0.008252471207037272,66162.0,88918.0,173433.3,178540.2,49271.0,85601.7,4.819755477587139,1.369253610097922,2.3788929949771527,0.28409192467651834,0.04904518770102791,0.0,0.3468476573922041,0.0,0.0,0.0,0.2853977822263209,0.293540115612137,0.00031489687127465757,0.0
5123,AR,05-60,0.1758830034530231,0.04982734884560699,221545.0,219647.0,397888.39999999997,436489.10000000003,94227.3,158315.5,4.47628990440844,1.060067877600014,1.7810674409240743,0.23681841440966866,0.07246627543285362,0.0,0.6602229941679149,0.009465187323296017,0.10626596311354128,0.0,0.1486111806671614,0.005094538054241578,0.0,0.0
5145,AR,05-30,0.3719229580801318,0.037611151165585194,58254.0,108846.0,116355.0,121611.59999999999,31627.7,73417.0,2.6415253349330268,0.7180213212639018,1.6667342659514248,0.27182072106914185,0.04182055380997005,0.0,0.3190195321830844,0.01215478749793286,0.0,0.0,0.09974643073700458,0.5024346324164416,0.0012127225621520314,0.002838873270492255
5147,AR,05-60,0.13974945222444507,0.026874345050966943,209940.0,205510.0,384456.8,411104.39999999997,84535.3,135109.8,4.6227115090090845,1.016453094931695,1.6245612704468113,0.21988244192845596,0.08504209040922583,0.0,0.6404262566298476,0.02215463967690137,0.0,0.0,0.24025594861563915,0.002355116539341151,0.0,0.0
8001,CO,08-60,0.6136447562776958,0.006649023469555228,487440.0,283538.0,332385.7,383929.39999999997,164665.6,268432.3,2.896764990679584,1.4350724030824675,2.3394065659491345,0.4954051874072802,0.15123898736677271,0.005431370751010446,0.004369784649676587,0.680776474405547,0.0,0.036100981173599306,0.0,0.03859447410929046,0.0012978859976440547,7.759101072872067e-05
8003,CO,08-80,0.026246037108258406,0.17343173431734318,38482.0,59432.0,16900.9,41310.1,483.7,1641.1999999999998,0.7027028102097213,0.020111198178703035,0.06823754072955844,0.028619777644977484,0.0,0.0,0.0,0.025659577332076997,0.0,0.0,0.0,0.4515076053304617,0.2704098801992193,0.0
8005,CO,08-60,0.6361217191570416,0.010989831837832286,107099.0,44558.0,69918.7,80829.59999999999,34884.0,59202.2,3.877482614836459,1.934562621100722,3.2831774798454636,0.49892231977997303,0.0,0.0,0.0,0.7878719870730284,0.0,0.0,0.0,0.09140895013241168,0.00044885318012478117,0.00017954127204991249
8013,CO,08-20,0.31496953872932987,0.13446475195822455,11490.0,28868.0,5796.2,8131.1,3297.4,4025.5,0.49614528615074954,0.2822520731778548,0.3445762481280567,0.5688899623891516,0.08881806844949425,0.0431619786614937,0.0,0.05500900651240127,0.0,0.0,0.0,0.6668283220174588,0.02501039212969378,0.002251628100318692
8017,CO,08-60,0.4810041867052653,0.010027637146281214,449757.0,308850.0,332631.7,401208.60000000003,160780.7,254832.0,2.6613269586068222,1.2863777304859276,2.0388654223746374,0.4833595234609329,0.22532297231665857,0.0,0.0008353569694026226,0.559054557228428,0.0,0.15603367330419296,0.0,0.049318439371863365,0.0,0.0
8021,CO,08-80,0.09100398557601062,0.1480831277282217,21076.0,103574.0,3102.5,12311.8,1167.7,1376.9,0.07401900534901427,0.027858821126847375,0.0328498850814046,0.37637389202256244,0.0003765423754996428,0.0,0.0,0.008998397281170951,0.0,0.0,0.0,0.8773244250487574,0.0,0.0
8023,CO,08-80,0.03200502039535613,0.015688735487919672,19122.0,31267.0,4816.6,16864.4,528.7,855.3000000000001,0.3806594110003354,0.04178354660878573,0.06759498281538573,0.1097662251380642,0.0,0.0,0.0,0.060159273355294716,0.0,0.0,0.0,0.685451114593661,0.08859180605750472,0.0
8029,CO,08-70,0.13102523751238562,0.1471702512094189,17157.0,49214.0,5665.500000000001,28602.4,4173.1,4914.500000000001,0.28446692784618716,0.2095329514773495,0.2467589298208608,0.7365810608066367,0.08304547486487585,0.04703946031617019,0.0,0.030397854269110416,0.0,0.0,0.0,0.6668630877392612,0.026313650587231275,0.042061202096964276
8033,CO,08-70,0.037667668825161885,0.03654024051803885,34592.0,31048.0,5554.099999999999,22339.1,1497.3,2090.6,0.44204071090143743,0.11916738201197714,0.16638704924480027,0.26958463117336745,0.0,0.0,0.0,0.48338057201752127,0.0,0.0,0.0,0.2051661942798248,0.00035429013140943054,0.0008052048441123422
8035,CO,08-60,0.19845460399227302,0.024082421120412107,7765.0,12371.0,1918.8999999999999,2833.3,1026.1,1659.6999999999998,0.3832919864985398,0.20495904286109318,0.3315179060876682,0.5347334410339257,0.0,0.0,0.0,0.12125131355589686,0.0,0.0,0.0,0.7560423571255356,0.000565839463260852,0.0007275078813353812
8039,CO,08-60,0.5056542171654712,0.02977986643581499,101075.0,77935.0,61565.4,75832.3,31004.4,48742.9,1.9520294671429552,0.9830440866312417,1.5454715979105529,0.5036010486409574,0.09602874190030153,0.0,0.0,0.28349265413485597,0.0,0.07447231667415154,0.0,0.40893051902226213,0.0003592737537691666,6.415602745877976e-05
8041,CO,08-60,0.21148232241323386,0.08871229322088875,6166.0,18121.0,2945.2000000000003,5651.099999999999,1639.7,2258.3,0.4016195405866649,0.22359621102130733,0.30795104186706007,0.5567363846258319,0.00027592296230892336,0.0,0.0,0.027813034600739472,0.0,0.014789470779758292,0.0,0.7255670216875448,0.0030903371778599415,0.0009381380718503394
8045,CO,08-70,0.8328239325738631,0.07705844215985921,10797.0,41885.0,1065.5,18549.8,883.0,916.4,0.06286039965459346,0.0520936019662187,0.05406407343357057,0.8287189113092445,0.009311209263459472,0.0038199832875731167,0.0,0.007759341052882894,0.0,0.007448967410767578,0.0,0.9434881222394652,0.006852095022084279,0.0008356213441566194
8063,CO,08-60,0.4352866429084063,0.006308243530859894,728729.0,497533.0,657517.5,760813.9,319782.2,470940.4,3.26563489575238,1.588234398872223,2.3389786645368136,0.4863478158376013,0.42178910745618886,0.010843501838069033,0.01024052675902905,0.4690181354804606,0.0,0.06193961003591721,0.0,0.03867683148655466,0.0,0.0
8067,CO,08-70,0.11131639722863741,0.08933025404157044,10825.0,39672.0,779.5,11138.8,565.2,675.3000000000001,0.04855279412524082,0.035204668684523564,0.04206247834865315,0.7250801796023092,0.014771123210324663,0.0,0.0,0.05936176648517846,0.0,0.0,0.0,0.8324258923169994,0.0013107481347045776,0.004007864488808227
8069,CO,08-20,0.16405255237874755,0.05318902650769765,34556.0,66092.0,42566.1,51139.5,22730.0,29780.8,1.5914652874885775,0.8498313443001677,1.1134473074498212,0.5339930132194399,0.13183138655207893,0.11434061611087575,0.0,0.04731283665193972,0.0,0.0,0.0,0.5288991103310536,0.001694607516794771,0.001165042667796405
8071,CO,08-90,0.22039644376794548,0.030615421870135263,28907.0,25731.0,11529.3,25823.5,4569.0,10953.4,1.1072061227893937,0.4387798717202901,1.0519000759249344,0.396294657958419,0.0,0.0,0.0,0.2640006218180405,0.0,0.0,0.0,0.6632078038164082,0.00019431813765496871,0.0
8075,CO,08-20,0.5082191245949006,0.033166900941001914,409776.0,338105.0,276801.4,298192.5,140245.9,223529.2,2.023014020426951,1.0249927276646582,1.633672031914651,0.5066661512550152,0.2829505626950208,0.024516052705520475,0.0027920320610461246,0.3495866668638441,0.0,0.04260215021960634,0.0,0.15173688647017938,0.0,0.0
8077,CO,08-70,0.15160595069126848,0.11680597171844609,19023.0,50065.0,6753.1,34436.4,5876.8,6419.5,0.33331216450332857,0.29006070224832464,0.31684669855756875,0.8702373724659785,0.10208728652751423,0.03173873963846999,0.0,0.056346749226006194,0.0,0.0,0.0,0.6995306102067312,0.013182862279037252,0.05782482772395885
8081,CO,08-10,0.389604733040543,0.08290080214874233,27551.0,48941.0,20467.8,24533.7,5534.4,16303.3,1.0334287257705497,0.2794344257763184,0.8231611870770186,0.27039545041479784,0.0,0.0,0.0,0.22396354794548537,0.0,0.0,0.0,0.7557671481988517,0.0,0.0
8083,CO,08-70,0.07925019903018021,0.029142843357216956,41451.0,76013.0,8185.9,39120.8,4030.6,4726.9,0.2661097367755606,0.13102797554912404,0.15366350856526434,0.49238324435920305,0.047070895767829184,0.009748332522068593,0.0,0.23831449883572547,0.0,0.0,0.0,0.5775985686658861,0.0011313854209148435,0.0031441990185889254
8085,CO,08-70,0.08232644991212654,0.09990114235500878,18208.0,45940.0,13360.8,40077.5,9828.8,10864.099999999999,0.7186603353736402,0.5286785749596157,0.5843660371783698,0.7356445721813065,0.11162385720505007,0.04586417065737919,0.008184588593818024,0.006965607313887679,0.0,0.0,0.0,0.6641706573791902,0.04494993469743143,0.005267740531127558
8087,CO,08-20,0.42304750101497895,0.03709908331374602,233995.0,207058.0,155381.3,174142.0,81742.4,116604.6,1.854338176229079,0.9755231352587979,1.3915726107576734,0.5260761751896785,0.28077157125056745,0.1264573211370727,0.0,0.2956466304127346,0.0,0.005809966289638652,0.0,0.18720358546880583,0.00280597706922698,0.0
8089,CO,08-90,0.18940347045837586,0.020177083580601513,42127.0,50652.0,50473.0,81428.1,24374.0,42633.1,2.462321313826154,1.1890836626156298,2.0798524122695663,0.4829116557367305,0.17681434099344548,0.02943615257048093,0.0,0.022723683171444367,0.0,0.02562583905867488,0.0,0.5473229092632078,0.035615572929005766,0.0
8095,CO,08-60,0.48129060278698754,0.012836903727809927,326948.0,248339.0,300406.9,344011.6,143536.5,202484.69999999998,2.9891463531651734,1.4282348558608104,2.0147886169616744,0.4778069345278021,0.47830989091524084,0.012023886703256435,0.0009946081767261688,0.3854811366720491,0.0,0.005871006970310745,0.0,0.020894825218753396,0.0,0.0
8101,CO,08-90,0.040153973884821496,0.06823156464638841,13249.0,19147.0,21372.8,31723.8,9931.0,17541.5,2.758308819669625,1.2816647742990648,2.263852848491294,0.46465601137894896,0.1880712383140962,0.08758552253616754,0.0,0.0,0.0,0.0,0.0,0.5271321878101008,0.061576226040632995,0.0005745025330338956
8105,CO,08-80,0.05419526687839361,0.03727077143735273,48805.0,84274.0,17892.6,40512.0,810.6,2239.9,0.5246407846357598,0.02376813990285073,0.06567759260843245,0.04530364508232454,0.0,0.0,0.0,0.02065880342691696,0.0,0.0,0.0,0.5236490495289176,0.21040890428839262,0.0
8107,CO,08-10,0.43493021501320256,0.02929712058342764,7953.0,47525.0,4886.3,7918.3,1034.1,3816.7000000000003,0.2540622883667565,0.05376784323518057,0.19844862902592952,0.21163252358635365,0.0,0.0,0.0,0.02041031036296686,0.0,0.0,0.0,0.897043661230931,0.0003366649132035771,6.31246712256707e-05
8109,CO,08-80,0.08136459646071105,0.05789950123360372,56339.0,99231.0,17128.3,43513.700000000004,823.4,2157.1,0.4265295225669446,0.020504335449613924,0.05371617925475127,0.04807248822124788,0.0,0.0,0.0,0.02256351341818585,0.0,0.0,0.0,0.5863792564823492,0.19334683717789802,0.0
8115,CO,08-20,0.5873023480974132,0.012308459189884824,208637.0,165060.0,171007.1,186516.6,85204.0,129369.8,2.5600857069607232,1.2755583983114236,1.93674868407433,0.4982483183446769,0.3572034411729068,0.007573003756209863,0.010275051496425542,0.42663273960983883,0.0,0.019453532048951897,0.0,0.033357566945353204,0.0,0.0
8121,CO,08-60,0.4758157003554616,0.004740488999903929,666176.0,473869.0,504974.3,589838.0,247161.0,376347.9,2.633256596920558,1.2888543709085434,1.9625168853389146,0.48945263154976404,0.2563809829298815,0.008793569530819698,0.0008124608277815177,0.46239361511303756,0.0,0.04189976554701827,0.0,0.09287376891081713,0.0,0.0
8123,CO,08-20,0.26558561438873046,0.0337084784884503,512957.0,477839.0,341809.8,388073.6,175318.9,258503.9,1.7676045910487737,0.9066284598558053,1.336803919735517,0.5129136145306542,0.22112259568599466,0.13805905336316207,0.0,0.2314649913464577,0.0,0.0031098340654488227,0.0,0.2498665868629392,0.020186715609232398,0.00014649285638049635
8125,CO,08-60,0.4244515849101121,0.03309785792694997,500123.0,390328.0,509995.39999999997,585454.4,240228.5,329911.6,3.2286335559708648,1.520817239136955,2.08857503864552,0.47104052311060063,0.5734203029247197,0.019629644811543112,0.012586850033817713,0.25916152569121353,0.0,0.024164292594945787,0.0,0.0462534073907073,0.005398024225779344,0.0
9003,CT,09-10,0.12367141797808355,0.3736508198072011,12137.0,20380.0,6823.6,7323.8,1739.6,2067.0,0.8273544067612119,0.21092469165862654,0.25062160132121236,0.25493874201301364,0.09955839057899901,0.05132482826300294,0.011776251226692836,0.0017664376840039254,0.0,0.0,0.0,0.2410206084396467,0.23287536800785083,0.03930323846908734
9005,CT,09-10,0.501578947368421,0.5044736842105263,7600.0,31080.0,7838.799999999999,8577.6,3218.1,3713.2,0.623233482704252,0.25585901805002725,0.29522255549030835,0.41053477573097924,0.06747104247104248,0.10688545688545689,0.0,0.0,0.0,0.0,0.0,0.5338159588159588,0.03375160875160875,0.014157014157014158
9011,CT,09-10,0.5096376252891287,0.5276278591621691,7782.0,20122.0,8272.9,8978.4,3564.3,4088.7000000000003,1.0159418101280748,0.4377088317082882,0.5021070336968487,0.43084045497951146,0.03001689692873472,0.2886889971175827,0.0,0.0,0.0,0.0,0.0,0.4348971275221151,0.027929629261504822,0.015157539012026638
9013,CT,09-10,0.5636363636363636,0.7209090909090909,6600.0,13491.0,7111.1,7688.9,2857.8,3279.7000000000003,1.3024913484183231,0.5234435988117006,0.6007201242293843,0.4018787529355515,0.04477058779927359,0.30575939515232375,0.0,0.0,0.0,0.0,0.0,0.35008524201319396,0.06559928841449855,0.012230375806092951
9015,CT,09-10,0.5634555440106872,0.4953243283360546,6737.0,18816.0,7986.6,8685.5,3424.3,3960.4,1.0488583331343873,0.4497039528901012,0.5201084995549329,0.4287556657401147,0.019664115646258504,0.2882121598639456,0.0,0.0,0.0,0.0,0.0,0.366656037414966,0.02040816326530612,0.015837585034013606
10001,DE,10-50,0.528125653320385,0.17708944504016025,148281.0,149096.0,78605.1,200115.0,67455.3,69391.3,1.302767560549222,1.117975508295466,1.1500619504884444,0.8581542419003347,0.3753353544025326,0.004835810484520041,0.4531040403498417,0.12697859097494232,0.0,0.0012609325535225626,0.0,0.023977839781080645,0.08283253742555133,0.0
10003,DE,10-20,0.6954628831576388,0.16356162567128554,45249.0,50240.0,52596.8,64156.7,24250.2,32187.9,2.5869729952134164,1.192745804469557,1.5831614864902412,0.4610584674352812,0.40031847133757964,0.011186305732484076,0.43130971337579616,0.1382563694267516,0.0,0.0,0.0,0.08676353503184714,0.009096337579617834,0.0
10005,DE,10-80,0.5620112724687722,0.2304508987508886,236328.0,235749.0,253994.8,343304.7,112967.4,159030.69999999998,2.6623010890683045,1.1840920839687064,1.6669144636240378,0.4447626486841463,0.4746149506466623,0.00458538530386131,0.37801644969862014,0.09626764058384128,0.0,0.0011113514797517698,0.0,0.009539807167792864,0.0879876478797365,0.0
12001,FL,12-50,0.4246980911569926,0.34468250876509543,12835.0,38056.0,16500.4,24268.7,5538.7,10428.9,1.0714046763613663,0.3596391045649014,0.6771697794783794,0.3356706504084749,0.04764031952911499,0.0,0.0,0.0,0.0,0.0,0.0,0.5171063695606475,0.08140634853899517,0.054157031742694976
12013,FL,12-10,0.2440518514466991,0.13438713559043922,18283.0,22175.0,24387.0,27269.6,11186.0,13377.5,2.7175463079322486,1.246503177944402,1.4907112697077811,0.4586870053717144,0.001443066516347238,0.0,0.0,0.0,0.40586245772266066,0.0,0.0,0.15418263810597518,0.0006764374295377678,0.005591882750845547
12023,FL,12-30,0.42831716650351515,0.09833585476550681,11237.0,24243.0,10753.0,17606.3,1779.0,3228.1,1.096037687957938,0.18133088876380282,0.32903554919529615,0.1654422021761369,0.07074206987584045,0.01732458854102215,0.0,0.0,0.0,0.0,0.0,0.5136740502413067,0.06459596584581116,0.014189662995503857
12033,FL,12-10,0.03242423032384299,0.16395799225332428,25043.0,26449.0,41646.5,45813.6,19142.3,22696.5,3.8909124236350343,1.788409899678218,2.120468558535112,0.45963766462968075,0.015463722636016485,0.00336496653937767,0.0,0.0,0.43555521947899734,0.0,0.0,0.11047676660743318,0.01580400015123445,0.016257703504858407
12039,FL,12-10,0.21320754716981133,0.1969811320754717,5300.0,11868.0,8106.7,9144.4,3139.5,4090.1000000000004,1.6879079844454579,0.653679933532327,0.8516057640199303,0.387272256281841,0.0562015503875969,0.0,0.0,0.0,0.0,0.0,0.0,0.40377485675766767,0.15377485675766767,0.09538254128749579
12041,FL,12-50,0.2671410917458559,0.17650317467081433,23467.0,31494.0,8403.8,19777.2,3399.7,5118.8,0.6593713738406567,0.2667441942509437,0.4016266675094069,0.40454318284585544,0.034863783577824346,0.14123325077792595,0.0,0.0,0.0,0.0,0.0,0.21934336699053789,0.11087826252619547,0.0032387121356448846
12047,FL,12-30,0.17405941763628846,0.13413265607465596,16931.0,22756.0,14776.6,19929.7,3627.2,4870.8,1.604577860690682,0.3938744241772289,0.5289158428767222,0.24546918776985233,0.08472490771664616,0.0,0.04042889787308842,0.0,0.0,0.0,0.0,0.24595711021269115,0.17406398312532959,0.0012743891720864828
12057,FL,12-50,0.1831562779982081,0.1559793506548914,23439.0,35460.0,27520.899999999998,36678.9,10851.3,18699.0,1.9178123217201666,0.7561800975506631,1.3030523203763467,0.3942930645436741,0.008544839255499153,0.0,0.0,0.0,0.0,0.0,0.0,0.14531866892272985,0.29483925549915396,0.1485053581500282
12059,FL,12-10,0.355293267493677,0.1768035649765145,16606.0,27482.0,23238.1,25767.899999999998,8568.5,11439.800000000001,2.089462035176528,0.7704397282226207,1.0286136900182221,0.36872635886754945,0.03729713994614657,0.010770686267375009,0.07957936103631467,0.0489411251000655,0.15708463721708754,0.0,0.0,0.36267375009096864,0.005057856051233535,0.01142566043228295
12063,FL,12-10,0.1398609358844231,0.14565685502613382,105419.0,119236.0,130743.2,145710.1,56088.9,67514.0,2.709529698265448,1.1623896332125945,1.3991640716205007,0.42900051398466615,0.03580294541916871,0.0,0.018257908685296385,0.004369485725787514,0.357316582240263,0.0,0.0,0.12209399845684189,0.051310007044852224,0.006038444765003858
12065,FL,12-10,0.19133192389006343,0.4897815362931642,8514.0,11225.0,14068.9,15720.0,4987.7,7033.0,3.0971054800208484,1.0979844197271986,1.5482335392949433,0.35451954310571543,0.03242761692650334,0.11688195991091314,0.03447661469933185,0.030289532293986638,0.1644543429844098,0.0,0.0,0.25202672605790644,0.00819599109131403,0.13069042316258353
12067,FL,12-30,0.5229067930489731,0.5351636977719672,18357.0,28803.0,9229.3,15557.5,2933.7,3970.2,0.7917958883362528,0.25168664986641076,0.340609584245023,0.31786809400496246,0.0,0.0,0.029892719508384544,0.005728569940631184,0.05173072249418463,0.0,0.0,0.2925736902405999,0.06370864146095893,0.008610214213797174
12069,FL,12-50,0.13677549259312527,0.19732489572846254,6953.0,31408.0,18400.1,19272.3,8434.8,13583.1,1.4476450998261554,0.6636157894801471,1.0686631135400706,0.45841055211656456,0.0,0.0,0.0,0.0,0.0,0.0,0.0,0.28833418237391745,0.0,0.29658048904737644
12071,FL,12-80,0.03177257525083612,0.01913786696395392,5382.0,14571.0,21428.7,25036.9,16287.0,18058.7,3.634031355325953,2.7620652995372463,3.062522786563104,0.760055439667362,0.0,0.0,0.0,0.0,0.0,0.0,0.0,0.17363255782032805,0.4813670990323245,0.3737560908654176
12075,FL,12-50,0.43862643561778575,0.2515983452425724,34567.0,50082.0,8728.900000000001,31924.300000000003,1412.4,5323.3,0.43068530895106827,0.06968803977161943,0.26265246538959336,0.16180732967498768,0.01697216564833673,0.1066251347789625,0.0,0.0,0.0,0.0,0.0,0.2923006269717663,0.04802124515794098,0.003094924324108462
12079,FL,12-30,0.1836905230043256,0.24877113645300825,20344.0,35012.0,19566.7,27390.5,4794.4,7087.2,1.380965631084652,0.3383759970599159,0.5001957213338553,0.24502854339260066,0.16397235233634183,0.0,0.009253970067405462,0.0,0.0,0.0,0.0,0.39049468753570205,0.0,0.006769107734491031
12083,FL,12-50,0.2786082342737615,0.07923065149737259,19601.0,51516.0,19581.8,29784.6,3577.6,13009.599999999999,0.9392748192432911,0.17160575602471675,0.6240279079771788,0.1827002624886374,0.001203509589253824,0.0,0.0,0.0,0.0,0.0,0.0,0.5438310427828248,0.07017237363149313,0.03670704247224164
12085,FL,12-80,0.04546808891007687,0.03641022585066444,16781.0,34907.0,50589.2,56384.600000000006,38496.9,42681.4,3.5811910402265226,2.72518152800393,3.02140075874543,0.7609707210234596,0.0,0.0,0.0,0.0,0.0,0.0,0.0,0.05130776062107887,0.07004325779929527,0.4285100409659954
12091,FL,12-10,0.0625,0.34151785714285715,6720.0,10586.0,13899.1,15342.7,5566.9,7317.799999999999,3.244419429010276,1.299462448601514,1.7081690539395642,0.4005223359785885,0.038069147931229924,0.0,0.027205743434725108,0.0,0.2894388815416588,0.0,0.0,0.27262422066880787,0.0041564330247496695,0.03495182316266767
12105,FL,12-50,0.15887472171625178,0.10099170208459826,9882.0,102491.0,101148.09999999999,104193.7,58578.0,83715.3,2.438676550641421,1.4123131821900083,2.0183724562291507,0.5791309970231769,0.0,0.0,0.0,0.0,0.0,0.0,0.0,0.14123191304602356,0.018499185294318526,0.7347181703759355
12107,FL,12-50,0.33723320158102765,0.37691699604743084,6325.0,10943.0,6700.4,7408.4,910.3,2804.0,1.5130264991159597,0.2055560895088738,0.6331750796252688,0.13585756074264224,0.0,0.0,0.0,0.0,0.0,0.0,0.0,0.22343050351823082,0.4335191446586859,0.03472539522982729
12109,FL,12-50,0.12695070596977953,0.5212410205598217,16148.0,15581.0,10622.5,12923.5,402.6,679.3000000000001,1.6846652426897912,0.06384996250476913,0.10773293474786307,0.037900682513532596,0.14517681791926063,0.0,0.0,0.0,0.0,0.0,0.0,0.0627045760862589,0.7470637314678134,0.0
12113,FL,12-10,0.1809085928008195,0.13161969650046454,41977.0,44934.0,72702.09999999999,80428.09999999999,32965.2,39167.399999999994,3.9981039199635022,1.812854035060622,2.153931392281357,0.4534284429198056,0.01969555347843504,0.004228423910624471,0.013241643299060845,0.06596341300574175,0.41981572973694753,0.0,0.0,0.051898339787243515,0.0007566653313749054,0.006654203943561668
12121,FL,12-30,0.2104827749217042,0.268185309933227,33846.0,61200.0,28883.5,41360.7,8619.5,11303.4,1.1662203081056979,0.34802693391441697,0.456393949162738,0.2984229750549622,0.03423202614379085,0.07501633986928105,0.015,0.0,0.0,0.0,0.0,0.4146078431372549,0.11230392156862745,0.008954248366013072
12131,FL,12-10,0.2073036187113857,0.11407766990291263,9064.0,14824.0,21450.4,23913.0,7981.6,10668.5,3.575626871710256,1.330475116512633,1.7783619550610184,0.3720956252564055,0.03332433890987588,0.0,0.019158121964382085,0.0,0.252630868861306,0.0,0.0,0.36805180787911496,0.006341068537506746,0.0458041014570966
12133,FL,12-10,0.03216964800923255,0.19200807847663012,6932.0,12124.0,16758.9,18594.7,7061.3,8662.800000000001,3.415716246676079,1.4391992990383495,1.7656091212254705,0.42134626974324085,0.038436159683272846,0.0,0.06779940613658858,0.0,0.14797096667766413,0.0,0.0,0.4006928406466513,0.0013196964698119432,0.007258330583965688
13001,GA,13-90,0.31014316805590514,0.08831411101076352,67543.0,73671.0,71470.1,84302.8,16955.5,35212.1,2.397231790527678,0.5687170386538153,1.1810752402926488,0.2372390692051641,0.054295448684014064,0.009528851244044468,0.02574961653839367,0.022695497549917877,0.4843696977100895,0.0,0.0,0.050264011619226015,0.001398107803613362,0.027446349309769108
13005,GA,13-90,0.469265306122449,0.01236734693877551,24500.0,33382.0,32881.1,40184.0,8407.5,16335.4,2.4339754234497666,0.6223529131523553,1.2092041364863497,0.2556940005048493,0.042268288299083336,0.058414714516805466,0.0067701156311784794,0.0,0.42115511353424,0.0,0.0,0.12353963213707986,0.0004793002216763525,0.01207237433347313
13007,GA,13-70,0.03623420618934261,0.07201062076542758,43688.0,44310.0,66106.0,76586.8,16438.3,21908.0,3.686560222809396,0.9167213703840451,1.2217523577482867,0.24866577920309804,0.1395170390431054,0.0,0.02198149401940871,0.0,0.3001128413450688,0.0,0.0,0.041390205371248025,0.00020311442112389978,0.016181448882870684
13017,GA,13-80,0.05555555555555555,0.08699665397484713,17334.0,19327.0,38700.2,43505.5,13609.8,19900.5,4.948014530892323,1.7400811407315293,2.5443786639868184,0.3516726011751877,0.08232007036787914,0.0,0.0,0.0,0.45728773218813057,0.0,0.0,0.07202359393594453,0.003466652869043307,0.03487349304082372
13019,GA,13-80,0.1934307984643425,0.08252220110908598,51574.0,58754.0,96377.5,111709.1,32125.1,47737.6,4.053408942770148,1.351105471996942,2.007730172980044,0.3333257243651267,0.049051979439697725,0.0,0.003165741906933996,0.0,0.3696769581645505,0.0,0.0,0.04258433468359601,0.018347686965993804,0.08244545052251762
13023,GA,13-50,0.33266017991554986,0.09460865308120678,16341.0,19574.0,56618.1,69427.8,23204.0,33538.8,7.14756166263723,2.9293109592132955,4.233993035634498,0.40983360444804756,0.1350771431490753,0.0,0.15382650454684785,0.039491161745172164,0.2627975886379892,0.0,0.0,0.19127413916419742,0.0,0.007561050372943701
13027,GA,13-80,0.4589892073341982,0.32938360103245823,74773.0,77557.0,108552.1,126932.09999999999,41387.3,58530.8,3.4585927871838624,1.3186462285023934,1.8648575449770313,0.381266691293858,0.021442294054695256,0.05256778885207009,0.08564023879211419,0.019766107508026355,0.48681614812331575,0.0,0.0,0.033730030816044976,0.06026535322408035,0.028095465270704126
13031,GA,13-60,0.30100337524026743,0.29436325678496866,108733.0,112363.0,129759.0,160723.7,39609.6,60920.0,2.8536214940681464,0.8710825910452581,1.339734595817103,0.30525512681201306,0.03872271121276577,0.0030971049188789905,0.04214020629566672,0.026209695362352375,0.5565889127203795,0.0,0.0,0.03275989427124587,0.0018778423502398476,0.009487108745761506
13033,GA,13-60,0.17922059037370947,0.10044870063773656,96278.0,102428.0,111789.2,139473.3,32777.8,48358.6,2.6968907827849065,0.7907574855170904,1.1666409868608254,0.2932107931714334,0.10976490803295974,0.07331003241301207,0.04429452883977038,0.01696801655797243,0.34199632912875383,0.003309641894794392,0.0,0.1023157730308119,0.0004198070840004686,0.005359862537587378
13037,GA,13-70,0.028260789984258888,0.2198813925394443,54634.0,59519.0,87522.2,102330.8,23942.9,30555.100000000002,3.63366431187445,0.9940387839060121,1.2685578792095606,0.2735637358293096,0.15677346729615754,0.0,0.0,0.0,0.3422436532871856,0.017473411851677615,0.0,0.03605571330163477,0.002419395487155362,0.06576051344948672
13043,GA,13-60,0.11647705869057486,0.4023958411813456,13273.0,18424.0,28012.8,39283.4,9009.2,13360.900000000001,3.757117688864204,1.2083270748556156,1.7919834407537178,0.32161012108750286,0.004830655666521928,0.0,0.0,0.03126356925749023,0.5173686495874946,0.0,0.0,0.24978289188015632,0.0,0.06480677377333913
13061,GA,13-70,0.07867050510337607,,19105.0,19610.0,29301.1,35816.9,8017.5,10430.6,3.6922281962812638,1.0102842406491577,1.3143586904290745,0.27362453969304906,0.08276389597144314,0.0,0.0,0.0,0.4103518612952575,0.0,0.0,0.08893421723610404,0.00025497195308516065,0.0
13069,GA,13-80,0.35817127430885365,0.2628355746638004,80012.0,86101.0,117888.59999999999,132617.1,39440.9,59146.5,3.3833413634719767,1.1319332690570751,1.6974737163270688,0.33456076329687523,0.04182297534291123,0.0,0.019360983031555964,0.0,0.4948490726007828,0.0,0.0,0.049360634603547,0.0,0.01135875309229858
13071,GA,13-80,0.17075569901920523,0.23320377037751525,104711.0,112217.0,160299.6,181079.3,55648.0,81082.5,3.529847866814656,1.2253865517599667,1.7854622822577182,0.34714996169672285,0.040484062129623855,0.002691214343637773,0.016013616475222113,0.01291248206599713,0.4469019845477958,0.0,0.0,0.050919201190550455,0.1292763128581231,0.0311806589019489
13075,GA,13-80,0.14621876788098417,0.08075052450886896,41944.0,43101.0,63499.9,71671.90000000001,21430.7,31623.0,3.640557530597168,1.2286585690838683,1.8130005053562954,0.3374918700659371,0.04303844458365235,0.002482541008329273,0.0,0.0,0.49179833414537943,0.0,0.0,0.04888517667803531,0.05118210714368576,0.009790956126307974
13081,GA,13-80,0.3823450448354245,0.11329670132984912,55871.0,60524.0,97926.6,113251.9,37402.4,52299.6,3.998114772451014,1.5270527922456392,2.135270736993616,0.3819432105270682,0.015200581587469434,0.0,0.008938602868283655,0.012044808670940453,0.5834379750181746,0.0,0.0,0.02807150882294627,0.06547815742515366,0.05571343599233362
13087,GA,13-70,0.2527830416984553,0.19105981181141765,121899.0,120774.0,158107.4,192920.1,41112.0,53861.9,3.234900673140055,0.8411575705762915,1.102022401017298,0.26002577994451875,0.09435805719774124,0.0014986669316243563,0.013189924983854141,0.0,0.38272310265454484,0.0011426300362660838,0.0,0.012229453359166708,0.14713431698875587,0.005936708231904218
13091,GA,13-50,0.23079371394469864,0.16240302367217027,25135.0,28091.0,58660.0,68505.8,22578.0,34898.7,5.1600874575002385,1.9860970783402725,3.069900173083252,0.3848960109103307,0.05674415293154391,0.0,0.06724573706881208,0.011605140436438717,0.4613577302338827,0.0,0.0,0.08273112384749563,0.0,0.015164999466021145
13093,GA,13-80,0.31163747535643876,0.22436831528519863,104997.0,109944.0,185535.5,206774.8,70928.0,100283.40000000001,4.170015690096891,1.5941470654790717,2.253926345396232,0.3822880257417044,0.02464891217347013,0.0,0.04347667903660045,0.04052972422324092,0.6502855999417886,0.0,0.0,0.02601324310558102,0.005520992505275413,0.03417194207960416
13095,GA,13-70,0.21321400368518031,0.3794419584101079,7598.0,20697.0,15225.1,19122.6,4016.2,4985.9,1.817753366853041,0.47950168287598655,0.595275992393651,0.2637880867777551,0.04300140116925158,0.0,0.0,0.0,0.12393100449340484,0.0,0.0,0.07286080108228246,0.002077595786829009,0.5902787843648838
13099,GA,13-70,0.16572345260906376,0.1473641994563522,67323.0,69236.0,141349.2,164764.6,37874.8,50286.200000000004,5.044795768975483,1.3517630859657686,1.7947297119322567,0.26795199406859044,0.0885521982783523,0.0,0.02271939453463516,0.03259864810214339,0.42973308683343925,0.0,0.0,0.04062915246403605,0.0,0.0027442371020856204
13103,GA,13-60,0.04930171524978911,0.35162620676726963,21338.0,22425.0,18045.0,25653.4,5340.7,7429.099999999999,1.9884132033779258,0.5885019892092263,0.8186267957448017,0.2959656414519257,0.010702341137123745,0.0,0.08535117056856187,0.0,0.4039687848383501,0.0,0.0,0.12098104793756968,0.0021850613154960983,0.0046822742474916385
13107,GA,13-60,0.38509024634017286,0.27661826092068903,34018.0,37552.0,54407.9,70644.9,16811.0,25413.0,3.5802313816380984,1.1062229888806234,1.6722648751664553,0.3089808649111618,0.03539092458457605,0.0,0.07664039198977418,0.03267469109501491,0.5308106092884534,0.0,0.0,0.11493395824456754,0.001784192586280358,0.028893268001704303
13109,GA,13-90,0.4217546496336652,,10646.0,12763.0,7396.1,11398.9,1614.5,3456.2000000000003,1.4319643593742082,0.3125845321466258,0.6691574233540837,0.21829072078527872,0.06879260361983859,0.0,0.020763143461568597,0.0,0.42834756718639816,0.0,0.0,0.08023192039489148,0.06181932147614197,0.1096920786648907
13115,GA,13-10,0.624822806741219,0.07103480863128052,6349.0,17159.0,12472.4,17223.8,1093.6,9068.6,1.796140311096843,0.1574884580526208,1.3059618056839768,0.08768160097495269,0.1342735590652136,0.0,0.11894632554344658,0.0,0.0,0.0,0.0,0.6477650212716358,0.00297220117722478,0.0013986829069293082
13131,GA,13-70,0.4122869853717388,0.11125772884934398,53048.0,57555.0,96680.3,108644.3,29059.1,36191.6,4.150850909887931,1.2476170603062298,1.5538422593879007,0.3005689887184876,0.10873077925462601,0.05010859178177395,0.03412388150464773,0.004169924420119885,0.3818608287724785,0.0,0.0,0.07655286247936756,0.026548518808096604,0.05115107288680393
13147,GA,13-30,0.7217165149544863,0.048927178153446035,6152.0,20670.0,7191.200000000001,13640.7,4295.6,6510.400000000001,0.8596924137429509,0.5135296935802397,0.7783042455267699,0.5973411947936367,0.0,0.01282051282051282,0.16850507982583454,0.0880503144654088,0.0,0.0,0.0,0.686066763425254,0.0008708272859216256,0.0043541364296081275
13153,GA,13-50,0.4345095352289597,0.4988009592326139,8757.0,15135.0,38310.7,46332.0,12965.4,20718.8,6.2548927240000864,2.116828617690377,3.3827069557594354,0.3384276455402799,0.0796828543111992,0.0,0.05953088866864883,0.04730756524611827,0.28093822266270235,0.0,0.0,0.1943178064089858,0.00178394449950446,0.24380574826560952
13155,GA,13-80,0.3633238276299113,0.16135931558935362,63120.0,64693.0,112544.3,126633.9,37796.0,56181.9,4.298811646307189,1.4436793776657415,2.1459585783701693,0.335832201186555,0.0819872320034625,0.0,0.0,0.01278345416041921,0.5063917270802096,0.0,0.0,0.014978436616017188,0.0017312537677955885,0.031904533720804415
13161,GA,13-80,0.42347879532882604,0.14833916784693088,37421.0,40326.0,50170.9,55717.8,18379.8,26529.3,3.0743191447331766,1.1262578709245166,1.62563427975918,0.366343836765934,0.06043247532609235,0.0,0.0,0.0,0.4636958785894956,0.0,0.0,0.0731785944551902,0.012969300203342757,0.0035460992907801418
13163,GA,13-60,0.1748625761402466,0.11814737780418957,53848.0,60187.0,62380.6,84611.90000000001,18000.3,25277.999999999996,2.5611148519033438,0.7390252044500335,1.0378204317754673,0.2885560574922332,0.20055826008938807,0.010052004585707878,0.14293784372040474,0.04755179689966272,0.22092810739860766,0.010483991559639125,0.0,0.08895608686261153,0.005001079967434828,0.04273348065196803
13165,GA,13-60,0.10263157894736842,0.4457894736842105,24700.0,30201.0,53541.0,65499.5,15956.2,24532.100000000002,4.380738793130526,1.3055405078528473,2.0072229160261736,0.2980183410844026,0.04367405052812821,0.0,0.02099268236151121,0.0,0.46819641733717426,0.0,0.0,0.17618621899937087,0.0019204662097281548,0.009999668885136254
13167,GA,13-50,0.024132524371122777,0.2224418842456882,14669.0,17003.0,16683.4,22032.7,5687.6,10501.0,2.4246061995937813,0.8265815253970769,1.526115162492915,0.34091372262248704,0.19331882608951362,0.0,0.13138857848614952,0.008469093689348938,0.15085573134152797,0.0,0.0,0.17255778392048463,0.0,0.0039404810915720755
13173,GA,13-80,0.21415753683415187,0.04698715527011711,21176.0,22263.0,25254.8,28671.7,9063.9,13039.1,2.8031249103341724,1.0060362336972737,1.447258581273196,0.3588981104582099,0.07505726990971567,0.0,0.0,0.0,0.44225845573372863,0.0,0.0,0.015496563805417059,0.0,0.02088667295512734
13175,GA,13-50,0.22922848664688428,0.06261127596439169,26960.0,29742.0,46380.5,59947.6,15945.0,26299.7,3.853429878669176,1.3247580214827355,2.185057293044183,0.3437867207123683,0.06260507027099724,0.013112769820455922,0.10036312285656647,0.046903368973169254,0.3528007531437025,0.0,0.0,0.17470244099253582,0.014558536749377984,0.011700625378252975
13177,GA,13-70,0.08039043190482174,0.06876544761425998,47742.0,54620.0,82776.4,101308.8,25108.0,30811.5,3.7448725555618205,1.135906612573707,1.3939376530713228,0.3033231694057727,0.09793116074697913,0.0,0.0726656902233614,0.02856096667887221,0.28930794580739655,0.0032771878432808496,0.0,0.04348224093738557,0.0,0.10640790919077261
13185,GA,13-80,0.3968977481461324,0.07857677393019934,14699.0,19345.0,23218.1,30613.8,7419.2,11152.3,2.9657882953956016,0.9476992743247316,1.4245507085739302,0.3195438041872505,0.04781597311966917,0.0,0.08332902558800724,0.0,0.10907211165675886,0.0,0.0,0.14013957094856552,0.09433962264150944,0.21256138537089686
13193,GA,13-40,0.2698613187606331,0.06815486930968706,38794.0,51223.0,23393.1,58302.8,6130.0,11574.1,1.128508853288473,0.2957179369411639,0.558347304070265,0.2620430810794636,0.0740682896355153,0.12322589461765222,0.06641547742225172,0.0805302305604904,0.3548796439099623,0.0,0.0,0.06061730082189641,0.004587782831930969,0.19670850984909122
13197,GA,13-40,0.18662723837686873,0.07507803515689174,6087.0,11643.0,4010.7,10117.8,908.8,2015.2,0.8512115034358498,0.19287930144924834,0.4276962679143104,0.22659386142069962,0.06896847891436915,0.0,0.11363050760113373,0.0,0.10212144636262131,0.0,0.0,0.45898823327321137,0.01760714592458988,0.0011165507171691145
13201,GA,13-70,0.09353108236036604,0.24550331334805933,47535.0,49120.0,131490.5,155467.7,33607.3,45113.700000000004,6.614822915677587,1.6906646348903638,2.2695110032360057,0.255587285773497,0.12746335504885994,0.0,0.012968241042345277,0.017772801302931598,0.39672231270358305,0.0038070032573289904,0.0,0.02980456026058632,0.0,0.004580618892508144
13205,GA,13-70,0.13255968453988257,0.09845270241309845,93324.0,110235.0,227352.4,269011.5,68950.6,86702.6,5.096385134437843,1.545612946467994,1.9435459742545518,0.3032763234520507,0.06021680954324851,0.009008028303170499,0.013190003175035152,0.0,0.3510137433664444,0.0,0.0,0.03145099106454393,0.05491903660361954,0.14331201524016873
13209,GA,13-50,0.0681405601659751,0.198003112033195,15424.0,17426.0,23701.399999999998,28170.0,8267.8,13430.8,3.3609224654572896,1.172396346203506,1.9045236757771171,0.348831714582261,0.0,0.005164696430620911,0.0697234018133823,0.012223114885802824,0.4576494892689085,0.0,0.0,0.07511764030758636,0.03563640537128429,0.10931940778147596
13211,GA,13-50,0.49830093788228896,0.2211499252412668,7357.0,22402.0,11753.9,15172.199999999999,890.9,8022.5,1.2965145715681257,0.0982707724083107,0.8849222939114071,0.07579611873505815,0.014373716632443531,0.0,0.05231675743237211,0.049102758682260515,0.09262565842335506,0.0,0.0,0.6278457280599946,0.0008927774305865548,0.006829747343987144
13229,GA,13-90,0.3808928675231064,0.09602976225077021,34406.0,41893.0,38556.8,48334.6,8816.0,18561.699999999997,2.274268439155277,0.5200107519190629,1.0948597520299532,0.2286496804714084,0.10937388107798439,0.0,0.03754803905187024,0.012651278256510634,0.4204521041701478,0.0,0.0,0.06850786527582174,0.0034373284319576063,0.06301768791922278
13235,GA,13-50,0.2566339886054509,0.3109890673920854,19483.0,23384.0,58150.0,70843.2,21931.2,32955.2,6.144875954633794,2.317532305008851,3.4824697516792367,0.3771487532244196,0.029165241190557648,0.0,0.028994184057475197,0.023049948682860075,0.42905405405405406,0.0,0.0,0.05135990420800547,0.03083304823811153,0.11281217926787547
13243,GA,13-70,0.07712087269893834,0.10657446186812117,51335.0,51096.0,71610.5,86227.5,19886.7,24362.7,3.4631556128766334,0.9617407604554324,1.1782046103550394,0.2777064815913867,0.18130577736026304,0.0,0.09942069829340848,0.044230468138406136,0.25585173007671835,0.019844997651479568,0.0,0.04949506810709253,0.0,0.021802098011586033
13251,GA,13-60,0.16137047403792903,0.09112544717029143,66809.0,70463.0,77970.4,97100.7,23612.4,34721.4,2.734329426102702,0.8280588549104204,1.2176383055041704,0.30283800006156186,0.14663014631792573,0.0,0.03032797354640024,0.02465123540013908,0.4511729560194712,0.0,0.0,0.06488511701176504,0.0002980287526787108,0.047996821026638097
13253,GA,13-70,0.18781725888324874,0.263037875829754,64025.0,70051.0,121005.3,138006.9,33607.8,42583.3,4.268470231124293,1.1855174429019144,1.5021288190933382,0.2777382478288141,0.16413755692281337,0.0,0.06820744885868867,0.0,0.3506445304135558,0.0,0.0,0.03391814535124409,0.03680175871864784,0.0
13261,GA,13-70,0.25977533692535704,0.09000373976758037,72197.0,79368.0,112639.5,135784.4,34019.4,40974.50000000001,3.5069330984490947,1.0591645013461453,1.2757055051061346,0.3020201616662006,0.10388317709908275,0.0,0.036526055841145044,0.03178863017840943,0.3561762927124282,0.0,0.0,0.0639048483015825,0.05471978631186372,0.06495060981755871
13267,GA,13-90,0.180967763644929,0.08227336967494447,29718.0,38695.0,32285.6,45492.0,6049.2,13318.2,2.0617510024283017,0.3863005229541741,0.8504971938121209,0.18736526500978765,0.047292931903346686,0.0,0.09445664814575526,0.0,0.19576172632123012,0.0,0.0,0.16506008528233623,0.2074428220700349,0.1213851918852565
13269,GA,13-40,0.21095100864553315,0.09726224783861671,6940.0,13118.0,4161.099999999999,9708.0,1359.3,2245.7999999999997,0.7838315313485452,0.25605301496288907,0.4230441116778167,0.3266684290211723,0.02934898612593383,0.0,0.23082787010214972,0.028281750266808965,0.0,0.0,0.0,0.29844488489098947,0.0,0.0
13271,GA,13-80,0.5036701860231272,0.22071392659627953,9945.0,13829.0,27494.5,32861.9,11972.8,16002.8,4.912892407801705,2.1393761741485844,2.8594822463972474,0.43546163778210184,0.04620724564321354,0.0,0.0,0.0,0.4048738158941355,0.0,0.0,0.21165666353315496,0.020174994576614362,0.08756960011569889
13273,GA,13-70,0.2819545221215611,0.17902579114582612,72079.0,67390.0,104881.3,120590.90000000001,29580.9,37026.700000000004,3.8457832980074507,1.0846712536937337,1.3576935491868665,0.28204169856780953,0.1820596527674729,0.0,0.028461196023148835,0.023757234010980857,0.4340851758421131,0.003947173171093634,0.0,0.011411188603650393,0.006232378691200475,0.023727556017213235
13275,GA,13-70,0.30787819486449625,0.3477139299057107,67452.0,75510.0,108566.8,121556.9,32361.3,41210.7,3.5528328073989472,1.0590188559493283,1.348614189382719,0.29807731276964966,0.04435174149119322,0.006197854588796186,0.03265792610250298,0.004701364057740696,0.5432525493312144,0.0021851410409217324,0.0,0.0582174546417693,0.0006224341146867965,0.08890213216792478
13277,GA,13-80,0.480467740218664,0.10931678907592415,65763.0,66332.0,75365.59999999999,82029.3,25483.6,37548.7,2.807580856525025,0.9493358709456453,1.398794825588879,0.3381330474380885,0.03144786829886028,0.0,0.0030905143821986373,0.013869625520110958,0.48603992040041005,0.0034674063800277394,0.0,0.030769462702767893,0.0941476210577097,0.019523005487547488
13279,GA,13-90,0.2958555878574809,0.05662227029950646,29582.0,32852.0,24479.6,32204.6,4350.6,10396.0,1.8413006502385305,0.3272423817761627,0.781963821299358,0.17772349221392508,0.1274199439912334,0.0,0.09746742968464629,0.0196030683063436,0.25943625958845734,0.0,0.0,0.08011688786070863,0.24242055278217461,0.035431632777304274
13287,GA,13-80,0.09887063421728362,0.3598291180948485,44007.0,48593.0,81596.2,92005.1,28725.0,42425.0,4.149334292443586,1.4607252243418447,2.1573983513560577,0.3520384527710849,0.058897372049472145,0.0,0.0,0.034305352622805756,0.48179778980511595,0.0,0.0,0.06151091721029778,0.023974646554030418,0.05163295124812216
13289,GA,13-50,0.2941943246766269,0.05575052642133761,9973.0,10933.0,22016.5,24834.1,9217.2,13768.1,4.976123324862202,2.0832522839652032,3.1118371925163077,0.4186496491267913,0.055977316381597,0.0,0.0,0.0,0.5722125674563249,0.0,0.0,0.0864355620598189,0.0010061282356169396,0.006677032836366962
13295,GA,13-10,0.7440818937939859,0.05710172744721689,6252.0,20377.0,12075.800000000001,16244.4,538.8,9139.800000000001,1.4643937603774824,0.06533855794989875,1.1083544022837504,0.044618161943722146,0.0,0.007263090739559307,0.13475977818128282,0.0,0.0,0.0,0.0,0.6832212788928694,0.0023065220591843745,0.0021592972468960103
13299,GA,13-90,0.03530547510688181,,14502.0,19646.0,13070.3,16860.7,3004.1,6360.7,1.643968984724774,0.37785262977985923,0.8000423495358845,0.22984170217975106,0.09798432250839866,0.0,0.05288608368115647,0.0,0.3176219077674845,0.0,0.0,0.13417489565305915,0.0,0.0987987376565204
13303,GA,13-50,0.18518111964873765,0.05779363336992316,18220.0,25465.0,27463.3,37818.9,8551.3,15260.999999999998,2.664963370448538,0.8297947176674537,1.4808856181309287,0.31137190359497946,0.1338307480856077,0.008010995483997644,0.07979579815432947,0.03357549577851954,0.14380522285489888,0.0,0.0,0.29703514627920674,0.0021598272138228943,0.06703318279992146
13305,GA,13-90,0.37077647823261856,0.08682586094866797,12312.0,15696.0,28722.0,36999.4,5947.2,13246.3,4.521763994966822,0.9362800233572411,2.085392465933048,0.20706078963860455,0.10340214067278287,0.0,0.0,0.0,0.3523190621814475,0.0,0.0,0.21801732925586137,0.015163098878695208,0.0545361875637105
13307,GA,13-70,0.014334763948497854,0.15145922746781115,23300.0,25288.0,33886.2,38253.299999999996,9739.3,12684.3,3.3112394722685297,0.9516899089382962,1.2394648806326976,0.28741198481977914,0.08937045238848465,0.0,0.0,0.0,0.3748813666561215,0.0,0.0,0.024596646630813034,0.0,0.06398291679848149
13315,GA,13-80,0.218821542086195,0.3022604520904181,44991.0,47694.0,78670.4,86289.4,28910.4,41526.5,4.075959072875935,1.4978645993978987,2.1515120609502754,0.36748764465415207,0.01232859479179771,0.021029898939069903,0.014089822619197383,0.0,0.524447519604143,0.0,0.0,0.04065500901580912,0.06554283557680211,0.03706965236717407
13321,GA,13-80,0.2935637653021229,0.29303508436107084,109707.0,111534.0,173050.0,187152.5,60577.1,89326.4,3.83395074711684,1.3420954510440424,1.9790408437865223,0.35005547529615716,0.0588520092527839,0.0,0.005487116036365592,0.0,0.4942708053149712,0.0,0.0,0.027184535657288362,0.04503559452722936,0.006401635375759858
16001,ID,16-70,0.07432414037189296,0.08072200593504125,36731.0,58686.0,30322.399999999998,33983.9,13638.3,15438.6,1.2767658758477276,0.5742591630139455,0.650063242054149,0.44977640292325144,0.08254098081314112,0.19747469583887128,0.0,0.1535119108475616,0.0,0.0,0.0,0.33675834100126095,0.013103636301673311,0.0019255018232627885
16005,ID,16-90,0.22847665133457587,0.02889728639091702,58483.0,75400.0,14926.6,19523.5,2361.0,5302.0,0.48918344655275736,0.07737610154429408,0.1737603093552932,0.15817399809735638,0.0,0.0,0.0,0.39114058355437664,0.0,0.0,0.0,0.4483554376657825,0.0,0.0002917771883289125
16007,ID,16-90,0.04370774113426246,0.02452739064440458,28988.0,82328.0,5994.7,9346.9,1082.3,2330.7,0.17992938371893114,0.03248495704522314,0.06995536300961061,0.18054281281798923,0.0,0.0,0.0,0.13195996501797688,0.0,0.0,0.0,0.7423112428335439,3.6439607423962686e-05,0.0
16009,ID,16-10,0.09901678250550941,0.006611290049160875,58990.0,61303.0,25467.6,45846.100000000006,13543.0,16010.2,1.0265698274233204,0.5459028401888685,0.6453528503279793,0.5317737046286262,0.0,0.0,0.0,0.4282987782000881,0.0,0.0,0.0,0.21648206449929042,8.15620768967261e-05,0.000146811738414107
16011,ID,16-90,0.06448799166180025,0.02978984484147811,270562.0,345521.0,127776.59999999999,152004.0,30953.3,38883.4,0.9138166851096575,0.22136793434169294,0.2780814303541717,0.24224545026241112,0.008286037606976132,0.00827446088660313,0.0,0.39326987361115534,0.0,0.0,0.0,0.25067362041670405,0.19713128869157012,4.920106158525821e-05
16013,ID,16-80,0.001418789710690272,0.06347541792609956,16211.0,38259.0,7446.900000000001,10050.9,2742.0,3634.0,0.4809767806915585,0.17709897174075834,0.2347110369459941,0.3682069048865971,0.0,0.0,0.0,0.037063174677853576,0.0,0.0,0.0,0.7278810214590031,0.0,0.0
16019,ID,16-90,0.2663083407447508,0.03520101053065749,155166.0,172674.0,52946.6,64265.4,5580.7,12415.2,0.7576930974199599,0.0798626893657302,0.1776679020577013,0.1054024243294187,0.0,0.024439116485400234,0.0,0.28601294925698134,0.0,0.0,0.0,0.16531730312612206,0.09689935948666273,0.00011003393678260768
16021,ID,16-10,0.4117959617428268,0.08481157524728195,24466.0,35783.0,9087.2,10829.5,3438.3,4706.5,0.6275315156550387,0.23743745161069635,0.3250150847819394,0.3783673738885465,0.0,0.0,0.0,0.2341335270938714,0.0,0.0,0.0,0.4390632423217729,0.0007824944806192885,0.0006148170919151552
16023,ID,16-90,0.0992864733566115,0.08626840746925762,26348.0,69677.0,6846.299999999999,11473.1,1442.1,2602.7,0.2428000018856515,0.0511432281260386,0.0923032243558981,0.21063932343017397,0.0,0.003602336495543723,0.0,0.13002856035707622,0.0,0.0,0.0,0.6774114844209711,0.015327870028847395,0.0
16027,ID,16-70,0.033902110462505616,0.04497402014240811,155890.0,202479.0,126975.1,152472.6,44036.8,49500.100000000006,1.549604182277247,0.5374251286599236,0.6040992445222879,0.346814454172511,0.10377372468255967,0.10022273914825736,0.0,0.1562976901308284,0.0,0.0,0.0,0.22352935366136736,0.09538766983242707,0.02001689064051087
16029,ID,16-90,0.04444735425487029,0.021736283881105146,137466.0,148487.0,32298.9,39633.2,4608.7,11974.2,0.537503754905805,0.07669591085870985,0.19926924638278984,0.14268906990640548,0.0,0.0,0.0,0.36116293008815586,0.0,0.0,0.0,0.1847569147467455,0.044212624674213906,0.0
16031,ID,16-80,0.07583566916286659,0.0491235409781199,239030.0,287172.0,122684.59999999999,157546.1,55283.7,62772.7,1.055674817988752,0.4757044481152873,0.5401456959321915,0.4506164587894487,0.011714233978243005,0.10257267421614921,0.0,0.24502040588915353,0.0,0.0,0.0,0.20744014040366052,0.10096736450628892,6.964467287897149e-06
16035,ID,16-10,0.12487257900101936,0.03298383573612931,13734.0,17646.0,9920.699999999999,12407.4,3459.6,4751.599999999999,1.389243090740852,0.4844643419040039,0.6653892840186914,0.34872539236142613,0.0,0.0,0.0,0.4440099739317692,0.0,0.0,0.0,0.3578148022214666,0.0008500510030601836,0.0
16037,ID,16-90,0.06035777686740407,0.28990850744230506,7323.0,36804.0,4316.8,6737.8,636.3,1250.8,0.28983385249360377,0.0427217569360823,0.08397984217452734,0.14740085248332097,0.0,0.0,0.0,0.0,0.0,0.0,0.0,0.8888164329964134,0.0,0.0
16039,ID,16-70,0.05577864441692801,0.139585479036719,86413.0,122869.0,72561.4,82961.1,27753.6,31167.2,1.4593031950118882,0.5581606357248061,0.626812527591454,0.38248435118396285,0.12449031081883957,0.08769502478249193,0.0,0.1607484393948026,0.0,0.0,0.0,0.34392727213536367,0.10710594210093677,0.0003825212217890599
16041,ID,16-90,0.15659765142150803,0.059718788627935726,51776.0,89591.0,17394.8,29424.399999999998,3135.3,4992.400000000001,0.47977460788974874,0.0864762646375198,0.13769786099459505,0.1802435210522685,0.025873134578250048,0.05791876416157873,0.0,0.19600183054101417,0.0,0.0,0.0,0.5502450022881763,0.0,0.0001227801899744394
16043,ID,16-90,0.033255169473459814,0.03702914169765587,126657.0,143429.0,48611.299999999996,55382.299999999996,3720.0,9463.0,0.837495473726709,0.0640896903037639,0.1630324568130424,0.0765254169298085,0.0,0.0,0.0,0.2677213115897064,0.0,0.0,0.0,0.15072265720321554,0.14927246233327987,0.0
16045,ID,16-70,0.18390153048829866,0.02728965908170702,12349.0,23549.0,22218.7,25124.399999999998,6873.1,7856.900000000001,2.3314622018788516,0.7212110906458764,0.824443616140546,0.3093385301570299,0.1669285319971124,0.07652129602106246,0.0,0.07070363922034906,0.0,0.0,0.0,0.47840672640027176,0.005308081022548729,0.011720242897787591
16047,ID,16-80,0.014949576251124473,0.11425832110222053,84484.0,119358.0,55761.1,101854.6,32033.8,35564.4,1.1544151113899992,0.6631917733912165,0.7362853456534841,0.5744829280627535,0.10500343504415288,0.4756028083580489,0.0,0.030865128437138692,0.0,0.0,0.0,0.22808693175153738,0.03266643207828549,6.702525176360194e-05
16049,ID,16-10,0.2870390971956462,0.012637836971903063,112361.0,109775.0,55845.4,71254.1,32802.8,38789.3,1.2570893983317182,0.738396575467195,0.8731537028780978,0.587385890332955,0.0,0.0,0.0,0.49619676611250285,0.0,0.0,0.0,0.30055112730585287,7.287633796401731e-05,0.00020951947164654975
16051,ID,16-90,0.09993768014333566,0.0185635273038872,128370.0,202560.0,48052.700000000004,67454.3,6410.3,11428.0,0.5862006696300976,0.07820002107123668,0.13941154716660573,0.13340145298807352,0.0,0.02551342812006319,0.0,0.21385268562401263,0.0,0.0,0.0,0.3803860584518167,0.15334715639810426,2.962085308056872e-05
16053,ID,16-80,0.006211049129504065,0.05209267011842119,94831.0,129291.0,56993.4,81230.2,27490.9,29605.600000000002,1.089277354812844,0.525415483782761,0.5658323534943895,0.48235234255194465,0.02790604141046167,0.31665777200269163,0.0,0.06367805957104516,0.0,0.0,0.0,0.2196131207895368,0.06616083099364999,0.0001392208274357844
16055,ID,16-10,0.4092609915809167,0.019536590631071455,27794.0,45556.0,20659.9,29289.6,6721.3,8928.8,1.1206366824509373,0.36457753105085133,0.4843170010633123,0.32533071312058626,0.0,0.0,0.0,0.256299938537185,0.0,0.0,0.0,0.48985863552550707,0.0029633857230661163,0.0016902274124154886
16057,ID,16-10,0.23974953567433122,0.020940816127035158,184138.0,204762.0,76821.2,165787.7,35161.0,41058.2,0.9270729886778506,0.42432054374185646,0.49548755009988027,0.45769917678974037,0.0,0.0,0.0,0.45281839403795626,0.0,0.0,0.0,0.19239409656088532,0.00016604643439700726,0.0001367441224445942
16061,ID,16-10,0.5168116008888274,0.008111703150108797,130059.0,111209.0,38769.0,63559.5,17179.1,20327.199999999997,0.8614436362255333,0.3817180317027021,0.45166852594298684,0.4431143439345869,0.0,0.0,0.0,0.4887194381749679,0.0,0.0,0.0,0.0644642070336034,0.0,0.0
16063,ID,16-80,0.03218420048339906,0.0855870754356952,39305.0,74119.0,21911.1,33765.8,16770.3,18165.8,0.7304943029270776,0.5591051388738114,0.6056297222920213,0.7653791913687583,0.06768844695692063,0.18243635235229833,0.0,0.12328822569111833,0.0,0.0,0.0,0.5033122411257572,0.0,0.0
16065,ID,16-90,0.08422093069228641,0.010295338631241846,126465.0,141626.0,52809.5,60156.299999999996,4069.3,9015.2,0.9214064961652711,0.0710000938248864,0.15729487770626785,0.07705621147710166,0.0,0.004137658339570418,0.0,0.32573115105983363,0.0,0.0,0.0,0.13188256393600045,0.2332551932554757,4.9425952861762673e-05
16067,ID,16-80,0.012082283112448166,0.017177548310160717,184485.0,228396.0,94941.59999999999,112148.9,47076.9,49903.3,1.027188754842599,0.5093327086635316,0.5399119942105113,0.4958511337495893,0.0,0.03516699066533564,0.0,0.13997180335907808,0.0,0.0,0.0,0.2002662043118093,0.12773428606455456,1.313508117480166e-05
16069,ID,16-10,0.5510458253134523,0.00850640687995038,203141.0,196219.0,78695.0,151959.5,36739.3,44433.700000000004,0.9910333858881442,0.46267072716386426,0.5595689708181973,0.4668568524048542,0.0,0.0,0.0,0.5374046346174427,0.0,0.0,0.0,0.07263822565602719,5.0963464292448746e-05,0.0005911761857924054
16071,ID,16-90,0.31914781509062806,0.006498524659266545,56936.0,64659.0,24643.7,34386.2,4088.9,8484.5,0.9418009695885157,0.15626427787022573,0.3242496186235736,0.1659207018426616,0.0,0.0,0.0,0.3916392149584745,0.0,0.0,0.0,0.5177933466338793,0.0,0.0
16073,ID,16-70,0.09212378253607822,0.061196914819749655,53287.0,116686.0,78473.70000000001,87295.09999999999,36445.3,41207.8,1.6618337738580378,0.7718003667265382,0.8726556003653102,0.4644269353936414,0.1411994583754692,0.1005776185660662,0.0,0.08060092898891041,0.0,0.0,0.0,0.5742077027235487,0.00973552954081895,0.00024853024355963866
16075,ID,16-70,0.05869546778252142,0.07175775396533687,35369.0,52722.0,37134.5,42913.6,13636.9,15442.599999999999,1.7404754728751664,0.6391546937767132,0.723786951148448,0.36722993442755386,0.10966958764842001,0.11501839839156329,0.0,0.13366336633663367,0.0,0.0,0.0,0.3478434050301582,0.09062630400971132,0.010887295626114336
16077,ID,16-90,0.15842038009857412,0.007358578585481614,246515.0,213797.0,57285.5,70301.1,19371.5,28258.100000000002,0.6621026174379108,0.22389471775053876,0.3266055454490618,0.3381571252760297,0.054458201003755896,0.006202145025421311,0.0,0.5425239830306319,0.0,0.0,0.0,0.052685491377334574,0.205091745908502,9.354668213305144e-06
16081,ID,16-90,0.046663545359284776,0.07618219517089157,44853.0,67299.0,13699.8,16645.3,1360.2,3740.8999999999996,0.5030229728560413,0.04994319973129442,0.1373566504005288,0.09928612096526958,0.0,0.0,0.0,0.07664304075840651,0.0,0.0,0.0,0.3970935675121473,0.0642505832181756,0.0
16083,ID,16-80,0.02433464838123865,0.06472540547310414,159690.0,233511.0,86335.8,134350.1,38648.4,43658.5,0.9136203773386647,0.40898405750031447,0.46200180277521136,0.4476520748055847,0.07816334134152138,0.17825712707324282,0.0,0.0829040173696314,0.0,0.0,0.0,0.3234879727293361,0.04965504837031232,0.00022697003567283768
16087,ID,16-70,0.014154281670205236,0.058588615913456675,19782.0,50586.0,23609.3,31357.800000000003,10002.9,10915.5,1.1532805682743736,0.48862737126436334,0.5332065771962289,0.4236847344055097,0.04459731941643933,0.010378365555687344,0.0,0.13304076226623968,0.0,0.0,0.0,0.7098406673783261,0.02696398212944293,0.0012454038666824814
17001,IL,17-30,0.2641619738474754,0.03606709936050396,335264.0,353573.0,350164.9,367059.0,132840.1,155381.2,2.4472352580913084,0.92839395498628,1.0859293752301764,0.37936440802604715,0.4829950250726158,0.008199155478500903,0.4415806636818988,0.014562763559434685,0.0,0.0,0.0,0.048521804549555535,0.00015838313445879634,9.333291852036213e-05
17003,IL,17-80,0.4998555861887882,0.022922410397794406,38085.0,38737.0,73475.1,74758.8,24162.2,41217.200000000004,4.687015673345412,1.5413195776869513,2.6292670906390403,0.32884882089306444,0.13452254950047757,0.0,0.8066964400960323,0.030719983478328213,0.0,0.0,0.0,0.03887755892299352,0.0,0.0
17005,IL,17-60,0.22389965233197248,0.027921637646244175,138638.0,142958.0,203368.6,207534.4,68857.8,83381.7,3.515261509075628,1.190219010897591,1.441267140410522,0.33858619275542046,0.37024160942374684,0.007400775052812714,0.5542467018285091,0.06364806446648666,0.0,0.0,0.0,0.027938275577442325,0.00010492592229885701,0.00022384196757089495
17007,IL,17-20,0.17635509431316176,0.013874002023500656,99827.0,103169.0,105258.9,113274.1,53060.6,56918.299999999996,2.521110085133539,1.2708817381070547,1.3632794961628547,0.5040960906868683,0.5297424613982883,0.012338977793717105,0.4036483827506325,0.008481229826789055,0.0,0.0,0.0,0.02513351878955888,0.0018513313107619536,0.0008238908974595082
17009,IL,17-30,0.36541520362534136,0.0559256925062273,66642.0,69625.0,88291.79999999999,92650.2,34284.2,40287.399999999994,3.1335553205633992,1.2167770656081278,1.4298360280531814,0.38830559576313994,0.470262118491921,0.003992818671454219,0.464588868940754,0.00851705565529623,0.0,0.0,0.0,0.051820466786355476,0.0,0.0
17011,IL,17-10,0.25996783945455715,0.034442657747475396,388675.0,391839.0,476393.7,502247.7,230819.0,245606.40000000002,3.0042810176387325,1.455613582233255,1.5488673450773711,0.484513124333928,0.6155844619856625,0.0017226462909511304,0.37032811945722605,0.001878322474281529,0.0,0.0,0.0,0.007286155793578485,0.00039557062977396327,4.848930300455034e-05
17013,IL,17-60,0.5009631313325885,0.01735562661324498,51914.0,54453.0,51869.299999999996,52895.100000000006,17401.3,21514.1,2.3538066154178536,0.7896635400298577,0.9763006422828387,0.335483609765314,0.3973885736323068,0.0024241088645253705,0.5048390354985033,0.027803794097662204,0.0,0.0,0.0,0.05625034433364553,0.0006243916772262318,0.008227278570510348
17015,IL,17-10,0.28201390625249373,0.07935182180419528,187973.0,194585.0,231988.2,246240.19999999998,102723.4,109238.2,2.9460406843734646,1.3044944339288338,1.3872265118989904,0.4427957973724525,0.6883572731711077,0.01130097386746152,0.22853765706503584,0.005858622195955495,0.0,0.0,0.0,0.031117506488167124,0.0,0.00011820027237454069
17017,IL,17-60,0.3502213573975161,0.05880662896843535,153146.0,156150.0,210208.5,213988.3,64998.4,77349.70000000001,3.326522675641411,1.0285913817966956,1.2240491274332888,0.309209189923338,0.5516042267050912,0.0007300672430355428,0.41650976625040026,0.009606147934678195,0.0,0.0,0.0,0.01756003842459174,0.0003394172270252962,0.0
17019,IL,17-50,0.15570393132946964,0.017884775404738616,548008.0,550359.0,480372.80000000005,533491.9,211306.6,269966.7,2.156823164342735,0.9487443286932661,1.2121219855936178,0.43988044285604844,0.5038402206559718,0.0010229686441032126,0.4841785089368939,0.006125092893911065,0.0,0.0,0.0,0.004268123170512338,0.0003670331547226447,0.00012173871963572869
17021,IL,17-60,0.12176850010925659,0.006323394130357957,370687.0,372503.0,493790.69999999995,501645.1,160674.4,192415.6,3.275633734183043,1.0658574267591916,1.2764173775307448,0.3253896843338686,0.511300580129556,0.0004483185370319165,0.4804283455435258,0.005395929697210492,0.0,0.0,0.0,0.005272440758866371,4.832175848248202e-05,5.100630062039769e-05
17023,IL,17-70,0.1007689729561322,0.009346632615971413,211841.0,215090.0,269296.10000000003,276629.2,86687.2,126459.5,3.093798666517268,0.9959028139067579,1.4528254678342554,0.3219029165294261,0.44587382026128597,0.0,0.5247524292156771,0.015007671207401553,0.0,0.0009344925380073458,0.0,0.017318331861081407,3.719373285601376e-05,0.0
17025,IL,17-70,0.2933303705729523,0.050616197183098594,234016.0,238046.0,254094.0,261582.1,83475.0,125267.5,2.6376412457473726,0.8665183081409319,1.300348393711221,0.32852015395877116,0.30283222570427565,0.0006343311796879595,0.6493198793510498,0.08285793502096234,0.0,0.0009283919914638347,0.0,0.02179830789007167,5.041042487586433e-05,0.0
17027,IL,17-80,0.20485317126007943,0.04417398804509167,199416.0,206625.0,427712.0,437812.5,120973.3,183152.9,5.115060467904863,1.4467345889336642,2.1903480808865137,0.28283821824031125,0.4112280701754386,0.03401330913490623,0.46750877192982454,0.11175317604355717,0.0,0.0,0.0,0.031516031457955236,4.355716878402904e-05,0.0008905021173623715
17029,IL,17-70,0.13410785167973666,0.019551747507019074,206580.0,208969.0,322008.60000000003,330265.3,103353.8,149162.8,3.807744590762643,1.2221564047816238,1.7638468191315693,0.32096596177866055,0.4732615842541238,0.0016701041781316847,0.5064818226626916,0.005139518301757677,0.0,0.0,0.0,0.012298474893405242,3.828319032966612e-05,0.0
17033,IL,17-70,0.3953458876726681,0.03741487220491329,181345.0,183031.0,246416.5,252996.5,78895.1,114675.3,3.326804925521018,1.0651421770842184,1.5482013293574108,0.3201697126612869,0.4773399041692391,0.0,0.4974676420934159,0.03760018794630418,0.0,0.0008195333031016604,0.0,0.012172801328736662,0.0,0.0
17035,IL,17-70,0.2045279413124557,0.021745831150016954,129772.0,131756.0,193066.30000000002,198110.7,62433.0,91022.0,3.6209145473416156,1.1709167158337788,1.707096908824215,0.3233759594501992,0.44200643613953067,0.007885788882479735,0.5231260815446734,0.007058502079601688,0.0,0.0,0.0,0.018010564983757856,0.0,0.0
17037,IL,17-20,0.17998460747644973,0.021714250012069784,352119.0,354110.0,331054.8,355036.8,161386.7,172477.0,2.3101697958412957,1.126190225275394,1.2035806636161723,0.4874924030704283,0.571915506481037,0.0063172460534862045,0.38355878116969305,0.008697862246194685,0.0,0.0,0.0,0.00856231114625399,0.006896162209482929,0.0002795741436276863
17039,IL,17-40,0.1625176935765006,0.007387433758759052,170966.0,172259.0,265967.60000000003,271577.4,112970.6,137290.2,3.815302843735681,1.620562246824523,1.9694266913603022,0.424753240620286,0.4938319623357851,0.0005573003442490668,0.49640367121601775,0.0,0.0,0.0,0.0,0.008284037408785607,5.805211919261113e-05,0.00014513029798152781
17041,IL,17-70,0.18063251552658238,0.011439016870017178,227030.0,229403.0,318343.7,326416.0,101802.9,146294.4,3.4290938403669027,1.0965874220896714,1.5758352557948272,0.3197892717839241,0.5095443390016695,0.0017305789375029969,0.4739737492534971,0.0032737148162840066,0.0,0.0,0.0,0.00972088420814026,0.0001612882133189191,6.538711350766991e-05
17045,IL,17-70,0.31645871743694937,0.0059946107308028905,289093.0,290790.0,456110.10000000003,467867.1,146411.6,211533.40000000002,3.875898767204063,1.2441656958361027,1.797552924792685,0.32100056543365296,0.5016541146531861,0.0,0.4901028233433062,0.001127961759345232,0.0,0.0,0.0,0.005608858626500224,7.22170638605179e-05,6.87781560576361e-06
17047,IL,17-90,0.4842602769839525,0.09493295229720818,90980.0,92693.0,67413.1,72163.40000000001,21289.2,29433.4,1.7971302893836822,0.5675375580821396,0.7846494918576014,0.315802121546109,0.46799650459042214,0.00028049583032159925,0.49581953329809153,0.032699340834798744,0.0,0.0029236296160443614,0.0,0.020033875265661916,0.0,0.0
17049,IL,17-70,0.16960886266686476,0.042483923682590886,235595.0,243278.0,267391.2,275322.3,86110.9,125554.9,2.715979434102677,0.8746564339143255,1.2753019779664334,0.32204088990213586,0.42735060301383604,0.009236346895321402,0.5169929052359852,0.021966638989139996,0.0,0.0005179259941301721,0.0,0.03088647555471518,0.0,0.0
17051,IL,17-70,0.29245700281330667,0.01961338785927666,275832.0,284175.0,358468.5,369283.6,117215.0,174195.6,3.1170755849903253,1.0192471993902978,1.5147240323005806,0.3269882848841669,0.4176862848596815,0.0023260314946775755,0.5353285827395091,0.019695610099410576,0.0,0.0,0.0,0.02682853875252925,0.0007776898038180699,0.00013723937714436526
17053,IL,17-50,0.253512945782078,0.025159534683874663,251356.0,252357.0,243462.2,270973.5,107212.7,137322.7,2.3839568469998973,1.0498157424452168,1.3446497686848833,0.44036692348956014,0.5003823947819953,0.003915088545195893,0.4855938214513566,0.003720919174027271,0.0,0.0,0.0,0.004806682596480383,0.0,1.5850560911724263e-05
17055,IL,17-90,0.47995803047352575,0.04269943128250357,131524.0,136626.0,88114.6,94821.7,30384.6,42651.0,1.593663859428417,0.5495438769873401,0.7713972175834811,0.34483048212214545,0.27570155021738174,0.0090319558502774,0.6455799042641956,0.080401973270095,0.0,0.004559893431704068,0.0,0.03738673458931682,0.00038060105689985803,0.0
17057,IL,17-30,0.40627720108480625,0.040493198379984316,278022.0,288593.0,288102.39999999997,301553.6,112120.9,131476.9,2.466853092542295,0.960025980011362,1.1257601372389612,0.3891703088901724,0.48953716826118443,0.010086869743895383,0.45675397532164674,0.0030319515719369494,0.0,0.0,0.0,0.03864958609529684,0.00011088280034512272,0.00010741771283433764
17059,IL,17-90,0.34726982835970227,0.036503417959294335,154917.0,155820.0,117391.3,125172.90000000001,36639.9,50814.5,1.861636629920835,0.5810497026324473,0.8058359906663634,0.31211767822658065,0.4780002567064562,0.0,0.5026440764985239,0.032460531382364266,0.0,0.002836606340649467,0.0,0.006642279553330767,0.0,0.0
17061,IL,17-60,0.2542494921181886,0.017353700036858932,233322.0,238336.0,280711.1,285619.3,90115.4,108271.5,2.9103963919662825,0.9343112367861419,1.1225526277827182,0.3210254243597777,0.49668954752953814,0.003931424543501611,0.46533045784103116,0.0088656350698174,0.0,0.0,0.0,0.027482209989258863,0.0,0.00034405209452201935
17063,IL,17-20,0.25022607075329517,0.014112295508727701,218958.0,220034.0,190784.4,205025.0,98867.6,106566.90000000001,2.1425712362627714,1.1103154972751084,1.1967811554702121,0.5182163740850929,0.4943281492860194,0.0003272221565758019,0.49536889753401747,0.003826681331067017,0.0,0.0,0.0,0.006335384531481498,0.00021360335220920403,0.0
17065,IL,17-90,0.4131463275509177,0.040834815287051636,149015.0,150794.0,133584.2,143179.0,43101.6,59544.8,2.189037673845519,0.7063037859493863,0.9757576905172666,0.32265492475906576,0.4134580951496744,0.0,0.5460363144422192,0.058463864609997744,0.0,0.0,0.0,0.01885353528654986,0.0,0.00040452537899385917
17067,IL,17-30,0.3100826196062905,0.03368830458046824,343502.0,353638.0,381756.69999999995,398952.80000000005,147845.3,173081.9,2.6675338900555423,1.0330724994097777,1.209413833484008,0.3872762416481492,0.49778304367743287,0.002969137932009569,0.46363512970891135,0.006789428737861881,0.0,0.0,0.0,0.028854365198310136,1.696650246862611e-05,0.00012442101810325814
17069,IL,17-90,0.600705909142662,0.03529545713309803,8783.0,13421.0,7739.6,8436.800000000001,2485.4,3585.1,1.425003211685622,0.4576080136342246,0.6600830810654457,0.32112770685823555,0.0,0.0,0.39169957529245214,0.008866701438044855,0.0,0.03129424036957008,0.0,0.37337009164741825,0.0,0.0
17071,IL,17-30,0.3162328070117848,0.020917178216196698,152315.0,155688.0,191392.3,200850.6,66413.4,76665.4,3.037746473805184,1.0541023419615794,1.2168203658813022,0.3470014206423142,0.5655927239093572,0.017034068136272545,0.38430065258722573,0.006397410205025435,0.0,0.0010919274446328554,0.0,0.02542264015209907,0.0005138482092389908,3.853861569292431e-05
17073,IL,17-10,0.5042855653430514,0.03178228600662899,412431.0,418759.0,456539.5,480394.5,229342.4,244235.8,2.693992661705872,1.35332592824501,1.441210350749197,0.5023495228780861,0.5460658755990916,0.0028990421698399317,0.42983434385887825,0.0021014473718773807,0.0,0.0,0.0,0.014724459653404465,0.0008238628901110185,7.641626806826838e-05
17075,IL,17-50,0.22885737469289252,0.040532540083271895,619897.0,623389.0,558077.2,619706.9,245130.5,311679.1,2.2121641446051745,0.9716736373554391,1.2354658632225268,0.4392412017548827,0.5113324104211014,0.0015399694251903707,0.4721947291338153,0.012141696436735329,0.0,0.0,0.0,0.005516619638780922,1.6041348179066363e-05,1.7645482996972998e-05
17077,IL,17-80,0.4010945795372616,0.04807629284918398,152570.0,157102.0,241510.80000000002,247234.0,76077.3,126564.90000000001,3.798717926088801,1.1966181358284413,1.9907364575150945,0.3150057885610084,0.19673842471769934,0.004780333795877837,0.6972030909854744,0.10312408498936997,0.0,0.010540922458020904,0.0,0.0465111838168833,0.0003309951496479994,0.0018204733230639965
17079,IL,17-70,0.22621545335164753,0.047355260046389236,198753.0,203772.0,304389.60000000003,312557.5,98498.0,143778.1,3.691199390624712,1.194442114900617,1.7435340599848972,0.3235918704187002,0.43985925446086804,0.00836719470781069,0.517691341303025,0.01853542194217066,0.0,0.0,0.0,0.024645191684824215,0.0,0.00019139037748071373
17081,IL,17-90,0.3466042790920108,0.03698148480253898,184011.0,196487.0,111345.7,119968.29999999999,37858.3,52886.200000000004,1.400302395233708,0.47611239742061245,0.6651058149062687,0.34000684355121036,0.23481960638617314,0.0035116827067439575,0.6695048527383491,0.08861146030017253,0.0,0.0,0.0,0.06583641665860845,0.0009415381170255539,0.00013232427590629406
17083,IL,17-60,0.4826532226745106,0.027300317880413677,139046.0,142194.0,158289.8,161101.69999999998,50569.3,60766.200000000004,2.7507673608845176,0.8787956008711708,1.0559977939512262,0.31947289086220343,0.5299731352940349,0.0012869741339297017,0.4369453000829852,0.0044938605004430565,0.0,0.0,0.0,0.02564805828656624,0.0001125223286495914,0.0008017215916283388
17085,IL,17-10,0.406142169212616,0.08651975635424307,156785.0,183158.0,167446.1,178951.5,78269.8,83812.2,2.2590786324205943,1.0559674590440353,1.1307420725604318,0.4674328037499828,0.5394195175749898,0.028336190611384707,0.26904093733279466,0.0035270094672359385,0.0,0.0,0.0,0.13995566669214557,0.0005678157656231232,0.0005459766977145415
17087,IL,17-80,0.6982607764008428,0.10578193635941574,28001.0,37375.0,54516.899999999994,55917.4,17335.8,28890.100000000002,3.604393142717674,1.1461590560638086,1.9100733594982087,0.3179894674862291,0.133752508361204,0.0,0.5811638795986622,0.0,0.0,0.0,0.0,0.2588628762541806,0.0,0.002702341137123746
17089,IL,17-20,0.20857912413128055,0.036657466830711936,150365.0,157521.0,128399.8,138443.1,65442.1,70315.7,2.01422550385712,1.026599315933265,1.103052156323967,0.5096744698979282,0.4995080021076555,0.0013585490188609774,0.422134191631592,0.012106322331625624,0.0,0.0,0.0,0.030535611124865893,0.0067102164155890326,0.0005523073114060982
17091,IL,17-50,0.2341061045004183,0.019480609274636834,289262.0,294337.0,296331.5,329085.39999999997,129439.6,162428.6,2.487798283879951,1.0866870877584978,1.3636403566040836,0.43680675189779017,0.5230467117623676,0.0,0.4266062370683944,0.013253515528119129,0.0,0.0,0.0,0.01391941889738633,0.01226485287272752,5.096199254595922e-05
17093,IL,17-20,0.2579212788226712,0.008159155063592249,126116.0,128188.0,133438.8,143360.1,68510.7,73743.6,2.572272410562672,1.320666728405352,1.4215402696634676,0.5134241315119741,0.5286688301557088,0.0023169095391144257,0.4335897275876057,0.003947327362935688,0.0,0.0,0.0,0.015290042749711361,0.002894186663338222,0.0004056541954005055
17095,IL,17-30,0.5486264287146582,0.03340503490894507,329142.0,339866.0,339596.39999999997,355420.6,127589.0,148745.7,2.469093641814011,0.9276576214159157,1.081481023112066,0.375707751907853,0.5290232032624622,0.0025274667074670605,0.4321820952963815,0.0014446870237093442,0.0,0.0,0.0,0.03177428751331407,4.1192705360347904e-05,2.6481024874509366e-05
17097,IL,17-20,0.18110913883061697,0.003980420633639933,18591.0,22589.0,16574.399999999998,18230.0,8819.3,9511.499999999998,1.8131052435209105,0.9647600561217279,1.0404811349882432,0.5321037262284004,0.41865509761388287,0.0,0.3355615565098057,0.028243835495152508,0.0,0.0,0.0,0.14994023639824694,0.014077648412944354,0.0027004294125459296
17099,IL,17-20,0.23491236362804668,0.02590018830955957,524668.0,529644.0,517712.19999999995,557015.5,265237.1,285663.19999999995,2.415386007794016,1.2374635561763123,1.332761515416603,0.5123253807810595,0.5189070394453633,0.002233575760322028,0.4561139180279584,0.0036382928910740045,0.0,0.0,0.0,0.009453519722681651,0.008702071580155728,0.00019447024794012581
17101,IL,17-70,0.280433738594141,0.04384905088087354,197815.0,199302.0,224973.2,230748.1,72294.8,105030.8,2.789339214151834,0.8963499679929166,1.3022285727088314,0.3213484983989204,0.47598619180941487,0.0,0.48848481199385857,0.02635196836960994,0.0,0.0,0.0,0.00819861315992815,0.0,0.00010035022227574234
17103,IL,17-10,0.15243519734568328,0.011521393516278428,361675.0,365924.0,422826.5,446374.4,200119.9,212788.3,2.855311583195592,1.3513927544700806,1.4369413879179724,0.4732908178650108,0.6366076015784699,0.0011231840491468174,0.34059531487412686,0.002965096577431379,0.0,0.0,0.0,0.009611285403526416,0.006083230397568894,1.3664039527333545e-05
17105,IL,17-50,0.2449403773423187,0.024568677659091966,560022.0,563440.0,524060.7,582539.5,230674.8,295611.2,2.2983497654665928,1.0116602379820756,1.2964489269836452,0.4401680950317396,0.49645925031946614,0.000995669459037342,0.48752307255430927,0.010366676132329973,0.0,0.0,0.0,0.005922547209995741,7.276728666761323e-05,5.324435609825358e-06
17107,IL,17-40,0.34912857734610225,0.015171842445300376,323494.0,325655.0,459248.4,468866.3,190793.1,230516.40000000002,3.4847538367347455,1.4477284781994144,1.7491468872407205,0.4154464120070968,0.5378022754141653,0.0005588736546345059,0.45087285624357065,0.0023890313368442064,0.0,0.0,0.0,0.006497673918717662,0.0012037278715204742,0.0
17109,IL,17-30,0.3906764132929581,0.04835766775319691,259235.0,266282.0,323263.0,338421.5,120194.4,139890.69999999998,2.9998282621138594,1.1153845570566938,1.298163029690658,0.371816137324717,0.5139964398645045,0.0014833897897717457,0.4551077429191609,0.0008825230394844564,0.0,0.0,0.0,0.024789508866539984,0.00010515168130027565,3.7554171892955587e-06
17111,IL,17-20,0.21233998125452325,0.009028675833758468,168574.0,181816.0,150851.2,163148.0,75659.8,81114.2,2.0502124851927035,1.0282892452110617,1.1024197723744855,0.5015525232812201,0.5112971355656268,0.0112201346416157,0.3689774277291327,0.016005192062304746,0.0,0.0,0.0,0.05943371320455845,0.00905860870330444,0.001138513662163946
17113,IL,17-40,0.26430119842009925,0.03307722517391538,578011.0,581119.0,822728.3,840297.6,350433.9,426270.50000000006,3.4984330303316957,1.4901268507573575,1.8126017994713532,0.42594122506786264,0.48509685623770693,0.003546605772655859,0.5003639529941372,0.0032110462745152026,0.0,0.0,0.0,0.0059781215207212295,0.0001583152504048224,6.367026374976554e-05
17115,IL,17-40,0.11874086608722406,0.02713252826705638,260020.0,262331.0,376618.5,384607.0,159077.6,193089.9,3.547596666428734,1.4984478018564769,1.8188301572043262,0.42238392431598554,0.49191288867880656,0.000579420655583976,0.4927286519702208,0.005195726010269469,0.0,0.0,0.0,0.007959410058285144,0.000137231207901468,9.911142792883799e-05
17117,IL,17-60,0.18689781538026404,0.04544783782288163,325274.0,332942.0,462662.4,470954.60000000003,148139.5,177582.7,3.4338223727410253,1.0994728108155516,1.3179965527169653,0.3201891919464387,0.49513428765370543,0.00860810591634579,0.45896282235344293,0.017624691387689146,0.0,0.0,0.0,0.020931573667485628,7.809167963188783e-05,0.000489574760769143
17119,IL,17-60,0.19214152631481857,0.021306425132358097,271045.0,277509.0,298203.7,304098.2,99788.2,120599.5,2.655327900839978,0.8885550099968573,1.0738673503291571,0.33463099217078796,0.43845424833068475,0.0035133995654195,0.49594067219441534,0.05884854184909318,0.0,0.0,0.0,0.022298375908529094,0.008399727576402928,0.0005116951161944298
17121,IL,17-70,0.37611607142857145,0.03356227106227106,174720.0,182104.0,247475.9,255160.6,80395.9,120050.8,3.358115509457786,1.0909293336717523,1.6290251026577327,0.32486355237014997,0.37324825374511267,0.002097702411808637,0.5543590475772087,0.05630299169705223,0.0,0.0,0.0,0.04085028335456662,0.0,0.00013728418925449193
17123,IL,17-40,0.25558985603415946,0.043235913562793916,173305.0,176204.0,241661.30000000002,247186.9,99923.1,120631.90000000001,3.389015443596689,1.4013039285647155,1.6917204868566518,0.41348407874988674,0.5447095412135934,0.0031838096751492587,0.4234750629951647,0.005817121064221016,0.0,0.0,0.0,0.01670790674445529,0.0038421375224171983,0.0005448230460148464
17125,IL,17-40,0.2903303722390703,0.061055795603982714,260827.0,262129.0,294585.5,304124.6,119539.2,144168.9,2.7770167494705142,1.1268794988833657,1.3590602730030488,0.40578779335710685,0.48967493104540133,0.0002632291734222463,0.39220765348359016,0.012398475559743485,0.0,0.0010643614403595177,0.0,0.007317008038027078,0.03555119807423063,0.0
17127,IL,17-90,0.6244561425762669,0.07350795966258641,78835.0,83431.0,45675.3,48907.3,14472.2,20226.100000000002,1.352808000638518,0.4286366580370738,0.599055285936047,0.31684958828951315,0.26943222543179396,0.0017978928695568793,0.6601982476537498,0.019117594179621483,0.0,0.0,0.0,0.05728086682408218,0.0,0.001246539056226103
17129,IL,17-40,0.37772650842685646,0.02060767215422516,127865.0,130334.0,195213.8,199448.3,81241.2,98150.99999999999,3.701135583704553,1.540284017742897,1.8608835987834136,0.4161652506124055,0.5231098562155693,0.0032531802906378996,0.4502278760722452,0.008232694461920912,0.0,0.0,0.0,0.018882256356744977,3.836297512544693e-05,8.439854527598325e-05
17131,IL,17-10,0.6796604757596721,0.05192645415358416,225492.0,231499.0,275908.8,290477.0,138776.3,147920.09999999998,2.9450904441983696,1.4813183015953322,1.5789205455384794,0.5029788828772406,0.5320411751238666,0.0004319673087140765,0.43547056358774766,0.0015680413306320977,0.0,0.0,0.0,0.027118907641069723,3.0237711609985356e-05,3.455738469712612e-05
17133,IL,17-80,0.41320758721691203,0.025293081369434638,141343.0,142875.0,267837.5,274516.1,79027.5,124888.0,4.632307094223055,1.3667975876742895,2.159964786048738,0.29505763756008774,0.347331583552056,0.010666666666666666,0.5380787401574804,0.1646334208223972,0.0,0.005697287839020122,0.0,0.03225196850393701,0.0016167979002624671,5.599300087489064e-05
17135,IL,17-60,0.17401430755055056,0.034269887790764834,372251.0,378297.0,416672.89999999997,423696.0,136292.4,163610.9,2.721727000254563,0.8902683736079189,1.0687141017953155,0.3270968666308752,0.4948281376801825,0.0008908344501806782,0.47507117423611606,0.02014819044295884,0.0,0.0,0.0,0.015588281165327771,8.98764727185254e-05,9.780674972310117e-05
17137,IL,17-60,0.4206575358012882,0.06445245207917019,246709.0,250897.0,341585.6,347251.1,110519.8,132769.4,3.364234725472626,1.0884959700066092,1.3076295545250307,0.3235493533685261,0.5245379578073871,0.0010362818208268733,0.452089901433656,0.002949417490045716,0.0,0.0,0.0,0.01882445784525124,9.565678346094214e-05,0.00015544227312403098
17139,IL,17-70,0.1559454397307965,0.013952233309700426,189002.0,190819.0,234378.30000000002,240248.6,74532.6,106822.40000000001,3.0351348256266792,0.9651767672369969,1.3833208381365654,0.3180012825419418,0.5548661296831028,0.0012105712743489905,0.42511489945969744,0.0034797373427174444,0.0,0.0,0.0,0.010392046913567307,0.004161011220056703,0.0
17141,IL,17-10,0.1812973315887554,0.017121975073681985,302652.0,311372.0,379159.5,401482.2,177960.4,189361.5,3.0090166387600585,1.4122969479609384,1.5027762834389295,0.46935498121502955,0.654946494867875,0.007380239713269016,0.29505864368022816,0.006358953277751371,0.0,0.0,0.0,0.025625297072312217,0.005122490140410827,5.1385481032334316e-05
17143,IL,17-40,0.4139432021623899,0.023815374431444918,199409.0,203636.0,259480.6,265413.0,106983.1,129194.40000000001,3.1487091008627623,1.2982036445441818,1.5677302390255923,0.41229710429218985,0.5128268086193011,0.004797776424600758,0.4433597202852148,0.004203578934962384,0.0,0.0,0.0,0.018606729654874383,0.008343318470211554,0.000928126657369031
17145,IL,17-80,0.4334305709235655,0.05042463607754099,139178.0,144717.0,282392.2,289594.2,84897.2,135588.4,4.821868357162742,1.449626166344951,2.315182273300483,0.3006357824330842,0.273879364552886,0.007918903791537967,0.6184691501344003,0.16371262533081807,0.0,0.0032753581127303636,0.0,0.04075540537739174,6.219034391260183e-05,0.0
17147,IL,17-50,0.11739137479846713,0.017819961273282618,246858.0,247426.0,240330.4,267039.6,105786.2,135619.8,2.4001897605812013,1.0564912056518654,1.3544406171340388,0.44016986615093223,0.49257555794459756,0.0,0.49150048903510546,0.004769102681205694,0.0,0.0,0.0,0.0022188452304931577,1.2124837325099222e-05,3.637451197529767e-05
17149,IL,17-60,0.29549862998833454,0.030520061853992024,294888.0,303295.0,377318.1,383943.2,120105.0,144577.7,3.074146722991346,0.9785387771349312,1.1779266954663081,0.3183123205592311,0.5302164559257488,0.0015991031833693268,0.4243822021464251,0.010247448853426532,0.0,0.0,0.0,0.032941525577408134,0.0,0.0001582617583540777
17151,IL,17-90,0.5726760563380282,0.08133802816901409,14200.0,19823.0,17584.6,19054.7,5815.0,8314.6,2.1920240583905137,0.7248740317971883,1.0364639079588827,0.3306870784663854,0.24466528779700347,0.005095091560308732,0.4517984159814357,0.0,0.0,0.0,0.0,0.29289209504111385,0.00010089290218433133,0.00025223225546082835
17153,IL,17-80,0.5278821462359778,0.06659007974050547,73990.0,75831.0,112167.2,114262.3,35175.7,57981.99999999999,3.655117134694759,1.14624688674481,1.8894204518243436,0.3136005891205272,0.245981195025781,0.0,0.7081140958183328,0.07470559533699939,0.0,0.0,0.0,0.03019873138953726,0.0030594347957959146,0.00026374437894792366
17155,IL,17-10,0.275261742387859,0.0479540870233407,41644.0,41934.0,69412.2,73213.79999999999,34619.1,36872.899999999994,4.09026760134382,2.040007133006616,2.1728172891449993,0.49874661802968356,0.5320742118567272,0.0,0.45020746887966806,0.006438689369008442,0.0,0.0,0.0,0.004745552534935852,0.0049363285162398055,0.0008107979205418037
17157,IL,17-80,0.4677889383343929,0.02504767959313414,196625.0,199835.0,357735.9,366361.1,106002.4,167915.9,4.423572749218091,1.3107695593081816,2.076359122471158,0.29631468354168533,0.3098856556659244,0.010488653138839543,0.54588535541822,0.1556183851677634,0.0,0.0008557059574148672,0.0,0.030410088322866364,9.007431130682813e-05,0.00010508669652463283
17159,IL,17-70,0.2968151568654081,0.017160124949069672,147260.0,149813.0,231771.80000000002,237982.30000000002,75262.6,110557.5,3.8229031560900295,1.241400511518405,1.8235635900459997,0.3247271669806249,0.4438066122432633,0.0,0.5158030344496138,0.05091013463451102,0.0,0.0,0.0,0.017047919739942463,0.00012682477488602459,0.0
17161,IL,17-10,0.5015801892819722,0.050259389561380347,117391.0,122583.0,123470.90000000001,130294.5,61171.8,65231.700000000004,2.4889522890281874,1.2331139696396032,1.3149542850355835,0.4954349567387943,0.5382801856701174,0.004894642813440689,0.40087940415881484,0.0008891934444417252,0.0,0.0,0.0,0.04516939543003516,0.0042583392476933995,0.0011910297512705676
17163,IL,17-80,0.2850901042710092,0.03646623355561279,209646.0,212782.0,412953.2,421636.0,117299.4,179521.9,4.795657434091541,1.3622069997870878,2.0848017022685332,0.2840501054356765,0.4358310383397092,0.003562331400212424,0.5201097837223073,0.07017040915115,0.0,0.0,0.0,0.010550704476882443,0.0023028263668919365,0.0020114483367954057
17165,IL,17-90,0.4993434072539627,0.03806388369985388,108134.0,113863.0,76259.2,81277.59999999999,23849.3,33342.6,1.654976481067674,0.517577296771108,0.7236008090518524,0.3127399710461164,0.3832939585291095,0.0,0.5450848827099233,0.018135829900845755,0.0,0.0,0.0,0.051096493154053554,4.391242106742313e-05,0.0
17167,IL,17-60,0.16570726357267032,0.009879230548233335,476859.0,481836.0,503390.2,511900.2,158827.0,189336.3,2.581592645585483,0.8145303883953352,0.9709946670045754,0.3155146842350129,0.5337770527731427,0.0006703525680937082,0.44950149013357243,0.005530927535510008,0.0,0.0,0.0,0.012388032442573822,0.00040262661984575665,0.00013282527665014652
17169,IL,17-30,0.2294969088957169,0.02039018250471995,135065.0,140374.0,153939.8,161196.5,59598.1,69821.4,2.709857452375735,1.0491267068843424,1.2290911195500263,0.38715199058333194,0.4776383090885777,0.004858449570433271,0.46738712297149043,0.006112243007964438,0.0,0.0,0.0,0.04378303674469631,2.1371479048826706e-05,0.0
17171,IL,17-60,0.39133120216344347,0.05178242035239423,119809.0,121423.0,127103.1,129244.5,41647.4,50360.0,2.5866483294894103,0.8475574367389722,1.0248657182483094,0.3276662803660965,0.4982334483582188,0.002025975309455375,0.4795467086136893,0.0030636699801520305,0.0,0.0,0.0,0.018192599425150096,0.0,0.0
17173,IL,17-70,0.1648720666461947,0.023912591257144556,302853.0,308980.0,484463.6,497223.6,155429.6,224719.50000000003,3.8744761047626453,1.243041316567057,1.7971842116192205,0.3208282314708474,0.48389216130493884,0.005090944397695644,0.48034500614926534,0.014191857078128034,0.0,0.0,0.0,0.017913780827238008,5.501974237814745e-05,2.9128098906078063e-05
17175,IL,17-40,0.3410135699886917,0.031177786518511233,162712.0,164075.0,222838.0,227431.19999999998,91191.3,109745.6,3.35605479173428,1.3733878392800072,1.652825131942279,0.40922688230912146,0.5417034892579613,0.0009020265122657321,0.4373914368429072,0.0016638732287063843,0.0,0.0,0.0,0.0084107877495048,0.0069358525064756975,0.0
17177,IL,17-10,0.3582107635271027,0.05548555412860339,247614.0,259577.0,309480.9,328293.3,145794.5,155195.1,2.946116021500428,1.3878966756806128,1.4773860699266452,0.47109369269638285,0.5894590044572516,0.02873906393863863,0.3065256166763619,0.009554005169949573,0.0,0.0,0.0,0.0431471201223529,0.00021573560061176453,0.00011172022174537806
17179,IL,17-40,0.2763528296110451,0.03667779246283312,267846.0,269485.0,363785.5,372779.5,148222.8,178828.09999999998,3.3357461361383187,1.359135073793768,1.639771633580659,0.4074455963747868,0.5218435163367163,0.002011243668478765,0.43489619088260945,0.006360279792938382,0.0,0.00018553908380800416,0.0,0.010857747184444403,0.020364769838766537,4.4529380113921e-05
17181,IL,17-80,0.4941747572815534,0.04906957928802589,74160.0,84872.0,87978.8,90017.2,27725.7,45935.1,2.561508499272251,0.8072355635479531,1.3374034320190862,0.31514069298512826,0.19557686869638985,0.010368555000471298,0.6268616269205392,0.04496182486568008,0.0,0.0,0.0,0.12071118861344142,0.006539259119615421,0.008448015835611274
17183,IL,17-50,0.20715020393686823,0.026638292841520365,422925.0,426259.0,388478.4,432315.0,171167.4,219719.6,2.2520369827676143,0.9922696217966748,1.2737301869007573,0.4406098254111425,0.48880610145474934,0.0005911898634398335,0.49521535029172403,0.004989923966414785,0.0,0.0,0.0,0.009083679171583474,3.049788978062633e-05,5.16118134749061e-05
17185,IL,17-90,0.2734961663109636,0.04328709192949174,101208.0,101879.0,76474.4,81643.2,23554.1,32378.2,1.8548705606133344,0.5712997639960894,0.7853264620010183,0.3079998012406766,0.46997909284543427,0.0,0.506120005104094,0.028386615494851736,0.0,0.0,0.0,0.006880711432189166,0.0,0.00015704904838092246
17187,IL,17-30,0.43440761341127426,0.01639247923285133,289279.0,294365.0,332362.2,347708.3,121898.1,141521.0,2.7900221906906837,1.0232764255472855,1.1880013143755104,0.3667628268196564,0.5380734802031492,0.0017325429313946972,0.441244713196202,0.0004450257333582457,0.0,0.0,0.0,0.01597336639885856,0.0,0.0
17189,IL,17-80,0.3124622959114173,0.03292337231855009,308322.0,314070.0,526925.8,540204.3,152046.4,234577.0,4.145770077176786,1.1962773799697268,1.8456152790277087,0.2885537204669044,0.3722068328716528,0.017925940077052886,0.5202629986945585,0.1485178463399879,0.0,0.0010125131340147102,0.0,0.023593466424682397,0.0,4.776005349125991e-05
17191,IL,17-90,0.5043049087232528,0.038124158922293226,283862.0,290316.0,205827.1,220292.7,65391.4,91141.3,1.7519180500482368,0.5565854738172197,0.7757583358792955,0.3177006332013617,0.4125539067774425,0.0010746910263299302,0.5331294176001322,0.0402079113793246,0.0,0.0032378511690709434,0.0,0.0278489645765304,0.0,3.100070268259414e-05
17193,IL,17-90,0.5308193092535781,0.039772416434159415,237627.0,239696.0,159213.7,169570.19999999998,50498.8,70690.1,1.641352466177943,0.5205979756706032,0.7287524250071785,0.31717622290041625,0.38664391562646017,0.0005214938922635338,0.5752619985314732,0.03588295173886923,0.0,0.007738969361190842,0.0,0.01191926440157533,0.008139476670449236,7.09231693478406e-05
17195,IL,17-10,0.2118175622807239,0.04375110426815417,316952.0,320543.0,379872.4,402709.6,172559.2,183466.50000000003,2.9284219062917494,1.3302523200216159,1.4143362815268372,0.4542556921745302,0.6763679131972934,0.006938226696574251,0.2845733645719919,0.005749618615911126,0.0,0.0,0.0,0.015274081792458422,0.009031549589290672,0.00014350648742914368
17197,IL,17-20,0.4134364808339179,0.019419513718583446,195319.0,200894.0,190710.1,206044.9,102624.1,111214.6,2.345788924016708,1.2623058617093854,1.3679714753909131,0.5381157054608016,0.4429699244377632,0.000786484414666441,0.5064611187989686,0.018034386293269086,0.0,0.0,0.0,0.02647167162782363,0.0020209662807251587,0.00020906547731639572
17199,IL,17-80,0.6884518594463603,0.12103644328455587,53645.0,61440.0,96500.5,98658.1,29087.9,46879.0,3.881151182335968,1.169885518486126,1.885425321907429,0.301427453743763,0.28976236979166664,0.0,0.5271484375,0.030794270833333335,0.0,0.003108723958333333,0.0,0.13763020833333334,0.0007649739583333333,0.000390625
17201,IL,17-10,0.4008917741757636,0.0310742639761826,145104.0,151475.0,147877.80000000002,156054.0,73385.2,78171.59999999999,2.412371690346604,1.1971531830364233,1.2752350577916263,0.49625569219991095,0.5270572701765968,0.011473840567750453,0.3927842878362766,0.018947020960554548,0.0,0.0,0.0,0.04157121637233867,0.000871430929196237,0.0009110414259778842
17203,IL,17-40,0.24359198049089265,0.052919671006983186,246449.0,248773.0,336640.3,344043.0,142306.6,172676.1,3.343836740672058,1.4135266559592607,1.7151858747035407,0.4227259778463838,0.5010591985464661,0.0006351171549967239,0.46569764403693326,0.01125524072146093,0.0,0.0,0.0,0.013884143375687876,0.0024560543145759387,7.63748477527706e-05
18001,IN,18-30,0.4069696545937631,0.06074115508320515,178775.0,186932.0,148597.9,157806.1,75188.8,90288.3,1.9643154069244266,0.9939206292158862,1.1935208960221828,0.5059883080447302,0.3635653606659106,0.014652386964243683,0.5390195365159524,0.031161063916290414,0.0,0.0,0.0,0.042036676438491,0.000588449275672437,0.0
18003,IN,18-30,0.4198205075930754,0.08038553129839203,230539.0,238415.0,184440.1,196491.6,93939.3,113135.2,1.9116306133566314,0.9736344844602264,1.1725905145802087,0.5093214544993199,0.3475829960363232,0.0033135499024809683,0.5649183147033534,0.045131388545183816,0.0,0.0,0.0,0.03346685401505778,0.0006669043474613594,0.00015099721074596817
18005,IN,18-50,0.7441320432555493,0.11108328590400303,131775.0,134577.0,144569.0,150519.6,62513.8,78223.7,2.6545232761412896,1.1478556065272731,1.4363150633669277,0.4324149713977409,0.4196333697437155,0.0009585590405492766,0.5196281682605497,0.03991766795217608,0.0,0.0,0.0,0.022589298319920938,0.016771067864493932,0.0
18007,IN,18-10,0.308467050072974,0.07885325406111623,241867.0,243194.0,261772.6,284446.0,104848.1,125541.70000000001,2.659827881471241,1.0653441181364467,1.2756083484188112,0.40053122442914196,0.5078044688602514,0.00483564561625698,0.4599990131335477,0.0059088628831303405,0.0,0.0,0.0,0.0049960114147552985,0.0,0.0
18009,IN,18-60,0.48135454128551086,0.01607491974608385,82862.0,83674.0,75035.40000000001,81801.0,38886.6,52276.4,2.21593937669304,1.1483959326626039,1.5438224255718769,0.5182433891203351,0.3985586920668308,0.0,0.575949518368908,0.025778617013648208,0.0,0.0,0.0,0.007780194564619834,5.975571862227215e-05,0.0
18011,IN,18-50,0.41874664329931877,0.021671330713929012,212262.0,216848.0,213925.19999999998,222260.8,93269.7,116733.1,2.4377475536523114,1.0628387071971184,1.3302118168184518,0.43599211313113184,0.42658452003246516,0.002434885265254925,0.5278259425957352,0.009421345827492069,0.0,0.0,0.0,0.018768907253006714,0.00027207998229174355,0.0
18015,IN,18-20,0.1602918171459472,0.06248672241642365,207116.0,208992.0,187198.19999999998,203639.9,72086.2,85354.7,2.2133709721408814,0.8523239142894644,1.0092063669190907,0.38507955738890653,0.5335658781197367,0.002224965548920533,0.43712677997243915,0.016086740162302864,0.0,0.0,0.0,0.008732391670494565,0.0001531159087429184,3.82789771857296e-05
18017,IN,18-20,0.27507562743294756,0.04109042322441826,172887.0,176831.0,190848.1,207716.4,73671.1,87356.7,2.666930150979394,1.0294872091774456,1.2207311318271528,0.38601956215440447,0.5080444039789404,0.0,0.4370104789318615,0.014816406625535116,0.0,0.0,0.0,0.021302825861981213,0.0,0.00019792909614264466
18019,IN,18-90,0.8373705413489635,0.027542922350744334,57837.0,65006.0,56482.6,65268.3,19686.1,27020.999999999996,2.147056336223935,0.7483218856875924,1.0271412658253505,0.34853388477159336,0.30606405562563455,0.0,0.541426945205058,0.04531889364058702,0.0,0.0,0.0,0.10540565486262807,0.005768698274005476,0.0
18021,IN,18-40,0.3455671337149522,0.03687788707969491,130322.0,135353.0,153291.9,166005.6,80689.8,90955.2,2.798552926446149,1.4731024661078276,1.6605113586268732,0.5263800631344514,0.4439872038299853,0.0020538887206046413,0.5106203778268675,0.008089957370726914,0.0,0.0,0.0,0.03736895377272761,7.388088923038277e-05,0.0
18023,IN,18-50,0.41813125742586904,0.06936347260253554,234821.0,236287.0,226284.6,234419.90000000002,95574.0,118720.1,2.366450223801772,0.9994984797446691,1.2415569031863802,0.4223619282973742,0.4696534299390148,0.0,0.5151658787830055,0.007279283244528899,0.0,0.0,0.0,0.0075628367197518274,2.5392848527426393e-05,3.385713136990186e-05
18025,IN,18-80,0.4877087929404349,0.23211471793255595,6346.0,14134.0,5982.3,7176.6,3120.9,3820.5,1.0458883002342036,0.5456284031561316,0.6679397975769812,0.5216889824983701,0.14291778689684448,0.0,0.2702702702702703,0.0,0.0,0.0,0.0,0.5360124522428187,0.0002830055186076129,0.000636762416867129
18027,IN,18-70,0.38335403300118476,0.16343770926219517,174721.0,181989.0,167554.1,175749.9,80215.7,99148.79999999999,2.2750561735537627,1.0891719361145835,1.3462463141185281,0.4787450739790909,0.4931946436323075,0.002829841364038486,0.41664606102566637,0.006324558077686014,0.0,0.0032969025600448378,0.0,0.049184291358268906,0.002604553022435422,0.00030221606800411016
18029,IN,18-90,0.47889957264957267,0.043536324786324784,14976.0,25996.0,22238.7,25565.8,7226.5,10060.6,2.113903080025331,0.6869160790785007,0.9563118944409,0.3249515484268415,0.15348515156177875,0.0065394676104016,0.4010232343437452,0.0018079704569933836,0.0,0.0,0.0,0.40498538236651793,0.0011540236959532236,0.00523157408832128
18031,IN,18-50,0.3762229398397321,0.08531874177729937,167220.0,171591.0,166468.5,172912.1,70689.2,87977.7,2.397285533318578,1.0179835615859074,1.2669524112047736,0.42464009707542266,0.4384612246563048,0.011020391512375358,0.5013782774154821,0.017803964077370026,0.0,0.0,0.0,0.024325285125676756,0.0003263574429894342,0.0
18033,IN,18-30,0.6805260822205188,0.10200508330979949,123935.0,128731.0,122012.6,130275.9,63848.1,77087.9,2.342090876851781,1.2255951640594511,1.4797395294064908,0.523291037155179,0.3129859940496073,0.009857765417809231,0.5711522477103417,0.06590487139849764,0.0,0.0,0.0,0.04016126651700057,0.0001864352797694417,0.00031072546628240286
18035,IN,18-60,0.49328996584810536,0.042563018376971865,153725.0,155443.0,157509.4,172180.0,78572.4,105600.7,2.5039030623228022,1.2490535356877248,1.678718324832877,0.4988426087585884,0.38051247080923556,0.0011000817019743573,0.5882670818242056,0.007900001929967898,0.0,0.0,0.0,0.014397560520576674,0.0,0.00010936484756470217
18037,IN,18-70,0.43189728654638443,0.14131091064071602,112624.0,124783.0,117822.29999999999,124254.6,56685.2,70927.0,2.333212407686848,1.122526142947562,1.4045537766620162,0.48110756622473,0.4432655089234912,0.012437591659120232,0.42380773021966134,0.03219989902470689,0.0,0.0,0.0,0.09867530032135788,0.0001682921551813949,0.0
18039,IN,18-20,0.2764436917866215,0.15033869602032177,118100.0,137114.0,111430.3,121176.90000000001,40748.9,48340.8,2.0081849255729303,0.734372309090784,0.8711927173321432,0.36568958353338366,0.39535714806657235,0.09936986740960077,0.332672083084149,0.017168195807867905,0.0,0.0003646600638884432,0.0,0.10496375278964949,0.008248610645156584,0.0010064617763321031
18041,IN,18-60,0.664320321784441,0.05430112441722278,65634.0,69352.0,71117.9,78133.40000000001,34737.9,46677.7,2.5339739025037082,1.2377324418716467,1.6631547561007474,0.48845508655345565,0.45266178336601687,0.0023359095628100127,0.47227188833775524,0.0156159880032299,0.0,0.0,0.0,0.05162071749913485,0.0,0.00015861114315376628
18043,IN,18-80,0.89255541198688,0.37203061325911935,10061.0,12746.0,7883.500000000001,8888.0,4304.1,5557.400000000001,1.52836597740185,0.8344314077928969,1.0774073803276516,0.5459630874611531,0.3326533814530049,0.007296406715832418,0.42052408598776087,0.005727286991997489,0.0,0.0,0.0,0.203279460222815,0.0009414718343009571,0.0009414718343009571
18045,IN,18-40,0.35043381560155573,0.05042083218081954,177149.0,179312.0,225640.6,243333.2,117068.8,131416.80000000002,3.109496661544128,1.6132958464521776,1.8110220451054129,0.5188286150630693,0.49635272597483715,0.00013942178995270812,0.4724000624609619,0.011717007227625592,0.0,0.0,0.0,0.020584233068617827,0.0004405728562505577,0.0
18047,IN,18-90,0.4695186180017907,0.09517037973350187,75948.0,85472.0,103182.90000000001,115022.8,26553.2,38784.9,2.9830880130789477,0.7676711221422146,1.121297911557687,0.2573410904326201,0.3824761325346312,0.01116154998128042,0.4343176712841632,0.02136372145263946,0.0,0.0,0.0,0.10058264694870835,0.0,0.0005381879445900411
18049,IN,18-20,0.20496544471153846,0.06570870535714286,186368.0,190726.0,176702.8,191883.40000000002,65814.8,77425.6,2.289368665012438,0.8526992261246602,1.0031292232482283,0.37246042507532423,0.5415622411207701,0.01074316034520726,0.4043968834873064,0.011146880865744576,0.0,0.0,0.0,0.02262407852101968,0.001378941518198882,0.0
18051,IN,18-70,0.362708267760506,0.08639875724685504,196982.0,199622.0,218246.69999999998,231921.6,105828.4,131924.4,2.701602732036048,1.3100142846008838,1.6330479199099752,0.4849026354121277,0.45172375790243563,0.004082716333871016,0.4941890172425885,0.06751760827964853,0.0,0.0021791185340293154,0.0,0.0162406949133863,0.0028053020208193484,0.0
18053,IN,18-50,0.2156749854639563,0.006190644488274258,175426.0,177131.0,178287.69999999998,185949.1,83288.5,105950.1,2.487190278347863,1.1619104823169293,1.4780495721801556,0.46715785777706487,0.3419503079641621,0.0,0.6121796862209326,0.016326899300517696,0.0,0.0,0.0,0.011674975018489141,0.006944013187979518,0.0
18055,IN,18-70,0.28350776251178017,0.20285700114081642,100805.0,114998.0,109984.6,115634.7,53037.6,67063.5,2.3633268872948743,1.139661244552334,1.441046952992508,0.4822275118516592,0.4366510721925599,0.001800031304892259,0.4021113410668012,0.0033565801144367726,0.0,0.0,0.0,0.12960225395224265,0.00040000695664272424,0.0002608741021582984
18057,IN,18-50,0.4612772522143117,0.09009743858000337,112789.0,115153.0,112508.7,116773.59999999999,48254.1,60192.9,2.4143101119271635,1.0354786925095085,1.2916719074722272,0.4288921656725213,0.44824711470825773,0.0,0.5204814464234541,0.010898543676673643,0.0,0.0,0.0,0.01721188332045192,0.0010334077271108872,0.00020841836513160752
18059,IN,18-50,0.4561916186003777,0.05986167117553979,156728.0,159222.0,150629.0,156486.19999999998,64942.7,81076.29999999999,2.337694320195554,1.0078814898071673,1.2582677041769563,0.4311434053203566,0.4500445918277625,0.0,0.5157327504993029,0.021322430317418446,0.0,0.0,0.0,0.01594000829031164,0.0007599452336988608,0.0005526874426900805
18061,IN,18-80,0.864740142780137,0.13904629179211422,76061.0,91844.0,76738.9,85021.0,41864.1,54071.9,2.0646525802306797,1.1263495057139885,1.454799167735989,0.545539485189389,0.293933191063107,0.004692739863246374,0.4460824876965289,0.02376856408693001,0.0,0.0,0.0,0.16083794259831888,0.0004572971560472105,0.0011759069726928269
18063,IN,18-50,0.4040566164504233,0.044313719635098614,133954.0,138581.0,134381.6,139429.6,57084.3,71100.0,2.3961738283147063,1.0178767455340998,1.2677923108012972,0.42479253112033194,0.46738008817947624,0.0,0.4830820963912802,0.006537692757304392,0.0,0.0,0.0,0.03210396807643184,0.0006205756921944566,0.000288639856834631
18065,IN,18-60,0.5664191970725871,0.03498821294113508,142105.0,147947.0,161511.7,177080.4,79700.3,107096.3,2.6976153784740733,1.3311775861996202,1.7887535445275662,0.49346456015260814,0.3934449498807005,0.018567459968772602,0.5335964906351599,0.012355776054938592,0.0,0.0,0.0,0.03875036330577842,0.002041271536428586,0.0
18067,IN,18-50,0.16262554228323528,0.0329307066024841,134616.0,136068.0,142652.19999999998,148115.3,61758.1,77182.9,2.5906257384638827,1.1215538450765312,1.4016748939678745,0.43292777819059225,0.44008877913984185,0.00022047799629596967,0.5360922479936502,0.011450157274304025,0.0,0.0,0.0,0.01220713172825352,0.0,0.0004850515918511333
18069,IN,18-30,0.2692487768335791,0.02683357913711169,170868.0,174162.0,161068.19999999998,170407.6,82296.2,98553.1,2.285275720491822,1.1676389737312463,1.3982959181837424,0.510940086249179,0.35205728000367476,0.012660626313432321,0.5816251535926321,0.022783385583537166,0.0,0.0,0.0,0.019114387753930248,8.038492897417347e-05,4.5934245128099125e-05
18071,IN,18-80,0.7898367539311881,0.08897124983932474,140034.0,144872.0,184699.9,200637.8,99651.2,127193.1,3.150390637697229,1.6997313345339877,2.169508220739088,0.5395303408393832,0.3919183831244133,0.006716273676072671,0.5177190899552708,0.027458722182340273,0.0,0.0,0.0,0.044211441824507154,0.003596278093765531,0.00020707935280799602
18073,IN,18-10,0.19987863253666485,0.0592324144486692,235648.0,239431.0,298854.2,323646.8,112791.8,134974.80000000002,3.084332483849816,1.1640706828008163,1.3930109067937884,0.3774141370608143,0.5443363641299581,0.03861237684343297,0.38081534972497294,0.0055130705714798835,0.0,0.0,0.0,0.012504646432583918,9.606107813942222e-05,0.0
18075,IN,18-60,0.4726581609415152,0.10843393818073448,177841.0,181685.0,173396.1,190027.5,87506.7,117618.6,2.3583184872399348,1.190157497010364,1.5997021779802372,0.5046635997003392,0.3746869581968792,0.004997660786526131,0.560216858849107,0.033536065167735364,0.0,0.0,0.0,0.01880177229820844,0.0,0.0
18077,IN,18-90,0.6737328747815301,0.062336734885643945,53211.0,61087.0,59350.1,68583.8,21835.2,29709.4,2.400793802382571,0.8832641029043576,1.2017864062993113,0.3679050245913655,0.2331756347504379,0.004223484538445168,0.5969846284806914,0.03298574164715897,0.0,0.0,0.0,0.12940560184654673,0.000360142092425557,0.0011786468479381865
18079,IN,18-90,0.5835816484842515,0.11898194892506218,81214.0,86524.0,99923.1,114166.7,33859.2,46757.3,2.8537210187788027,0.9669907230563826,1.335349781895739,0.3388525776321991,0.31288428644075633,0.0018491979104063613,0.6105935925292404,0.025056631686006196,0.0,0.0,0.0,0.06007581711432666,0.00018491979104063612,0.0004738569645416301
18081,IN,18-50,0.4316764200862039,0.022304376774012685,114148.0,119098.0,92955.09999999999,96803.4,40381.1,50595.5,1.9286390573156982,0.8378299484091883,1.0497590495240865,0.4344151100907858,0.4627701556701204,0.003568489815110245,0.4687232363263867,0.024836689113167307,0.0,0.0,0.0,0.03979915699675897,0.00038623654469428537,0.0006045441569127945
18083,IN,18-70,0.5025823909965771,0.13163921793516245,279005.0,278392.0,261652.6,275759.5,125427.7,155692.5,2.3224721089282605,1.1133171806319568,1.3819525921749418,0.4793672984713318,0.45914034886059946,0.0008405413948676686,0.48187807120894277,0.044979740797149344,0.0,0.0,0.0,0.010323572516451622,0.03121856949912354,0.00012931406074887208
18085,IN,18-20,0.4359930127336248,0.1669116664439396,209524.0,216980.0,210234.40000000002,228717.0,79666.6,94450.90000000001,2.3942322614766627,0.9072746604844721,1.0756440996597423,0.37894179068696654,0.4658217347220942,0.01945340584385658,0.43929394414231726,0.018748271730113373,0.0,0.0,0.0,0.029011890496819983,0.0,0.00032261037883675914
18087,IN,18-30,0.3907565448045208,0.24095644485449583,104052.0,128860.0,86261.3,92134.8,36584.3,43442.9,1.6541697534031967,0.7015503187342246,0.8330726661912089,0.4241102325144648,0.3972295514511873,0.04032283097935744,0.2979667856588546,0.008039733043613224,0.0,0.0,0.0,0.1621139220859848,0.040710848983392826,0.0002250504423405246
18089,IN,18-10,0.384331983805668,0.04533400809716599,98800.0,101962.0,116947.7,127780.29999999999,49336.1,59194.49999999999,2.834232951512094,1.1956626792925027,1.4345814620405757,0.4218646454782779,0.4636923559757557,0.020174182538592808,0.4735195464977148,0.005541280084737451,0.0,0.0,0.0,0.029765991251642768,0.0028343892822816344,0.0006669151252427375
18091,IN,18-10,0.25586792601119723,0.1529890940023948,216303.0,222098.0,235599.5,256654.4,92037.6,110196.6,2.6212709849243767,1.0240068013814794,1.2260431376862753,0.3906527815211832,0.5308332357788004,0.009392250267899756,0.3926284793199398,0.01864942502859098,0.0,0.0,0.0,0.027852569586398798,0.010765517924519807,0.0008329656277859324
18093,IN,18-80,0.7858674305893375,0.13660522854620472,55503.0,69520.0,64619.5,72513.6,35147.2,45242.7,2.2968679801089604,1.2492897387086814,1.6081292638240106,0.5439101200102135,0.276409666283084,0.002689873417721519,0.49065017261219795,0.0,0.0,0.0,0.0,0.20057537399309552,0.0008774453394706559,0.001165132336018412
18095,IN,18-50,0.3977661343456844,0.049461927022872026,191238.0,193660.0,190530.09999999998,197808.0,83471.4,104664.69999999998,2.4311170629700074,1.0650744675512933,1.335495746134794,0.4381008565050877,0.442342249302902,0.0,0.5251781472684085,0.006051843436951358,0.0,0.0,0.0,0.012439326654962305,0.003005266962718166,0.00010327377878756583
18097,IN,18-50,0.7862292718096612,0.26676279740447006,13870.0,14793.0,15278.9,15994.7,6863.8,8694.5,2.552219572026413,1.1465435796081453,1.452347555713019,0.4492339108181872,0.38017981477725954,0.0,0.5349151625768945,0.010072331508145745,0.0,0.0,0.0,0.05130805110525249,0.01852227404853647,0.0004731967822618806
18099,IN,18-20,0.22115596804600166,0.08017502821510313,158603.0,167577.0,171071.8,186043.0,64841.5,76604.9,2.5225873716127283,0.9561385865842689,1.1295991118562843,0.3790309098285048,0.4784427457228617,0.01741885819653055,0.4261802037272418,0.010783102693090341,0.0,0.0,0.0,0.04868209837865578,0.001444112258842204,9.547849645237712e-05
18101,IN,18-70,0.5950161222487033,0.14685265666619934,28532.0,32670.0,32370.7,34212.2,15410.7,19523.100000000002,2.4484157244747995,1.1656158255818934,1.4766645463488266,0.4760694084465273,0.4118763391490664,0.0021732476277930824,0.4441077441077441,0.01487603305785124,0.0,0.0,0.0,0.11613100704009795,0.0,0.0
18103,IN,18-20,0.4160527217544547,0.07772420207558253,163424.0,168647.0,149190.3,163931.2,64514.7,78555.5,2.185969865618768,0.9452839098080448,1.1510128726774806,0.43243226939016816,0.3761406962471909,0.010157310832686025,0.525132377095353,0.02346913968229497,0.0,0.0,0.0,0.02689048723072453,0.0,0.0
18105,IN,18-80,0.520410996945293,0.05183745255947422,10803.0,17843.0,18969.7,21512.4,10264.9,13132.8,2.627089029209038,1.4215726224414647,1.8187443556195644,0.541120840076543,0.2720394552485569,0.005043994843916382,0.28520988622989407,0.004427506585215491,0.0,0.0,0.0,0.3879392478843244,0.0038110183265145994,0.005212128005380261
18107,IN,18-40,0.48342634736317286,0.0358291651253679,248708.0,252023.0,278978.60000000003,301120.60000000003,145699.6,163909.40000000002,2.7353500821026553,1.4285662513982218,1.607111049906326,0.5222608472477817,0.45320466782793634,0.000892775659364423,0.5229324307702075,0.00965784868841336,0.0,0.0,0.0,0.013193240299496475,0.00011903675458192307,7.538994456855128e-05
18109,IN,18-50,0.34845061807562916,0.02868896934778963,101363.0,107078.0,88342.40000000001,91667.3,37578.8,46904.200000000004,2.038689782375923,0.8672111646723243,1.082414710156355,0.4253767160502771,0.4027904891761146,0.0012420852089131287,0.5231793645753563,0.01823904069930331,0.0,0.0,0.0,0.055959207306823064,0.0004295933805263453,0.0020358990642335493
18111,IN,18-10,0.3772538322489706,0.07130691273109326,153239.0,155708.0,212735.80000000002,230827.8,81896.8,98108.7,3.3760732274977907,1.2996853087150402,1.5569648148295325,0.38496952558055575,0.5043671487656383,0.023203688956251446,0.4472731009325147,0.010416934261566521,0.0,0.0,0.0,0.01307575718652863,0.0,0.0
18113,IN,18-30,0.5893899653100939,0.15147708708923702,153647.0,163566.0,126674.7,133951.9,59692.1,71318.0,1.9137229048664595,0.9017912733132913,1.0774281693918846,0.4712235355599816,0.4252717557438587,0.016164728611080544,0.47136324174950783,0.02068278248535759,0.0,0.0,0.0,0.0561363608573909,0.00024454960077277673,0.0007642175024149273
18117,IN,18-80,0.842388886988059,0.059054983405754956,58454.0,66517.0,68017.3,74950.1,36470.7,46168.1,2.5267887702191363,1.3548575906722413,1.7151083124786501,0.536197408600459,0.44075950508892464,0.00109746380624502,0.42998030578649066,0.0,0.0,0.0,0.0,0.11833065231444594,0.00025557376309815534,0.0002706075138686351
18119,IN,18-40,0.4869099808095213,0.08582897586225109,56799.0,64782.0,55822.6,61375.7,29425.5,33215.2,2.1293051877819433,1.1224104538856587,1.2669653092692708,0.5271252145188507,0.3554691117903121,0.0056960266740761325,0.4549411873668612,0.021919669043870212,0.0,0.0,0.0,0.1530826464141274,0.00273224043715847,0.0003087277330122565
18121,IN,18-40,0.38763854909889,0.02977478150738273,127121.0,132151.0,146457.4,158762.8,76469.0,86046.7,2.73856510322958,1.4298719960812,1.6089626735696845,0.5221245222160165,0.45414714985130644,0.0054104774084191565,0.48881204077154167,0.011138773070199998,0.0,0.0,0.0,0.03686691738995543,0.002898199786607744,0.0
18123,IN,18-80,0.7153961349212009,0.11677244526848748,28046.0,36567.0,35650.5,39174.7,19172.9,24358.2,2.4091203549635405,1.295629055796706,1.6460312037775884,0.5378017138609557,0.22506631662427873,0.02794869691251675,0.48035113627040776,0.010583312823037165,0.0,0.0,0.0,0.2300434818278776,0.00013673530779117785,0.00021877649246588454
18125,IN,18-70,0.6583713284045704,0.21445568654520353,55051.0,56928.0,80395.7,84511.0,40492.1,50450.399999999994,3.4897080727971796,1.7576264433857864,2.189882893685195,0.5036600216180717,0.3515493254637437,0.002459246767847105,0.59494449128724,0.018953766160764475,0.0,0.0,0.0,0.036431984260820685,0.0,0.0
18127,IN,18-10,0.26766936936096364,0.04917099750879386,107177.0,110998.0,131370.6,143467.2,54673.0,65530.5,2.9245916346754353,1.2171383737503678,1.4588496369514838,0.41617378622005224,0.45870195859384855,0.004387466440836772,0.47724283320420186,0.010243427809510082,0.0,0.0,0.0,0.030928485197931493,0.009973152669417467,0.0003693760247932395
18129,IN,18-70,0.2894184847658889,0.11399215481791355,168766.0,170545.0,189310.9,201906.3,92299.2,115076.5,2.7429559447883194,1.337337888833691,1.6673618359029143,0.4875535428757668,0.46313289747573955,0.0,0.47816705268404236,0.10178545251986279,0.0,0.0,0.0,0.013321997126858014,0.0002345422029376411,0.0001289982116157026
18131,IN,18-10,0.3815433501559287,0.09606095485445011,203298.0,206695.0,201365.5,218681.5,80003.8,95805.5,2.4073392530940025,0.9564512696399431,1.1453617467356496,0.3973063906180552,0.47854084520670553,0.006947434625898062,0.3820847141924091,0.0034350129417741117,0.0,0.0,0.0,0.014886668763153438,0.0,0.0
18133,IN,18-40,0.6381239312759547,0.1367885351355753,122810.0,129567.0,172477.6,186829.6,89426.3,100451.20000000001,3.289428877919622,1.7055052578740861,1.9157680655440448,0.5184806606770966,0.4562890242114119,0.0,0.4776756427176673,0.007748886676391365,0.0,0.0,0.0,0.05240531925567467,4.630808770751812e-05,0.00010033419003295592
18135,IN,18-60,0.5568628174156786,0.052224906411935015,216908.0,221264.0,215084.69999999998,236153.69999999998,104614.8,140539.5,2.402044021677761,1.1683274306308848,1.569530821042044,0.4863888505319068,0.4411969412104997,0.003751175066888423,0.5163017933328512,0.018430472196109625,0.0,0.0,0.0,0.02115120399161183,0.0031862390628389615,0.0
18137,IN,18-90,0.5936435671091957,0.0854590950163342,115096.0,120241.0,126849.09999999999,143320.7,38939.1,54798.6,2.606855834887152,0.8002312987656539,1.126157380333381,0.3069718271552577,0.3224690413419715,0.004482663983167139,0.6044610407431741,0.015036468425911295,0.0,0.0,0.0,0.05374206801340641,0.00038256501526101746,0.00010811619996507016
18139,IN,18-50,0.4095323006853288,0.03473908092895353,186188.0,190215.0,224414.40000000002,232644.6,93834.1,116276.70000000001,2.9153329610559124,1.2189843637530238,1.510532729240236,0.4181286940588483,0.4774597166364377,0.002775806324422364,0.46487921562442497,0.029266882212233527,0.0,0.0,0.0,0.02171227295428857,0.0,0.0
18141,IN,18-20,0.21722849438705702,0.055969402859680425,124979.0,128690.0,118417.8,128794.7,44553.3,52580.3,2.2738111462819566,0.855494614353956,1.0096258519821273,0.3762382006759119,0.5084699665863703,0.009511228533685601,0.41493511539358147,0.011694770378428782,0.0,0.0,0.0,0.029155334524827103,0.00243997202579843,0.00016318284248970395
18143,IN,18-90,0.6527219093590775,0.09823008849557523,37290.0,41301.0,41020.1,46275.5,12457.6,17561.8,2.4542474657565845,0.745342727819026,1.0507288657054465,0.30369501780834274,0.40434856298878963,0.0,0.47725236677078037,0.0,0.0,0.0,0.0,0.10946466187259389,0.0001694874216120675,0.00043582479843103073
18145,IN,18-50,0.5946992551855113,0.04783924667899781,202198.0,205194.0,199175.8,207024.8,86270.0,107808.0,2.3985794924816433,1.0389086064491337,1.2982805035825689,0.43313494912534556,0.4711346335662836,0.0016715888378802499,0.49540922249188574,0.015180755772585944,0.0,0.0,0.0,0.01423530902463035,0.0018957669327563185,0.0002241780948760685
18147,IN,18-70,0.46791657459502645,0.09043701449915861,117662.0,125821.0,135930.0,142664.1,67080.1,83861.3,2.669588900329181,1.3174155108730339,1.646988859318587,0.4934900316339293,0.40496419516614873,0.0027658340022730706,0.5165592389187814,0.01822430277934526,0.0,0.0,0.0,0.06519579402484482,0.0006994062994253741,0.000818623282281972
18149,IN,18-10,0.2548348994235143,0.12053311707772861,113446.0,115436.0,109897.3,119253.4,41675.5,49883.8,2.3524909247298513,0.8921168721486235,1.0678259319477272,0.3792222374890011,0.4985013340725597,0.0,0.4093523684119339,0.0020963997366506117,0.0,0.0,0.0,0.018720329879760213,0.0,5.1976852974808554e-05
18151,IN,18-30,0.5929073891052846,0.07273995697924539,86005.0,91426.0,80463.3,85277.40000000001,37107.3,44481.9,2.1747549319238475,1.0029328114230684,1.2022528457861335,0.46117049636293816,0.4409795900509702,0.021624045676284644,0.4408155229365826,0.0325837289173758,0.0,0.0,0.0,0.05171395445496905,0.0,0.00035000984402686324
18153,IN,18-70,0.4288583710579374,0.0517365998402252,131435.0,133937.0,156729.80000000002,164523.80000000002,77166.0,95556.0,2.891566707950196,1.4236643994038451,1.7629483885316568,0.4923505293824148,0.4442611078342803,0.0,0.5167802772945489,0.015679013267431704,0.0,0.0,0.0,0.021778896048142038,0.009467137534811142,0.00014185773908628684
18155,IN,18-90,0.795978505806899,0.10088403536141445,17307.0,24531.0,19602.1,22439.2,5869.2,8279.099999999999,1.9745564379998868,0.5912155659806314,0.8339693301148785,0.29941689920977854,0.2581223757694346,0.012474012474012475,0.398679222208634,0.0,0.0,0.0,0.0,0.2874322286086992,0.002364355305531776,0.00028535322652969714
18157,IN,18-40,0.4167644139673374,0.13007202339566162,188411.0,192739.0,231332.1,249421.7,119505.9,134080.5,2.965845356471728,1.5321523410973863,1.7190092871607854,0.5165988637115212,0.47602716627148633,0.0011414399784164077,0.47443952702877984,0.015087761169249607,0.0,0.0,0.0,0.024380120266266816,0.0,0.00014527417907117917
18159,IN,18-50,0.2704915367758465,0.019280414610197485,153783.0,154351.0,158187.0,163891.6,67343.0,83782.2,2.53246554788414,1.0781153153619554,1.341295650249,0.42571766327195026,0.48295767439148435,0.0011402582425769836,0.5010074440722768,0.00832518091881491,0.0,0.0,0.0,0.004962714851215736,0.0,0.0
18161,IN,18-60,0.40653579015563557,0.04794118090187275,66373.0,67736.0,63988.9,70441.5,30178.9,40533.600000000006,2.334357143050121,1.100946113847797,1.4786923777957799,0.4716271103269473,0.4625014763198299,0.0,0.5107033187669777,0.005344277784339199,0.0,0.0,0.0,0.0218790598795323,0.0,0.0
18163,IN,18-70,0.30773667158583956,0.06740963140128577,58953.0,59738.0,67059.4,71101.1,32682.9,40616.600000000006,2.7739024771433973,1.3519234778454616,1.680099842127167,0.48737238925489945,0.44104255247915897,0.0,0.5306002879239345,0.03861863470487797,0.0,0.0,0.0,0.010445612507951388,0.0011717834544176236,0.0005021929090361244
18165,IN,18-40,0.4484069255199262,0.11714988218420244,97610.0,99623.0,89310.3,96445.7,46009.1,51586.6,2.2152570942901715,1.141211989847822,1.2795565754488494,0.5151600655243572,0.47149754574746794,0.0,0.49029842506248555,0.010479507744195617,0.0,0.0,0.0,0.0223643134617508,0.0,0.0
18167,IN,18-40,0.22081136451086222,0.027256939028068094,96159.0,97904.0,123620.99999999999,134195.8,65762.4,74442.29999999999,3.120139561443092,1.659813995158146,1.878890846011722,0.5319678695367293,0.45318883804543225,0.0,0.5103979408400066,0.006833224383069129,0.0,0.0,0.0,0.0184466416081059,0.0005822029743422128,0.0001838535708449093
18169,IN,18-20,0.3511947989072172,0.0585987481412318,173502.0,178664.0,168297.5,184376.6,70330.8,85017.5,2.327677536463432,0.97272641175004,1.1758542162318504,0.41789569066682514,0.4429431782563919,0.007371378677293691,0.4950857475484709,0.020379035507992655,0.0,0.0,0.0,0.02930081045985761,0.00012313616621143598,7.276228003403035e-05
18171,IN,18-40,0.2019498253413782,0.05309622102254684,157450.0,161741.0,197268.3,212698.90000000002,101655.8,113948.2,3.0138343724151087,1.5530814844318923,1.7408828576858588,0.5153174635762563,0.47753507150320573,0.012482920224309236,0.46590536722290576,0.015413531510254048,0.0,0.0,0.0,0.02221452816540024,1.8548172695853246e-05,0.0
18173,IN,18-70,0.5606776740119366,0.13137853694387774,78917.0,82840.0,88733.4,93431.6,44384.4,55253.200000000004,2.646849427315134,1.3239526911143475,1.648160678812359,0.5001994739297717,0.4363833896668276,0.0,0.5018469338483824,0.016103331723804924,0.0,0.0,0.0,0.04693384838242395,0.00012071463061323032,0.0
18175,IN,18-80,0.82629212925018,0.20956378478172683,120789.0,137649.0,130447.3,142432.0,70513.8,90106.0,2.3417699967207724,1.2658529628039001,1.6175691434358694,0.5405539248416794,0.32789922193404963,0.002237575282057988,0.5115474867234778,0.008819533741618174,0.0,0.0,0.0,0.11190782352214691,0.0,0.0002324753539800507
18177,IN,18-60,0.6688560433016629,0.0525272635162159,112513.0,121157.0,134796.4,148240.3,65026.3,87375.2,2.7492357719653513,1.326241873511092,1.7820581664096886,0.4824038327433077,0.43116782356776745,0.0092276962948901,0.4715039164059856,0.015459280107628945,0.0,0.0,0.0,0.0666077898924536,0.0008336290928299644,0.0
18179,IN,18-30,0.3333795205764168,0.05063714505501856,209293.0,212268.0,188364.19999999998,198860.3,93800.4,112277.59999999999,2.192784946188659,1.0919490278220314,1.3070457712993857,0.49797360644963323,0.40177040345223963,0.0069958731415003675,0.5494704807130608,0.01917387453596397,0.0,0.0,0.0,0.01235702037047506,0.0006972318013077807,0.0
18181,IN,18-10,0.16003975377314156,0.018825260595228006,259598.0,261838.0,287286.3,311952.0,113123.8,135469.7,2.7112180337380556,1.0675875828571606,1.2784734032395013,0.3937667755127899,0.5389439271610691,0.0012335871798593023,0.40266882576249435,0.0064352767741886205,0.0,0.0,0.0,0.009414217951557833,9.165972853443732e-05,1.527662142240622e-05
18183,IN,18-30,0.28680940867353355,0.06871322553143912,143102.0,148339.0,128080.5,135456.8,60740.0,72894.0,2.1335846143634023,1.0118162364796597,1.2142794326958892,0.4742330019011481,0.4052339573544381,0.009397393807427582,0.5009336721967925,0.04654878352961797,0.0,0.0,0.0,0.03535145848360849,0.00028313525101288263,0.00018201551850828172
19001,IA,19-70,0.844043933801643,0.043006111838710954,201576.0,222414.0,197877.9,212271.0,84804.6,111429.20000000001,2.198453962584262,0.9421921746459474,1.2379955835775207,0.42857034565254637,0.4255172785885781,0.008506658753495733,0.4636668555037003,0.0,0.0,0.0,0.0,0.09429262546422437,0.0,0.0
19003,IA,19-70,0.7723032092808297,0.052177250687367324,127661.0,141820.0,129393.79999999999,138836.6,55171.7,72667.6,2.2545412712231068,0.961304750718658,1.2661511083276962,0.4263859628513886,0.44150331406007615,0.005260188971936257,0.4477295162882527,0.0,0.0,0.0,0.0,0.09937949513467777,7.051191651389084e-06,7.051191651389084e-06
19005,IA,19-30,0.39050008336045855,0.0902198334378647,125959.0,155114.0,161606.09999999998,165665.8,61248.3,67509.8,2.574476642206433,0.9757200855961025,1.075469324611063,0.37899745121007195,0.4948167154479931,0.05624250551207499,0.21428755624895238,0.0,0.0,0.0,0.0,0.1799708601415733,0.00020629988266694175,0.00012249055533349666
19007,IA,19-80,0.5144855685157476,0.03288323207557375,55469.0,80783.0,112821.0,118240.0,56156.8,70981.40000000001,3.451057306921885,1.7177682787189523,2.171234780098963,0.49775130516481864,0.2670982756272978,0.006474134409467339,0.39395664929502494,0.0,0.0,0.0,0.0,0.31433593701645146,4.9515368332446184e-05,0.000272334525828454
19009,IA,19-40,0.8675334814167681,0.05756201381079398,215194.0,222960.0,233129.1,241998.0,99318.8,116453.09999999999,2.5837574087996473,1.1007449749220086,1.2906435099808913,0.42602489350321343,0.5063688554000718,0.004314675278076785,0.4522874058127018,0.0,0.0,0.0,0.0,0.03475959813419448,0.0,0.0
19011,IA,19-60,0.37130704515277907,0.06133908795992232,351717.0,360914.0,442443.5,452986.2,174132.9,200049.7,3.0292582123488634,1.1922279734364352,1.369671374091667,0.3935709305255925,0.5054389688402223,0.007974198839612761,0.45744692641460294,0.0,0.0,0.0,0.0,0.024177504890361693,0.00024936688518594456,5.264412020592163e-05
19013,IA,19-30,0.296675280864102,0.06975952462009842,258488.0,262410.0,294786.0,301987.8,123456.1,132469.80000000002,2.7759310613612214,1.1625573219369885,1.24743723417092,0.41879906101375236,0.5839335391181738,0.002995312678632674,0.39462291833390495,0.0,0.0,0.0,0.0,0.01442780381845204,0.000342974734194581,0.0001714873670972905
19015,IA,19-50,0.06661171079845678,0.024046905576164006,269307.0,274405.0,319231.4,325400.8,98046.8,115314.6,2.8747215565786797,0.8829245792035447,1.0384234333096551,0.30713394734979077,0.5854703813706018,0.0032980448606986026,0.3877152384249558,0.0,0.0,0.0,0.0,0.019777336418797035,0.0010495435578797762,0.00010932745394581002
19017,IA,19-30,0.1822564569738023,0.027785168916328803,221737.0,226649.0,244360.09999999998,250245.0,101375.9,108751.5,2.664150105487104,1.1052566056359043,1.185669510680675,0.41486273741089486,0.6095283897127276,0.011167046843356909,0.3537496304859055,0.0,0.0,0.0,0.0,0.01871175253365336,0.0001676601264510322,0.00015883590926939894
19019,IA,19-30,0.25927281642914124,0.03759198571739363,289583.0,296224.0,344379.0,351807.3,135931.7,145229.60000000003,2.872755217817629,1.1339207688094242,1.211482381857103,0.39471541528374265,0.6494072053581074,0.006387058442259911,0.3155517446256887,0.0,0.0,0.0,0.0,0.020946986064599764,0.0,0.0001519120665442368
19021,IA,19-10,0.1595450776715736,0.03736370320541902,319615.0,323820.0,333317.39999999997,347269.5,153175.3,165585.7,2.5435279870497105,1.1688728595468931,1.2635759855477613,0.45954786638801337,0.5322185164597616,0.007837687604224569,0.44266876659872767,0.0,0.0,0.0,0.0,0.013334568587486875,1.2352541535420913e-05,2.16169476869866e-05
19023,IA,19-20,0.2786116844332942,0.04466788563503564,305723.0,310594.0,292102.9,302791.89999999997,102273.1,110122.50000000001,2.3239405311166754,0.8136742303241387,0.8761232467664515,0.35012695868476484,0.5661828625150518,0.003699363155759609,0.4117046691178838,0.0,0.0,0.0,0.0,0.015760124149210866,6.439274422558066e-05,0.0
19025,IA,19-40,0.048171324286442815,0.02689049755759615,311783.0,313895.0,357559.0,371380.0,150026.2,175663.7,2.8147868902664324,1.1810408378938577,1.382865149124188,0.41958446018699014,0.5515411204383631,0.0026919829879418276,0.4270600041415123,0.0,0.0,0.0,0.0,0.006804823268927508,3.5043565523503084e-05,0.0
19027,IA,19-40,0.3257251931648577,0.03549901344623705,295473.0,301644.0,349167.0,363324.4,143754.0,168353.3,2.860360051277192,1.1776261754727722,1.3791425129542152,0.4117055735507651,0.579056768906393,0.008423837371205792,0.391156462585034,0.0,0.0,0.0,0.0,0.0191914972616727,0.0,8.950948800572861e-05
19029,IA,19-70,0.7934802856255821,0.031896448785613644,209365.0,222327.0,228468.2,244731.9,96764.9,126796.5,2.5393101923795416,1.0754936434680495,1.4092799120755208,0.42353771772176607,0.46887692453008406,0.013907442640794866,0.4548255497532913,0.0,0.0,0.0,0.0,0.055818681491676674,7.19660679989385e-05,1.7991516999734627e-05
19031,IA,19-60,0.39860076919615195,0.0659563199052871,288873.0,296278.0,343380.60000000003,351779.2,133125.7,152860.7,2.863904648722623,1.1103111564673522,1.2749074040204784,0.3876913838463792,0.5435098117308744,0.0018462390052585748,0.4266465954272676,0.000961934399449166,0.0,0.0,0.0,0.024709900836376645,0.00011475708625007594,0.00016538521253687416
19033,IA,19-20,0.13640739784706185,0.006407886199847913,286678.0,289444.0,299937.0,310703.8,106079.7,113835.9,2.560635107347783,0.90562819524407,0.9718447607882038,0.3536732713869913,0.566061137905778,0.004290985475601498,0.4183849034701013,0.0,0.0,0.0,0.0,0.00903456281698705,0.00013474108981357361,0.0
19035,IA,19-10,0.27245836946011426,0.02604696303115288,280263.0,286832.0,300456.3,312828.7,139149.1,151058.5,2.588426975571522,1.1987676213362783,1.3013669418460214,0.4631259188108221,0.5077536676521448,0.007858258492776259,0.45743152786299995,0.0,0.0,0.0,0.0,0.022103530986779717,0.00011504992469459474,0.0
19037,IA,19-30,0.20015039174624222,0.03897652756777736,247354.0,254061.0,294470.5,301517.5,121696.8,130538.09999999999,2.864085602801174,1.1836501543854951,1.2696426053781955,0.41327331600279144,0.5943257721570804,0.013520375028044446,0.3606810962721551,0.0,0.0,0.0,0.0,0.026615655295381818,0.0010155041505780108,0.0
19039,IA,19-80,0.6846375573822996,0.06584819045585566,46835.0,66881.0,112739.2,118604.5,53105.7,66897.5,4.165377763834729,1.962097495040571,2.4716634405436064,0.47104911157787177,0.298081667439183,0.0322363601022712,0.34627173636757824,0.0,0.0,0.0,0.0,0.3017448901780775,0.0002691347318371436,0.0003588463091161914
19041,IA,19-10,0.22535136077785173,0.020425013969015478,280979.0,284860.0,306054.8,319046.7,139731.4,151051.2,2.6549107668278102,1.2121175630113412,1.3103125885372846,0.45655679963196133,0.511142315523415,0.017429614547497016,0.4567787685178684,0.0,0.0,0.0,0.0,0.01356455802850523,5.6167942147019586e-05,0.0
19043,IA,19-30,0.46938863592222535,0.09970866872396901,231695.0,261572.0,270186.8,276175.5,103092.0,111203.8,2.552437274685085,0.9739034753801251,1.0505351268330847,0.38155824044697967,0.5982138761029469,0.03077164222470295,0.2406679614025966,0.00043200342544309024,0.0,0.0,0.0,0.10159344272322726,8.792990075390333e-05,6.49916657746242e-05
19045,IA,19-60,0.46005688569300196,0.030609920520097766,324862.0,337237.0,408456.30000000005,418573.39999999997,149851.7,171561.0,2.992902612233146,1.098015979622735,1.257087637177663,0.36687327383614843,0.5882658189937641,0.01095075569999733,0.3607077515219267,0.0,0.0,0.0,0.0,0.034652188223712105,6.227074727862009e-05,7.116656831842295e-05
19047,IA,19-40,0.6867645766541091,0.04247774064341659,352773.0,365139.0,411136.0,427761.0,170571.2,200141.80000000002,2.782335442526942,1.1543292128014855,1.3544462748850472,0.41487780199252805,0.5677591273460244,0.006268845562922613,0.3878659907596833,0.0016404711630365423,0.0,0.0,0.0,0.03504692733452192,1.0954732307422652e-05,5.751234461396893e-05
19049,IA,19-50,0.2164866367833912,0.01981733005291362,237368.0,242915.0,283593.1,289225.5,89209.2,105521.4,2.884851950557025,0.9074809458609245,1.0734168659798424,0.31456759702545656,0.5576106868657761,0.0021406664882777926,0.41446184879484593,0.0,0.0,0.0,0.0,0.020179898318341806,0.001267933227672231,0.0002469999794166684
19051,IA,19-90,0.37456136785486865,0.13585064152068177,73809.0,96757.0,144763.2,151330.6,53218.9,65103.100000000006,3.697072641608106,1.3591447219077613,1.6626524551396813,0.36762726991390077,0.3274698471428424,0.03682420910115031,0.37472224231838525,0.007875399195923808,0.0,0.0,0.0,0.2209762601155472,0.0007854728856826896,0.00023770889961449818
19053,IA,19-80,0.592435073748982,0.08038057318665408,77357.0,98161.0,116916.5,123304.2,54396.5,68655.8,2.943194989079761,1.3693491185887126,1.7283052993483574,0.4652593945251526,0.33732337690121333,0.013467670459754893,0.42110410448141317,0.0018642841861839224,0.0,0.0,0.0,0.21072523711046137,2.037469055938713e-05,0.0001120607980766292
19055,IA,19-30,0.17279928251372437,0.042022694707487714,285441.0,300541.0,341482.8,348007.8,125828.2,134227.9,2.8076780724917976,1.034561852137538,1.1036243451987091,0.36847595252235255,0.7182081646098203,0.035822067538206104,0.18747192562745182,9.981999128238743e-06,0.0,0.0,0.0,0.04583068533078682,8.983799215414869e-05,0.0
19057,IA,19-90,0.27999720414407975,0.03649368602538016,128762.0,132750.0,205002.9,213570.1,69881.5,82084.7,3.8159939590489755,1.30079809529173,1.5279526256962583,0.34088054364108994,0.49869679849340864,0.00247834274952919,0.4632316384180791,0.003239171374764595,0.0,0.0,0.0,0.029416195856873825,0.0002787193973634652,0.00033145009416195856
19059,IA,19-10,0.08280447447865306,0.020430387251728747,165293.0,167805.0,188089.2,196282.5,86280.9,93296.7,2.769753792548134,1.2705506217234497,1.3738635108088368,0.45872330787732624,0.5155925032031227,0.011704061261583385,0.45687554006138076,0.0,0.0,0.0,0.0,0.012985310330443074,4.1715085962873575e-05,0.0
19061,IA,19-30,0.39987241792382083,0.07683654885614391,205358.0,238521.0,254359.3,259590.30000000002,92469.0,99387.90000000001,2.6351370259315177,0.9579696344928671,1.0296487497000468,0.3635369337783207,0.6385852817990869,0.04762264119301864,0.15175183736442494,0.0006162979360307898,0.0,0.0,0.0,0.10794018136767831,0.00011319758008728792,0.0005869504152674188
19063,IA,19-10,0.06784894387023689,0.020641397078726028,199502.0,202064.0,229054.69999999998,239034.2,103375.4,111635.49999999999,2.8011248426412974,1.264184498541096,1.3651977993495987,0.4513131579487345,0.5469900625544382,0.0024497189009422757,0.4368863330429963,0.0,0.0,0.0,0.0,0.008828885897537414,2.474463536305329e-05,0.0
19065,IA,19-30,0.25989516510809385,0.050167063456669846,291506.0,305653.0,385604.19999999995,394912.5,158801.3,170715.89999999997,3.1174198498408687,1.2838302196929774,1.380153886662668,0.41182461186885416,0.5444409182962379,0.021655275753877764,0.37929612992511114,0.0,0.0,0.0,0.0,0.03774541718877289,5.5618626350796494e-05,0.0
19067,IA,19-20,0.23372734315081956,0.04570102786845442,259469.0,264794.0,266764.5,276452.8,95871.6,103095.50000000001,2.489442492443093,0.8946723977834653,0.9620857290968885,0.3593866500227729,0.5438151921871341,0.01136732705423839,0.4204551462646435,0.0,0.0,0.0,0.0,0.01535533282476189,0.00016994342772117194,2.2659123696156258e-05
19069,IA,19-20,0.14827877924357882,0.026587962904067067,314428.0,316532.0,344847.8,357501.0,117527.9,125835.2,2.6921052900532247,0.9174989120384309,0.9823510766051156,0.3408109316631859,0.6167622862775327,0.002419976495267461,0.37299230409563644,0.0,0.0,0.0,0.0,0.00609732981183577,5.370705015606637e-05,9.477714733423477e-06
19071,IA,19-70,0.5613545454151481,0.03541077101092529,230749.0,233651.0,207708.6,222005.8,89201.0,116644.6,2.1966913403756396,0.9433748253700012,1.2336137392557667,0.4294526081250367,0.48062708912009794,0.0,0.501209068225687,0.0,0.0,0.0,0.0,0.013323289863942376,4.2798875245558544e-05,0.0
19073,IA,19-40,0.12922788840462457,0.0344918704491479,306536.0,310871.0,342214.8,355736.1,142738.9,167273.6,2.720199655088757,1.1346040748317974,1.329625688384765,0.417103234576646,0.5247514242241959,0.0016469854055219046,0.4555362192034638,0.0,0.0,0.0,0.0,0.013623014047627472,0.00010293658784511904,0.0
19075,IA,19-50,0.26332643730115957,0.07575668016898177,287605.0,289456.0,343271.5,349714.6,108697.7,127908.29999999999,2.9304707780908346,0.9279402266010551,1.091938991222038,0.31665227087014214,0.5414328948095738,0.002397601017080316,0.44937399812061246,0.0,0.0,0.0,0.0,0.0057003482394560835,0.0,0.0
19077,IA,19-40,0.6629254650607327,0.04892007587527885,215617.0,232237.0,226940.4,235943.8,96332.7,113497.5,2.4146968016427657,1.025001553639687,1.2076388789499348,0.424484578329817,0.4853576303517527,0.0028720660359890975,0.4356239531168591,0.0,0.0,0.0,0.0,0.06938601514831831,2.5835676485659048e-05,0.00014640216675206792
19079,IA,19-50,0.10705067006117182,0.010385064177362895,282810.0,284934.0,372802.7,379829.4,111860.0,130899.0,3.2330839210304565,0.9700915991393486,1.135204901088339,0.30005147494908163,0.6033783262088764,0.0,0.38600167056230567,0.0,0.0,0.0,0.0,0.0068471997023872196,0.0,6.31725241634905e-05
19081,IA,19-20,0.06528207701069996,0.009197991903242804,316917.0,316980.0,327621.9,339518.8,113760.0,121682.40000000001,2.5540139622846083,0.8868290805635918,0.9485890551403939,0.34722953502192616,0.6138778471827876,0.00395293078427661,0.37283109344438137,0.0,0.0,0.0,0.0,0.008082528866174521,5.6785917092561044e-05,5.3631143920752095e-05
19083,IA,19-50,0.16068344499505816,0.02185697039339811,292401.0,296883.0,352967.4,359776.4,103032.1,120531.3,2.9378625257247313,0.8575696949257158,1.0032212307620627,0.291902594970527,0.6489526176978809,0.001663955160787246,0.33013005123230366,0.0,0.0,0.0,0.0,0.01523832620931478,0.003459275202689275,9.768157826483833e-05
19085,IA,19-40,0.5568976887073167,0.018869927460473196,310865.0,315521.0,350965.0,364897.39999999997,146188.6,171581.5,2.7486392413380942,1.1448996982499058,1.3437683073458955,0.4165332725485447,0.5492281020914614,0.0010617359858773267,0.4302661312559227,0.0,0.0,0.0,0.0,0.015941886593919263,0.0001109276403155416,0.00026305697560542724
19087,IA,19-90,0.3213860167266197,0.056013281907354176,177083.0,184209.0,234741.9,244574.8,80056.2,94320.2,3.1489225144171664,1.0739061522407527,1.2652492006937408,0.3410392435266137,0.4975001221438692,0.0037620311711154177,0.45670949845013004,0.0,0.0,0.0,0.0,0.03547057961337394,4.885754767682361e-05,0.00013028679380486295
19089,IA,19-30,0.21449759067114396,0.0579503772099115,245089.0,251990.0,262769.2,269483.5,111834.1,120192.1,2.5767563555625967,1.0966628811277082,1.178622751690134,0.4255982055735604,0.5431644112861621,0.013393388626532799,0.409159093614826,0.0,0.0,0.0,0.0,0.025231159966665345,0.0006944720028572562,4.3652525893884675e-05
19091,IA,19-20,0.03675401975395496,0.03536550370733785,216058.0,217589.0,254980.2,263946.6,92342.1,99001.3,2.8956877226134647,1.0486848988680095,1.124310236374324,0.36215400254608004,0.521791083188948,0.004646374586950627,0.46434792199973346,0.0,0.0,0.0,0.0,0.0075049749757570465,0.0,0.0
19093,IA,19-40,0.42516660968711567,0.01271161983243572,225227.0,231667.0,256404.6,266463.8,107496.9,126038.19999999998,2.734915050177019,1.1466053637780833,1.3443743601995484,0.41924715859231854,0.53535894192958,0.010890631812040558,0.4212814082281896,0.0,0.0,0.0,0.0,0.028290606776105356,0.0,4.316540551740213e-05
19095,IA,19-60,0.5003531874633435,0.10072478348538232,233587.0,245982.0,287411.4,294732.0,112801.3,129851.20000000001,2.887239864502771,1.1331645513286404,1.3044422075586501,0.3924732978580529,0.5171760535323723,0.005532925173386671,0.41802652226585685,0.0005976047027831305,0.0,0.0,0.0,0.053694985811969985,2.845736679919669e-05,0.0001463521721101544
19097,IA,19-60,0.5729832388761606,0.07221753285903774,165860.0,194975.0,234186.1,242158.7,81698.6,93930.90000000001,2.968003363241838,1.0354231936573077,1.1904516412901227,0.3488618666949063,0.5651391204000513,0.02296704705731504,0.24832927298371585,0.0,0.0,0.0,0.0,0.1401564303115784,0.0001743813309398641,0.00024618540838569045
19099,IA,19-50,0.6312926291495806,0.05670149120457184,291174.0,301254.0,373010.7,380961.8,118727.2,140715.3,3.0596424052405737,0.973866904556568,1.154225599818313,0.3182943545587298,0.517788975416094,0.003332735830893532,0.4415642613874007,0.0,0.0,0.0,0.0,0.03408751419068295,0.00011286157196252995,6.970861797685674e-05
19101,IA,19-90,0.5138176512203749,0.12693078646386038,135696.0,142349.0,209642.6,218451.6,71596.2,84439.6,3.639211701154793,1.2428472495486067,1.4657974112171392,0.34151551259142937,0.4906954035504289,0.010762281435064525,0.442770936220135,0.0012504478429774708,0.0,0.0,0.0,0.04762941783925423,0.0005409240669059846,0.00031612445468531564
19103,IA,19-60,0.5753221809439608,0.09390393150034625,229607.0,243323.0,253896.3,260364.6,100294.4,115378.59999999999,2.578430401754123,1.018534457121623,1.1717212497851612,0.3950211168890606,0.48550691878696217,0.005494753886808892,0.442568109056686,0.0016069175540331165,0.0,0.0,0.0,0.054368062205381325,0.0007890746045380009,0.0007027695696666571
19105,IA,19-60,0.33864286577749125,0.02913325542974574,248170.0,262850.0,300034.7,307961.0,107414.3,123014.6,2.820627315841222,1.0098022285154475,1.15646070606927,0.3580062572762417,0.6129731786189843,0.010728552406315388,0.31108997527106713,0.0,0.0,0.0,0.0,0.05390146471371505,8.750237778200494e-05,0.00013315579227696404
19107,IA,19-90,0.5379785148743178,0.11682777308017527,208144.0,219563.0,334306.3,348374.1,113593.7,133870.5,3.762422894038459,1.2784310002489827,1.5066345864148405,0.33978928904420885,0.4915627860796218,0.018846526964925784,0.433561210222123,0.001070307838752431,0.0,0.0,0.0,0.047389587498804446,0.00011841703747899236,3.643601153199765e-05
19109,IA,19-20,0.034776690642639586,0.016612413782787782,534841.0,539802.0,569976.4,590306.0,202050.3,216604.39999999997,2.6091832884887727,0.9249264815072045,0.9915508443737975,0.35448888761008346,0.5696255293607656,0.003892167868959359,0.41106368631461165,0.0,0.0,0.0,0.0,0.00588734387794043,0.0005835473006769149,0.0
19111,IA,19-90,0.28390956470674594,0.0389488365264626,136230.0,147223.0,223523.2,232895.30000000002,75949.1,89944.7,3.751709013045618,1.2747621857717808,1.5096703235533677,0.33978173182917926,0.4752110743565883,0.004863370533136806,0.4344905347669861,0.005386386637957385,0.0,0.0,0.0,0.07320866984098952,0.0007947127826494502,0.0003464132642318116
19113,IA,19-60,0.3220712045341991,0.05795489383779705,254422.0,266156.0,330647.0,338775.4,125181.3,143636.8,3.0698031630312235,1.1622121195485229,1.3335572467546453,0.37859499708147965,0.5417086220111513,0.0069545679977156254,0.39962653481416915,0.0,0.0,0.0,0.0,0.041160071536993345,0.0008866980267211711,0.00015780219119614062
19115,IA,19-90,0.3796234622442738,0.10923672942295928,147130.0,149708.0,237868.69999999998,247729.2,80306.5,94035.9,3.926218762697966,1.3255249096102355,1.552139961866314,0.3376085210033939,0.5330977636465654,0.0011088251796831164,0.443656985598632,0.0,0.0,0.0,0.0,0.016472065621075695,0.0032730381809923316,0.0002605071205279611
19117,IA,19-80,0.7025829704159784,0.09500300345397207,53272.0,76567.0,101691.8,106799.2,48126.1,60736.200000000004,3.2819087898288672,1.553178040020759,1.9601449540749998,0.47325448069559195,0.30773048441234474,0.007966878681416276,0.3531547533532723,0.0,0.0,0.0,0.0,0.3082267817728264,0.0002089673096764925,0.00016978593911215015
19119,IA,19-10,0.21626334160694594,0.04870154162451245,307403.0,313166.0,337686.2,352997.5,149973.7,161983.80000000002,2.664531822330569,1.1833758565279189,1.2781422213937983,0.4441214950448079,0.5390144523990471,0.044327928319166196,0.39299285363034303,0.0009579583990599235,0.0,0.0,0.0,0.01674191962090393,0.0,6.705708793419464e-05
19121,IA,19-80,0.5670947643748255,0.03603808796085404,136106.0,155061.0,209045.9,219536.5,97426.3,122308.8,3.331357779431766,1.5525865966577344,1.9491143924514376,0.4660521923654088,0.4053501525206209,0.008828783511005345,0.4325459012904599,0.0005610695145781338,0.0,0.0,0.0,0.12431236739089778,0.0005352732150573,0.00034825004353125546
19123,IA,19-90,0.3903049221860297,0.045290445168295335,221040.0,229660.0,372382.1,387736.7,123255.5,144194.8,4.006689056520252,1.3261820667694069,1.5514809309231739,0.33099201062564504,0.5318514325524689,0.01071584080815118,0.41520073151615433,0.0,0.0,0.0,0.0,0.03735086649830184,1.741705129321606e-05,0.0005747626926761299
19125,IA,19-80,0.6841659328049529,0.059649614389026766,149892.0,163839.0,222553.19999999998,233640.3,102973.7,128934.6,3.356593569463824,1.5530707230626069,1.9446184069309738,0.46269251576701664,0.44055444674344935,0.0063415914403774434,0.46053137531357,0.0,0.0,0.0,0.0,0.07976122901140754,0.0013610922918230702,0.0005737339705442538
19127,IA,19-50,0.5130405827574724,0.05649484998933706,267281.0,272789.0,335017.3,341549.0,107027.5,126495.0,3.034747651650168,0.9695065129084032,1.1458524804405266,0.3194685766973825,0.5184409928552838,0.009043619794053279,0.44927031515200394,0.0,0.0,0.0,0.0,0.018090905425072124,0.00017962601131277288,8.431425020803625e-05
19129,IA,19-70,0.7639195195602755,0.03597077551205058,176838.0,179443.0,172898.4,184849.6,74997.2,97980.2,2.380930160945957,1.0327631456768607,1.3492548997302292,0.43376456924991785,0.48475003204360156,0.0,0.49775694788874464,0.000367804818243119,0.0,0.0,0.0,0.015570403972292037,0.00012817440635745056,9.473760469898519e-05
19131,IA,19-20,0.16084573155859785,0.05238241844360124,250103.0,256255.0,268518.80000000005,278506.60000000003,92538.8,99397.1,2.589313008725898,0.892346899553715,0.9584811345039115,0.34462689390835943,0.5711849524887319,0.03260814423133207,0.36798891728941874,0.0,0.0,0.0,0.0,0.016994790345554234,0.0011316852354100407,0.00010146143489883125
19133,IA,19-40,0.43945127187768374,0.017918418318938846,266653.0,271633.0,357215.7,370936.0,150986.1,177089.80000000002,3.249602287445211,1.3735252284052224,1.610991395851904,0.42267487123326325,0.5533532376404928,0.002124189623499354,0.4194041224740735,0.0,0.0,0.0,0.0,0.021676305898031534,3.31329404012031e-05,0.0
19135,IA,19-80,0.5819511384410836,0.06729267076616254,60170.0,79478.0,87420.2,92196.59999999999,39365.9,49621.5,2.7179850863051267,1.223926839666107,1.542784127239355,0.45030667969187904,0.37405319711115026,0.014922368454163417,0.33489770754170967,0.0,0.0,0.0,0.0,0.2547874883615592,0.0,0.0003900450439115227
19137,IA,19-70,0.76614339850793,0.029647063904213858,185246.0,191971.0,171549.7,183705.1,73153.7,95792.0,2.2081905110187363,0.9416356087239518,1.2330361722084433,0.42642860931846566,0.48317714654817656,0.002401404378786379,0.47530095691536745,0.0,0.0,0.0,0.0,0.03615129368498367,0.0,0.0
19139,IA,19-60,0.47608163848365265,0.06052651941265051,168009.0,173762.0,199891.0,204768.0,79519.3,91483.6,2.842631979768485,1.13083683201747,1.3009800690593782,0.3978133082529979,0.5115790564104925,0.006854202875197109,0.44027462851486515,0.0004546448590600937,0.0,0.0,0.0,0.03153739022340903,0.003942173777926129,0.0
19141,IA,19-10,0.17670667123592568,0.011407838163440511,283051.0,286882.0,335541.10000000003,349724.60000000003,153218.9,165604.30000000002,2.890178244484223,1.3197487026888914,1.426430160278543,0.4566322873710552,0.514019701480051,0.01553251859649612,0.4536569042324022,0.0,0.0,0.0,0.0,0.012078136655489017,3.8343290969806404e-05,0.0
19143,IA,19-10,0.10906200909082459,0.026751935750736654,215162.0,217697.0,247244.1,257705.7,112469.2,121405.7,2.8064395763839642,1.2766250600287057,1.3780622521572754,0.4548913401775816,0.5347845859152859,0.01613710799873218,0.4356927288846424,0.0,0.0,0.0,0.0,0.010234408374943155,0.0,0.0
19145,IA,19-70,0.7531513032991926,0.048616033961556955,245454.0,255520.0,203602.5,217840.90000000002,87721.5,114918.2,1.9689759482689628,0.8483271258755458,1.1113378854304947,0.43084687074078165,0.472127426424546,0.0022229179711959926,0.4843065122103945,0.0,0.0,0.0,0.0,0.03834924859110833,2.34815278647464e-05,1.9567939887288665e-05
19147,IA,19-10,0.034004202145305765,0.012284444907012899,307462.0,309960.0,307908.3,321804.2,136667.3,147308.99999999997,2.4546973134729124,1.08953494968988,1.1743723912294055,0.4438571483782671,0.5914956768615305,0.010530391018195896,0.38422054458639826,0.001229190863337205,0.0,0.0,0.0,0.008110723964382501,0.0,0.0
19149,IA,19-10,0.37044924829167825,0.03536337049600359,427759.0,435918.0,455716.0,475381.0,209127.0,226655.90000000002,2.583281168033684,1.1854616489817784,1.284826335028232,0.4588976467800121,0.5084924228868732,0.025220339605155098,0.44436338944480386,0.00014681660312260562,0.0,0.0,0.0,0.01811120440082768,2.9822122509279268e-05,0.0
19151,IA,19-10,0.08721047265926844,0.027746573074200816,308002.0,309425.0,351144.2,366009.10000000003,159575.6,172159.9,2.8042214265486827,1.2743634002052773,1.3748610410551518,0.4544446412613394,0.5349955562737335,0.002698553769087824,0.4548598206350489,0.0,0.0,0.0,0.0,0.004857396784358084,0.0,0.0
19153,IA,19-50,0.2745069696703076,0.05203685315300594,159118.0,164262.0,176317.6,179787.30000000002,57038.7,67541.09999999999,2.6524106492904673,0.8580541891545947,1.0160456636478286,0.32349975271895715,0.5115120965287163,0.0022037963740853027,0.44419890175451415,0.0,0.0,0.0,0.0,0.03286822271736616,0.0024655732914490264,0.00024351341150113842
19155,IA,19-70,0.7810865437064164,0.031032789148595703,441823.0,449644.0,395790.80000000005,423357.2,164019.2,214795.40000000002,2.175099336701803,0.9013803583265715,1.1804249418293666,0.4144088240555364,0.5235719813897216,0.003471635338178648,0.4526959105425626,0.0,0.0,0.0,0.0,0.01576135787422939,6.894343080303529e-05,0.00014455880652249336
19157,IA,19-50,0.5245388109974148,0.04174175014084394,250277.0,262578.0,313996.6,320824.2,97890.9,115951.59999999999,2.9549409936244824,0.921226004717232,1.091190592880141,0.311757834320499,0.5142395783348186,0.006150553359382736,0.4267227261994531,0.0,0.0,0.0,0.0,0.047425907730274434,0.00016756925561166587,0.0
19159,IA,19-80,0.7809981416039979,0.022117801122740796,103853.0,138849.0,173541.0,182639.2,82506.7,103893.2,3.0884568851913476,1.4683468787745662,1.848955975040836,0.47543058988942094,0.32295515271986114,0.00875771521580998,0.3997364042953136,0.0,0.0,0.0,0.0,0.2592168470784809,0.0,0.0
19161,IA,19-40,0.2067645263457304,0.02964234236825537,312897.0,317755.0,339875.9,352977.3,143368.2,167915.0,2.6430792252205677,1.1149172712077184,1.3058079378470542,0.42182514264765464,0.5285078126229328,0.009412912464005286,0.4394234551777313,0.0,0.0,0.0,0.0,0.017982407829931865,2.5176629793394282e-05,0.0
19163,IA,19-60,0.4261564501960448,0.0375163370685407,186692.0,190529.0,228720.5,234236.7,85881.3,98395.0,2.966376058335518,1.11383208841678,1.2761277290838526,0.37548580035458123,0.5814967800177401,0.005584451710763191,0.3864346110040991,0.0010234662439838555,0.0,0.0,0.0,0.018800287620257285,0.0002676757868880853,7.872817261414273e-05
19165,IA,19-40,0.8322425835830893,0.02509300987178318,317977.0,324997.0,363219.0,377268.4,153179.9,179457.9,2.7616676323511395,1.1646746776924783,1.3644745285893842,0.42172876418909805,0.5128508878543494,0.01156010670867731,0.45139493595325497,0.0,0.0,0.0,0.0,0.021575583774619458,4.92312236728339e-05,2.769256331596907e-05
19167,IA,19-10,0.20748248277135833,0.038031144305024876,433145.0,442691.0,447902.0,468358.3,197168.4,212539.4,2.500141059337242,1.100572920960007,1.1863721989785752,0.4402043304115632,0.5078960267997317,0.10144547777117674,0.3661538183518526,0.0,0.0,0.0,0.0,0.015091790888000885,0.00013101689440264203,3.1624767614430834e-05
19169,IA,19-50,0.12172209725388367,0.055160102054680776,264956.0,269685.0,335203.5,341822.3,102210.9,120044.8,3.071382862844762,0.9365320071417502,1.0999394143964096,0.3049219354809839,0.5868179542799933,0.004064000593284758,0.3888981589632349,0.0,0.0,0.0,0.0,0.01650814839535013,0.00031147449802547417,0.00027810223037988765
19171,IA,19-50,0.3931584366999518,0.05020169480317043,317559.0,329892.0,365442.1,373271.4,116616.8,138217.7,2.7373416004226225,0.8735173586955769,1.0353187553506669,0.3191115637743982,0.5091484485831727,0.004765195882288749,0.4463915463242516,0.0,0.0,0.0,0.0,0.03510239714815758,3.637554108617366e-05,0.0001485334594352091
19173,IA,19-70,0.77691144927796,0.034354406027256486,167373.0,182735.0,149246.3,160377.3,64089.4,84220.8,2.0181992444831587,0.8666558478125017,1.1388848831077705,0.42942036083976626,0.4402057624428818,0.002145182915150354,0.46388486059047257,0.0,0.0,0.0,0.0,0.08657345336142501,0.0,0.0
19175,IA,19-80,0.6641849313447903,0.024094390068852382,126793.0,147048.0,150038.5,158188.30000000002,68384.6,85830.70000000001,2.521307381077015,1.149162359874294,1.4423336505830635,0.45578034971024106,0.4187476198248191,0.00828981013002557,0.42697622545019315,0.0,0.0,0.0,0.0,0.13383385017137261,0.0,0.0
19177,IA,19-90,0.27271545138324504,0.032021065635057376,92283.0,109370.0,138381.8,144507.1,50621.4,61223.8,3.1265326393995596,1.1437158596874797,1.383261447734245,0.36580966572193746,0.39804333912407425,0.015616713906921459,0.40224010240468133,0.0027246959861022216,0.0,0.0,0.0,0.16954375057145468,0.0002468684282710067,0.0001737222273018195
19179,IA,19-90,0.2196437885304353,0.06270895145913316,116953.0,131984.0,164326.19999999998,171419.2,57863.2,68943.5,3.0765765801953044,1.0833364732778883,1.2907859943009392,0.35212400700557794,0.4414701782034186,0.01152412413625894,0.4257334222329979,0.0,0.0,0.0,0.0,0.11230906776578979,4.546005576433507e-05,0.0
19181,IA,19-80,0.5987748737194745,0.03688808971326673,134027.0,152454.0,190375.2,199735.5,89349.1,112146.40000000001,3.0857003698091163,1.448216736802439,1.8177272457376856,0.4693316146220726,0.41615831660697655,0.004407886969184148,0.4509819355346531,0.0,0.0,0.0,0.0,0.11873745523239797,0.0006493762052815932,0.0007674446062418828
19183,IA,19-90,0.5654254241346915,0.1419262438521193,217148.0,226825.0,334212.4,348061.9,110666.0,129256.6,3.6409426911961584,1.205606266745082,1.4081340879598285,0.33112475778875944,0.5145905433704397,0.0075697123332965945,0.43082552628678494,0.0009214151879202028,0.0,0.0,0.0,0.040850876226165546,0.00022043425548330211,5.2904221315992504e-05
19185,IA,19-80,0.5736599051176573,0.024209182467256136,126894.0,154469.0,195642.8,205327.69999999998,93293.4,117235.09999999999,3.1297146175157695,1.4924225051867264,1.8754199293606664,0.476855780023594,0.3606095721471622,0.00667447837430164,0.4458629239523788,0.0,0.0,0.0,0.0,0.17669564767040635,2.5895163430850205e-05,0.0003949012423204656
19187,IA,19-50,0.08534468260555854,0.019524871289921825,368658.0,371560.0,430950.1,439040.6,136400.4,160543.69999999998,2.8660267212243795,0.9071286703163403,1.0676932993500416,0.31651089070405136,0.5517655291204651,0.0028824415975885454,0.4365889762084186,0.0,0.0,0.0,0.0,0.0077914737861987295,7.266659489719022e-05,0.0002476046937237593
19189,IA,19-20,0.03261536731528813,0.006236324363834004,213427.0,214957.0,233610.8,241921.30000000002,83091.5,89047.0,2.6854899281646873,0.9551843766045753,1.0236462596475888,0.3556834701135393,0.5765757802723336,0.0017724475127583656,0.4126034509227427,0.0,0.0,0.0,0.0,0.007359611457175156,0.0006280325832608382,0.0
19191,IA,19-30,0.24572536989551988,0.06646215571713482,256221.0,288098.0,307175.3,314099.1,118083.2,126859.1,2.6346822846319986,1.0128148817716047,1.0880869113316052,0.3844163251407258,0.5681608341605981,0.04108671354886185,0.2604738665315275,0.0004165249324882505,0.0,0.0,0.0,0.09102111087199495,0.00021173350734819403,0.00021173350734819403
19193,IA,19-40,0.6331510606336489,0.019371927348871085,351488.0,359699.0,419353.6,435477.8,178162.8,209256.4,2.8808679283964946,1.2239396455719445,1.437545907729678,0.4248510087906721,0.5198123987000242,0.010378121707316395,0.4436097959682957,0.0,0.0,0.0,0.0,0.022182435869991298,9.174337432130754e-05,1.946071576512584e-05
19195,IA,19-20,0.09702389791294434,0.015773867974689,208763.0,211584.0,209372.5,216674.90000000002,77697.8,83454.09999999999,2.445226079535035,0.9074194886267167,0.9746463445014256,0.3710984011749394,0.5389065335753176,0.001994479733817302,0.44247674682395643,0.0,0.0,0.0,0.0,0.014046430732002419,0.0,3.781004234724743e-05
19197,IA,19-20,0.05220724457779469,0.016826458241065916,320626.0,323228.0,338711.4,350734.1,121128.7,129794.09999999999,2.589423246262008,0.9260198256376871,0.9922661586461385,0.3576162479326057,0.563490786689272,0.0007456037224497878,0.42730209016545595,0.0,0.0,0.0,0.0,0.008012919672800625,0.0,0.0
20001,KS,20-90,0.3144000090916323,0.04920845976384485,87993.0,115022.0,134555.1,145738.3,57689.4,71109.9,2.890689547551997,1.2393595306647327,1.5276763545749492,0.4287418314133021,0.19747526560136322,0.0,0.4974004972961694,0.041470327415624834,0.0,0.0,0.0,0.2615847403105493,0.0,0.0
20003,KS,20-80,0.5101814181335105,0.05192938392560611,192704.0,223859.0,202228.7,218630.9,81682.0,106495.5,2.2322890773705297,0.9016417373883114,1.175544032271944,0.4039090396170276,0.2838527823317356,0.003984651052671547,0.5245310664302083,0.029996560334853636,0.0,0.010301127048722634,0.0,0.13215461518187788,0.0,8.934195185362215e-05
20005,KS,20-70,0.709896440083191,0.048892573560417096,139919.0,161279.0,246422.4,259856.3,86209.2,126972.59999999999,3.7755877178091635,1.3208636742526398,1.9454245598545252,0.3498431960730843,0.4079576386262316,0.002083346250906814,0.44198562739104286,0.008996831577576745,0.0,0.0,0.0,0.12565802119308775,8.060565851722791e-05,0.0001798126228461238
20007,KS,20-60,0.4876495126425943,0.01588651900745129,195134.0,197456.0,44803.4,52270.0,19806.6,29199.0,0.5606900397063648,0.24786876309494554,0.36540951064843613,0.44207805657606336,0.04790434324609027,0.003053844907219836,0.09298780487804878,0.6425279555951706,0.04062677254679523,0.039365732112470624,0.0,0.10547666315533587,0.0,0.0
20009,KS,20-50,0.4978106718666903,0.031209005495479523,338460.0,315051.0,338583.5,370035.1,114021.2,191567.1,2.655627340525438,0.8943076556285793,1.5025269344346983,0.33675946996826484,0.10357688120336073,0.00848751471983901,0.12933144157612578,0.4770211806977283,0.0,0.17531764698413907,0.0,0.13328953090134613,2.8566803469914395e-05,3.491498201878426e-05
20011,KS,20-90,0.32301252450084716,0.007441613235440683,60202.0,109378.0,62658.4,68126.6,26566.4,33167.1,1.4155705748982643,0.6001847177868769,0.7493068896541919,0.4239878452051122,0.1269725173252391,0.0048547239847135625,0.3629523304503648,0.04714842107187917,0.0,0.0023587924445500922,0.0,0.43921081021777686,0.0002834207976009801,0.00031084861672365556
20013,KS,20-70,0.8912393318258078,0.03155505400059214,233053.0,244983.0,428223.3,450461.89999999997,150628.1,219958.50000000003,4.319331622995407,1.519330488653267,2.2186408464850826,0.35175129424298024,0.4564561622643204,0.0035512668225958534,0.4812987023589392,0.006318805794687795,0.0,0.0,0.0,0.046007273974112486,3.67372429923709e-05,2.8573411216288477e-05
20015,KS,20-90,0.4407680523111693,0.04770624991625389,223891.0,300538.0,215720.1,237853.3,81834.8,98825.8,1.7736724673963047,0.6728539975407165,0.8125557170074263,0.3793563974798825,0.28282945916988866,0.01833378807338839,0.3280683307934438,0.13267207474595558,0.0,0.009769147329123106,0.0,0.24290439145798534,0.00012976728400401945,0.0005756343623768042
20017,KS,20-80,0.4806593926025131,0.09305943987080001,50774.0,59669.0,55359.5,59786.1,20727.0,30299.899999999998,2.292585826028849,0.8583608308619108,1.254800373379303,0.3744072833027755,0.1655298396152106,0.02039585044160284,0.49462870167088435,0.1394358879820342,0.0,0.005781896797331948,0.0,0.16229532923293502,0.0,0.0
20019,KS,20-90,0.22119001481819217,0.01869371936623732,17546.0,33542.0,14619.1,16237.3,5946.9,7873.299999999999,1.0769954928765837,0.4381107247770215,0.5800294555797009,0.4067897476588846,0.1030648142627154,0.0,0.32213344463657506,0.14480352990280843,0.0,0.0,0.0,0.422365988909427,0.0005366406296583388,0.0077514757617315605
20021,KS,20-90,0.2847224602308058,0.003535039487664083,204241.0,224011.0,197849.69999999998,216974.2,78186.4,94658.59999999999,2.1824698604829327,0.8624701553738154,1.0441741460083576,0.3951807862230774,0.3176808281736165,0.0006249693095428349,0.4575489596493029,0.27083045029038755,0.0,0.010477164067835954,0.0,0.09156693198101878,6.249693095428349e-05,0.004196222506930463
20023,KS,20-10,0.5669642267182937,0.009098597877654584,302684.0,203258.0,305070.1,328291.9,129617.9,210534.9,3.7088067104235147,1.5757943414022026,2.559520745882155,0.42487906877796283,0.2975528638479174,0.007330584774031035,0.032116817050251406,0.4597851007094432,0.0,0.14970136476793042,0.0,0.03426679392693031,0.0,0.0
20025,KS,20-30,0.30505444812692645,0.014822258510237407,103493.0,76526.0,107490.8,117687.7,34169.0,60069.9,3.4709190521144158,1.1033300811948323,1.9396800504657865,0.3178783672649194,0.020607375271149676,0.0,0.01851658259937799,0.5451219193476727,0.0,0.2703525599142775,0.0,0.15339884483704885,0.0,0.0
20027,KS,20-40,0.7842290059264229,0.020954936822095493,223575.0,239122.0,296768.5,308489.7,132541.7,200114.2,3.066764806246956,1.3696676733552995,2.067952581861837,0.4466164704138074,0.2069571181238029,0.00408578048025694,0.46433201462015206,0.23190254347153336,0.0,0.056385443413822234,0.0,0.06661034952869246,2.927375983807429e-05,0.0
20029,KS,20-40,0.6490882862088864,0.040311598384304675,173300.0,184352.0,303138.7,318936.5,129027.6,196187.6,4.063270488031625,1.729485675110269,2.629698171819544,0.4256388247360037,0.17930914771741016,0.007295825377538622,0.3994803419545218,0.2927009199791703,0.0,0.08973593994098247,0.0,0.07667397153272001,4.881964936642944e-05,4.3395243881270614e-05
20031,KS,20-80,0.6397388972037402,0.0687876946786598,134966.0,176298.0,184315.6,198221.6,76033.9,99867.29999999999,2.5834312725243316,1.065717470642679,1.399774657829121,0.4125201556460766,0.18429023585066195,0.004169077357655787,0.45366368308205424,0.06266094907486189,0.0,0.002836107046024345,0.0,0.295085593710649,0.0,0.0
20033,KS,20-60,0.47730702158611404,0.006397224255238405,110673.0,101851.0,37067.200000000004,45193.9,11355.3,19171.199999999997,0.8993043363265666,0.2754961402611759,0.46512127413410964,0.30634361376095304,0.0231612846216532,0.0,0.016524138201883143,0.5351444757537972,0.0,0.2639836624088129,0.0,0.14288519503981306,0.0,0.0
20035,KS,20-90,0.5387162383346839,0.011280273474184702,186343.0,210260.0,187075.6,207442.3,79552.3,103764.5,2.1985821126794844,0.9349282525487672,1.2194790428635822,0.42524145318790907,0.1250642062208694,0.004299438790069438,0.49022163036240846,0.31528108056691717,0.040245410444211926,0.025996385427565872,0.0,0.1247931132883097,3.3292114524873965e-05,0.0004898696851517169
20037,KS,20-90,0.11356055552186306,0.0018739765904542422,164890.0,191205.0,144055.1,157971.0,56012.6,67666.0,1.8617081372239561,0.7238835223957399,0.8744872122777757,0.3888276083248701,0.29020161606652545,0.001129677571193222,0.4925917209278,0.15384011924374363,0.0,0.006197536675296148,0.0,0.13703616537224445,5.229988755524175e-06,0.00033994926910907143
20039,KS,20-10,0.6198468748225696,0.02259753759341029,228963.0,162082.0,259591.19999999998,281174.1,111704.1,168768.0,3.9576499859033833,1.703007381568983,2.5729865758968034,0.4303077300000925,0.4464838785306203,0.0036092841894843353,0.01801557236460557,0.42490837970903617,0.0,0.05868017423279574,0.0,0.08034821880282819,0.0,0.0
20041,KS,20-50,0.6581715425767951,0.02632316971433237,281691.0,313594.0,287810.9,304784.8,106365.9,163368.19999999998,2.267888487500022,0.8381405988188028,1.2873065613692916,0.3695686994481445,0.08389510003380167,0.011999591828925299,0.37259641447221564,0.38431538868728354,0.0,0.0822496603889105,0.0,0.10773165302907581,4.4643711295496725e-05,3.1888365211069086e-05
20043,KS,20-70,0.8414795945443931,0.02589821153744096,131901.0,136766.0,285757.1,300267.4,98161.9,142564.09999999998,5.162987672553918,1.773564609993839,2.575812432477597,0.3435151742511385,0.49125513651053626,0.0008042934647500109,0.4697073834140064,0.002281268736381849,0.0,0.0,0.0,0.03253732652852317,0.00021935276311363936,0.0
20045,KS,20-80,0.4195176300956875,0.01732112428140741,106806.0,138165.0,109197.4,116876.8,43175.7,55829.899999999994,1.9529739935745407,0.7721888914422532,0.9985067663137331,0.39539128221001596,0.2735497412514023,0.009662360221474325,0.4368906741938986,0.02957333622842254,0.0,0.0023377845329859226,0.0,0.23504505482575183,0.00091195309955488,0.0017442912459740166
20047,KS,20-60,0.3718130430406924,0.010550504881076185,238472.0,205804.0,184745.6,213331.6,62882.0,98293.5,2.218209168061862,0.7550135370264083,1.1801934273990213,0.3403707584916772,0.2706895881518338,0.00712814133836077,0.13559503216652738,0.42285378321121064,0.0,0.1139725175409613,0.0,0.05193776602981477,0.0,0.0
20049,KS,20-90,0.8081625249410485,0.013132595682931254,27565.0,45438.0,23397.9,25859.2,9650.5,12435.2,1.2724475120010978,0.5248229419976406,0.6762632245302378,0.4124515447967552,0.1355033232096483,0.0,0.4168977507812844,0.03208767991548924,0.0,0.010387781152339452,0.0,0.3357101985122585,0.0,0.00026409613099168095
20051,KS,20-50,0.5287084920738391,0.0036069705792881666,207099.0,158856.0,219717.6,246519.1,68752.3,128836.9,3.417774674110518,1.0694631186889378,2.0040975047556926,0.31291211992120793,0.06126932567860201,0.0,0.004941582313541824,0.45778566752278793,0.0,0.3924119957697537,0.0,0.10846301052525557,0.00011960517701566198,0.0
20053,KS,20-50,0.34373161090226867,0.04319923570582982,144447.0,143156.0,157011.8,170003.2,51356.9,86067.4,2.710222465970429,0.8864851187146235,1.4856322968570723,0.3270894289473785,0.06080080471653301,0.003772108748498142,0.09126407555394116,0.5256782810360725,0.0,0.17065299393668446,0.0,0.17184050965380424,0.0,0.0
20055,KS,20-30,0.34543113450490986,0.00741609361292696,565392.0,451820.0,627303.8,669900.4,207189.5,311749.60000000003,3.4307942276747916,1.1331424114357767,1.704993223634107,0.3302857403382539,0.3041875082997654,0.00833296445487141,0.04509539197025364,0.30822451418706565,0.0,0.2453189323181798,0.0,0.08931875525651808,0.0,0.0
20057,KS,20-30,0.3597743260949764,0.004925220606631132,471654.0,323270.0,478735.30000000005,512934.9,157950.1,246449.1,3.6594199563305554,1.207359783254769,1.8838400986091992,0.3299320104450204,0.15204318371639805,0.00636928882977078,0.050852228787082,0.43671543910662913,0.0,0.327002196306493,0.0,0.049225105948587866,0.0,0.0
20059,KS,20-80,0.5148958431141099,0.026431570334401952,149102.0,195486.0,180144.6,193529.90000000002,73652.5,96789.2,2.2771298252688132,0.9310093361422505,1.2234703348527138,0.4088521110263644,0.213703283099557,0.012742600493129943,0.5038826309812467,0.031838597137390914,0.0,0.00345293269083208,0.0,0.21455244876870977,0.0003938900995467706,0.00020973368936905967
20061,KS,20-80,0.8751399231031294,0.06161483428237699,41094.0,55387.0,49485.700000000004,54245.4,19377.5,25375.7,2.2077712776770193,0.8645141512232107,1.1321198166530682,0.3915777689312266,0.24150071316373878,0.00828714319244588,0.33242457616408183,0.1308971419286114,0.0,0.006608048820120245,0.0,0.2805531984039576,0.0,0.0
20063,KS,20-20,0.5550597625883807,0.02402794041835519,292909.0,225647.0,234109.9,266990.7,78341.0,124173.70000000001,2.5637307894516628,0.8579100404401212,1.3598226214702325,0.3346334349807505,0.42463671132343883,0.014247918208529251,0.003855579732945707,0.37811714758006976,0.0,0.13079721866455127,0.0,0.04731726989501301,0.0,0.0
20065,KS,20-10,0.6135583618553051,0.002884456508910657,211825.0,159984.0,199046.9,214270.8,78666.0,126739.3,3.074404950142309,1.2150460007560775,1.9575684489312377,0.3952133894072201,0.3104247924792479,0.0033878387838783878,0.029877987798779877,0.3883138313831383,0.0,0.21782178217821782,0.0,0.08081433143314332,0.0,0.0
20067,KS,20-30,0.16858615473387084,0.0075362974283798324,256492.0,190036.0,262120.0,279618.8,88415.6,133969.6,3.4083680244886962,1.1496753544406486,1.7420177815257931,0.337309629177476,0.4262613399566398,0.023232440169231094,0.009182470689764044,0.3578900839840872,0.0015891725778273591,0.15523900734597657,0.0,0.028073628154665433,0.005341093266538971,0.0
20069,KS,20-30,0.5051411727460646,0.007121821185622275,375887.0,293962.0,608892.4,640481.2999999999,211159.8,297567.6,5.118368659025923,1.775015918027852,2.5013626016379282,0.3467932922138624,0.288557704737347,0.01886638409046067,0.05316673583660473,0.32752532640273235,0.0,0.28655064260006397,0.0,0.06501860784727277,0.0,0.0
20071,KS,20-20,0.23907784078544822,0.006072630918703038,390605.0,242022.0,378116.6,423218.3,119130.4,206822.1,3.8605848510493908,1.2163259098898445,2.111661498390238,0.3150626023824397,0.2242110221384833,0.013589673666030361,0.0,0.47850195436778475,0.0,0.28505259852410114,0.0,0.010296584608010842,0.0,0.0
20073,KS,20-90,0.4319830875898024,0.03946826235734633,55817.0,88255.0,53690.2,58847.399999999994,22231.0,28692.2,1.5032731688910999,0.6224462903401001,0.8033535806619685,0.41406066656484797,0.07783128434649594,0.02014616735595717,0.4458330972749419,0.041742677468698655,0.0,0.0116254036598493,0.0,0.3620531414650728,0.00012463883066115235,0.00041923970313296696
20075,KS,20-30,0.16182495344506517,,311460.0,176596.0,317353.8,347210.8,102907.2,173171.59999999998,4.440634658149363,1.4399489745927359,2.4231372328523504,0.32426648113241435,0.08578903259416974,0.02915128315477134,0.0,0.543987406283268,0.0,0.3086140116423928,0.0,0.043007769145394004,2.8313212077283745e-05,0.0
20077,KS,20-60,0.19464048533582223,0.011056466956240801,278570.0,274631.0,70210.8,80897.4,27789.9,44853.0,0.6317373682182585,0.25004583752141524,0.4035748941287316,0.39580662804013056,0.0112478198018432,0.0021228484766832585,0.10356806041561221,0.7120791170698136,0.030280631101368746,0.03672928402110468,0.0,0.05398152429987875,0.0,0.0
20079,KS,20-60,0.4916229955225388,0.04047669812485272,267339.0,280678.0,198411.5,211581.2,73968.2,109311.9,1.746789894290699,0.651206730753375,0.9623682208224595,0.3728019797239575,0.26012013766665004,0.005422583886161366,0.37400508768054497,0.33878323203101063,0.007125603004154227,0.025673547623967678,0.0,0.05210240916637571,0.0,0.00011757244956854474
20081,KS,20-30,0.18304424766207653,0.0022696564662158087,281981.0,236018.0,528892.5,551560.3,189019.4,256558.8,5.537382020338396,1.9789893542736028,2.686111234853197,0.3573871817051669,0.45253751832487354,0.007296053690820192,0.03920039996949385,0.21827996169783662,0.0,0.2263895126642883,0.0,0.04249252175681516,0.0,0.0
20083,KS,20-30,0.28219652729113137,0.006536634742661372,256860.0,167301.0,248022.0,269410.2,84965.7,140033.6,3.663311691038863,1.2549525531900425,2.0683113756773985,0.3425732394706921,0.1146376889558341,0.010268916503786588,0.01828440953730103,0.5691597778853683,0.0,0.2639912493051446,0.0,0.04080071248826964,0.0,0.0
20085,KS,20-70,0.6999349395567495,0.09066487575554064,95296.0,146882.0,164256.1,174793.4,56733.6,88425.0,2.7633451511287195,0.9544517279180276,1.4876086488633118,0.34539721812462365,0.26516523467817704,0.012275159651965524,0.35548944050326114,0.012486213423019839,0.0,0.0024100979017170248,0.0,0.3157636742419085,4.084911697825465e-05,1.3616372326084885e-05
20087,KS,20-70,0.7649582987137283,0.02760803946109107,95081.0,137896.0,174518.9,184819.5,60595.3,90772.4,3.1273248939584963,1.0858490979881452,1.6266134281407814,0.3472133963713959,0.28134971282705806,0.002958751522886813,0.372309566629924,0.01243690897487962,0.0,0.008238092475488774,0.0,0.2862592098392992,0.0016534199686720427,0.0007614434066252828
20089,KS,20-40,0.8367256184426971,0.04668524159209149,254106.0,267719.0,409581.5,428931.4,168930.8,256362.69999999998,3.7804486345531614,1.5592359815908998,2.366234849878136,0.4124473395404821,0.21222625215244342,0.0,0.37307774196078725,0.2577105099003059,0.0,0.11107915388896566,0.0,0.06682006133296478,0.0,0.0
20091,KS,20-80,0.4154125731160202,0.00945539212902493,35218.0,49858.0,54389.5,58521.1,22180.1,28981.6,2.695643255908458,1.0992863876368635,1.4363811872776284,0.4078011380873146,0.22572104777568294,0.012756227686630029,0.39560351397970234,0.047013518392233944,0.0,0.0,0.0,0.27117012314974526,0.0012234746680572827,0.001303702515143006
20093,KS,20-30,0.18171581988062716,0.007662318517844765,318833.0,228362.0,419240.5,449632.8,136331.5,209500.8,4.536507110595683,1.475212483403143,2.2669610137271663,0.32518685575463246,0.20340074092887608,0.03250540808015344,0.010277541797672117,0.4209675865511775,0.0,0.2596009844019583,0.0,0.11288217829586358,0.0,0.0
20095,KS,20-60,0.18667308057676682,0.027411380917539484,247379.0,257625.0,64480.200000000004,74011.7,23961.9,37787.6,0.6184727576158804,0.22983462164689258,0.3624461644921361,0.3716164031749281,0.041634158175642894,0.0012537603105288696,0.12276370693837943,0.6728384279475983,0.016407569141193595,0.04196797671033479,0.0,0.11560213488597768,0.0,0.0
20097,KS,20-60,0.2067907266648003,0.06044887675169161,189317.0,156813.0,113946.9,134355.2,39086.0,64355.1,1.795571297755986,0.6159158322349311,1.0141054335327793,0.3430194239597567,0.18865145109142736,0.006326006134695465,0.18332663745990446,0.3853889664759937,0.021222730258333173,0.1578504333186662,0.0,0.08582834331337326,0.0,0.0
20099,KS,20-90,0.2988472522517314,0.004584398015932662,172978.0,209310.0,149686.4,163978.2,60616.5,74217.9,1.767154697455769,0.7156210097799641,0.8761952363093942,0.4049566293263784,0.2563422674501935,0.001103626200372653,0.4583966365677703,0.20019588170655964,0.0,0.0037599732454254454,0.0,0.17037408628350295,0.00015766088576752186,0.0036070899622569394
20101,KS,20-20,0.4282135581430015,,241508.0,149389.0,248994.1,275523.6,74689.1,128659.0,4.118628685082135,1.2354375855611364,2.128157446276769,0.2999633324645042,0.1342869956958009,0.0045920382357469425,0.01198883451927518,0.4631599381480564,0.0,0.38091157983519536,0.0,0.010455923796263446,0.0,0.0
20103,KS,20-70,0.6325975843995182,0.07700947358140443,61434.0,98798.0,91502.5,97331.7,32173.6,49013.1,2.2885848061397294,0.8046994575975214,1.2258750958914475,0.3516144367640228,0.23494402720702848,0.00819854652928197,0.3471325330472277,0.01936274013644001,0.0,0.0,0.0,0.331251644770137,0.0011538695115285735,0.0006477863924370939
20105,KS,20-50,0.697433445912387,0.02269171550610907,161072.0,151346.0,173552.4,185341.7,57253.4,92185.8,2.8336217677733186,0.9347867302269108,1.5051344121982617,0.32989114526794217,0.04049000303939318,0.016287183011113607,0.2338086239477753,0.4397076896647417,0.0,0.18988939251780687,0.0,0.10032640439786979,0.0,0.0
20107,KS,20-80,0.5351680202025999,0.04155307487014664,104541.0,137937.0,121767.3,130278.90000000001,50542.9,67375.0,2.1813839011089677,0.9054439769573641,1.206980366134559,0.415077775396186,0.1355763863212916,0.0031028658010541043,0.5790324568462414,0.025315905087104983,0.0,0.0040308256667899115,0.0,0.23799270681543022,0.00012324466966803684,0.00019574153417864677
20109,KS,20-20,0.4681316130529818,0.010364882552823826,310182.0,218855.0,190348.30000000002,216986.0,62565.8,104609.4,2.1491896133570827,0.7064195872060668,1.1811265765941508,0.32869114144964784,0.38551552397706246,0.01746818669895593,0.0,0.40011880011880013,0.0,0.1606360375591145,0.0,0.034429188275342124,0.0,0.0
20111,KS,20-80,0.4288758147245947,0.05210646333215626,167081.0,220473.0,178466.7,194379.4,72130.1,96444.4,2.00024864644134,0.8084316844132744,1.0809455240492885,0.404165595038178,0.17082363826863153,0.010990007846765817,0.4903230781093377,0.0450168501358443,0.0,0.003288384518739256,0.0,0.2503481151887079,1.8142811137871758e-05,0.00017689240859424963
20113,KS,20-50,0.4512412005464526,0.05402404061561128,363801.0,380331.0,298766.1,315268.5,112810.7,172333.3,1.9411173717093078,0.7329439634707124,1.11966907341225,0.3775886889442946,0.1380455445388359,0.008140277810643887,0.3226137233094331,0.48405993726517166,0.0,0.053771583173604046,0.0,0.062240522071563976,2.1034309588227096e-05,7.88786609558516e-06
20115,KS,20-50,0.5468287159702181,0.04378457303846257,262307.0,302166.0,347931.2,366460.9,126377.6,193288.0,2.8453125732322166,1.0334910299936073,1.5806710540903164,0.3632258331532211,0.19287742499156094,0.01783787719333082,0.3643725634254019,0.29571162870739925,0.0,0.02568124805570448,0.0,0.14962636431630297,0.0,0.0
20117,KS,20-70,0.7574504523432078,0.04750399500862667,314142.0,335229.0,504956.5,535883.4,180729.3,267218.39999999997,3.7221561546532276,1.3321992613644333,1.9697312782320613,0.3579106319059166,0.3730942132094777,0.00903561446056278,0.4901246610525939,0.053730435016063643,0.0,0.01432155332623371,0.0,0.06446041362769928,5.966070954481862e-06,4.176249668137303e-05
20119,KS,20-30,0.18615045383050796,0.006496041765049287,268933.0,211843.0,441402.0,463521.0,182730.6,248244.80000000002,5.148756843056874,2.131470693802675,2.8956645252021627,0.41397773458208165,0.34772921455983913,0.00511699702137904,0.12635300670779775,0.3639298914762348,0.0,0.15372233210443584,0.0,0.02599566660215348,0.0,0.0
20121,KS,20-80,0.7049329029159885,0.10362030787290238,112449.0,163621.0,116880.2,126388.2,47730.4,62924.2,1.7651601204587783,0.7208389326296984,0.9503002942480613,0.4083702799960986,0.22052792734428955,0.0017173834654475892,0.40578532095513414,0.024996791365411532,0.0,0.0,0.0,0.3108036254515007,0.0001344570684692063,0.002499679136541153
20123,KS,20-40,0.6954075012823995,0.020544793458254128,265128.0,267099.0,315530.5,332151.2,127251.9,197010.0,2.9191155551696344,1.1772649576344942,1.8226287332729154,0.40329508557809784,0.12018015791897387,0.004129554959022685,0.24353516860789445,0.4415029633207163,0.0,0.17791530481207343,0.0,0.04630118420510747,0.0,0.0
20125,KS,20-90,0.42817561254152825,0.01013548588039867,154112.0,192128.0,130299.1,142086.8,54086.3,66514.1,1.6758415644949372,0.695630818706672,0.8554709388243872,0.41509342735291344,0.229383535976016,0.005954363757495003,0.47361134243837444,0.19694162225183212,0.0,0.0037683211192538306,0.0,0.1769653564290473,6.245836109260493e-05,0.0011034310459693537
20127,KS,20-80,0.5359280277352754,0.038823574984021225,103262.0,139424.0,132232.0,145849.4,53509.1,70901.6,2.3435878186084325,0.9483579991583011,1.2566105487313786,0.404660747776635,0.1353497245811338,0.022062198760615104,0.3942004246040854,0.16969101445949047,0.0,0.030912898783566675,0.0,0.2381153890291485,0.0,0.0
20129,KS,20-30,0.3191114716974403,0.0010921605163913234,224326.0,149693.0,299029.5,322128.9,97764.6,154901.5,4.936222713649651,1.6138469251725087,2.5570330107176766,0.32693964976699624,0.21962950839384607,0.0,0.0019506590154516243,0.4512836271569145,0.00529082856245783,0.3066943678061098,0.0,0.053442712752099296,0.0,0.0
20131,KS,20-70,0.7902132086587031,0.05521364735964703,239343.0,265020.0,434835.0,461148.39999999997,153113.5,225890.9,4.054413574457582,1.4276345115565927,2.1062130033379103,0.3521186197063254,0.4012376424420798,0.023013357482454155,0.45413931024073656,0.018508037129273264,0.0,0.0030375066032752246,0.0,0.09043468417477926,0.0,0.0
20133,KS,20-90,0.292311901504788,0.022255227672464333,127925.0,152716.0,131181.4,143842.4,51655.3,62874.5,2.12260862571026,0.8358196005199762,1.0173542593478935,0.3937700009300099,0.3013502187066188,0.0,0.4330194609602137,0.18948243798947065,0.0,0.0,0.0,0.1676314204143639,0.0006089735194740564,0.00040598234631603763
20135,KS,20-20,0.45502580034578816,0.0014547181358205111,299027.0,192785.0,276174.6,307210.7,84459.7,146998.3,3.5399138877268355,1.08257625785732,1.8841751690497086,0.30581994144284086,0.09122078999922194,0.0,0.0032419534714837775,0.5345851596337889,0.0,0.3834686308582099,0.0,0.05786757268459683,0.0,0.0
20137,KS,20-10,0.8377478171976337,0.01401853496673426,238684.0,206615.0,197810.6,216927.3,89759.8,129877.70000000001,2.3657558149819162,1.0735004534722297,1.553298579608357,0.4537663805680788,0.5487839701860949,0.000900225056264066,0.07200832466181062,0.2520146165573651,0.0,0.054845969556905357,0.0,0.06575514846453549,0.0,0.0
20139,KS,20-80,0.599715141808554,0.08730726270189768,169207.0,225544.0,185516.1,203039.0,75542.2,99362.49999999999,2.032509251356755,0.8276382500917292,1.0886127968835888,0.4072002376074098,0.2113423544851559,0.002438548575887632,0.4827661121554996,0.029537473841024366,0.0,0.007772319370056397,0.0,0.2527001383322101,3.990352215088852e-05,0.00015518036392012203
20141,KS,20-40,0.6010843294793912,0.03385263570448756,183708.0,178744.0,314210.2,331282.0,125322.7,195856.19999999998,4.343811894769856,1.7325288451637604,2.70762213074058,0.3988498782025536,0.14798258962538602,0.003591728953139686,0.19926822718524817,0.3816575661280938,0.0,0.19820525444210715,0.0,0.09908584344089871,0.0,0.0
20143,KS,20-40,0.7214455409356725,0.023711622807017545,196992.0,218872.0,211460.1,222895.5,93822.6,143832.30000000002,2.3873738383888727,1.0592524106894108,1.623859395390903,0.4436893768611667,0.09334679630103439,0.005245074746884023,0.35588380423261085,0.3624218721444497,0.0,0.08818396140209803,0.0,0.11044354691326437,0.0,0.0
20145,KS,20-60,0.337721501714952,0.038457721625762116,322458.0,243813.0,216708.4,263214.2,73614.8,120961.80000000002,2.196347686511345,0.74608873339933,1.2259523377324002,0.3396951848659305,0.21231435567422574,0.0,0.07862583209262837,0.44718288196281575,0.0,0.21735100261265805,0.0,0.056805830698116996,0.0,0.0
20147,KS,20-40,0.7792596599974325,0.015056208622934586,218116.0,207403.0,330436.9,348421.30000000005,124029.8,193271.9,3.9369120131014292,1.4777236125946214,2.302692177855857,0.37535093689597016,0.34513483411522494,0.008659469728017434,0.1369073735674026,0.3213068277700901,0.0,0.11399063658674176,0.0,0.09048567282054744,0.0,0.0
20149,KS,20-70,0.7323459347488348,0.07073019161056447,96550.0,135864.0,160759.1,173832.0,54536.1,87299.59999999999,2.9238384509375686,0.991886282917585,1.587779026079826,0.3392411378267233,0.3012276982865218,0.012711240652417122,0.32312459518341874,0.03906848024495083,0.0,0.012784843667196608,0.0,0.2817228993699582,0.0,5.8882411823588296e-05
20151,KS,20-60,0.2249971337318811,0.04117271312750798,305275.0,293778.0,188179.5,209377.4,64089.8,101554.8,1.58283353865165,0.5390782998439071,0.8542075170306043,0.34057801195135495,0.16930471308266787,0.0021478803722538788,0.15019504523824112,0.5363505776470668,0.06119927292036844,0.09079304781161285,0.0,0.04143945428180463,0.0,0.0
20153,KS,20-10,0.6753557581599997,0.0018947578366519298,330913.0,228232.0,333199.1,359936.6,138534.3,212495.79999999996,3.607526144888367,1.499902338313064,2.3006789459484414,0.4157703307121778,0.37708121560517366,0.00639699954432332,0.01365277436993936,0.4505503172210733,0.0,0.14477373900241858,0.0,0.0571874233236356,0.0,0.0
20155,KS,20-60,0.44683703967147714,0.05592531804114488,452693.0,471515.0,216892.7,243683.5,78060.0,118335.9,1.1366627439411994,0.40908658425133726,0.6201592252793725,0.359901462797042,0.10007528922727803,0.00976002884319693,0.2966946968813293,0.467423093644953,0.0032512221244287032,0.06690985440548021,0.0,0.08603968060401047,0.0003053985557193302,0.0
20157,KS,20-40,0.7513403438208988,0.031407772937940705,236693.0,251264.0,383752.0,399466.1,161063.6,239871.0,3.7740059996174398,1.5839786964497475,2.3590094465546363,0.41970751943963813,0.340991944727458,0.0,0.4027238283239939,0.18903623280692816,0.0,0.029952559857361182,0.0,0.06134981533367295,0.0,0.0
20159,KS,20-50,0.5513965158703475,0.10031815408370379,321228.0,317793.0,340048.2,361310.1,115741.2,183601.8,2.644102927950677,0.8999654925523054,1.427627192136334,0.34036704208403395,0.145210876262221,0.005739585201687891,0.2328119247434651,0.45707425903024923,0.0,0.13541833835232367,0.0,0.05564313877272312,0.0,4.720053619809121e-05
20161,KS,20-70,0.7538583247294814,0.0972525778034031,74579.0,96216.0,91926.0,100510.2,34861.7,55538.399999999994,2.360876496294862,0.8953306806657809,1.4263571046474615,0.3792365598416117,0.1684647044150661,0.012295252348881684,0.4521181508273052,0.08881059283279288,0.0,0.05991726947701006,0.0,0.19573667581275464,0.0036168620603641804,6.235969069593415e-05
20163,KS,20-40,0.686169971414311,0.01782068151912519,264468.0,222145.0,256742.5,275666.89999999997,102239.2,168130.09999999998,2.8559028292931963,1.1372687441489935,1.8702132614559255,0.398216890464181,0.05802516374440118,0.021035809943955524,0.11954354138062977,0.4511107609894438,8.102815728465642e-05,0.2830223502667177,0.0,0.08586283733597425,0.0,0.0
20165,KS,20-50,0.40402267452448204,0.016560307183236662,258087.0,189725.0,244837.2,273813.3,80177.3,146878.8,3.1888570142760657,1.0442610252474558,1.913007874736565,0.327471887441941,0.08473316642508895,0.0,0.03302147845565951,0.5282856766372381,0.0,0.31016471208327845,0.0,0.04933456318355515,0.0,0.0
20167,KS,20-50,0.5232253073897968,0.02005268766600131,184863.0,164709.0,174034.3,191303.5,55115.0,97453.2,2.610957026627027,0.8268651439546606,1.4620457996342617,0.3166904455041334,0.033319369311938025,0.00508168952516256,0.08552659538944442,0.4560952953390525,0.0,0.27405302685342026,0.0,0.16195229161733724,0.0,0.0
20169,KS,20-50,0.5757002522235497,0.008816761803619629,180792.0,196468.0,163905.2,174421.4,62389.2,96445.4,2.0614989194399103,0.784693032220579,1.2130309952640301,0.3806419808523463,0.03698821182075453,0.004697966080990289,0.34375063623592644,0.4491520247572124,0.0,0.13068794918256407,0.0,0.10047946739418125,0.0,0.0
20171,KS,20-20,0.5080877588537284,0.007661161459051048,341071.0,253023.0,348833.2,386687.6,106142.0,168305.2,3.406748040866324,1.0365958588621536,1.6436893345232473,0.3042772304929691,0.31856787722855234,0.015630990068096578,0.007904419756306739,0.38069266430324517,0.0,0.2747813439884912,0.0,0.007240448496776973,0.0,0.0
20173,KS,20-60,0.3245206937429874,0.02910882350396165,346699.0,378142.0,216390.0,237277.8,78856.3,116617.5,1.41404904759799,0.5153042003424436,0.7620632414079144,0.3644174869448681,0.1331007928238598,0.006106171755583882,0.3321133330865125,0.4403874734887952,0.003585954482707554,0.05429706300807633,0.0,0.08935003252746322,0.0002459393561148986,0.00019833819041524084
20175,KS,20-30,0.3434545364353391,0.028870479686492385,201590.0,167683.0,396153.6,416390.2,160372.6,217646.40000000002,5.837901662517419,2.3633243978149916,3.2073374579984413,0.4048242903762581,0.393993428075595,0.020497009237668697,0.13217797868597295,0.27150635425177266,0.01957264600466356,0.10667151708879254,0.0,0.048472415212037,0.0,0.0
20177,KS,20-80,0.4851037171098427,0.09037542345352452,86196.0,115155.0,125974.4,134319.6,49541.0,63864.3,2.703221932794692,1.0630756548360765,1.370432218629976,0.3932624406228567,0.2896096565498676,0.0,0.42576527289305716,0.03486605010637836,0.0,0.0017715253354174808,0.0,0.22952542225695802,0.00023446658851113716,0.00028657027484694543
20179,KS,20-10,0.628818867632436,0.013986388725148706,335898.0,265431.0,378035.9,410099.8,166082.0,239487.80000000002,3.5193592789758235,1.5461553460157162,2.229533256316414,0.439328645771473,0.5654689919414085,0.022088603064449895,0.06759572167531298,0.25563705821852006,0.0,0.05738967942704507,0.0,0.02639103947918668,0.0,0.0
20181,KS,20-10,0.44562056062201705,0.003923457841313944,446290.0,293319.0,417106.7,447770.9,177203.6,271005.8,3.5138981864799246,1.4928444176938755,2.283077181799144,0.42483997499920284,0.47927341904206683,0.0,0.03131743937487855,0.3695873775650401,0.0,0.09857186203416758,0.0,0.015082555170309458,1.3637029991238209e-05,0.0
20183,KS,20-40,0.800633069919473,0.015992686195193426,319396.0,310748.0,358062.5,379730.4,148566.1,231957.0,2.847296544196162,1.1813907994126764,1.844511403741272,0.4149166695758422,0.2269588219393206,0.002075636850438297,0.2872069973097172,0.3297366354731165,0.0,0.12380127949335153,0.0,0.053940813778367035,0.0,0.0
20185,KS,20-60,0.1543932811674165,0.031073956144534825,310292.0,280693.0,165955.0,194764.9,53765.4,83147.9,1.460968872803505,0.4733185251051765,0.7319845364043177,0.32397577656593657,0.24531783835008356,0.0013716052769395745,0.15825831068106436,0.438365046509888,0.0,0.09162679511067251,0.0,0.09025875244484187,0.0013751678880485085,3.56261110893396e-05
20187,KS,20-30,0.22394541884300329,0.0036510860691187316,329491.0,221941.0,422551.1,450454.2,144026.3,217851.19999999998,4.704612971684832,1.6035646321682067,2.4255186684334906,0.34084942625874126,0.3776454102666925,0.010831707525873993,0.0011714825111178197,0.44386120635664433,0.0,0.18364340072361574,0.0,0.011029958412370856,0.0,0.0
20189,KS,20-30,0.1686081804709146,0.008203531689913963,294873.0,237934.0,487920.60000000003,509288.6,178174.2,242013.50000000003,5.067279413143486,1.8504208586669841,2.513421294884457,0.3651704806068856,0.5384140139702607,0.011994922961829751,0.05283818201686182,0.24826212310976994,0.04955996200627065,0.10528970218632058,0.0,0.011961300192490355,0.0,0.0
20191,KS,20-60,0.4442104216865405,0.025829714454151914,583514.0,597446.0,315228.9,338200.8,114517.9,176464.0,1.3037957837858973,0.4736493233584072,0.7298601720527356,0.36328490186020373,0.10115391181797183,0.005660762646331217,0.3338259859468471,0.5328397880310521,0.035752185134723474,0.044152944366520154,0.0,0.04210087606243912,5.021374316674645e-05,3.849720309450561e-05
20193,KS,20-10,0.5627420949574455,0.004961129097923654,515810.0,386460.0,459155.1,493971.69999999995,201254.1,304668.4,2.9358716591133485,1.286833596034028,1.9480722766390035,0.43831398148468786,0.5865781710914454,0.008425192775448946,0.05222791492004347,0.26113957460021736,0.0,0.09199917197122601,0.0,0.01463282099052942,2.5875899187496767e-06,0.0
20195,KS,20-20,0.476888659438995,0.006827568404749613,232440.0,159125.0,208426.2,230711.9,61890.6,105042.1,3.236652672977326,0.9610997845864411,1.6311998862914143,0.29694251490455614,0.11596543597800471,0.0016967792615868028,0.004518460329929301,0.4689960722702278,0.0,0.34969992144540457,0.0,0.05084681853888452,0.0,0.0
20197,KS,20-80,0.5324128408698654,0.0350707628581291,57940.0,91188.0,111142.2,121850.6,41291.2,55048.3,3.011781783578978,1.1189276798742178,1.4917238200880554,0.371516849585486,0.24187393078036584,0.007797078562968812,0.3526012194587007,0.022513927271132165,0.0,0.002796420581655481,0.0,0.32548142299425364,0.0003180243014431723,0.0
20199,KS,20-20,0.45085542839517545,0.0008051562043093883,249641.0,179926.0,260391.7,296715.39999999997,86482.7,144558.0,3.5761474361339487,1.1877294317558562,1.9853195054706096,0.33212540952726216,0.38050087258094994,0.005585629647744073,0.0,0.4122639307270767,0.0,0.16860820559563375,0.0,0.01998043640163178,0.0,0.0
20201,KS,20-40,0.7802961251103472,0.03711970602800485,278666.0,310086.0,403289.39999999997,419380.6,172584.0,258427.60000000003,3.2137852411480763,1.3753099190266336,2.059391610057985,0.4279408285960405,0.2749850041601362,0.01257070619118567,0.4311126590687745,0.13385641402707635,0.0,0.05496217178460169,0.0,0.10250059660868276,0.0,6.449823597324613e-06
20203,KS,20-20,0.5177786832967188,0.003794321215127678,338664.0,227475.0,245011.5,277426.2,81676.6,135281.1,2.661552266022305,0.8872503527834301,1.4695543607340473,0.33335823012389215,0.33460819870315417,0.016102868447082096,0.0049675788548192105,0.47119024068578963,0.0,0.16869985712715682,0.0,0.0057852511264974175,0.0,0.0
20205,KS,20-90,0.2776140776030623,0.006003359678352105,145252.0,168052.0,148385.2,161447.8,60937.5,74378.3,2.1818711738082035,0.8960312393280286,1.093666138717734,0.4106710103163927,0.25847951824435295,0.0,0.5216242591578797,0.1365589222383548,0.0,0.002636088829647966,0.0,0.13807035917454122,0.0,0.0
20207,KS,20-90,0.4549186213499282,0.01602441359502154,83560.0,120679.0,77279.2,84555.0,30171.7,37495.9,1.5823885013529584,0.6178033823625381,0.767775559372773,0.39042459031667,0.20939020044912537,0.007648389529247011,0.3860323668575311,0.08467090380265001,0.0,0.008932788637625436,0.0,0.29861036302919314,0.0,0.0
20209,KS,20-70,0.6878056008297525,0.015557860423766483,6749.0,8327.0,7735.7,8162.3,2815.9,4243.3,2.2955843634148567,0.8356239265922792,1.2592077160797681,0.3640135992864253,0.3706016572595172,0.0,0.41887834754413356,0.0,0.0,0.0,0.0,0.17533325327248708,0.002521916656659061,0.004563468235859253
21001,KY,21-30,0.8877411024130417,0.22738277782261318,24782.0,59584.0,23246.600000000002,28994.0,13496.6,17800.6,0.964077598149605,0.5597278617598255,0.7382223505210163,0.5805838273123811,0.09559613319011816,0.055350429645542425,0.21844790547798065,0.0,0.0,0.0,0.0,0.581296992481203,0.0007888023630504834,0.0008055853920515575
21003,KY,21-30,0.43506969919295674,0.26387869894839816,16356.0,49767.0,15650.5,19411.9,8256.5,11949.2,0.7770857742383249,0.4099555090890853,0.5933071360997152,0.5275550301907287,0.09086342355376052,0.007856611811039443,0.11232342717061507,0.018425864528703758,0.0,0.0,0.0,0.6715896075712822,0.012397773625092933,0.0008238390901601463
21007,KY,21-10,0.7314977334818907,0.13915047543460676,65519.0,69682.0,99382.4,114861.59999999999,49815.6,66131.4,3.5242854486269644,1.766554180565386,2.345142909784119,0.5012517306887336,0.33456272782067104,0.0,0.5830630578915645,0.14952211474986365,0.0,0.0,0.0,0.06080479894377314,0.0,0.0
21009,KY,21-30,0.7085345699019624,0.2243313062593264,62323.0,118559.0,52280.9,65025.5,31119.6,39388.1,1.0896593036333577,0.648607075726482,0.8209424401156263,0.5952384140288327,0.17427609881999678,0.05991109911520846,0.22032068421629736,0.011074654813215361,0.0,0.0,0.0,0.45490430924687286,0.001062762000354254,0.00019399623815990352
21011,KY,21-50,0.707466852756455,0.2636427076064201,7165.0,36211.0,5973.299999999999,7892.7,4156.2,4806.799999999999,0.4076204951859431,0.2836208297075012,0.32801804634955406,0.6957962935061022,0.04556626439479716,0.008864709618624175,0.09541299605092375,0.0,0.0,0.0,0.0,0.7885449172903262,0.0007456297810057717,0.00033139101378034297
21015,KY,21-40,0.7109487647793905,0.16706719215610882,10403.0,28102.0,5117.8,6615.2,2528.8,3218.4,0.4500163409268589,0.22236142931256414,0.28299906046328555,0.4941185665715737,0.14941997010888905,0.0035940502455341257,0.17432922923635327,0.0,0.0,0.0,0.0,0.6138353142125116,0.006939007899793609,0.002206248665575404
21017,KY,21-50,0.6625102701657726,0.22584698661253685,20691.0,59247.0,14322.499999999998,18651.0,10082.4,11368.3,0.5973579803303923,0.4205133252493034,0.4741452070371792,0.703955315063711,0.07991965837932723,0.003848296116259051,0.19687072763177882,0.027427549074214727,0.0,0.0,0.0,0.5958107583506338,0.0010464664877546542,0.000286934359545631
21021,KY,21-50,0.8655238095238095,0.3339047619047619,5250.0,26500.0,8391.6,11213.2,6094.0,6774.400000000001,0.7824941581584396,0.5682491300607192,0.6316946023438359,0.7262023928690595,0.07754716981132076,0.029811320754716982,0.05456603773584906,0.0,0.0,0.0,0.0,0.7445660377358491,0.0015849056603773584,0.0009433962264150943
21027,KY,21-30,0.8795354714483422,0.2215235573740899,66476.0,102430.0,54234.6,69182.59999999999,36033.6,44952.7,1.3083726956671997,0.8692859976213267,1.0844531954973196,0.6644024294454094,0.17654983891438056,0.003631748511178366,0.41019232646685544,0.01317973250024407,0.0,0.0,0.0,0.3395880113248072,0.0010250903055745387,8.786488333496046e-05
21029,KY,21-30,0.7664446781166024,0.07185418857343148,8559.0,16823.0,6577.700000000001,8371.5,4164.3,5416.1,0.9661683811903784,0.6116750520381126,0.795546250112533,0.6330936345531112,0.12173809665339119,0.009986328241098496,0.33798965701717887,0.0,0.0,0.0,0.0,0.4619865660108185,0.002139927480235392,0.0007727515900850027
21031,KY,21-30,0.5177443273000589,0.07642147601925772,49227.0,59632.0,38422.3,48694.1,25310.3,30959.899999999998,1.5921580859850193,1.0488179729924192,1.2829282767113783,0.6587398463912884,0.31293600751274486,0.011554199087738127,0.47573450496377784,0.002515427958143279,0.0,0.0,0.0,0.17665012074054198,0.0007881674268848941,0.00011738663804668634
21033,KY,21-20,0.7000280434985823,0.043155828373788674,64186.0,70471.0,97904.0,102102.2,45026.8,57368.600000000006,3.4329873660316097,1.5788572022882834,2.0116203526609846,0.4599076646510868,0.3955527805764073,0.0024691007648536276,0.46175022349618994,0.12737154290417335,0.0,0.0,0.0,0.09618140795504533,0.0002838046856153595,0.0
21035,KY,21-10,0.8235804492432276,0.1062493974742119,82984.0,90675.0,113858.70000000001,130707.20000000001,55199.5,73271.3,3.102850564858621,1.5042838162996188,1.9967722676697122,0.48480704592622254,0.32651778329197684,0.0,0.5083209263854425,0.10557485525227461,0.0,0.0,0.0,0.09084091535704439,0.0007058174800110284,1.1028398125172319e-05
21039,KY,21-10,0.7263039479484957,0.14298961706267768,65781.0,68147.0,76813.4,87636.4,37002.7,48857.799999999996,2.7853030226994524,1.3417415731895872,1.7716150830772406,0.481721939140827,0.40648891367191514,0.0,0.5306323095660851,0.08990857998151056,0.0,0.0,0.0,0.04490293042980616,0.0,0.0
21041,KY,21-40,0.8523977987421384,0.04029088050314465,5088.0,15023.0,4084.5,5382.6,1883.1,2595.0,0.6718378024380196,0.3097411594493903,0.4268378252727778,0.4610356224752111,0.0,0.0025294548359182586,0.22106103973906677,0.0,0.0,0.0,0.0,0.6295014311389203,0.001198162817013912,0.0005325168075617386
21045,KY,21-30,0.7044603336738168,0.2356145726932244,20559.0,51843.0,16992.5,21263.0,9639.8,13252.4,0.8099334904578839,0.4594731123328473,0.631664710251232,0.5672973370604678,0.1455355592847636,0.025384333468356383,0.16413016222055052,0.0,0.0,0.0,0.0,0.5948151148660379,0.0019867677410643674,0.0008101383021815867
21047,KY,21-20,0.6040667319713602,0.05620411419569191,198046.0,216331.0,239704.6,252011.40000000002,112807.3,141804.9,2.7380401617167345,1.2885481460715738,1.619774970226793,0.47060965872160987,0.38613975805594203,0.008117190786341301,0.4392435665715963,0.2967073604800052,0.0,0.0002172596622767888,0.0,0.08212877488663206,0.0030878607319339345,0.00026810766834156917
21049,KY,21-50,0.7572160601932931,0.11876499967568269,15417.0,47992.0,10232.0,13372.7,7413.2,8333.7,0.5268341105125929,0.38169728577521045,0.42909278995101596,0.7245113369820172,0.09247374562427071,0.005688448074679113,0.16350641773628938,0.008084680780130022,0.0,0.0,0.0,0.6810093348891482,0.0020211701950325054,0.0002500416736122687
21055,KY,21-20,0.7445131375579598,0.07703687348200486,45290.0,62040.0,56342.5,59183.299999999996,27036.4,34987.8,2.244122333222722,1.076860079867645,1.3935644206474675,0.47985801127035543,0.33331721470019343,0.0,0.3556415215989684,0.09448742746615087,0.0,0.0,0.0,0.2664087685364281,0.0011283043197936814,0.00011283043197936814
21059,KY,21-20,0.5571833892184679,0.06410454819018141,174465.0,183130.0,191623.1,197329.9,90815.7,114484.5,2.5856549567750107,1.2254162721404274,1.5447898238725326,0.473928769548139,0.38006334298039646,0.00021842407033255065,0.5413749795227434,0.019330530224430733,0.0,0.0002511876808824332,0.0,0.04706492655490635,0.0020368044558510346,0.0005296783705564354
21061,KY,21-30,0.8262794404108376,0.08647659524231155,16941.0,28729.0,13924.5,17989.8,9494.6,12122.0,1.1976813965816924,0.816654514559556,1.042643821276403,0.6818629035153866,0.08660238783111142,0.014445333983083295,0.436736398760834,0.04855720700337638,0.0,0.0,0.0,0.42552821191130913,0.0005917365728010024,6.961606738835323e-05
21067,KY,21-50,0.8009637544521265,0.4856484391368112,9546.0,25705.0,9072.800000000001,11845.9,6371.6,7170.400000000001,0.8721796167964592,0.6125098807843575,0.6892995243229576,0.7022749316638744,0.06671853724956234,0.009725734292939117,0.21843999221941257,0.009609025481423847,0.0,0.0,0.0,0.5750243143357323,0.0040070025286909165,0.0021396615444466056
21069,KY,21-50,0.4623756103015169,0.2263426633371846,26831.0,65745.0,17857.5,22036.5,13391.3,14947.099999999999,0.6711817399878174,0.5033177115889043,0.5617931169408878,0.7498978020439591,0.045144117423378205,0.0064947904783633735,0.3111415316754126,0.001323294547113849,0.0,0.0,0.0,0.5758460719446346,0.0008974066468932999,0.0004106776180698152
21075,KY,21-10,0.6731845939899631,0.04350928109317371,82695.0,83058.0,96819.6,112141.9,49305.3,66158.8,2.880474390365572,1.4668791645420103,1.9682866805617643,0.50924916029399,0.2825495436923596,0.0,0.670037804907414,0.09679982662717619,0.0,0.0,0.0,0.001733728238098678,0.0,0.0
21077,KY,21-40,0.12429378531073447,0.10645257210823669,6726.0,11121.0,3082.4,4128.6,1409.0,1856.4,0.6849003037805867,0.3130756968682996,0.41248667400022104,0.45711134181157537,0.09657404909630429,0.0,0.3829691574498696,0.11689596259329196,0.0,0.0,0.0,0.4201960255372718,0.007553277582951173,8.99199712256092e-05
21079,KY,21-50,0.5211611502984265,0.5779978296256104,7372.0,42313.0,3356.4,4934.7,1922.8,2332.2,0.19601174635605934,0.11229036643231763,0.13619908081623214,0.5728757001549278,0.04332001985205492,0.012880202301893035,0.028809113038546073,0.0024106066693451184,0.0,0.0,0.0,0.8145487202514594,0.0012762035308297687,0.00035450098078604683
21083,KY,21-10,0.764903801468538,0.058245809709700405,161385.0,169885.0,227853.4,260895.1,110659.2,146498.09999999998,3.314230292585609,1.609587887621117,2.1308808243644193,0.48565963904861637,0.3668187303175678,0.005544927450922683,0.5363746063513554,0.10218677340553904,0.0,0.0,0.0,0.06205374223739588,0.00011772669747181917,0.00023545339494363834
21085,KY,21-30,0.6657131075717746,0.18568630482964796,38802.0,72227.0,32520.1,41762.9,21669.3,27691.4,1.1125883278898976,0.7413571991950997,0.9473872596618804,0.6663355893739564,0.13720630789040109,0.022276987830035858,0.3191742700098301,0.013831392692483421,0.0,0.0,0.0,0.46611378016531213,0.0015506666482063495,9.691666551289684e-05
21087,KY,21-30,0.7346589373141501,0.14315321539062265,33293.0,56700.0,21070.2,26441.6,12633.5,16581.2,0.9182645165060789,0.5505830399939036,0.7226285275455665,0.5995908914011258,0.1707583774250441,0.008800705467372135,0.3107583774250441,0.012768959435626103,0.0,0.0,0.0,0.4162962962962963,0.0008289241622574956,0.00021164021164021165
21091,KY,21-20,0.7052607743980678,0.01758623292323949,13249.0,18589.0,30429.0,31778.600000000002,15236.5,19455.8,4.044956507969431,2.025402735340505,2.586278380089771,0.5007229945118143,0.2417020818763785,0.0,0.4185808811662811,0.0,0.0,0.0,0.0,0.30840819839690137,0.0015600624024961,0.0002151810210339448
21093,KY,21-30,0.919346909589286,0.18345822098410475,67127.0,93215.0,65677.3,82898.1,42684.4,51968.9,1.7410517910458039,1.1315287179849889,1.3776532595536095,0.6499110042587013,0.25103255913747785,0.0054926782170251565,0.4092045271683742,0.02132703963954299,0.0,0.0,0.0,0.29613259668508285,0.0006758568899855173,0.00022528562999517244
21097,KY,21-50,0.559513748943639,0.21660274328804524,15383.0,57542.0,8874.6,11955.5,5852.8,6623.3,0.3811062212589944,0.2513396087468328,0.2844275612720233,0.6595001464854754,0.08574606374474297,0.005491640888394564,0.08687567342115324,0.01299920058392131,0.0,0.0,0.0,0.7015745021028119,0.002172326300788989,0.0009036877411282194
21099,KY,21-30,0.8230810456737927,0.2685047341154052,16793.0,47629.0,19772.0,25016.8,11875.1,16094.2,1.0257968049652089,0.6160954702934631,0.8349878079340008,0.600601861217884,0.050578429108316364,0.014360998551302778,0.19080812110268955,0.007957336916584434,0.0,0.0,0.0,0.6217640513132755,0.0029603812803124145,0.001889605072539839
21101,KY,21-20,0.5311722604405531,0.015718157181571817,143910.0,149031.0,213219.4,218860.40000000002,98891.4,124557.8,3.535349100066437,1.639698929808029,2.0652684799612757,0.4638011362943522,0.38869765350833047,0.0,0.5541263227113822,0.017412484650844454,0.0,0.0,0.0,0.03406673779280821,0.0005166710281753461,0.0003757607477638881
21103,KY,21-40,0.6522242351046699,0.20330112721417068,19872.0,52863.0,18235.3,23550.7,8873.3,11211.199999999999,0.8523997432359496,0.4147778562269637,0.5240617923130894,0.4866001656128498,0.08194767606832756,0.013752530125040198,0.20101015833380625,0.0,0.0,0.0,0.0,0.63473506989766,0.0007188392637572593,0.0005675046819136258
21105,KY,21-10,0.8901236003764049,0.10184078918153078,94579.0,95782.0,127444.4,144997.5,61489.7,80709.4,3.2879034764208317,1.5863560767995613,2.082199899248923,0.4824825570994096,0.44042722014574764,0.0,0.5106491825186361,0.13142344072999101,0.0,0.0,0.0,0.01607817752813681,0.00013572487523751852,0.0
21107,KY,21-20,0.42765495317961477,0.012240905625638296,69521.0,79829.0,91914.9,95596.6,42890.1,54831.899999999994,2.845164843229447,1.327634634238794,1.6972851427513136,0.46662837037302984,0.31169124002555465,0.0,0.5085745781608187,0.028498415362838068,0.0,0.013478810958423631,0.0,0.13555224291923987,0.0004760174873792732,0.00015032131180398102
21135,KY,21-60,0.7713819763227833,0.09289683498429573,16556.0,28960.0,12970.400000000001,17211.5,9891.0,10287.1,1.1067181076594343,0.8439638563852667,0.8777616608048607,0.7625824955282797,0.05783839779005525,0.0,0.43867403314917125,0.0,0.0,0.0,0.0,0.44499309392265196,0.002037292817679558,0.0
21137,KY,21-50,0.8532654083848338,0.4511023885084349,23948.0,61011.0,18500.2,24157.8,13550.4,15017.5,0.7492909439640152,0.5488152564345246,0.6082354110214807,0.7324461357174517,0.12333841438429136,0.046680106865974985,0.19517791873596566,0.003868154922882759,0.0,0.0,0.0,0.5368212289587123,0.002606087426857452,0.0002786382783432496
21139,KY,21-10,0.6913872576876934,0.09310475468838796,31674.0,46061.0,50971.4,60202.1,25860.3,35791.3,2.7344841060583733,1.3873383765778722,1.9201109050402199,0.5073492193661543,0.18273593712685351,0.008467032847745382,0.466403247866959,0.027181346475326197,0.0,0.0,0.0,0.3083953887236491,0.0004993378346106251,8.684136254097827e-05
21141,KY,21-20,0.7774751913515298,0.09627749926072635,145413.0,166778.0,198803.6,209081.2,95594.5,120240.4,2.94555873166999,1.4163687889687453,1.78153293058824,0.48084893834920495,0.3379702358824305,0.016345081485567643,0.44355970211898454,0.26048399669021094,0.0,0.0,0.0,0.11756946359831633,0.0004976675580712084,8.39439254577942e-05
21145,KY,21-10,0.8924456777582319,0.07261960803746191,40361.0,46251.0,39607.6,46328.299999999996,20270.2,27312.300000000003,2.1161166476398128,1.0829766931343616,1.459215219183512,0.5117755178299115,0.24444876867527188,0.0014269961730557178,0.5873386521372511,0.12075414585630581,0.0,0.0,0.0,0.12663509978162635,0.0032647942747183844,0.0023134634926812395
21149,KY,21-20,0.5676860564585116,0.060821214713430286,93520.0,98533.0,126868.8,130874.70000000001,61048.6,76544.8,3.181671442083516,1.5310035816463916,1.9196240856695603,0.48119474606837925,0.3675316898906965,0.0005987841636812032,0.5408949286026001,0.07938457166634529,0.0,0.0,0.0,0.05139394923528158,0.00013193549369246851,5.074442065094943e-05
21151,KY,21-50,0.712997512437811,0.3994092039800995,6432.0,55388.0,3525.7000000000003,5876.7,2158.4,2795.2,0.15729389821600073,0.09629382815027257,0.12470371962826253,0.6121904869954903,0.03916010688235719,0.010977106954574998,0.019191882718278326,0.0,0.0,0.0,0.0,0.8379071278977396,0.001967935292843215,0.0005957969235213403
21155,KY,21-30,0.8646739553847352,0.27215830887890513,38507.0,72682.0,34306.299999999996,43139.5,21142.3,26866.8,1.1663508637939262,0.7187991671381153,0.9134215985803965,0.6162803916481813,0.13089898461792465,0.03951459783715363,0.32373902754464656,0.017927409812608347,0.0,0.0,0.0,0.4483090723975675,0.0013070636471203324,6.879282353264907e-05
21157,KY,21-10,0.933800728057166,0.08100310098422543,37085.0,44564.0,47982.200000000004,56294.2,24350.7,33118.5,2.6605914717336465,1.350235394599341,1.8364059725608821,0.5074944458570053,0.15391347275828024,0.0,0.6219369894982497,0.07730455075845974,0.0,0.0,0.0,0.17235885468090836,0.0011444215061484607,0.0004936720222601203
21161,KY,21-50,0.8247568604173325,0.42984338614675127,21901.0,55889.0,16770.7,21338.5,12171.9,13432.499999999998,0.7414929987960761,0.5381635013473474,0.5938991637992624,0.7257836584042406,0.12535561559519762,0.016174918141315824,0.19898369983359873,0.004634185617921237,0.0,0.0,0.0,0.6018178890300417,0.0006083486911556836,0.00035785217126804914
21163,KY,21-30,0.9586841142020498,0.3528092972181552,43712.0,64318.0,35397.2,44738.0,23098.9,28183.9,1.3599363489022582,0.8874440274840489,1.0828062689655216,0.6525629145808144,0.24949469821822817,0.0,0.40686899468267046,0.015998631798252432,0.0,0.0,0.0,0.3003358313380391,0.00166360894306415,0.00024876395410305046
21167,KY,21-50,0.8101022579095464,0.28289067325509576,14571.0,46230.0,13506.4,18203.2,9740.4,10814.1,0.7219347013298987,0.5206370879607998,0.5780277537798124,0.7211692234792395,0.09015790612156609,0.023707549210469393,0.13833008868699978,0.03298723772442137,0.0,0.0,0.0,0.6724853990914991,0.0008436080467229072,0.00019467878001297857
21169,KY,21-30,0.4963182971350783,0.3268980879896046,16161.0,43087.0,13559.2,16788.1,7281.1,10213.7,0.7776246404691877,0.4175735124284768,0.5857591001209616,0.5369859578736209,0.08707962958665026,0.040777960869867944,0.11207556803676283,0.0027618539234571912,0.0,0.0,0.0,0.6255947269478033,0.0020655882284679834,0.0006962656949892078
21171,KY,21-30,0.6739292642889121,0.4627170074118291,20103.0,49495.0,19706.4,24150.0,10079.7,14217.0,0.9838483663692388,0.5032322686280607,0.7097883035293847,0.5114937279259529,0.08231134458026063,0.12057783614506516,0.13108394787352257,0.01339529245378321,0.0,0.0,0.0,0.5476108697848268,0.0006465299525204566,0.0
21173,KY,21-50,0.5128980608432663,0.44422700587084146,5621.0,30628.0,2454.4,3608.1,1487.1,1781.9999999999998,0.19801993217742284,0.11997858586255113,0.14377099052321032,0.6058914602346805,0.042281572417395843,0.0373187932610683,0.05478646989682643,0.016324931435287973,0.0,0.0,0.0,0.7582277654433851,0.0007182969831526707,0.0007835967088938227
21177,KY,21-20,0.4677825207818468,0.049427095034823634,44510.0,57980.0,50087.5,52381.6,22770.5,29740.7,2.1346827861739643,0.9704575868744547,1.2675210449466239,0.4546144247566758,0.22926871334943083,0.00532942393928941,0.4828389099689548,0.026388409796481545,0.0,0.0,0.0,0.24358399448085546,8.623663332183511e-05,0.00032769920662297343
21179,KY,21-30,0.7300144010181185,0.15908101409960146,59718.0,98396.0,47494.9,59611.9,29577.3,36707.8,1.1927563500797667,0.7427852757499075,0.9218560634396128,0.622746863347433,0.22536485222976543,0.01283588763770885,0.3369649172730599,0.05437212894833123,0.0,0.0,0.0,0.3692426521403309,0.0008130411805357941,0.0004878247083214765
21181,KY,21-50,0.40993788819875776,0.29720496894409937,6440.0,25316.0,3656.4,5146.6,2065.9,2404.1,0.35689529024985917,0.20164915767617986,0.2346603126817871,0.5650092987638115,0.05656501817032707,0.021251382524885447,0.060357086427555696,0.00268604834887028,0.0,0.0,0.0,0.7332516985305736,0.0005530099541791753,0.00031600568810238584
21183,KY,21-20,0.5983020408163265,0.05544489795918368,61250.0,75915.0,89855.3,93380.0,41616.5,53700.8,2.9248143559700432,1.3546283485250987,1.7479755870502476,0.46315019815191755,0.3057366791806626,0.0,0.46411117697424753,0.021273793058025424,0.0,0.0,0.0,0.20663900414937758,0.00030297042745175526,0.0
21187,KY,21-40,0.5813953488372093,0.19736015084852293,9546.0,42783.0,3817.6,5629.4,1302.7,2242.6,0.22049634300751475,0.07524114261208338,0.12952773963449618,0.3412353310980721,0.017390084846784937,0.012715330855713717,0.036579949980132295,0.0,0.0,0.0,0.0,0.8207465582123741,0.001215436037678517,0.001425799967276722
21199,KY,21-60,0.9430525278466271,0.18902857825424793,33487.0,84807.0,41775.3,56698.49999999999,29504.7,31106.600000000002,1.2172228050049256,0.8596896657792722,0.9063648353492667,0.7062714091819807,0.10848161118775573,0.02721473463275437,0.2290966547572724,0.01607178652705555,0.0,0.0,0.0,0.5769924652446142,0.0038793967479099603,0.000801820604431238
21207,KY,21-30,0.8148883374689826,0.22566465792272244,14105.0,34856.0,12941.1,16483.9,8101.1,10759.3,0.9174361521989711,0.5743130037306786,0.7627613411807643,0.6259977899869409,0.057120725269680976,0.0335953637824191,0.2926899242598118,0.007459260959375717,0.0,0.0,0.0,0.5663587330732155,0.0004590314436538903,0.0004590314436538903
21209,KY,21-50,0.7599250020379881,0.34662101573326815,12267.0,40041.0,5776.7,7766.2,3923.5,4527.900000000001,0.35649800382642144,0.2421313064574869,0.2794306977211304,0.6791940034968061,0.09937314252890787,0.027346969356409682,0.09782472965210659,0.010639094927699108,0.0,0.0,0.0,0.6999575435178942,0.007792013186483854,0.0016982592842336604
21211,KY,21-50,0.8839720516620792,0.18247854199579797,61399.0,105111.0,45005.8,56094.399999999994,33824.6,37134.1,1.058041059188377,0.7951823011839181,0.8729853151373181,0.7515609099271648,0.17512914918514713,0.012472529040728373,0.3327720219577399,0.0223953725109646,0.0,0.0,0.0,0.4140099513847266,0.0034915470312336483,0.0007420726660387591
21213,KY,21-20,0.6414631821215051,0.014217815849323837,73429.0,81537.0,118207.70000000001,123988.7,56685.8,71164.8,3.5823931222458816,1.7179153308033706,2.1567147492591743,0.47954405677464323,0.3953910494622073,0.0,0.43877012889853684,0.2561659124078639,0.0,0.0,0.0,0.10005273679433876,0.0004905748310582925,4.9057483105829255e-05
21215,KY,21-50,0.8493150684931506,0.3693174930294581,16498.0,29837.0,12046.500000000002,14804.3,9131.1,10074.3,0.9976723456930012,0.7562234637245144,0.8343378169771303,0.7579877972855186,0.1242081978751215,0.0,0.3376344806783524,0.0,0.0,0.0,0.0,0.45738512585045416,0.003183966216442672,0.00130710192043436
21217,KY,21-30,0.8766780140021838,0.12425332391290385,31138.0,50226.0,26967.9,34020.8,17086.5,21330.199999999997,1.326785572585587,0.8406335564127585,1.0494180718693367,0.63358659739913,0.24845697447537132,0.01714251582845538,0.3225421096643173,0.004977501692350576,0.0,0.0,0.0,0.3441643770158882,0.0012145104129335405,0.00023892008123282762
21219,KY,21-20,0.817154859218892,0.09351347260066606,105696.0,116065.0,144752.80000000002,152057.9,69062.1,86856.7,3.081824483043148,1.4703499388638712,1.8492015669219093,0.47710372441845683,0.3641580149054409,0.01792099254727954,0.44372549864300176,0.26062981949769526,0.0,0.0,0.0,0.07454443630724163,0.004471632275018309,0.00013785378882522723
21221,KY,21-10,0.5596206920953931,0.08192979973108767,56524.0,65832.0,69482.59999999999,79651.2,32922.7,43687.1,2.608081841403947,1.2357783968934628,1.6398282766275063,0.47382654074545283,0.34354113501032935,0.010769838376473448,0.3798304775792927,0.1610462996718921,0.0,0.0,0.0,0.14606878113987118,0.0029317049459229552,0.0007443188722809576
21223,KY,21-40,0.4802929140641826,0.06052121473185441,13929.0,24691.0,6508.4,8565.3,3099.5,4122.4,0.6513550138677651,0.31019526542362763,0.4125662081569164,0.47623071722696825,0.09485237535944271,0.0,0.42983273257462234,0.0,0.0,0.0,0.0,0.41209347535539265,0.0015795229030820947,0.0
21225,KY,21-20,0.33537515359963443,0.02560714307767356,161947.0,167410.0,186098.1,191826.8,82098.8,104604.1,2.7468993483552167,1.2118186065346463,1.54400788683648,0.44115872220081775,0.5098739621289051,0.00045397527029448657,0.4365390358998865,0.04843199330983812,0.0,0.0,0.0,0.0331939549608745,0.0,0.00010154709993429305
21227,KY,21-30,0.7468297674204711,0.08414481323507432,86981.0,124469.0,68223.09999999999,85758.5,42737.1,53052.2,1.3544171761942785,0.8484496057894247,1.0532328626945142,0.6264315165977506,0.28121861668367226,0.019354216712595105,0.3601780362981947,0.13394499835300355,0.0,0.0,0.0,0.2881761723802714,0.0007471739951313178,0.0012934947657649695
21229,KY,21-50,0.8311229000884174,0.504420866489832,11310.0,54280.0,14351.4,18913.5,10476.0,11610.9,0.6533360669837651,0.4769115652634533,0.5285769848336607,0.7299636272419415,0.06801768607221813,0.011459100957995579,0.08411938098747236,0.012048636698599853,0.0,0.0,0.0,0.7661016949152543,0.00035003684598378776,0.0010501105379513633
21231,KY,21-60,0.9733162100456622,0.0839041095890411,14016.0,29258.0,20938.7,28575.0,14926.0,15722.5,1.768427592770024,1.2606107470705141,1.327881044540812,0.7128427266258173,0.1434137671747898,0.01271447125572493,0.2934923781529838,0.04005742019276779,0.0,0.0,0.0,0.48865267619112723,0.0018114703670790895,0.0002734294893704286
21233,KY,21-20,0.4633680825683315,0.04124267413515897,96405.0,103183.0,118939.3,122656.6,54439.2,69275.3,2.848389860532997,1.3037243812224213,1.659023233745125,0.4577057372962511,0.4139053913919929,0.0,0.5098998866092282,0.011028948567108923,0.0,0.0,0.0,0.062481222682030955,7.753215161412248e-05,0.0003295116443600205
21239,KY,21-50,0.8109324143212713,0.19787478460654795,10446.0,29323.0,5261.3,7015.3,3606.9,4153.4,0.44337057719646594,0.303954029401466,0.3500076702198699,0.6855530002090738,0.06581864065750435,0.005592879309756846,0.19411383555570713,0.016778637929270538,0.0,0.0,0.0,0.6395662108242677,0.0019438665893667087,0.0025918221191556117
22001,LA,22-70,0.1641440329758326,0.004916182049700041,152354.0,128971.0,112907.2,134934.2,63961.2,73788.5,2.163275211201707,1.225481443510375,1.4137701840250856,0.5664935451414967,0.0,0.0,0.2558171992153275,0.0,0.0,0.0,0.6378488187266905,0.04762310907103147,0.0,0.00017058098332183204
22003,LA,22-70,0.16455648504031956,,26538.0,23283.0,26615.5,35039.6,12817.2,15338.300000000001,2.824736193978156,1.3603054139676813,1.627872899780021,0.48156901053897166,0.0,0.0,0.0,0.0,0.0,0.0,0.7426877979641798,0.14607224154962847,0.004810376669673152,0.0009878452089507365
22007,LA,22-80,0.006832036998108052,,85626.0,56918.0,13836.4,17189.899999999998,11598.3,13440.199999999999,0.6006973014041755,0.503531808192597,0.5834965648819346,0.8382454973837125,0.0,0.0,0.12263255912013774,0.0,0.0,0.0,0.0,0.002934045468920201,0.0,0.0
22009,LA,22-50,0.058738727685418074,0.011594380712839704,163010.0,169285.0,240997.1,287194.69999999995,140639.6,166585.6,3.5178356220563307,2.0529167975538027,2.431650662193143,0.5835738272369253,0.09697846826357917,0.0,0.5444191747644505,0.003148536491715155,0.03339929704344744,0.039950379537466406,0.11545618335942345,0.07213870100717724,0.009120713589508816,0.0025873526892518533
22011,LA,22-70,0.5871334596945033,0.21373620247519232,8969.0,23711.0,9824.3,18188.3,6692.3,7270.9,1.0238443756686233,0.697441417229434,0.7577405078274272,0.6811986604643588,0.06456918729703513,0.0,0.19113491628358145,0.0,0.0,0.0,0.07372105773691535,0.6135970646535364,0.00641052675973177,0.003964404706676227
22015,LA,22-10,0.5765523572224772,0.04419382335584552,15251.0,27777.0,39684.4,47312.1,7116.5,25780.7,3.5303412176605025,0.6330868874288377,2.293462111815729,0.17932739313180998,0.0807502610073082,0.0,0.3297692335385391,0.013140367930302049,0.10281887892861,0.0,0.0,0.4421643806026569,0.0061561723728264395,0.016812470749180977
22017,LA,22-10,0.11216064810824787,0.08692579505300353,58015.0,74852.0,131319.0,143068.0,31174.5,73132.6,4.335172285160942,1.029149082796471,2.4142920724477124,0.2373951979530761,0.28828889007641745,0.0,0.18814460535456634,0.01352001282530861,0.256025223106931,0.0,0.0,0.22591246726874364,0.001790199326671298,0.009418586009725859
22019,LA,22-70,0.2350808851376941,0.02077584807661094,18483.0,22977.0,18740.7,45222.6,9824.0,11692.0,2.0154623416728494,1.056518809040968,1.2574122470792954,0.5242066731765622,0.036558297427862645,0.0,0.049092570831701265,0.0,0.0,0.0,0.5331418374896636,0.34612873743308525,0.0026548287417852636,0.004961483222352787
22021,LA,22-20,0.05430400758833294,,12651.0,15510.0,36332.0,45424.4,10399.2,23843.9,5.788415679861413,1.656800956127238,3.7988110929496743,0.28622701750522955,0.3127659574468085,0.0,0.32753062540296585,0.0,0.11843971631205674,0.0,0.0,0.18749194068343006,0.0,0.0
22023,LA,22-70,0.4391249474127051,,11885.0,14830.0,15242.9,35581.7,8315.2,9658.7,2.539853418183314,1.385523039767885,1.6093841860936684,0.5455129929344155,0.0,0.0,0.06405933917734322,0.0,0.0,0.0,0.39177343223196226,0.5322319622387053,0.0,0.0
22025,LA,22-50,0.0988929889298893,0.03987672843761405,123305.0,126393.0,291099.5,347753.8,170497.1,202995.30000000002,5.691157974919584,3.3333136276965845,3.9686716070147616,0.5857004220206493,0.20194947505004232,0.0,0.5689872065699841,0.0,0.17965393653129524,0.0044148014526120905,0.012342455673969287,0.028435119033490778,3.955915280118361e-05,0.0031726440546549256
22029,LA,22-50,0.021893135654697134,0.004562250634747914,176448.0,176638.0,275162.9,330339.6,176774.9,207075.1,3.8493548030498244,2.472968959019011,2.8968495781118118,0.6424372617093365,0.09781021071343653,0.0,0.7119419377483893,0.0,0.10136550459131104,0.0,0.06413116090535445,0.010439429794268503,0.0,0.0014266465879369105
22035,LA,22-30,0.06348185376170593,0.025379659206122517,183454.0,179400.0,387211.8,454435.5,188187.3,234494.99999999997,5.333451479798647,2.592089997423405,3.2299317963847787,0.48600610828492313,0.2176309921962096,0.0,0.7054347826086956,0.0,0.059632107023411374,0.0,0.014526198439241918,0.002374581939799331,0.0,0.00023411371237458194
22039,LA,22-50,0.1410767642744608,0.018655946107459118,92035.0,79332.0,127523.3,143282.7,49415.5,58268.5,3.9721289886113764,1.5392068746395793,1.814962426261726,0.3875017349770591,0.00926486159431251,0.0,0.32508949730247566,0.0,0.0,0.0,0.553774013008622,0.09026622296173045,0.0,0.0
22041,LA,22-30,0.11602625084446651,0.01051963987812108,145062.0,152328.0,262226.5,330703.10000000003,123932.4,158350.6,4.253819344657557,2.0104224422392023,2.568751996911567,0.47261584927534017,0.48458589359802534,0.0,0.34010162281392786,0.004989233758731159,0.060546977574707214,0.0,0.01222362270889134,0.06679664933564414,0.0,0.0061512000420146
22043,LA,22-50,0.24026625330537066,,10967.0,14792.0,26897.2,32215.0,15650.5,19421.9,4.4932685684144404,2.6144691540372302,3.24449432687746,0.5818635396992995,0.08606003244997296,0.0,0.32402650081124934,0.0,0.3013115197404002,0.0,0.0,0.1736749594375338,0.0036506219578150353,0.10127095727420227
22047,LA,22-80,0.28399811220914434,0.045893339816655464,69923.0,56289.0,29919.2,39119.9,23945.2,28376.2,1.313435187903927,1.0511801205044624,1.2456984003248555,0.8003288857990856,0.0,0.0,0.26863152658601147,0.0,0.0,0.0,0.0,0.02936630602782071,0.0,0.0015455950540958269
22053,LA,22-70,0.205907261408977,0.007945030863389123,114537.0,84966.0,87036.0,106716.0,41794.1,51639.2,2.531255323467764,1.2154917288770632,1.501815339625173,0.48019325336642305,0.0,0.0,0.13493632747216533,0.0,0.0,0.0,0.7590918720429348,0.07949061977732269,9.415530918249652e-05,0.00035308240943436196
22057,LA,22-90,0.04105830930903004,0.011136427043615735,43012.0,42417.0,14865.1,16023.2,6151.9,13130.9,0.8659844416266026,0.358386400793987,0.764956515903341,0.41384854457756753,0.0,0.0,0.0,0.0,0.0,0.0,0.0,0.2142772944809864,0.0010608953957139827,0.0017917344460947262
22065,LA,22-30,0.07020872865275142,0.020419472385014525,178653.0,176648.0,359624.2,425492.0,174407.7,217451.6,5.030630130305703,2.439715209869964,3.0418380377159924,0.484972090309829,0.2757121507178117,0.0,0.5747078936642362,0.0,0.12452447805805897,0.0,0.014067524115755627,0.009974638829763145,0.0,0.0
22067,LA,22-30,0.17746206619142327,0.01487742742854589,178996.0,184194.0,411421.39999999997,485154.8,184201.9,226103.4,5.519422021930965,2.471159797087671,3.033289190094307,0.44772075541038947,0.3380186108125129,0.0,0.4110014441295591,0.001845879887509908,0.06958424270063086,0.0,0.1263939107679946,0.03401848051510907,0.003252006037113044,0.0
22069,LA,22-40,0.07057028866463272,0.000492842055855433,42610.0,65795.0,92435.90000000001,91337.7,31678.4,55945.0,3.471602451669694,1.1897413354007829,2.1011187120876307,0.34270667565307417,0.20645945740557795,0.0,0.3165438103199331,0.0,0.08262025989816855,0.0,0.0,0.3242343643133977,0.00015198723307242192,0.027023330040276617
22073,LA,22-20,0.04140145327550273,0.049174787359882836,35506.0,43174.0,85972.0,110542.4,38144.7,60649.9,4.920587357088789,2.1832030028374905,3.4712828728969822,0.4436874796445354,0.30828739519155046,0.0,0.37388242923982024,0.0,0.10121832584425812,0.0,0.0,0.1977115856765646,0.0019919395932737295,0.00764348913698059
22077,LA,22-50,0.10981056385112548,0.013389792734566525,112175.0,112952.0,168521.80000000002,198460.0,103848.1,123929.40000000001,3.6867557612555197,2.2718875597723223,2.711206677349398,0.6162294729821305,0.0796444507401374,0.0,0.5056041504355833,0.030216375097386502,0.012394645513138325,0.0,0.0,0.06274346625115093,0.0008233585948013315,0.02250513492456973
22079,LA,22-50,0.1633279599149836,0.022414341893154537,97393.0,109791.0,135490.3,161023.30000000002,70647.0,86942.4,3.049465098833299,1.5900441643222878,1.9568029180598479,0.5214174003600258,0.1002905520488929,0.0,0.46600358863659136,0.0,0.08713829002377244,0.0,0.09535389968212331,0.10704884735542987,0.0008288475375941562,0.010383364756674044
22081,LA,22-10,0.27036835420068955,0.03284340410088913,11022.0,20012.0,51199.8,59825.9,6526.1,36997.0,6.322079807137004,0.8058337147675734,4.568337896332559,0.12746338852886144,0.12317609434339397,0.0,0.3080651609034579,0.0,0.0,0.0,0.0,0.4188986608035179,0.006695982410553668,0.0741055366779932
22083,LA,22-30,0.11279965557357077,0.023129700367327123,109167.0,116381.0,245251.0,296189.1,116542.9,149305.19999999998,5.207279702889971,2.4744913483979087,3.1701152594522655,0.47519847013875577,0.2778288552255093,0.0,0.37165860406767426,0.008566690439161032,0.20790335192170542,0.0,0.04576348373016214,0.08491935968929636,0.0016067914865828615,0.000867839252111599
22097,LA,22-50,0.2007299512701019,0.03264836691685336,150421.0,155907.0,222198.2,261209.5,134149.6,157657.7,3.521738662941209,2.126209091424224,2.498801599654661,0.6037384641279723,0.054885284175822766,0.0,0.6229033975382761,0.0,0.0,0.004842630542567043,0.13703040915417525,0.0884950643652947,0.0006542361792607131,0.0010454950707793748
22099,LA,22-80,0.10720328305554555,0.0254868785773426,55558.0,47371.0,63729.0,71064.1,35727.0,38553.7,3.3243500993267996,1.8636579265114557,2.0111094858606853,0.56060820034835,0.0,0.0,0.19501382702497308,0.0,0.0,0.0,0.05908678305292268,0.052268265394439635,0.0011399379367123346,0.0056785797217707035
22101,LA,22-80,0.1060323850151711,0.012242016402799892,66574.0,55714.0,14245.9,17929.2,10795.4,13937.9,0.6318409293612182,0.4788027129788988,0.6181803669367132,0.7577899606202486,0.0,0.0,0.08414402125139103,0.0,0.0,0.0,0.0,0.008489787127113473,0.0,8.974404996948702e-05
22105,LA,22-60,0.1913158892681077,0.28100113765642776,5274.0,22266.0,13122.800000000001,23527.9,3542.3,4354.1,1.4563525105170743,0.3931201799924278,0.48321276450470885,0.26993477001859356,0.010554208209826641,0.01526991826102578,0.038938291565615735,0.0,0.0,0.0,0.0,0.7812359651486571,0.012620138327494835,0.008173897422078505
22107,LA,22-30,0.1686421042763202,0.019365984973281368,149334.0,150016.0,314171.10000000003,374935.6,162498.2,204854.00000000003,5.1750059667941395,2.6766598028695427,3.3743417912139173,0.5172283510482026,0.2978482295221843,0.0,0.4081297994880546,0.0,0.2623386838737201,0.011358788395904438,0.010325565273037542,0.005739387798634812,0.0,0.0010198912116040956
22109,LA,22-90,0.007272208755168972,0.01589904463139883,28052.0,27190.0,4461.5,4910.2,1445.4,3929.1,0.4054654870966378,0.13135936681597676,0.3570804539619858,0.3239717583772274,0.0,0.0,0.0,0.0,0.0,0.0,0.0,0.23938948142699523,0.0012872379551305626,0.001140125045972784
22113,LA,22-70,0.2607399818380795,0.015748092610271575,128841.0,107728.0,61487.7,79989.9,31408.6,38571.799999999996,1.410398555996456,0.720447245316873,0.8847559922095656,0.510811105310493,0.0,0.0,0.06984256646368632,0.0028590524283380364,0.0,0.0,0.5140724788355859,0.17334397742462498,8.354373978909847e-05,0.0003620228724194267
22117,LA,22-60,0.27524797114517585,0.08126690712353471,8872.0,21774.0,6189.0,14314.0,2981.1,3123.6,0.7023675970884019,0.3383144358830562,0.3544862540419021,0.48167716917111003,0.10204831450353632,0.02493799944888399,0.1386516028290622,0.0,0.0,0.0,0.0,0.6026453568476164,0.008588224487921374,0.0010103793515201616
22121,LA,22-50,0.16072321875223325,,27986.0,23376.0,11541.3,14452.199999999999,8966.6,10549.2,1.2200193955882082,0.9478504078813677,1.1151454868982809,0.7769142124370739,0.0,0.0,0.3913415468856947,0.0,0.0,0.0,0.0,0.05860711841204654,0.0,0.0011122518822724162
22123,LA,22-30,0.18813510225363536,0.08370314582005678,86305.0,93948.0,180119.30000000002,214646.4,86121.5,109030.0,4.737562091380211,2.265198419340963,2.8677459596122366,0.4781358799417941,0.32009196576829735,0.0,0.5348384212543109,0.0,0.013539404777110742,0.0,0.006269425639715587,0.09703240090262699,0.02194831183207732,0.0001596627921829097
23003,ME,23-10,0.058898795621179195,0.3970185023457969,98474.0,116305.0,18167.8,18160.399999999998,2432.9,3344.1000000000004,0.3859989810772681,0.05169018379016092,0.07104983501692513,0.1339127467277271,0.008262757405098664,0.0074029491423412575,0.01078199561497786,0.0,0.0,0.0,0.0,0.10820686986801943,0.45227634237565023,0.0012467219809982374
23011,ME,23-30,0.23077981020492366,0.1870444230504745,7271.0,31875.0,5425.2,5929.400000000001,1459.7,1874.9,0.42057917350138524,0.11316069814199883,0.1453483544196983,0.26905920519059207,0.001411764705882353,0.16492549019607844,0.0,9.411764705882353e-05,0.0,0.0,0.0,0.4270745098039216,0.009631372549019608,0.004894117647058823
23017,ME,23-30,0.355489724125162,0.21236807998518792,5401.0,14505.0,1531.1,2773.5,287.5,464.90000000000003,0.26083629752800885,0.04897814351727683,0.07919978755193738,0.18777349617921757,0.12843846949327817,0.03771113409169252,0.0,0.0,0.0,0.0,0.0,0.4423991726990693,0.1337469837986901,0.036125473974491555
23019,ME,23-20,0.29223808850558464,0.422592959140393,14146.0,35358.0,10337.6,12548.8,3321.9,3640.5,0.7224607136871342,0.23215661708687615,0.25442251859019616,0.321341510602074,0.0,0.2115504270603541,0.0,0.0,0.0,0.0,0.0,0.39235816505458454,0.07958594943152893,0.008937157079020307
23025,ME,23-20,0.3815232722143865,0.2397743300423131,7090.0,23170.0,5604.7,6106.099999999999,1559.5,1708.3999999999999,0.5977347999607344,0.16631887889427896,0.1821988924033255,0.278248612771424,0.03741907639188606,0.22870090634441087,0.0,0.0001294777729823047,0.0,0.0,0.0,0.3712990936555891,0.006387570133793699,0.003970651704790678
24003,MD,24-80,0.8309688771582536,0.4293412515121522,9093.0,12644.0,6724.3,15957.9,2789.1,3470.2999999999997,1.3141495702306707,0.5450819514790184,0.6782108551925845,0.41477923352616625,0.2656596013919646,0.0,0.3357323631762101,0.08525782980069599,0.0,0.0,0.0,0.2701676684593483,0.013207845618475166,0.006406200569440051
24005,MD,24-20,0.905002733734281,0.21295790049207217,36580.0,46654.0,81084.2,88793.0,21735.9,37695.6,4.294667589479986,1.1512534533013588,1.9965674149341273,0.2680657884026728,0.3937068632914648,0.013396493333904917,0.2868993012389077,0.09988425429759507,0.0,0.006215972906931881,0.0,0.20084022806190252,0.01986967891284777,0.0034295022934796586
24009,MD,24-80,0.7745410574914807,0.33340661756623063,9097.0,10812.0,5774.5,11966.7,2391.8,3170.9000000000005,1.3197466012598467,0.5466395221912376,0.7247007529543421,0.41420036366785007,0.28560858305586384,0.0,0.3017943026267111,0.16999630040695524,0.0,0.08499815020347762,0.0,0.17591564927857936,0.022752497225305215,0.0
24011,MD,24-30,0.7461442431510552,0.33595462543374194,101731.0,102644.0,127828.70000000001,189540.9,73891.6,88729.8,3.077350812122661,1.7788679323895402,2.136083071246764,0.5780517207794493,0.35470168738552665,0.004647129885818947,0.4798526947507891,0.17518802852577842,0.0,0.015724250808620086,0.0,0.023186937375784263,0.06501110634815478,0.0011593468687892132
24013,MD,24-20,0.8724919007559294,0.2782406975348967,75007.0,96722.0,147992.0,160818.6,44198.6,73596.59999999999,3.7808998587796707,1.1291859053074433,1.8802460575346227,0.2986553327206876,0.3373275986848907,0.043516469882756766,0.3012241268790968,0.08318686544943239,0.0,0.00038253964971774775,0.0,0.19155931432352516,0.024885755050557266,0.004445731064287339
24015,MD,24-30,0.6365892525928054,0.37477468063429037,38279.0,47824.0,62828.8,89846.59999999999,34593.9,42254.8,3.2463479824197554,1.7874579407696913,2.1832946789935552,0.5506057731486197,0.3348318835731014,0.02881398461023754,0.3790147206423553,0.09238039478086317,0.0,0.0,0.0,0.13355219136835061,0.002885580461692874,0.010873201739712278
24017,MD,24-80,0.7808825059839734,0.2379019669060256,19218.0,22682.0,10972.4,27760.100000000002,4945.9,5917.799999999999,1.1953703763382089,0.5388230782992915,0.6447051522997933,0.4507582661951806,0.2176174940481439,0.000793580812979455,0.3898245304646857,0.22938894277400582,0.0,0.0548011639185257,0.0,0.15884842606472094,0.01900185168856362,0.002292566793051759
24019,MD,24-90,0.6611740941227204,0.3905627617199469,88119.0,85773.0,21988.399999999998,79296.8,8440.8,11331.699999999999,0.6334688036856141,0.24317292200203433,0.32645751590494415,0.38387513416164887,0.2761708229862544,0.0,0.5495901973814604,0.19401210171032843,0.0,0.025241043218728505,0.0,0.008604106187261725,0.09554288645611089,0.000373077775057419
24021,MD,24-20,0.8232046600591202,0.3839114936532777,92016.0,127086.0,197963.0,214710.7,60244.7,100676.7,3.8491826504402105,1.171394927440862,1.957552709059642,0.304323030061173,0.23347969091796106,0.07507514596415026,0.3265741309034827,0.11330122908896338,0.0,0.0,0.0,0.20665533575688905,0.0024156870150921425,0.0032104244369954202
24023,MD,24-10,0.541799617102744,0.11455009572431397,15670.0,35124.0,13699.1,13899.8,3464.0,6097.099999999999,0.9637630484161385,0.2437003306577442,0.42894494401077715,0.2528633267878912,0.23095319439699352,0.05335383213756975,0.09751167293019018,0.0043275253387996815,0.0,0.0,0.0,0.45840450973693203,0.002078350985081426,0.002277644915157727
24025,MD,24-20,0.8085153874054853,0.38224379900114397,35841.0,44214.0,76282.9,83446.0,20463.4,35821.6,4.2633362970827395,1.1436685807923264,2.0020152288334487,0.268256712841279,0.3826163658569684,0.02555751571900303,0.3392816754874022,0.08834305875966889,0.0,0.0,0.0,0.14669561677296783,0.016714162934817027,0.004478219568462478
24027,MD,24-20,0.870162558993183,0.23272155217619298,9535.0,14960.0,21939.6,23906.4,6395.7,10789.5,3.6239259540354416,1.0564250589903406,1.7821814928743187,0.29151397473062407,0.3120989304812834,0.014839572192513369,0.0,0.06577540106951872,0.0,0.0,0.0,0.31731283422459894,0.00875668449197861,0.0050802139037433155
24029,MD,24-30,0.5957741991840259,0.5644814864295478,97307.0,102166.0,125650.9,184475.59999999998,72405.9,87228.6,3.039074993265142,1.7512565373973168,2.109768071359041,0.5762465688665979,0.423448113853924,0.02587945108940352,0.4611123074212556,0.16600434586848853,0.0,0.0,0.0,0.022257894015621636,0.007703149775854981,6.851594463911673e-05
24031,MD,24-20,0.9190404362708128,0.4557347566281836,34474.0,43201.0,60064.8,64059.7,21559.2,34428.0,3.4356462389178484,1.2331645888120442,1.969247025103949,0.3589323530586966,0.2772389528020185,0.006134117265804032,0.33700608782204117,0.1795791764079535,0.0,0.0,0.0,0.1852040462026342,0.010578458831971482,0.007685007291497882
24033,MD,24-80,0.8492962895265947,0.48839334673734236,10942.0,13662.0,3549.1,8480.4,1540.8,1929.5,0.6419277626739252,0.27868538410526156,0.3489897771489501,0.4341382322278888,0.25311081832820964,0.0,0.26423656858439465,0.1404625969843361,0.0,0.1206265554091641,0.0,0.18591714243888158,0.033816425120772944,0.003513394817742644
24035,MD,24-30,0.6658517604332891,0.3719981448436874,127213.0,129538.0,157309.30000000002,226766.69999999998,87543.7,105841.2,3.000816330716296,1.6699747860509722,2.0190160494173557,0.5565068308103843,0.45044697308897774,0.01018234031712702,0.4580431996788587,0.12247371427689173,0.0,0.0,0.0,0.017855764331701895,0.014760147601476014,0.001042165233367815
24037,MD,24-80,0.7108041679648285,0.29435386159864296,28887.0,32050.0,16895.4,44225.1,7952.8,9597.2,1.3026347151451936,0.6131605858758417,0.7399437650598064,0.4707080033618618,0.3111700468018721,0.003962558502340094,0.4697659906396256,0.16995319812792511,0.0,0.0093603744149766,0.0,0.111201248049922,0.021310452418096724,0.002402496099843994
24039,MD,24-90,0.6303249097472924,0.3792924187725632,34625.0,34958.0,9506.3,33328.6,3956.2,5160.9,0.6719657554326088,0.27964938216156515,0.3648052414937621,0.41616612141422005,0.37307626294410434,0.0,0.5569254534012243,0.2013845185651353,0.0,0.0,0.0,0.010584129526860804,0.006550718004462498,0.0
24041,MD,24-30,0.8270719741824665,0.5187450388434162,76847.0,76591.0,104128.0,154642.0,60917.7,73507.3,3.359479463829039,1.9653864679404025,2.371564466728645,0.585027082052858,0.3884660077554804,0.0,0.5132065125145252,0.1931689101852698,0.0,0.01305636432479012,0.0,0.008134114974344244,0.0,0.000548367301641185
24043,MD,24-20,0.84149588749285,0.21834750192311486,50699.0,74609.0,81589.5,89041.0,22362.9,38876.9,2.702248324091636,0.7406603674103758,1.2876048740447992,0.27409041604618245,0.22319023174147892,0.11894007425377635,0.2543660952432012,0.09135627069120347,0.0,0.004610703802490316,0.0,0.2187537696524548,0.00676862040772561,0.017075687919687974
24045,MD,24-90,0.7069254732806135,0.31592550751429255,58422.0,60094.0,14244.5,46344.7,5826.0,6625.299999999999,0.5857311222932468,0.2395640084580333,0.2724310719596649,0.40899996489873286,0.4121210104170133,0.0,0.415665457449995,0.05554631077977835,0.0,0.014627084234698972,0.0,0.03324791160515193,0.04206742769660864,0.0007488268379538723
24047,MD,24-90,0.6654823889739663,0.2896477794793262,65300.0,66019.0,20163.2,70733.6,8572.9,10030.5,0.7546971671183672,0.3208787962222787,0.3754359394729399,0.42517556737025863,0.4510974113512777,0.0,0.5059301110286433,0.07458458928490283,0.0,0.0,0.0,0.014192883866765628,0.011511837501325376,0.0
25003,MA,25-10,0.1967376168689079,0.3934752337378158,5027.0,17684.0,3664.6,4035.7999999999997,857.2,1080.4,0.5120687519365382,0.11977987615565153,0.1509684766665491,0.23391366042678602,0.047783306944130285,0.14578149739877855,0.0,0.0,0.0,0.0,0.0,0.5594322551458946,0.019848450576792583,0.00853879212847772
25011,MA,25-10,0.12917271407837447,0.31700532172230284,8268.0,20093.0,6479.5,7009.5,1197.7,1552.8,0.796854287172895,0.14729413994088686,0.19096463262938054,0.1848445096072228,0.03045836858607475,0.11038670183646046,0.0,0.0,0.0,0.0,0.0,0.39620763449957697,0.1979793958094859,0.02587965958293933
25015,MA,25-10,0.15327009485771342,0.5182226660009985,8012.0,17031.0,7618.5,8138.8,1377.9,1741.3000000000002,1.105379806651165,0.19992161653667265,0.25264787783968945,0.180862374483166,0.04074922200692854,0.08754623921085081,0.007456990194351477,0.0,0.0,0.0,0.0,0.35875755974399626,0.2649286595032588,0.02289941870706359
25027,MA,25-10,0.3416856492027335,0.3648443432042521,5268.0,27432.0,4443.8,5169.099999999999,959.9,1494.5,0.40029414339595704,0.08646706607988189,0.1346234297910027,0.21600882127908547,0.008056284631087781,0.09084281131525226,0.0,0.0,0.0,0.0,0.0,0.49766695829687957,0.063137941090697,0.07615193934091571
26001,MI,26-30,0.07852901742961119,0.07527293621911511,10442.0,20042.0,1082.3999999999999,3977.0,802.5,845.4,0.13345318077041202,0.09894325348138919,0.10423255637777747,0.7414079822616408,0.13531583674284003,0.0244985530386189,0.15442570601736352,0.02854006586169045,0.0,0.0,0.0,0.49940125735954494,0.0008482187406446463,0.0022452849017064167
26005,MI,26-70,0.21684440262421914,0.10389058783554196,153036.0,181865.0,119923.1,137526.1,56667.9,59821.700000000004,1.6294308070395633,0.7699636019268787,0.8128152199991382,0.47253531638191476,0.3701481868418882,0.09239270887746405,0.2912819948863168,0.028471668545349573,0.0,0.0,0.0,0.09551590465455145,0.034085722926346464,0.009589530695845819
26007,MI,26-30,0.2396568671253686,0.04691269770351175,22382.0,35668.0,3175.9,10388.7,2472.1,2620.1,0.22002410592171426,0.17126533966720295,0.1815186749977907,0.7783935262445291,0.13782662330380172,0.06173600986878995,0.21983290344286194,0.08102500841090053,0.0,0.0,0.0,0.3288662106089492,0.003476505551194348,0.001598071100145789
26009,MI,26-20,0.2546553090332805,0.16669968304278923,10096.0,24661.0,3701.2999999999997,5513.2,1500.1,1611.3,0.3708735040851624,0.15031133479538328,0.1614536722590501,0.4052900332315673,0.06106808320830461,0.06260897773812903,0.07140829650054742,0.011597258829731154,0.0,0.0,0.0,0.31799197112850247,0.07408458699971615,0.2738737277482665
26011,MI,26-60,0.06265482341283884,0.05251610163493524,56516.0,63460.0,47369.9,50126.2,25160.2,26268.000000000004,1.844525245755039,0.9797070310101126,1.0228433911723134,0.5311431943069334,0.2526630948629058,0.03780334068704696,0.33901670343523477,0.11010085092971951,0.0,0.0,0.0,0.07094232587456666,0.03220926567916798,0.0003309171131421368
26015,MI,26-80,0.416561888795753,0.0937878364533855,85896.0,107854.0,83835.5,89061.5,42228.3,47422.4,1.9207635514668477,0.9674968179399837,1.0864993641486178,0.5037042780206477,0.30401283216199676,0.10858197192500973,0.3286016281269123,0.040944239434791474,0.0,0.0,0.0,0.14766258089639697,0.001019897268529679,0.00012053331355350752
26017,MI,26-60,0.04155594219763129,0.16080269878655307,178747.0,183785.0,139640.2,147252.09999999998,72944.1,75831.6,1.8775114883777928,0.9807590203922549,1.0195824711083874,0.522371781191949,0.32208830970971514,0.008945234921239493,0.34190494327611065,0.08128519737737029,0.0,0.0,0.0,0.026520118616862095,0.03538373643115597,0.00011970509018690317
26021,MI,26-70,0.5293416985839999,0.08609978744596301,97387.0,112819.0,89235.09999999999,103621.8,42735.6,46507.49999999999,1.954499988987728,0.9360299896496328,1.0186452218672557,0.4789102046167932,0.3982307944583802,0.005282798110247388,0.3825862664976644,0.008881482728972956,0.0,0.0,0.0,0.031944973807603326,0.0574548613265496,0.09957542612503213
26023,MI,26-80,0.2585782922861575,0.06116812858385892,185031.0,191614.0,173319.5,184010.90000000002,87324.6,97575.2,2.235127974114541,1.126137891514588,1.2583296114968088,0.5038359792175722,0.4849593453505485,0.01794754036761406,0.42533948458880877,0.014523990940119198,0.0,0.0,0.0,0.03426158840168255,0.009148600832924526,0.0
26025,MI,26-80,0.5295699098041997,0.03600740134229919,155107.0,163533.0,166303.6,175751.3,87787.0,97918.90000000001,2.512918769750624,1.326499246198507,1.4795966035812478,0.5278719161822113,0.4245381666085744,0.028703686717665548,0.45049011514495546,0.027462347049219425,0.0,0.0,0.0,0.053010707319012064,0.0034060403710566064,0.0005014278463673998
26027,MI,26-70,0.34348422682933455,0.100365459337554,147212.0,154451.0,119414.99999999999,138893.4,56100.2,58686.6,1.9105146051434791,0.8975442905118303,0.9389239745945929,0.4697919021898422,0.49620915371218055,0.0017546017830897824,0.38463331412551555,0.006396850781153893,0.0,0.0,0.0,0.04117810826734693,0.051517957151459036,0.012146247029802331
26033,MI,26-10,0.21757005301309099,0.09250243427458617,9243.0,30835.0,4518.1,4940.8,2562.9,2666.3,0.3620712904189395,0.20538556256273655,0.21367182701667037,0.5672517208561121,0.0,0.0,0.0,0.0,0.0,0.0,0.0,0.7808010377817415,0.006648289281660451,0.0008107669855683476
26035,MI,26-50,0.07532182963571624,0.034693691226148085,10953.0,24957.0,8660.9,11448.0,5118.3,5141.7,0.8575369629158041,0.5067754433479154,0.5090923347716969,0.590966296805182,0.09364106262771968,0.11002925031053412,0.11315462595664542,0.03958809151740995,0.0,0.0,0.0,0.4815482630123813,0.0014024121488961012,0.0008013783707977722
26037,MI,26-80,0.2522979211385222,0.056920226998735626,170045.0,186551.0,145312.7,154428.1,78513.9,87927.7,1.9248114545364947,1.0399948116051305,1.164689969500591,0.5403099660249929,0.2817567314032088,0.10409485877856457,0.41213930774962343,0.0833820242185783,0.0,0.0,0.0,0.05272016767532739,0.0032377205161055155,0.00022513950608680735
26041,MI,26-10,0.0832350860646074,0.21280358406036312,8482.0,21424.0,18995.7,21196.5,6144.6,6368.900000000001,2.190972598364373,0.7087209330485177,0.7345917961287479,0.3234732070942371,0.07416915608663181,0.025672143390589992,0.0,0.013722927557879015,0.0,0.0,0.0,0.5705750560119492,0.03328043315907393,0.007514936519790889
26045,MI,26-80,0.46043251549196434,0.056696810922464605,158792.0,168296.0,135320.5,142430.5,75949.2,84603.6,1.9868816711524664,1.115145697944457,1.2422163837224576,0.5612542076034304,0.315206540856586,0.004414840519085421,0.5343977278129011,0.07155844464514902,0.0,0.0,0.0,0.0568403289442411,0.0016696772353472454,0.0005585397157389362
26049,MI,26-90,0.20036005027116993,0.10568268022327645,88321.0,96854.0,92903.59999999999,99933.7,58497.4,66125.7,2.3702665370220064,1.4924548642118405,1.6870770771763,0.6296569777705063,0.3052739174427489,0.012420757015714374,0.5055134532388956,0.0443967208375493,0.0,0.0,0.0,0.09142627046895327,0.00868317261032069,0.0017035951019059616
26051,MI,26-50,0.12740162334326519,0.085071406555019,19466.0,29550.0,12826.0,16001.9,7174.2,7215.8,1.0725460652107826,0.5999267098889128,0.6034054184740344,0.5593481989708404,0.16318104906937395,0.047715736040609136,0.2507275803722504,0.05962774957698815,0.0,0.0,0.0,0.35746192893401013,0.01560067681895093,0.0009813874788494078
26055,MI,26-20,0.24831686004870362,0.1804182781836413,13962.0,29997.0,7775.6,10526.0,2687.3,2961.7000000000003,0.6405282542041174,0.22137090096233408,0.24397506693712828,0.34560676989557076,0.13408007467413408,0.0393039303930393,0.06490649064906491,0.03983731706503984,0.0,0.0,0.0,0.3343667700103344,0.005733906724005734,0.24265759909324267
26057,MI,26-50,0.3040780905722621,0.04788340575339431,243717.0,259408.0,132754.8,152187.0,75029.1,75335.90000000001,1.2645880426045935,0.7147078878306797,0.7176303856346845,0.565170524907574,0.32894513661876273,0.08099981496330105,0.3877058533275766,0.07190988712761365,0.0,0.0,0.0,0.03384629618207611,0.012890890026521927,0.0001464873866650219
26059,MI,26-80,0.3649720386375191,0.0781167033836073,177030.0,191068.0,159687.9,169188.9,86543.6,96617.3,2.06521968331644,1.1192554112432105,1.24953706391586,0.5419546502897215,0.3533820419955199,0.03536437289342014,0.47691921200829024,0.048234136537777125,0.0,0.0,0.0,0.05983733539891557,0.0019207821299223314,0.0009159042853853079
26063,MI,26-60,0.1031210641638343,0.25323431765694665,405727.0,430557.0,305749.3,318576.5,135684.9,141314.0,1.754757149687934,0.778723118514719,0.811029663358185,0.44377828501978583,0.21265477044851205,0.0642632682780677,0.15364516196461792,0.174657478568459,0.0,0.0,0.0,0.030880928657529665,0.0006247720975387696,4.8774029919383497e-05
26065,MI,26-80,0.23443933519670604,0.04480359450605596,133092.0,144920.0,112484.7,119239.1,60641.3,67749.5,1.9179943901959464,1.0340043865004704,1.1552074276642093,0.5391070963428805,0.33743444659122274,0.03730333977366823,0.4521529119514215,0.08221777532431686,0.0,0.0,0.0,0.057114269942036985,0.0011730609991719568,0.000496825834943417
26067,MI,26-80,0.23608927452626105,0.06072606480441644,169186.0,187157.0,158161.6,168368.30000000002,79512.8,89387.40000000001,2.088224458687477,1.0498159713781705,1.1801913674272455,0.5027313835975357,0.35283745732192756,0.08554849671666034,0.38505105339367485,0.05827193212116031,0.0,0.0,0.0,0.05945275891363935,0.007346773030129784,0.0008495541176659168
26069,MI,26-30,0.05436635726463345,0.08694828566016291,10558.0,19239.0,2557.0,7134.6,2056.6,2084.2,0.32842063538205823,0.26414934639293736,0.26769428559377617,0.8043019163081736,0.1864442018815947,0.0945995114091169,0.13753313581786994,0.033733562035448826,0.0,0.0,0.0,0.3458599719320131,0.000779666302822392,0.0014553770986017985
26073,MI,26-50,0.35492702065674087,0.06623772087780169,136614.0,158504.0,69655.59999999999,81640.59999999999,40788.2,40982.2,1.0859204568543557,0.6358819790263358,0.6389064102081754,0.5855695737313296,0.22173572906677433,0.05103341240599606,0.4454777166506839,0.07242719426639076,0.0,0.00011356180285671024,0.0,0.12962448897188714,0.010668500479483168,0.00038484833190329583
26075,MI,26-80,0.34719384449782226,0.0960501529905415,100333.0,114362.0,108444.8,115017.8,56366.0,63223.3,2.343199110904886,1.2179169594601567,1.3660846840832652,0.5197667384697099,0.38782112939612806,0.03334149455238628,0.3837550934751054,0.05437995138245221,0.0,0.0,0.0,0.1105349679089208,0.0044857557580315136,0.0005771147758870953
26077,MI,26-70,0.21540877254602178,0.09339683064399495,96802.0,106116.0,86571.6,100910.8,39664.8,41391.9,2.015936168176604,0.9236482278656207,0.9638660747814431,0.4581733501517819,0.4725017904934223,0.03235138904594972,0.34458517094500357,0.026716046590523578,0.0,0.0010271778054204833,0.0,0.07997851407893249,0.012750197896641412,0.0048814504881450485
26079,MI,26-20,0.09339797518893483,0.4334806787394838,7013.0,9343.0,2550.1,4123.1,510.6,533.4,0.6744551356945503,0.13504442660508897,0.14107461251694958,0.20022744206109566,0.015305576367333833,0.015198544364765065,0.0,0.12415712297977095,0.0,0.0,0.0,0.44407577865781866,0.197045916729102,0.0024617360590816653
26081,MI,26-70,0.31034559693001046,0.11234689096628812,89642.0,114998.0,66414.6,77840.5,30523.0,35352.299999999996,1.4271035207559437,0.6558720637334813,0.759643087466014,0.4595826821210998,0.3448581714464599,0.06233151880902277,0.25135219742952053,0.0530617923789979,0.0,0.0,0.0,0.1130019652515696,0.024322162124558688,0.08740152002643524
26087,MI,26-90,0.27957613172638807,0.09933699239966898,105127.0,120062.0,90768.8,98960.59999999999,54055.5,60775.6,1.8681563649878263,1.1125422654876944,1.2508518783541716,0.5955295211570495,0.3001116090020156,0.026144825173660277,0.43475037897086505,0.05709550065799337,0.0,0.0,0.0,0.1254685079375656,0.016957905082374106,0.0014492512202028951
26089,MI,26-20,0.4585956416464891,0.5181598062953995,6195.0,23968.0,5428.4,7655.6,2277.7,2501.2,0.5596573985131678,0.2348264049431586,0.2578688168081083,0.4195895659862943,0.11632176234979973,0.009512683578104138,0.02357309746328438,0.011473631508678238,0.0,0.0,0.0,0.13689085447263016,0.005715954606141522,0.6344292389853138
26091,MI,26-90,0.2520441736977555,0.06057920969475845,306970.0,322729.0,267786.8,285042.60000000003,164821.9,186329.5,2.0503753727081087,1.2619993391868405,1.4266775584495408,0.6154967309815121,0.34246070232300163,0.04034964319909274,0.47177353135293076,0.08429053478305328,0.0,0.0,0.0,0.034106014643865284,0.007300242618419789,0.0018684407041201752
26093,MI,26-90,0.3522681894417379,0.06580944014056385,50084.0,59573.0,45198.0,48441.9,27358.5,30875.7,1.8747870732635488,1.1348148622479048,1.2807062975787282,0.605303332005841,0.27915330770651137,0.031876856965403794,0.40832256223456936,0.07506756416497407,0.0,0.0,0.0,0.15345878166283383,0.01707149211891293,0.0026186359592432814
26099,MI,26-90,0.37735205308858905,0.030212047288421844,58619.0,61906.0,45776.5,48534.0,25947.8,29519.4,1.8272250661861038,1.0357382187887625,1.178303007411534,0.5668366956844669,0.23462992278615966,0.017187348560721093,0.5676509546732142,0.030724000904597294,0.0,0.0,0.0,0.05144897102057959,0.03390624495202404,0.009675960326947307
26101,MI,26-20,0.2291398478642481,0.336337039204213,8545.0,13199.0,3125.4,4009.2,1016.3,1187.8,0.5851224783979685,0.19026683777943795,0.22237424964519964,0.32517437767965696,0.3523751799378741,0.04220016667929389,0.024926130767482384,0.012804000303053262,0.0,0.0,0.0,0.35176907341465263,0.019319645427683916,0.10485642851731192
26105,MI,26-40,0.32562833522271684,0.26062432604307795,36167.0,51987.0,23133.4,35020.6,9122.4,12483.4,1.0995802088276923,0.43360727333680904,0.5933628251307465,0.3943389212134835,0.2735876276761498,0.04466501240694789,0.14376671090849635,0.0896955007982765,0.0,0.0,0.0,0.2039355992844365,0.06124608075095697,0.07342220170427222
26107,MI,26-50,0.1632953527077199,0.16457559851491485,46866.0,67217.0,25942.0,32121.8,11873.1,12038.2,0.9536884725621798,0.4364828696159902,0.4425523309844281,0.4576786677973942,0.2887067259770594,0.05230819584331345,0.1075174435038755,0.04540518023714239,0.0,0.0,0.0,0.31602124462561554,0.10092684886263892,0.001130666349286639
26109,MI,26-10,0.13548974455095592,0.18406255020618004,18673.0,38250.0,69238.6,72420.09999999999,28713.9,29635.600000000002,4.473001481111758,1.8549958726562195,1.9145401942505427,0.41470942508947317,0.12083660130718954,0.18081045751633987,0.016,0.029202614379084967,0.0,0.0,0.0,0.3942745098039216,0.0009411764705882353,0.0015163398692810458
26111,MI,26-50,0.10015621026628402,0.04170450830094089,55054.0,61885.0,35100.399999999994,40527.2,20975.6,21053.899999999998,1.4015508978993438,0.8375508830092386,0.8406773839979886,0.5975886314685873,0.27778944816999274,0.008483477417791064,0.4493011230508201,0.039621879292235596,0.0,0.0,0.0,0.10592227518784843,0.006172739759230831,0.0008402682394764482
26113,MI,26-20,0.023496011896714884,0.13551439772880897,36985.0,79495.0,23041.4,28105.4,7199.8,7613.6,0.7162279308808785,0.2238014120997921,0.2366641338874659,0.312472332410357,0.10199383609032014,0.2890118875400969,0.0,0.0059374803446757655,0.0,0.0,0.0,0.23492043524749984,0.0007925026731240959,0.0
26115,MI,26-90,0.257242776230118,0.031224714769018568,184149.0,188153.0,170774.3,183129.9,104571.9,118521.4,2.2428156099710415,1.373365252759524,1.5565670363492738,0.612339795859213,0.3208665288355753,0.001535984013010688,0.5310252826157436,0.08937938805121363,0.0,0.0,0.0,0.023076963960181343,0.030613383788725135,0.000701556711824951
26117,MI,26-50,0.14748736434792473,0.18892978232647248,158678.0,176344.0,84508.1,102839.7,33781.5,34016.8,1.1841858122513587,0.47336968901879545,0.47666687498822025,0.39974274655328895,0.3617021276595745,0.04897813364787007,0.1916141178605453,0.1027763915982398,0.0,0.0,0.0,0.07979857551150026,0.11217279862087738,0.0034988431701674
26119,MI,26-30,0.26421581592171384,0.09560962708278234,7562.0,13634.0,1400.4,3016.4,871.9,924.8,0.25381133651651633,0.1580249245278139,0.16761262782810216,0.6226078263353327,0.07283262432154906,0.029045034472641923,0.2785682851694294,0.06161067918439196,0.0,0.0,0.0,0.43171483057063226,0.002787149772627255,0.0008068065131289423
26121,MI,26-40,0.3188299008952584,0.10094683712190988,27143.0,39560.0,10934.5,22398.7,6360.4,7303.0,0.6830065201346611,0.39729248439933224,0.45617052599967356,0.5816818327312634,0.217366026289181,0.07813447927199191,0.26893326592517697,0.044438827098078865,0.0,0.0,0.0,0.18233063700707786,0.054120323559150654,0.06928715874620829
26123,MI,26-40,0.2344908620333762,0.18509344384636148,62979.0,86982.0,15301.100000000002,32708.399999999998,8407.7,9411.2,0.4346858145785616,0.23885262649300848,0.2673608523675918,0.5494833704766323,0.2266330965027247,0.14729484261111495,0.1846818882067554,0.044468970591616655,0.0,0.0,0.0,0.20569773056494448,0.08683405762111701,0.021590673932537767
26125,MI,26-90,0.1350741002117149,0.1297106563161609,7085.0,14321.0,7880.8,8504.1,4760.1,5507.5,1.3598129252611109,0.8213437094629243,0.9503057666576449,0.6040122830169526,0.1559946931080232,0.0,0.17421967739682984,0.045806857063054256,0.0,0.0,0.0,0.4362823825151875,0.03414566021925843,0.025207736889881992
26127,MI,26-40,0.2498715621467959,0.28778641641264513,58394.0,78595.0,68814.5,82372.2,23255.7,36840.2,2.1635515329184107,0.7311672014486872,1.1582685507127253,0.33794767091238037,0.2616578662764807,0.034264266174693046,0.11248807176029009,0.051911699217507476,0.0,0.0,0.0,0.11337871365862968,0.19569947197658885,0.16906927921623513
26133,MI,26-50,0.14069940834094954,0.16705950262157873,20789.0,53698.0,10124.5,14462.099999999999,4379.1,4411.400000000001,0.4659053288137948,0.2015157316814153,0.20300210060044196,0.43252506296607246,0.1187195053819509,0.12506983500316585,0.027542925248612612,0.026537301203024322,0.0,0.0,0.0,0.49718797720585495,0.0,0.00031658534768520244
26137,MI,26-30,0.07357307819201583,0.21214120752226986,6062.0,12562.0,1323.8999999999999,2506.4,387.0,461.59999999999997,0.26042255574301876,0.07612623995207211,0.09080070377745862,0.29231815091774305,0.058191370800827896,0.00851775195032638,0.07076898583028181,0.07148543225601019,0.0,0.0,0.0,0.5934564559783474,0.07037096003821047,0.0011144722177997134
26139,MI,26-70,0.3387620616615674,0.06962579430454224,106225.0,138227.0,70577.7,81562.9,32742.8,35388.1,1.2617020901542504,0.5853358666760548,0.6326253155966775,0.46392557422528646,0.3035007632372836,0.10012515644555695,0.29772765089309616,0.0294443198506804,0.0,0.0,0.0,0.09358518957945987,0.026355198333176587,0.03373436448740116
26141,MI,26-30,0.2900902586166581,0.11205162979937333,21383.0,32240.0,12437.8,18854.9,2828.9,3608.5,0.9533025166291281,0.21682270894307198,0.2765756107395367,0.22744376015050896,0.1596153846153846,0.057816377171215884,0.16122828784119106,0.11265508684863523,0.0,0.0,0.0,0.3352667493796526,0.047208436724565754,0.0007754342431761787
26145,MI,26-60,0.22785237187700766,0.04667664444994778,278619.0,281625.0,209634.0,222402.8,126617.0,131644.9,1.8393853364753747,1.110971756244228,1.155087908840012,0.6039907648568458,0.35534842432312475,0.005745228584110075,0.45503772747447846,0.07398845983133599,0.0,0.0,0.0,0.013464713715046605,0.024092321349312027,0.00020949844651575676
26147,MI,26-90,0.4584189585064055,0.020972701966099717,137226.0,148193.0,93819.0,99109.3,62663.3,71194.90000000001,1.5643910160309857,1.0448832704980278,1.1871439894608176,0.6679169464607383,0.1759664761493458,0.0073012895345934015,0.6313253662453692,0.056986497337930944,0.0,0.0,0.0,0.09152254155054557,0.006592754043713266,0.00034414580985606607
26149,MI,26-80,0.16315613151611513,0.31012001935624534,188053.0,197620.0,156858.9,169177.4,71646.2,80338.3,1.961374269862359,0.8958689192223874,1.0045555241333657,0.4567557212246165,0.5102266977026617,0.01600546503390345,0.32136929460580915,0.010302600951320717,0.0,0.006219006173464224,0.0,0.054134196943629184,0.07373241574739399,0.0011790304625037952
26151,MI,26-60,0.19087421492399087,0.12656758760759534,341209.0,379179.0,258911.49999999997,273986.19999999995,153142.3,159295.4,1.6872881930100552,0.9980058616183669,1.0381047099909195,0.5914851213638638,0.21666547989208262,0.053325737975995505,0.36766276613420046,0.11699223849422041,0.0,0.0,0.0,0.06815514572273254,0.0011155681089933778,0.0003243850529697056
26155,MI,26-80,0.28677486083720816,0.052390343338580204,165813.0,175854.0,149163.7,156689.0,88330.1,98004.1,2.096008790789736,1.2411911617326228,1.377127646561706,0.5921688721853909,0.2506454217703322,0.0265788665597598,0.5362687229178751,0.0975525151546169,0.0,0.0,0.0,0.05117313225744083,0.0006823842505714968,0.0005402208650357683
26157,MI,26-60,0.1408271291796322,0.17910921676372915,267697.0,279531.0,213174.00000000003,224123.0,105894.8,110436.0,1.8844579881616534,0.9361099466388051,0.9762541509781697,0.4967528873127116,0.2897997002121411,0.018917400932275848,0.302131069541482,0.11991872100053304,0.0,0.0005366131126780214,0.0,0.039194221750002686,0.013000347009812865,0.0002325323488271426
26159,MI,26-70,0.20290185353995746,0.1398004659171478,78984.0,104976.0,69727.3,81417.1,30922.4,33008.0,1.64132669040309,0.7278893697493022,0.7769827800133549,0.4434762281057778,0.38396395366559977,0.011050144795000763,0.2673277701569883,0.006153787532388356,0.0,0.0,0.0,0.08063747904282884,0.07801783264746227,0.06509106843468983
26161,MI,26-90,0.3939941733312889,0.03984247012016495,123913.0,139750.0,103254.5,110472.0,63838.2,72231.3,1.8257418683865063,1.1287844553257385,1.2771909080765125,0.6182607053445612,0.3158211091234347,0.01603577817531306,0.4485295169946333,0.07792486583184258,0.0,0.0,0.0,0.10994633273703042,0.006418604651162791,0.002382826475849732
26163,MI,26-90,0.23584755222452558,0.04449051188008292,6271.0,6771.0,7084.099999999999,7476.599999999999,4397.5,5007.2,2.5853186129841172,1.6048529242384575,1.827360901022582,0.620756341666549,0.1660020676414119,0.0,0.540097474523704,0.0,0.0,0.0,0.0,0.07605966622360065,0.0921577315019938,0.006350612907989957
26165,MI,26-20,0.06660126444299107,0.2328319162851537,9174.0,20358.0,5643.099999999999,6866.7,1782.6,1954.0,0.6849594155405053,0.2163719682696576,0.23717649837255186,0.31589020219382963,0.24236172512034582,0.05142941349837902,0.0,0.0,0.0,0.0,0.0,0.38942921701542393,0.0006876903428627567,0.0023086747224678257
27001,MN,27-60,0.06213700930655657,0.021901896298369604,14291.0,45661.0,6641.2,8403.9,4307.0,4879.4,0.35940436245367785,0.23308356759139773,0.26406035748907963,0.6485273745708607,0.01920676288298548,0.0183526422986794,0.10939313637458663,0.0,0.0,0.0,0.0,0.710321718753422,0.0008979216399115219,0.0004380105560544009
27003,MN,27-60,0.16094641354156924,0.026465912279061067,21386.0,26945.0,8197.3,9763.9,4559.3,4753.1,0.7517524377438465,0.4181211971509545,0.4358940763227254,0.5561953326095178,0.40786787901280386,0.0017071812952310261,0.20371126368528483,0.0,0.0,0.0,0.0,0.21150491742438302,0.024383002412321397,0.0011876043792911487
27005,MN,27-10,0.022667521156184874,0.03212914229773577,198169.0,226915.0,127182.09999999999,137190.3,86192.4,91317.1,1.3849847447852794,0.9386160404367495,0.9944228821353936,0.6777085769145186,0.2637948130357182,0.02395610691227993,0.38004098450961815,0.1321640261772029,0.0,0.0,0.0,0.122407068726175,0.0,0.00022916069894013177
27007,MN,27-20,0.035133047438936686,0.03137735396745066,37543.0,68263.0,26654.9,31044.899999999998,20252.4,20486.7,0.9648813020917841,0.7331170659985087,0.7415984967703407,0.7598002618655482,0.030133454433587743,0.02047961560435375,0.2604925069217585,0.09236335936012188,0.0,0.0,0.0,0.45755387252244994,0.00046877517835430615,0.00029298448647144135
27009,MN,27-50,0.11460555611583904,0.025166210251119057,128903.0,146183.0,74443.1,78972.70000000001,33980.8,40764.9,1.2583741353713043,0.5744059532612857,0.6890832836219567,0.456466751115953,0.3868712504189954,0.045347270202417515,0.37172585047508944,0.0019017259188824965,0.0,0.0,0.0,0.1176265366013832,0.02741084804662649,0.0
27011,MN,27-40,0.06934427805897214,0.0463227645048211,228786.0,231596.0,165377.19999999998,175139.5,93906.4,110042.29999999999,1.7645208074393208,1.001950672473109,1.1741154648190921,0.5678315995191598,0.4156893901449075,0.0009024335480750963,0.5077980621426967,0.051512115926009086,0.0,0.0,0.0,0.016571961519197223,0.0,0.00011226446052608853
27013,MN,27-80,0.03415195589269892,0.02550652454837409,339717.0,342744.0,319882.8,337898.6,116442.6,131689.7,2.3062332621077233,0.8395068357733045,0.9494326247519014,0.3640164460233561,0.49289265457601006,0.000907382769647317,0.472510094998016,0.0,0.0,0.0,0.0,0.010214620824872208,0.0036353663375580606,0.00027717480101766917
27015,MN,27-80,0.08355632509575528,0.014219004145023348,304944.0,309845.0,263900.7,279368.4,91593.5,103198.5,2.1046420998548294,0.7304699690946379,0.8230213400035264,0.3470756235205136,0.48561700204941183,0.01655666542948894,0.4333586147912666,0.003214510481046975,0.0,0.0,0.0,0.01775403830947732,0.037228291565137406,6.777582339556875e-05
27019,MN,27-50,0.030313840404297788,0.0049602921815942586,117735.0,129117.0,86472.09999999999,90961.0,40076.0,48052.2,1.654911534249314,0.7669784201676091,0.9196277183745379,0.4634558429828812,0.49880341085991775,0.018990527970755205,0.37240642208229746,0.004011865207524958,0.0,0.0,0.0,0.07280218716358032,0.0010378184127574216,0.0011230124615658665
27021,MN,27-20,0.03660803660803661,0.03765670432337099,20979.0,52040.0,15376.199999999999,17789.2,8930.7,9160.800000000001,0.7301194785771383,0.42406303425611336,0.4349890427641062,0.5808132048230383,0.06008839354342813,0.049577248270561106,0.0,0.0,0.0,0.0,0.0,0.6260953112990008,0.003016910069177556,0.00036510376633358955
27023,MN,27-40,0.014378152375895938,0.07150252190071675,301360.0,302453.0,255143.8,271516.30000000005,141534.8,157976.1,2.0845356477860078,1.1563453080273283,1.290671425087371,0.5547256096366049,0.46939855117985274,0.014428688093687284,0.3609949314438938,0.0073532085976994776,0.0,0.0,0.0,0.010318958648120534,0.008391386430288342,1.3225195319603376e-05
27025,MN,27-60,0.14710507060233835,0.014618653962916258,64233.0,74829.0,39378.7,47595.6,24245.2,25285.7,1.3003900473320589,0.8006413816498573,0.8350014759203388,0.6156932554909127,0.3454275748707052,0.019430969276617353,0.4191957663472718,0.0037552285878469575,0.0,0.0,0.0,0.14343369549238932,0.01751994547568456,0.0021515722513998584
27027,MN,27-10,0.042968385429136044,0.01926861631978964,492874.0,507417.0,307072.5,329824.39999999997,213637.5,225411.5,1.4954025436785943,1.0403864264143996,1.0977242523326167,0.6957233226680996,0.3135921736954024,0.0026053522053853142,0.4147653704940907,0.13846993695520646,0.0,0.0,0.0,0.03166232112838159,0.004836258934958821,5.912296986502226e-06
27029,MN,27-10,0.007528431843664905,0.07224090981899728,37458.0,65646.0,23623.2,26735.899999999998,17749.7,18811.7,0.8892270431519271,0.6681361224488538,0.7081120410300513,0.7513672999424295,0.060811016665143346,0.02053438137891113,0.24819486335801116,0.06940255308777382,0.0,0.0,0.0,0.4785820918258538,0.0,0.0
27033,MN,27-70,0.06985698738484648,0.02148408160762734,326195.0,329040.0,331598.60000000003,348730.3,139315.5,153966.30000000002,2.4902686161858125,1.0462439147759808,1.156269793781547,0.42013295592924693,0.5139709457816679,0.005482616095307561,0.46201981522003405,0.004239606126914661,0.0,0.0,0.0,0.00912047167517627,0.0022580841235108192,7.293946024799416e-05
27035,MN,27-60,0.2469984846718732,0.1970509383378016,17158.0,37367.0,9560.0,11276.8,5261.4,5841.4,0.6321961749206789,0.3479327358501736,0.38628773391021476,0.5503556485355648,0.17585034923863302,0.011614526186207081,0.1299274761152889,0.0,0.0,0.0,0.0,0.5361147536596462,0.0011775095672652341,0.0002140926485936789
27037,MN,27-90,0.06492238859518609,0.058955121508542006,189534.0,196549.0,139876.2,148211.3,58993.0,62291.2,1.7585519010108177,0.7416719377301582,0.783137575772326,0.421751520272927,0.5261334323756417,0.01170700436023587,0.33319426707843847,0.0031544296842008863,0.0,0.0,0.0,0.032444835638950086,0.08452345216714408,0.0005240423507624053
27039,MN,27-90,0.0876319969045123,0.0129578554749189,222259.0,227125.0,183821.5,194273.09999999998,86711.5,91096.40000000001,1.9999243535219169,0.9433958518476657,0.9911022860665045,0.47171576774207585,0.5440220143093011,0.004107870115575124,0.4083962575674188,0.0,0.0,0.0,0.0,0.015277930654925703,0.018787011557512383,5.723720418271877e-05
27041,MN,27-40,0.054874598148170445,0.01669415915138526,166106.0,180126.0,109218.6,116697.0,61425.0,72064.0,1.4983125043752565,0.8426572541787766,0.9886080971125659,0.5624042058770209,0.35341927317544386,0.016865971597659415,0.45704673395289963,0.0594139657795099,0.0,0.0,0.0,0.08462964813519425,0.0005995802937943439,0.00029979014689717197
27043,MN,27-80,0.08142760522895157,0.023156710029906897,378508.0,379969.0,343691.2,364239.8,120531.1,135631.80000000002,2.2351282626453166,0.7838503521118053,0.8820547907349885,0.35069591540312933,0.5206556324331721,0.0019870042029744533,0.4511947027257487,0.0,0.0,0.0,0.0,0.0045266850716769,0.015069650418849959,0.0
27045,MN,27-90,0.16780436672291252,0.03772306590990438,234684.0,262059.0,245219.4,259920.0,110939.2,117021.0,2.3122668322839286,1.0460878403589327,1.1034354418153605,0.4524079253109664,0.5223518368001099,0.032317149954781174,0.31521527594930915,0.0,0.0,0.0,0.0,0.08512586860210869,0.005365204018942299,0.0005494945794649297
27047,MN,27-80,0.08770779755601499,0.029039831016534158,356958.0,360587.0,311149.3,329833.1,108912.0,122615.59999999999,2.132263960424016,0.7463591673119638,0.8402680798760176,0.35003131936983306,0.5257954391034618,0.0029673837381824636,0.43632743276934555,0.0005712907009958762,0.0,0.0,0.0,0.010457947735220626,0.02054982570087108,4.43720932812331e-05
27049,MN,27-90,0.07959351198578539,0.03160188004170174,288717.0,309916.0,232753.5,246265.8,106205.2,111854.09999999999,1.855813911037761,0.8468061171348555,0.8918465019284728,0.45629904598641907,0.49565366099201075,0.03190541953303476,0.3662992552820764,0.0,0.0,0.0,0.0,0.05806734728119878,0.014584597116638056,0.0003549348855818996
27051,MN,27-40,0.028561113275734493,0.03014823896965516,279751.0,280145.0,221190.4,234948.0,124050.0,142057.5,1.9510374330748324,1.0941984533367315,1.253035846714089,0.560829041405052,0.4376840564707562,0.002380909885951918,0.45004194256545715,0.04637955344553713,0.0,0.0,0.0,0.008006568027271592,0.0,0.0
27053,MN,27-60,0.07122636563799671,0.05731660434068431,28613.0,34395.0,21089.2,25290.399999999998,12734.0,13272.7,1.515119875225278,0.9148538821348694,0.9535559228374024,0.6038161713104337,0.3297572321558366,0.016717546154964385,0.4292775112661724,0.0045646169501381015,0.0,0.0,0.0,0.16560546591074285,0.010263119639482484,0.003576101177496729
27055,MN,27-90,0.31895439160396427,0.03993474078944165,82134.0,107172.0,78733.40000000001,84435.8,35728.5,37705.8,1.815347930542205,0.8237883609291249,0.8693787642784164,0.4537908943345517,0.40363154555294295,0.05732840667338484,0.23159034076064644,0.0004198857910648304,0.0,0.0,0.0,0.18753965588026725,0.0,0.0
27057,MN,27-20,0.03749577404186004,0.07655899437563389,32537.0,46107.0,34872.8,38183.8,19616.4,20039.100000000002,1.8689692556072102,1.0513193235327614,1.0739734638468506,0.5625129040398247,0.24321686511809487,0.015247142516320733,0.03340056824343375,0.026091482855097926,0.0,0.0,0.0,0.3184332097078535,0.0,0.00045546229422864206
27059,MN,27-60,0.12575288415056377,0.019049112217300983,76539.0,87663.0,45582.799999999996,54790.0,28086.3,29134.6,1.2848927349442187,0.79169956258641,0.8212491526520055,0.6161600428231702,0.4102757149538574,0.013209677971321995,0.4034427295438212,0.004791074911878444,0.0,0.0,0.0,0.11571586644308317,0.0018708006798763446,0.0003536269577815042
27061,MN,27-20,0.17586774386594853,0.06560442848593656,13368.0,32546.0,4927.1,5803.9,3082.5,3195.7,0.37408988048511965,0.23403869549945835,0.2426334012027961,0.625621562379493,0.024672770847415964,0.0028882197505069747,0.0865851410311559,0.0,0.0,0.0,0.0,0.587967799422356,0.00543845633872058,0.00030725742026669944
27063,MN,27-70,0.09906599200134766,0.04110383897876801,320554.0,323756.0,342317.39999999997,359336.3,144459.3,159700.3,2.6127229058256285,1.1025794250293333,1.2189057052817784,0.4220039647414943,0.4915368363829551,0.003264804358838137,0.4908295135843042,0.0002779871261073154,0.0,0.0,0.0,0.011610595633748872,0.0001482598005905682,0.0
27065,MN,27-60,0.07656630170316302,0.021619018653690186,39456.0,61657.0,23160.399999999998,27438.4,13360.3,14291.3,0.9282092020260694,0.5354464258747214,0.5727585088735586,0.5768596397298837,0.2970141265387547,0.009877223997275248,0.27266976985581526,0.01041244303161036,0.0,0.0,0.0,0.37533451189645944,0.0007622816549621292,0.00030815641370809477
27067,MN,27-50,0.06409582640510263,0.035076232076344076,348213.0,361522.0,287475.0,302661.6,121461.2,141356.2,1.9649321351749922,0.8302044179734474,0.9661895465213436,0.42251047917210194,0.4691471058469471,0.023116158905958698,0.3557902423642268,0.006865418978651368,0.0,0.0,0.0,0.03106864865761973,0.015993494171862292,0.00010787725228340184
27069,MN,27-10,0.01964587433474874,0.009580883795396873,316046.0,329127.0,191822.0,210451.2,136739.1,144960.40000000002,1.4401810998123703,1.0266239921664548,1.0883487206954423,0.7128436779931395,0.05605434984063903,0.003020110777906401,0.45772300662054466,0.294035433130676,0.0,0.0,0.0,0.048400769307896344,0.0056908123611858034,0.0
27073,MN,27-40,0.07441032408924633,0.008145779635846154,338703.0,343238.0,273993.0,290880.4,156701.1,182145.1,1.9725422238893433,1.1281293181939187,1.311306860483833,0.5719164358213531,0.47522127503365014,0.003551471573660259,0.483285650190247,0.009614320092763622,0.0,0.0,0.0,0.020472674936924232,3.20477336425454e-05,7.283575827851229e-05
27077,MN,27-20,0.03964826271351309,0.017100501925995097,51402.0,56367.0,33042.9,37042.2,26715.3,26812.7,1.448556497468625,1.1711629849929501,1.175432870591776,0.8085034909163541,0.0,0.0,0.582947469263931,0.13532740788049746,0.0,0.0,0.0,0.11625596536980858,0.0,0.0
27079,MN,27-80,0.041180144395313395,0.007444602663069275,200145.0,203903.0,173558.9,183213.9,63592.4,72137.5,2.1033206079126647,0.770661748989106,0.8742178612177184,0.36640241439649596,0.46789895195264414,0.005026900045609922,0.48934051975694326,0.0032417374928274717,0.0,0.0,0.0,0.017694688160546927,0.010657028096693036,0.00047081210183273417
27081,MN,27-70,0.06839425389465474,0.03804736420167703,230765.0,238313.0,202674.69999999998,213346.30000000002,86176.5,96030.5,2.101522328082954,0.8935591808254344,0.9957347410750829,0.42519613942934176,0.4826971252092836,0.009332264710695598,0.44149081250288486,0.018714883367671926,0.0,0.0,0.0,0.035243566234322087,2.937313533042679e-05,0.0
27083,MN,27-70,0.06036185417247502,0.017517498422574065,340745.0,347042.0,331844.19999999995,349461.2,138352.4,152555.1,2.3628404524140105,0.9851148442810337,1.086242765436505,0.4169197472789942,0.5109035793938486,0.010707637692267794,0.44538701367557815,0.008238195953227563,0.0,0.0,0.0,0.0185510687467223,0.0,0.0
27085,MN,27-50,0.020652772797635187,0.008990493515125543,228686.0,237904.0,174470.7,183194.80000000002,79848.3,95431.40000000001,1.8121868013292493,0.8293658211297271,0.9912238760569662,0.4576602260436853,0.4868098056358867,0.017986246553231555,0.41154835563924946,0.007040655054139485,0.0,0.0,0.0,0.03160098190866904,0.010958201627547246,0.0003068464590759298
27087,MN,27-10,0.005249171810576992,0.054451965013465525,167836.0,173972.0,95898.90000000001,103377.70000000001,65544.1,69454.90000000001,1.3621234604868337,0.9309716410354558,0.986519644498185,0.6834708218759548,0.2837583059342883,0.004247809992412572,0.4795024486699009,0.1425976593934656,0.0,0.0,0.0,0.037684225047708825,0.0,0.0
27089,MN,27-10,0.042200019394644656,0.03269512830769604,659976.0,680360.0,352521.9,385833.5,259925.5,273966.9,1.2803524395177541,0.9440441800009362,0.9950422619477446,0.7373314962843442,0.082074196013875,0.0017358457287318478,0.4726953377623611,0.2790772532188841,0.0,0.0,0.0,0.030811629137515433,0.0004718090422717385,0.0
27091,MN,27-80,0.01576184195367843,0.0047139757036284684,425331.0,427112.0,350873.3,371052.2,122956.9,137923.5,2.0299752908638284,0.7113663788074346,0.7979555498507787,0.3504310530325334,0.56490100957126,0.0021376126168311826,0.4192975144692727,0.0,0.0,0.0,0.0,0.0046896364419637005,0.00723463634831145,4.214351270861039e-05
27093,MN,27-50,0.0687547351745988,0.021286762173703424,232304.0,241359.0,179782.8,188814.6,83637.8,100425.3,1.8406314815372573,0.8562908561136929,1.0281626981158574,0.46521580484896224,0.4445618352744252,0.022713053998400724,0.4558893598332774,0.004785402657452177,0.0,0.0,0.0,0.03222999763837271,0.01089663115939327,0.00012015296715680791
27095,MN,27-60,0.10144356541746777,0.01259179878337063,63454.0,81641.0,29554.8,35357.9,17869.1,18788.6,0.8945444235354514,0.5408496676884071,0.568680463276293,0.6046090651941478,0.3726436471870751,0.034345488173834225,0.31196335174728385,0.0060263838022562195,0.0,0.0,0.0,0.23074190664004607,0.0007594223490648081,0.000551193640450264
27097,MN,27-50,0.05763220646234414,0.05852885183909764,153907.0,210362.0,132510.6,141037.9,52189.1,62397.399999999994,1.556558806316871,0.6130483387649879,0.7329619099247631,0.39384849212063033,0.3421245281942556,0.10032705526663561,0.18407792281876004,0.00688812618248543,0.0,0.0,0.0,0.24738308249588803,0.008128844563181564,8.55667848755954e-05
27099,MN,27-90,0.06942588781462365,0.01701305244792933,398929.0,406191.0,316079.5,335344.5,148513.7,156057.60000000003,1.9228625307170983,0.9034797543914108,0.9493729004052357,0.46986185437524425,0.517438840348506,0.007324140613652198,0.42039336174361325,0.00029050372854149895,0.0,0.0,0.0,0.016738430935200437,0.032071119251780564,0.00018956599235335101
27101,MN,27-70,0.05252327581094705,0.02804364585186503,337260.0,346082.0,333020.2,350505.2,140098.4,155113.69999999998,2.377791493266674,1.000314046235849,1.1075245175791704,0.420690396558527,0.48589640605405654,0.013277200201108407,0.4672563149773753,0.0011240110725203854,0.0,0.0,0.0,0.024208135644153698,3.467386341965199e-05,1.155795447321733e-05
27103,MN,27-80,0.027355947241797057,0.015817223198594025,234428.0,238885.0,181254.1,191517.3,63758.1,71493.5,1.874913180944293,0.6595210926647415,0.7395369566914116,0.3517608705127222,0.5184670448123574,0.013228122318270297,0.43385729535131967,0.004253092492203361,0.0,0.0,0.0,0.017506331498419743,0.0033237750381982963,0.0
27105,MN,27-70,0.07036800521561157,0.017295416834775732,374261.0,380893.0,378329.8,397829.0,157456.7,173269.50000000003,2.454424984166062,1.0215046723899106,1.1240906473504375,0.416188997007373,0.488297238332025,0.02464209108594802,0.4626627425549958,0.0012943267531826523,0.0,0.0,0.0,0.017259440315259143,0.00018640405573218724,0.00018115323726085805
27107,MN,27-10,0.02580634164425941,0.028550609150683297,469342.0,474773.0,295322.5,319668.8,206912.8,218247.4,1.537066745967798,1.076920262408336,1.1359135214348124,0.7006333753777649,0.19801673641929932,0.0008783144787087724,0.4563275502187361,0.22064228589241597,0.0,0.0,0.0,0.015108272795630755,0.00010531348665572811,0.0
27109,MN,27-90,0.09173866712026535,0.04701250231385361,199883.0,216630.0,184198.6,195307.5,82059.8,86496.2,2.1011155111811757,0.9360392458163365,0.9866443473415606,0.44549632841943426,0.5117204449983843,0.018270784286571574,0.3226653741402391,0.0005585560633337949,0.0,0.0,0.0,0.06226746064718645,0.048534367354475375,0.0005816368923971749
27111,MN,27-40,0.07749437550146479,0.04509078969577995,432483.0,502572.0,296567.8,318996.3,157026.5,185497.3,1.458169164813758,0.7720703338616923,0.9120560054604955,0.5294792624148678,0.3350803466965927,0.02717620559840182,0.35665138527414975,0.060082933390638554,0.0,0.0,0.0,0.1435774376606735,0.0,0.00010943705578504175
27113,MN,27-10,0.005010963046024769,0.007819304972917772,199762.0,218152.0,136899.30000000002,151125.1,101384.8,107274.7,1.5506873074318783,1.1484070592509932,1.2151232014960085,0.7405793893759866,0.04457900913124794,0.003112508709523635,0.5063258645348198,0.27793006710917156,0.0,0.0,0.0,0.09725787524294988,6.875939711760608e-05,0.0
27115,MN,27-60,0.0812067107895952,0.04565183931045098,32485.0,69230.0,28470.399999999998,33885.7,16545.1,17834.3,1.0162052654229068,0.5905508084518847,0.6365667347537003,0.5811333876587613,0.1409215657951755,0.06267514083489817,0.16710963455149502,0.004044489383215369,0.0,0.0,0.0,0.5115412393471038,0.0005344503827820309,0.0003755597284414271
27117,MN,27-70,0.07439038569269309,0.02260884271052437,189218.0,198596.0,200747.1,211806.0,82947.2,91995.9,2.497819126464138,1.0320801777293227,1.1446696792944067,0.4131925193439905,0.47654031299724064,0.03322826240206248,0.4225261334568672,0.010317428346995911,0.0,0.0,0.0,0.044849845918346794,0.0,0.0
27119,MN,27-10,0.04101642810988624,0.0659131405298506,817136.0,840247.0,465171.9,506772.3,319125.0,335403.9,1.368008214219225,0.9385038549463329,0.9863779181011654,0.6860367102999987,0.1090143731545605,0.0009259182121447622,0.3703196798084373,0.3031013499601903,0.0,0.0,0.0,0.030569582515617432,0.005498383213507456,1.904201978703881e-05
27121,MN,27-40,0.0723031598307264,0.0250461926211013,234886.0,246281.0,165259.7,177689.7,91687.8,104974.5,1.658128771998218,0.9199470846263076,1.053258833073804,0.5548103984213937,0.4670802863395877,0.019441207401301765,0.380163309390493,0.021593220751905343,0.0,0.0,0.0,0.04815231382039215,0.01973355638477999,1.6241610193234556e-05
27125,MN,27-10,0.06447942347809596,0.020683579770345583,163463.0,167953.0,100438.0,109972.0,70875.2,75154.4,1.477721166266703,1.0427704972558776,1.1057293814898175,0.7056612039268005,0.12556489017760922,0.007817663274844748,0.4276077235893375,0.3369692711651474,0.0,0.0,0.0,0.025334468571564663,0.006049311414502867,0.0
27127,MN,27-70,0.05752846972051015,0.012892472383944273,468568.0,474337.0,436892.0,465836.5,181778.4,200467.3,2.275984465052332,0.9469727403616198,1.044332376310359,0.41607170650870234,0.4910179893198296,0.0078319844330086,0.4574047565338567,0.002645798240491465,0.0,0.0,0.0,0.013734960587093142,0.01366960620824435,2.1082057693159084e-05
27129,MN,27-50,0.018490093912718452,0.06558489090238927,577877.0,579341.0,530753.7999999999,559279.7999999999,237146.8,275430.2,2.2638156148822124,1.0114984176455242,1.1747879856350172,0.4468113087461645,0.45608544881166707,0.003167391915987303,0.3946811981199328,0.003952767023221212,0.0,0.0,0.0,0.006146639026065823,0.043495972147664326,0.0
27131,MN,27-80,0.1311993114233413,0.042539005200693425,164978.0,177101.0,137901.7,145819.30000000002,50211.5,56816.0,1.9241140469828288,0.7005907285412603,0.7927419581729332,0.3641108122669989,0.4862874856720177,0.015234244865923964,0.4124369709939526,0.0019480409483853846,0.0,0.0,0.0,0.05820972213595632,0.002529629985149717,0.0011123596140055674
27133,MN,27-70,0.11365659683067245,0.016938690723485073,252735.0,259762.0,242118.7,254906.6,100713.8,111228.70000000001,2.3032173190780085,0.9580663056185199,1.0580920359250736,0.41596869634604844,0.49236993863613615,0.03198697269038581,0.4379855406102509,0.0,0.0,0.0,0.0,0.022990275713922745,0.0,0.0
27135,MN,27-10,0.0885975877160271,0.021321535436946787,335201.0,361883.0,198814.2,221445.5,145086.5,155215.2,1.3575674660619401,0.9906974057426264,1.0598594353838773,0.7297592425490734,0.033958489346004095,0.003136372805575283,0.5203118134866794,0.20667176960509337,0.0,0.0,0.0,0.08422611728099966,6.63197773866139e-05,0.0
27139,MN,27-50,0.014674332789839527,0.01250444398131689,81571.0,91052.0,52258.7,54966.7,24782.6,30122.199999999997,1.418245178412133,0.6725732358155968,0.8174842641161366,0.4742291714106933,0.4247023678776963,0.027962043667354917,0.4187716909019022,0.004349163115582305,0.0,0.0,0.0,0.08840003514475245,0.0008896015463691078,0.0025919254931248076
27141,MN,27-50,0.0880202220817911,0.19250097800246757,66462.0,71515.0,43393.2,56033.6,17248.4,20298.2,1.499362824453751,0.595983005201462,0.701362574857976,0.3974908511010942,0.38563937635461093,0.024959798643641194,0.27313151087184506,0.010585191917779487,0.0,0.0,0.0,0.06797175417744529,0.14501852758162623,0.0004194924141788436
27143,MN,27-50,0.011697816644728545,0.018198400403618333,309203.0,315230.0,233216.9,246826.59999999998,105861.1,126430.00000000001,1.8281620099321052,0.8298336927968067,0.9910710712461923,0.453916933121056,0.5132887098309171,0.01194048789772547,0.4163912064207087,0.003660819084478,0.0,0.0,0.0,0.019036893696665926,0.018618151825651113,0.0
27145,MN,27-50,0.0488760428299284,0.04471391972672929,380575.0,462585.0,280907.0,298202.3,122035.3,144546.9,1.5005594948343983,0.6518927193696286,0.7721460242851844,0.4344331041946267,0.39523114670817255,0.0869937416907163,0.24706378287233696,0.010285677226888031,0.0,0.0006593382837748738,0.0,0.14650496665477697,0.007107882875579623,0.00035236767296821124
27147,MN,27-80,0.05411155518224864,0.017260316962184215,216682.0,221014.0,181990.19999999998,192563.8,63388.6,71215.3,2.0347470202921856,0.708718189059044,0.796224848778748,0.3483077660225661,0.5412507804935434,0.0077642140316903,0.39835485534852993,0.0018505615028912195,0.0,0.0,0.0,0.01942863348023202,0.022573230655071625,0.00013573800754703322
27149,MN,27-40,0.035638838901494406,0.030972821873377385,281182.0,289168.0,223040.0,240003.0,120855.4,138048.3,1.905964155177494,1.0327567268635136,1.1796767910831654,0.5418552725968436,0.42964297570962207,0.044800946162784266,0.40649726110772977,0.03495891661594644,0.0,0.0,0.0,0.012809162839594976,2.0749183865434628e-05,0.0
27151,MN,27-40,0.045417037168771116,0.025281878001067046,281150.0,286488.0,262696.9,281072.8,145383.1,165594.1,2.265847703385196,1.2539773527819333,1.4283039167159508,0.5534252593007378,0.5179728295775041,0.020566306442154646,0.38837228784451705,0.014922090977632571,0.0,0.0,0.0,0.01585057663846304,0.0016719722990142694,6.981095194214068e-06
27153,MN,27-50,0.09530856889151991,0.042977652804499035,135140.0,178434.0,110775.0,118812.7,50200.5,61088.1,1.5340741468568346,0.695204596788865,0.8459821700799368,0.45317535545023696,0.30643823486555255,0.0601679052198572,0.27236961565620904,0.03224161314547676,0.0,0.0,0.0,0.23210823049418833,0.008053397895020008,0.00024098546241187218
27155,MN,27-40,0.023328732960461007,0.017796179269267087,330408.0,332332.0,242617.90000000002,257626.90000000002,137662.2,159380.80000000002,1.8039848323442393,1.0235869685919265,1.1850755684839855,0.5674033119567847,0.41800669210307767,0.014187619609306356,0.504239736167447,0.0313361337457723,0.0,0.0,0.0,0.007907754895706703,0.0,0.0
27157,MN,27-90,0.13733352319995204,0.06990339286651127,133427.0,158783.0,122978.9,130818.8,52539.3,55602.6,1.913854001808278,0.817640664839299,0.8653131433192601,0.4272220681759229,0.43335873487715937,0.0649187885352966,0.25733233406598943,0.0011840058444543811,0.0,0.0,0.0,0.1063149077672043,0.042762764275772594,0.002355415882052865
27159,MN,27-50,0.010140422811542446,0.12805590459184799,45363.0,65340.0,37105.3,44514.700000000004,12188.3,14580.0,1.4032628268983183,0.4609419223961205,0.5513921735217739,0.32847868094315363,0.24224058769513315,0.04726048362411999,0.21714110805019896,0.007667584940312213,0.0,0.0,0.0,0.31876339149066424,0.0,0.00019895928986838078
27161,MN,27-80,0.05308775731310943,0.009117285197495271,217828.0,220201.0,178427.69999999998,188777.0,62990.2,70945.3,2.0022817731440337,0.7068640650902147,0.7961346869361395,0.3530292661957757,0.5141893088587245,0.01379194463240403,0.4357745877629984,0.0004632131552536092,0.0,0.0,0.0,0.013033546623312338,0.018769215398658497,0.0
27163,MN,27-60,0.1772963413286172,0.04708743229799934,45235.0,54175.0,23879.399999999998,28461.899999999998,13551.9,14214.099999999999,1.0891976458157875,0.6181351950355105,0.6483397513082483,0.5675142591522401,0.39963082602676514,0.009672358098754039,0.36147669589293957,0.0,0.0,0.0,0.0,0.14244577757268112,0.020359944623904013,0.007420396862021227
27165,MN,27-80,0.017583965705000777,0.006054346510864116,231404.0,231991.0,206240.69999999998,218193.9,73591.4,82991.7,2.1967743079496707,0.7838593294439333,0.8839866928936272,0.35682287734671186,0.5330724036708321,0.0011465962041630926,0.44784495950273934,0.00137074283054084,0.0,0.0,0.0,0.0038794608411533205,0.011737524300511658,0.0
27167,MN,27-40,0.02757025013373056,0.04340036497564696,390711.0,394883.0,343361.7,361556.2,187417.7,213615.80000000002,2.148649697751344,1.1728011145630164,1.336740597757151,0.5458316987596462,0.2922561872757247,0.0003520029983564752,0.4315024956759344,0.14947718691359213,0.0,0.0,0.0,0.014857565405449209,0.0,0.0
27169,MN,27-90,0.1079251475850751,0.05193779013668239,131619.0,165353.0,105410.5,112254.8,45392.5,48089.799999999996,1.575266358224201,0.678350621291921,0.7186593756194134,0.4306259812826995,0.4378571903745321,0.09223902801884454,0.209648449075614,0.0008950548221078541,0.0,0.0,0.0,0.12536815177226904,0.005878333020870501,0.0029633571813030305
27171,MN,27-50,0.049713302752293576,0.02047591743119266,174400.0,190596.0,125222.70000000001,131596.7,59822.8,72522.9,1.623496980621231,0.7755952808261423,0.9402505230752527,0.47773127396230874,0.3771380301790174,0.046207685365904846,0.45673046653654853,0.00918172469516674,0.0,0.0,0.0,0.08050536212722198,0.003919284769879745,0.0019570190350269683
27173,MN,27-40,0.07754446663333157,0.020007267464431353,321983.0,329705.0,290599.0,309358.0,165533.5,190753.4,2.177964445458115,1.240630826438635,1.429647462827642,0.5696285947301952,0.4793497217209324,0.005835519631185454,0.46657466523103985,0.012447490938869595,0.0,0.0,0.0,0.025419693362248072,6.672631594910601e-05,0.0
28003,MS,28-30,0.6324183696553805,0.00607043209411055,26522.0,32840.0,35225.899999999994,43687.7,19444.3,24123.0,2.6505814424556084,1.4630910989226562,1.8151410222693147,0.5519887355610503,0.1418392204628502,0.0,0.5174482338611449,0.0,0.09403166869671133,0.0,0.0,0.20429354445797807,0.0051766138855054815,0.0006090133982947625
28007,MS,28-50,0.1287294669795508,0.12487428762990278,5966.0,13471.0,26397.0,29939.899999999998,13717.8,17776.899999999998,4.8421355167313225,2.516325589704017,3.2609068783339406,0.519672690078418,0.11209264345631356,0.0,0.11996139855986934,0.0,0.0,0.0,0.0,0.5732313859401678,0.0019300720065325513,0.0005196347709895331
28009,MS,28-20,0.8764565843879213,0.051747901265505575,15962.0,20921.0,30318.5,36099.3,14881.9,19197.2,3.5810260064109043,1.7577542069959409,2.2674496578086454,0.4908521199927437,0.07963290473686727,0.0,0.6397877730510014,0.0,0.0,0.0,0.0,0.2269011997514459,0.0013861670092251805,0.008794990679221834
28011,MS,28-10,0.2103898055564059,0.029677207492771328,359333.0,359945.0,420407.2,455675.2,130513.5,257253.5,2.8861320903900007,0.8959865591719536,1.7660677117688375,0.3104454443216006,0.07232493853227577,0.0,0.8038033588464905,0.008404061731653447,0.03800580644265096,0.0,0.07510869716206643,0.006728805789773438,0.0004278431427023573,0.0007223325785883954
28013,MS,28-20,0.15805280710482192,0.03034658117295893,54273.0,62688.0,61819.9,75794.3,33544.2,41770.899999999994,2.436834796414308,1.3222550307891283,1.646537483844885,0.5426116832929202,0.10234813680449209,0.0,0.4186447166921899,0.0,0.14436574783052578,0.0,0.0,0.1528203164880041,0.1800823124042879,0.00022332822868810617
28015,MS,28-50,0.15826147370141813,0.024153009930933018,48938.0,60207.0,62568.7,69591.1,29311.1,39101.1,2.567984201405921,1.2030047248197435,1.6048121034573686,0.4684626658377112,0.1377580679987377,0.009782915607819688,0.21125450529008255,0.0,0.36361220456093146,0.0,0.0,0.21251681698141411,0.0018270300795588553,0.0
28017,MS,28-60,0.23159742749144588,0.08688486411923828,55821.0,68948.0,42730.299999999996,71598.59999999999,27135.6,36984.2,1.531427609460233,0.9725231753408964,1.3254909278380718,0.6350435171295311,0.09611591344201427,0.0,0.5643673493067239,0.0,0.028195161571039042,0.0013053315542147705,0.0,0.1985264257121309,0.10700818007773974,0.0
28027,MS,28-10,0.053790110748260685,0.027150184580434476,225376.0,227205.0,285105.6,346285.7,87593.5,175946.6,3.100773664594752,0.9526562017360599,1.9135737202460668,0.30723177657681927,0.09038533482977927,0.0,0.4571466296956493,0.010123016658964371,0.4011135318324861,0.0,0.026258224951035407,0.010123016658964371,5.721705068110297e-05,0.001778129882705046
28033,MS,28-20,0.3904148479364065,0.05360374747152134,56358.0,59843.0,77846.2,97140.6,37835.4,47577.0,3.2144469606753083,1.562309869151411,1.9645627281492115,0.4860275774540055,0.0831007803753154,0.0,0.6441020670755143,0.011546881005297195,0.10230102100496298,0.011747405711612051,0.0,0.11067292749360827,0.003726417459017763,0.0
28039,MS,28-90,0.10717676096449592,0.023542813745965445,10534.0,16535.0,18151.5,19475.7,5834.2,10802.800000000001,2.712629774237225,0.8718852231966955,1.6144118626631352,0.32141696278544474,0.01832476564862413,0.0,0.09337768370123979,0.0,0.16328999092833385,0.0,0.0,0.3224070154218325,0.020320532204414876,0.015119443604475355
28049,MS,28-70,0.2851571826502189,0.07242339832869081,25130.0,34888.0,32494.300000000003,55608.8,10962.5,26690.300000000003,2.3015123816236276,0.776454008350665,1.890425579847823,0.33736686126489873,0.203021096078881,0.0,0.303485439119468,0.012726438890162806,0.12373882137124513,0.0,0.0,0.3040587021325384,0.003955514790185737,0.011895207521210732
28051,MS,28-50,0.028081922875588902,0.011036468330134356,91696.0,102435.0,193828.8,216224.6,98489.9,122277.0,4.675759219341328,2.375885616260357,2.949705152502619,0.5081283070420908,0.18326743788744082,0.0,0.22185776345975497,0.0,0.4293356762825206,0.0,0.0,0.11160247962122322,0.0005271635671401377,8.786059452335627e-05
28053,MS,28-40,0.10293913823325589,,122655.0,118281.0,150039.8,194092.19999999998,61473.5,81192.8,3.134539107232539,1.2842665066766252,1.6962299791502662,0.4097146223868601,0.1472510377829068,0.0,0.6221962952629755,0.0,0.18115335514579686,0.0,0.03141671105249364,0.0,0.0,0.0
28055,MS,28-40,0.03957551099252677,,82829.0,82544.0,100406.0,128400.8,41081.7,53815.5,3.0057742454439094,1.2298300481948592,1.6110316505556113,0.40915582734099554,0.15532322155456485,0.0,0.7437245590230664,0.0,0.09489484396200815,0.0,0.0,0.0028833107191316145,0.0,0.0
28057,MS,28-30,0.2921516200062913,0.009830135262661214,12716.0,17020.0,23844.3,29802.2,14287.2,18266.2,3.4618418609386197,2.0742914254392977,2.65198373616659,0.5991872271360451,0.03548766157461809,0.0,0.4942420681551116,0.0499412455934195,0.12925969447708577,0.0,0.0,0.31891891891891894,0.003349001175088132,0.0
28067,MS,28-90,0.1410355486862442,0.12384080370942813,5176.0,14997.0,8183.0,10104.300000000001,445.5,7426.0,1.3483118867412243,0.07340497929160643,1.2235810914017269,0.05444213613589148,0.048476361939054476,0.0,0.16169900646796026,0.0,0.0,0.0,0.0,0.6880042675201707,0.010935520437420817,0.015136360605454424
28081,MS,28-30,0.5488247692934446,0.015463095807428662,56457.0,66116.0,84238.5,104809.0,50260.1,64044.4,3.1483735671731217,1.8784471509283498,2.393628757461995,0.5966404909869003,0.048974529614616735,0.0,0.6881692782382479,0.0,0.09333595498820255,0.0,0.0,0.15329118518966664,0.0009679956440196019,0.00039324823038296326
28083,MS,28-40,0.10351610523727563,0.0078857704871966,227752.0,217171.0,237746.4,319287.6,100855.0,132480.8,2.7051685015239273,1.1475663531443407,1.5074166726254996,0.4242125222505998,0.19705209259063133,0.0,0.5763246473976728,0.0,0.20194685294077017,0.0,0.00919091407232089,0.004392851715928923,5.065133005788066e-05,0.0
28087,MS,28-60,0.31731024336123104,0.29736378765586935,41461.0,51932.0,50861.9,66395.9,28036.2,38047.4,2.4201357932767498,1.3340321759011287,1.8103899889921102,0.5512220345681148,0.1670453670184087,0.0,0.34202418547331126,0.010417468997920357,0.25658553493029346,0.0,0.0,0.21947931910960486,0.0018870831086805822,0.0004236309019487022
28089,MS,28-50,0.16061970816069177,0.022590524229868493,27755.0,31455.0,80534.4,89762.4,36235.8,48777.9,6.326651925998818,2.846625713485268,3.8319127600277367,0.4499418881869115,0.2642505166110316,0.0,0.3714830710538865,0.005881417898585281,0.1588618661580035,0.0,0.0,0.17138769670958512,0.0013670322683198219,0.00015895724050230488
28093,MS,28-20,0.3019301871961338,0.020611953768668666,34349.0,50144.0,53087.6,64341.1,23950.3,32868.1,2.6161119274841034,1.1802504821619835,1.6197121068524525,0.45114678380638795,0.07404674537332483,0.0,0.4302209636247607,0.04311582641991066,0.04670548819400128,0.0,0.0,0.3512284620293555,0.004327536694320357,0.000977185705169113
28095,MS,28-60,0.2889270681212954,0.03662915557082725,58205.0,70618.0,55189.1,89482.40000000001,33376.6,45477.6,1.9311682019215406,1.167908674144976,1.5913449398469455,0.6047679704869259,0.13626837350250645,0.0,0.4972811464499136,0.010068254552663627,0.10289161403608145,0.0,0.0,0.1881248406921748,0.001458551644056756,0.0011611770370160582
28097,MS,28-50,0.5342131809011432,,11896.0,16097.0,36484.3,41337.2,19772.5,24652.0,5.600712473791702,3.0352805833754903,3.7843336422492144,0.541945439545229,0.16531030626824875,0.0,0.13145306578865626,0.0,0.3085668136919923,0.0,0.0,0.35845188544449275,0.0,0.0
28101,MS,28-90,0.10894467462832073,0.13441384352912503,8206.0,19833.0,8405.2,12938.2,1411.1,7617.5,1.0472294419945638,0.17581324246877278,0.9490875023073323,0.16788416694427258,0.05384964453184087,0.019664196036908183,0.27882821560026216,0.0,0.0,0.0,0.0,0.6072202894166289,0.0026723138204003427,0.0003025260928755105
28103,MS,28-60,0.0493286139670768,0.27556323388954435,71196.0,83133.0,98860.6,129194.7,54201.5,71601.0,2.93854260944184,1.6110909426572557,2.128275464428146,0.5482618960435198,0.3361601289499958,0.0013712965970192343,0.2284171147438442,0.0,0.27780785007157205,0.0,0.0,0.12559392780243706,0.0005653591233324913,0.0
28107,MS,28-20,0.3349842182247427,0.009738510097770022,77938.0,92530.0,106534.9,138239.6,56077.4,71443.9,2.8450607483050163,1.4975713086228055,1.9079403612884485,0.5263758636841073,0.07472171187722901,0.0,0.3367232249000324,0.004852480276667027,0.3119096509240246,0.0,0.07317626715659786,0.1658813357829893,0.00115638171403869,0.004344536906949098
28115,MS,28-30,0.05062258140942954,0.01442598783794456,37987.0,48785.0,52928.9,66554.8,31186.4,39671.4,2.680950297250681,1.5796509723455172,2.0094324957131295,0.5892130764100519,0.07141539407604797,0.0,0.6586245772266065,0.0,0.013221277031874552,0.0,0.0,0.24409142154350721,0.007727785179870862,0.0002459772471046428
28117,MS,28-30,0.4823745712972457,0.0595057101439027,28283.0,33372.0,36355.1,44895.0,22537.7,29103.6,2.691939606189903,1.668820255271645,2.154997057433715,0.6199322791025194,0.02753805585520796,0.0,0.7175476447321107,0.0,0.07820927723840346,0.0,0.0,0.1627711854249071,0.0026369411482680093,0.0
28119,MS,28-10,0.25321954128588237,0.010396015666553841,124086.0,123533.0,161173.0,186099.5,50039.2,99488.19999999998,3.2239738083918823,1.000943521513424,1.9900811615100122,0.31046887505971843,0.06526191382059854,0.0,0.6408570989128411,0.0,0.20388074441647172,0.002671350975043106,0.07610921777986449,0.0,6.476002363740862e-05,0.0013518654934309051
28121,MS,28-50,0.13129496402877697,0.08128112894299945,14456.0,26486.0,34140.5,37718.9,11985.3,19212.9,3.185192658755478,1.1181877703308982,1.7924982947936652,0.3510581274439449,0.03126179868609832,0.0,0.355395303179038,0.0,0.06947066374688515,0.0,0.0,0.5247300460620705,0.0020010571622744093,0.0
28123,MS,28-50,0.37321360819527,0.19514354369545972,7907.0,24731.0,18641.1,20301.9,4722.7,10205.5,1.8625676788110372,0.4718792548036803,1.019705620704038,0.25334878306537706,0.04443815454288141,0.003639157332902026,0.17585216934212122,0.0,0.03881767821762161,0.0,0.0,0.7161052929521653,0.0022643645626945937,0.002506975051554729
28125,MS,28-40,0.06535769475502227,0.014809259764263855,132012.0,132143.0,141944.7,183403.69999999998,58221.8,75495.3,2.654344100008502,1.0887387223466252,1.4117505206842655,0.4101724122140524,0.16911981716776522,0.0,0.7150208486261096,0.0027848618542034007,0.10433394126060404,0.0,0.0,0.0028756725668404684,0.0,0.0
28135,MS,28-10,0.163566642288154,0.05336423474531043,202364.0,209347.0,202298.0,236572.9,62275.2,125067.09999999999,2.387850050874606,0.7350732063007359,1.476245346457896,0.3078389306864131,0.15934787696981567,0.0,0.5380206069348976,0.00288516195598695,0.21056905520499458,0.0,0.028698763297300655,0.030427949767610714,0.0,0.0002961590087271372
28137,MS,28-20,0.5203913130504404,0.05434347477982386,39968.0,57637.0,53635.2,67127.6,28098.4,35931.8,2.2994858434803525,1.2046542760062113,1.540493284834723,0.5238798401050058,0.06575637177507504,0.023838853514235647,0.41287714488956745,0.03461318250429412,0.09349896767701303,0.0,0.019796311397192776,0.3046480559362909,0.008258583895761402,0.0003469993233513195
28139,MS,28-30,0.4896361123906034,0.018056195301704284,21710.0,28870.0,25128.2,31509.3,14932.1,18749.6,2.15078401336447,1.2780749104973537,1.6048240597009917,0.5942367539258682,0.07017665396605473,0.0,0.5110148943540007,0.0,0.1175961205403533,0.0,0.0,0.29147904399030133,0.0014201593349497748,0.0005195704883962591
28141,MS,28-30,0.8891853432942014,0.012273212379935965,11244.0,14589.0,11427.0,14543.6,6292.8,7727.0,1.935480974724312,1.0658610902026036,1.308782838163539,0.550695720661591,0.0015079854685036672,0.0,0.022071423675371855,0.0,0.6648845020220714,0.0,0.0,0.30790321475083965,0.003838508465282062,0.0
28145,MS,28-30,0.3877319733673325,0.020186995325116874,28236.0,36442.0,43826.5,54587.2,26031.9,33340.2,2.971780912373284,1.7651672739737396,2.2607274132022352,0.5939762472476698,0.07694418528072004,0.0,0.6120684923988804,0.0,0.0,0.0,0.0,0.284973382361012,0.0006860216234015696,0.0
28147,MS,28-80,0.6707360226468507,0.23089171974522293,5652.0,19453.0,9771.9,10681.3,2205.9,6458.8,1.2412939274965265,0.2802085852970853,0.8204411853288066,0.22573910907807082,0.04652238729244847,0.0,0.17133604071351463,0.0,0.0,0.0,0.0,0.7321235799105537,0.002570297640466766,0.0061687143371202385
28151,MS,28-40,0.04870885628945161,0.007380486441151803,339815.0,336194.0,426814.39999999997,544870.6,175078.8,223364.59999999998,3.137121279013882,1.2868437170447287,1.641748356284193,0.4101989061287529,0.15034771590212795,0.0,0.7458580462471073,0.0038519426283633853,0.06769305817474434,0.0,0.03054783845041851,0.0027841067954811807,2.9744730720952783e-05,0.0006216648720679132
28155,MS,28-50,0.6218292572052004,0.08364396763342122,21998.0,25460.0,34436.7,39196.0,19450.5,23572.6,3.342299249791961,1.8877938814717596,2.2878697231629626,0.5648189286429884,0.11331500392772977,0.0,0.3604477611940298,0.0,0.2415946582875098,0.0,0.0,0.1603299293008641,0.11677140612725845,0.0
28161,MS,28-20,0.8039559156265966,,13701.0,22417.0,23665.0,30749.5,12359.0,16438.5,2.6086224081814997,1.3623479544777164,1.8120363176375063,0.5222480456370167,0.022839809073471027,0.0,0.275415978944551,0.0,0.2379444171833876,0.0,0.0,0.38635856715885264,0.0641031360128474,8.92180041932462e-05
28163,MS,28-40,0.08005589795040849,0.00901533610434284,139540.0,142549.0,137785.3,187989.3,54704.4,82556.8,2.3884761813178494,0.9482880714654189,1.4311029580501073,0.39702638815606606,0.30795726381805555,0.0,0.37985534798560494,0.008698763232292054,0.2160800847427902,0.004033700692393493,0.0,0.04958996555570365,0.0004209078983367123,0.0007436039537281917
29001,MO,29-20,0.6239973760324418,0.16480305334406775,67074.0,115649.0,92374.8,98048.5,32451.5,49546.7,1.9737576798721224,0.6933860462850276,1.058656469484319,0.35130251973481946,0.16050290101946407,0.003925671644372195,0.39465105621319685,0.009615301472559208,0.0,0.0,0.0,0.412403047151294,0.00011240909994898357,0.00022481819989796713
29003,MO,29-10,0.8559772827260729,0.06267247930248371,125015.0,139858.0,167724.3,179242.9,64259.7,91535.29999999999,2.9634041050789572,1.1353599852325649,1.617273607817316,0.3831269529817683,0.40461039053897524,0.0007793619242374408,0.474180954968611,0.011676128644768266,0.0,0.0,0.0,0.10239671666976505,0.0,0.0
29005,MO,29-10,0.7281822680697124,0.029140180534083193,260671.0,263944.0,361499.89999999997,384485.0,135199.3,190627.59999999998,3.384375878589478,1.2657410132677283,1.7846628760710683,0.3739954008286033,0.4540432819082836,0.0009282271997090292,0.5255054102385355,0.0,0.0,0.0,0.0,0.013392992452944563,1.894341223895978e-05,0.0
29007,MO,29-30,0.3471564021525583,0.05940035875971641,292675.0,310551.0,320224.8,350130.8,129460.0,164370.6,2.5480282259354095,1.0301130147621238,1.3078966036170179,0.40427849435771374,0.35100192882972525,0.009099954596829506,0.5262935878486947,0.049019323718165454,0.0,0.008246632598188381,0.0,0.06419879504493625,0.00037352962959385095,0.00011914307150838349
29009,MO,29-70,0.87091329394929,0.23652441932998203,27253.0,81884.0,27784.4,30348.7,4816.4,18298.5,0.8384635289966672,0.14534687598290938,0.5522028507128286,0.1733490735808583,0.12901177275169753,0.011491866542914366,0.11301353133701333,0.04578428020126032,0.0,0.0053734551316496505,0.0,0.6178984905476039,0.0,0.0010746910263299302
29011,MO,29-70,0.4375407806716386,0.023410392287193497,163987.0,201494.0,147272.80000000002,179347.4,60906.4,80974.5,1.8061034782046888,0.7469353532011752,0.9930436991480134,0.4135617710806068,0.28676288127686184,0.002253168828848502,0.45849007910905537,0.16759307969468074,0.0,0.001081918072002144,0.0,0.1863082771695435,0.000441700497285279,0.0004069600087347514
29013,MO,29-40,0.351116049810636,0.0668916266954833,196183.0,253429.0,229455.0,245501.0,83582.2,135986.4,2.2372958621368677,0.8149663777572774,1.3259323615823972,0.36426401690963367,0.27378871399879257,0.004028741777776024,0.44597500680664015,0.05148582048621113,0.0,0.0,0.0,0.23474819377419318,0.00028410323996069906,0.0033895094878644513
29015,MO,29-50,0.5330012036913201,0.1236124113949445,29908.0,69919.0,41893.7,45730.6,13140.4,21616.100000000002,1.480593074782389,0.4644036034026716,0.7639489461137021,0.3136605265230811,0.12404353609176333,0.022139904746921436,0.23076703042091562,0.03868762425091892,0.0,0.0032609162030349404,0.0,0.585663410517885,0.0,0.00028604528096797725
29017,MO,29-80,0.6089286149199932,0.07274897099296135,41059.0,70248.0,24667.800000000003,47981.100000000006,16392.2,18625.100000000002,0.8677181028578382,0.5766143995681112,0.6551592131255127,0.664518116735177,0.11727024256918346,0.0,0.4304464184033709,0.03249914588315682,0.0,0.0007117640359867896,0.0,0.41169855369547886,7.117640359867897e-05,0.00031317617583418746
29019,MO,29-50,0.5255595761483245,0.057330771678787376,84841.0,116729.0,83456.3,91252.8,29365.9,45886.100000000006,1.7666990077305718,0.6216511682295429,0.9713697748237796,0.3518715782990619,0.22570226764557222,0.00548278491206127,0.4207694745950021,0.07026531538863522,0.0,0.0033068046500869534,0.0,0.26278816746481165,0.0009766210624609138,0.0014049636337157005
29021,MO,29-10,0.7160847649071935,0.05323937488409731,118634.0,134197.0,142879.4,152717.7,54977.5,78549.9,2.630928309932391,1.0123353062744385,1.446388742200473,0.38478255087857316,0.38541845197731694,0.002205712497298747,0.475189460271094,0.010626168990364912,0.0,0.0030254029523759845,0.0,0.1124019165853186,0.0008271421864870302,8.196904550772372e-05
29023,MO,29-90,0.12440874746606057,0.007141102033294429,195348.0,199308.0,289768.1,313821.9,104762.3,139875.7,3.5925932169062818,1.298860462443937,1.734202250109719,0.3615384164095358,0.10806390109779838,0.0,0.5754911995504446,0.022111505810102957,0.0,0.001851405864290445,0.27370200895097035,0.032146225941758484,0.0002257812029622494,8.5295121119072e-05
29025,MO,29-10,0.6047973917093619,0.1384743119823414,98762.0,129205.0,98632.5,110088.9,40921.1,60393.1,1.886352814330729,0.7826186312879547,1.155021865522593,0.4148845461688591,0.20551836229248094,0.0,0.509268217174258,0.03184087303122944,0.0,0.006919236871638095,0.0,0.22929453194535815,1.54792771177586e-05,3.09585542355172e-05
29027,MO,29-50,0.5598211502493765,0.23155003117206982,102656.0,144756.0,100543.4,109416.0,34153.6,53300.6,1.7163236902792143,0.5830182069466536,0.9098666097038323,0.3396901238669072,0.19831302329437123,0.0,0.46947967614468483,0.0662770455110669,0.0,0.007543728757357208,0.0,0.2670977368813728,0.00045593965016994115,0.0003937660615104037
29031,MO,29-90,0.41971464785985896,0.17338880041600313,153845.0,183405.0,157392.4,181358.6,61946.6,87486.3,2.1205806298646532,0.8346194609522044,1.1787211654344685,0.3935806303226839,0.25139990730896106,0.005468771298492408,0.542482484119844,0.09005752296829421,0.0,0.0,0.0,0.1645211417355034,4.907172650691094e-05,0.0003216924293230828
29033,MO,29-20,0.39237438612768544,0.039859709180490456,250052.0,272286.0,338224.2,353787.7,113763.4,164048.09999999998,3.0694571135653996,1.0324272402547954,1.4887716713111834,0.33635499766131455,0.36114232828716863,0.0029380871583555524,0.5254328169645153,0.012196734316123488,0.0,0.0,0.0,0.09049675708629897,0.0,9.181522369861101e-05
29037,MO,29-40,0.4873904657328411,0.04634933936298555,138427.0,178533.0,122676.7,131086.9,44736.2,73413.0,1.697953473622972,0.619188372255628,1.0161005175317175,0.3646674551891272,0.24235295435577736,0.0,0.47705466216329756,0.017806231901105116,0.0,0.0,0.0,0.24873832848829067,0.0002632566528316894,0.00032486991200506347
29039,MO,29-40,0.35739968358981733,0.12642025025168993,13906.0,52548.0,18108.3,19922.100000000002,5930.9,10346.3,0.8515373333374953,0.27889877958126114,0.4865316298001318,0.3275238426577868,0.06413184136408617,0.0,0.16811296338585674,0.04184745375656543,0.0,0.0,0.0,0.6954213290705641,0.00038060439978686154,0.0
29041,MO,29-20,0.4004719423898068,0.04174687081676324,204686.0,236587.0,323237.0,338472.6,109756.0,159310.19999999998,3.3760773917967652,1.1463562346329341,1.6639294527007147,0.33955271209669685,0.312865880204745,0.0037449225866171853,0.5133418150616897,0.030914631826769855,0.0,0.0006762839885538935,0.0,0.13716307320351498,0.0,0.003973168432754124
29045,MO,29-30,0.1470185639046775,0.047244094488188976,153416.0,169519.0,140765.0,153348.19999999998,57012.5,72586.7,2.0519109375483295,0.8310629227931243,1.0580857716800294,0.405019003303378,0.4788725747556321,0.0026899639568425957,0.40893351187772464,0.010807048177490428,0.0,0.0,0.0,0.09496280652906164,4.1293306355039846e-05,0.0
29047,MO,29-10,0.548668372666098,0.07150980949673016,42204.0,53478.0,49900.299999999996,53436.9,19638.3,28656.3,2.305739307159204,0.9074254109851965,1.3241194403189218,0.3935507401759108,0.26642731590560603,0.0,0.4120011967538053,0.043662814615355844,0.0,0.0,0.0,0.25118740416619917,0.0007666704065223082,0.0006731740154830024
29049,MO,29-10,0.7121023355384373,0.11314464194844619,113978.0,129843.0,137969.9,146733.5,52775.7,75523.5,2.6257175797298777,1.0043790948065492,1.4372945231730214,0.3825160415423944,0.35174017852329353,0.0020948376115770585,0.5141594079003103,0.00376608673551905,0.0,0.0,0.0,0.10830772548385358,0.00013092735072356616,0.0003927820521706985
29051,MO,29-50,0.5059918229240096,0.20790450679073263,21279.0,57660.0,21029.3,22980.4,7140.0,12390.0,0.9012232394185674,0.30598897392916413,0.5309808665241378,0.3395262799998098,0.09033992369060007,0.005879292403746098,0.22903225806451613,0.01406520985084981,0.0,0.0,0.0,0.597953520638224,0.00024280263614290669,0.0020464793617759277
29053,MO,29-50,0.4958551151262921,0.11552386269434435,118218.0,142897.0,143301.69999999998,155878.0,48289.7,73721.3,2.4780521104987008,0.8350521522099816,1.274829419704776,0.3369792542586725,0.2934281335507393,0.012162606632749463,0.43954736628480656,0.08466237919620426,0.0,0.0016795314107364045,0.0,0.17431436629180458,0.0001469589984394354,0.00036389847232622097
29057,MO,29-70,0.43387300744719054,0.027930867589889306,64051.0,103346.0,66371.6,78690.90000000001,24545.7,39905.7,1.5869776804700824,0.5868997892398933,0.9541649624769473,0.36982233364872924,0.19534379656687245,0.0,0.3304820699398138,0.19078629071275133,0.0,0.0027674027054748127,0.0,0.36588740735006675,0.00018384843148259246,0.00012579103206703695
29059,MO,29-50,0.5626391982182628,0.30219933184855235,7184.0,44006.0,4737.6,5394.7,608.7,2937.2000000000003,0.26602882680517265,0.03418012218767068,0.16493158352164664,0.12848277608915906,0.031109394173521793,0.019906376403217744,0.03206380948052538,0.0,0.0,0.0021587965277462162,0.0,0.8257964822978685,0.00224969322365132,0.00022724173976275964
29061,MO,29-10,0.4874168621614577,0.09943747950457836,118929.0,147154.0,155589.69999999998,167636.5,63306.7,92374.7,2.6127086026109936,1.0630649695507697,1.5511834867835708,0.40688233218522823,0.24554548296342607,0.0017600608885929027,0.5137271158106473,0.01208937575601071,0.0,0.001304755562200144,0.0,0.21836307541758973,0.000564034956576104,8.834282452396809e-05
29063,MO,29-10,0.7503901946382666,0.11067756151303709,87136.0,113826.0,120733.09999999999,130118.0,46558.7,66923.5,2.621000362941105,1.0107449373706632,1.452845307453292,0.3856332687556271,0.2919280305026971,0.0014407956003022156,0.45182998611916436,0.005025213923005289,0.0,0.0,0.0,0.2393829177867974,8.785339026233022e-05,0.0005095496635215153
29069,MO,29-90,0.3224920036491938,0.28718715307928205,272937.0,272832.0,458968.4,511897.2,175368.2,267326.2,4.1569010073369155,1.5883190372907192,2.4211874936652498,0.3820921004583322,0.08435227539291579,0.0,0.42209125029322075,0.07743593126905934,0.3626040933614825,0.002426401595120807,0.059131626788646495,0.0027269528501055597,0.03333186722965048,0.0
29071,MO,29-60,0.6600887915354677,0.09062995051925446,51131.0,100261.0,80969.9,85427.7,24926.3,35954.7,1.9956012833363153,0.6143388625751791,0.8861471418634852,0.30784649604359154,0.1429668565045232,0.01064222379589272,0.3042060222818444,0.018910643221192687,0.0,0.0053161249139745265,0.0,0.4692751917495337,0.002074585332282742,0.0018451840695784005
29073,MO,29-60,0.6709232722655541,0.0774532922183929,27565.0,60530.0,29721.1,31650.6,8878.8,13203.4,1.2133229395545626,0.36246477134820215,0.5390106052640956,0.2987372607339567,0.13277713530480753,0.004840574921526516,0.28410705435321326,0.022864695192466547,0.0,0.002098133157112176,0.0,0.481744589459772,0.0005451842061787543,0.004642326119279696
29075,MO,29-10,0.664167221218747,0.06935069873562126,84152.0,111926.0,133281.2,142979.1,53631.9,78271.20000000001,2.9425246831300647,1.1840618898476551,1.7280376975763267,0.4023965870655426,0.26635455568857996,0.0032968211139502886,0.4576059181959509,0.014455979843825385,0.0,4.467237281775459e-05,0.0,0.24853921340885943,3.573789825420367e-05,0.0
29077,MO,29-70,0.7912099170166991,0.16361028583136975,9761.0,67828.0,19123.8,20776.899999999998,3719.0,14079.400000000001,0.6967025261104229,0.13548754403437932,0.5129291012308793,0.19446971836141352,0.025137111517367458,0.0026242849560653416,0.062054018989207996,0.02378073951760335,0.0,0.0,0.0,0.8141180633366751,0.000855104086807808,0.0002653771303886301
29079,MO,29-20,0.6577003035419737,0.06204554105624799,102457.0,122245.0,122204.7,129051.2,44622.8,67346.5,2.4702391926525014,0.9020028644225144,1.3613385065220216,0.3651479853066208,0.25164219395476295,0.0014806331547302547,0.5535195713526115,0.027011329706736472,0.0,0.0,0.0,0.15653809971777988,0.0004253752709722279,0.0
29081,MO,29-10,0.581544268591484,0.055426792927620684,151010.0,190310.0,190358.19999999998,203252.9,74185.9,106913.0,2.4716796608902816,0.9632565350735632,1.3881970284692895,0.38971738543440737,0.3345961851715622,0.0024276180967894487,0.43805370185486836,0.0044348694235720664,0.0,0.0011034627712679312,0.0,0.2107508801429247,0.00011034627712679313,0.0
29083,MO,29-40,0.30624568801792235,0.05349570933558655,129001.0,178894.0,109855.5,117871.5,41367.5,70316.3,1.5174284902660897,0.5714071946428032,0.9712755114682237,0.37656284846912536,0.1634152067704898,0.008641989110870125,0.4710331257616242,0.06442362516350464,0.0,0.002962648272161168,0.0,0.3244323454112491,0.0,4.4719219202432725e-05
29085,MO,29-50,0.3730700556664216,0.23085810314042643,9521.0,44558.0,11634.9,12786.199999999999,2899.1,5991.299999999999,0.6452368604588004,0.16077544131501842,0.33225963283455895,0.24917274750964769,0.037613896494456664,0.024215629067731944,0.09670541765788411,0.003029758965842273,0.0,0.0,0.0,0.808115265496656,0.000740607747205889,0.0
29087,MO,29-10,0.6576995700343518,0.06746934504174534,175828.0,179254.0,256296.1,271207.1,94361.9,132263.6,3.5330952480305466,1.3007984923888176,1.8232813400102967,0.3681753253365931,0.4827674696241088,0.0,0.4935566291407723,0.0014671918060405905,0.0,0.0,0.0,0.01878898099902931,0.0,3.905073248016781e-05
29089,MO,29-50,0.5809233948405791,0.06274637526532721,89041.0,108909.0,90652.4,98441.3,30150.6,45936.0,2.056826881425232,0.6840918119222392,1.0422492909746401,0.3325957172672759,0.3060904057515908,0.003773792799493155,0.4520838498195741,0.03736146691274367,0.0,0.0052980010834733585,0.0,0.200791486470356,9.181977614338576e-05,0.0017721216795673453
29095,MO,29-40,0.47803357222972076,0.03355321939813319,52603.0,65792.0,69745.6,74400.4,24872.4,39674.4,2.619545399692414,0.9341719190789038,1.4901139570891455,0.35661604459636165,0.2696528453307393,0.00620136186770428,0.4891476167315175,0.02257113326848249,0.0,0.0,0.0,0.18433852140077822,0.0021583171206225682,0.0017327334630350194
29097,MO,29-70,0.5347941193037796,0.03313242832197375,88765.0,129417.0,89709.9,108487.9,36371.5,52205.399999999994,1.712896996598689,0.6944677578705274,0.9967960377420241,0.40543462873105424,0.24612686123152291,0.0031680536560111886,0.3808850460140476,0.2108223803673397,0.0,0.0006336107312022377,0.0,0.3067603174235224,0.00031680536560111885,0.000672245531885301
29099,MO,29-60,0.7990603895468337,0.37858471175491826,10217.0,29672.0,11022.8,11767.2,3228.2,4744.5,0.9179675110664163,0.26884119454445377,0.3951171078359956,0.2928656965562289,0.12280938258290644,0.008930978700458345,0.17447425181989754,0.020153680237260718,0.0,0.0,0.0,0.5885009436505797,0.0037409005122674577,0.001786195740091669
29101,MO,29-40,0.428428285141712,0.061476336130908436,132734.0,188465.0,142765.6,152847.4,51704.0,84666.9,1.8718673519427345,0.6779156152802016,1.1101077983786032,0.3621600721742492,0.24188576128193565,0.0019632292468097527,0.385769240973125,0.04098904305839281,0.0,0.0002653012495688855,0.0,0.32219775555142866,0.00047754224922399384,0.0004085639243360836
29103,MO,29-30,0.4623737349831015,0.11627268510191137,105631.0,132563.0,166868.09999999998,182462.0,66777.9,84521.5,3.1105214505707544,1.244780101014327,1.5755314454015839,0.4001837379343326,0.3309747063660297,0.015200319847921365,0.42608420147401616,0.022585487654926337,0.0,0.0,0.0,0.1853910970632831,0.0,0.0
29105,MO,29-50,0.7215573639700016,0.2395085367799585,6267.0,56998.0,13483.1,14809.9,2594.7,6340.3,0.5845374519912869,0.11248891773270184,0.2748731973255673,0.19244090750643397,0.03442226043019053,0.03014140847047265,0.021474437699568406,0.005421242850626338,0.0,0.0039299624548229765,0.0,0.8713463630302818,0.00043861188111863573,0.00038597845538439944
29107,MO,29-40,0.6728851060792606,0.07676694680870046,224172.0,247679.0,261822.9,280414.4,92011.7,142485.0,2.6121652453917967,0.9179860314335239,1.4215500820961429,0.3514272433771072,0.41728204651989065,0.0026243646009552687,0.4675325724021819,0.009621324375502163,0.0,0.0,0.0,0.09682290383924354,0.00023821155608670902,0.0034762737252653636
29109,MO,29-70,0.8374415757845538,0.1129534831960828,35944.0,105224.0,44122.7,50057.7,11550.5,26756.399999999998,1.0361663322874342,0.27124902195663475,0.6283405334037921,0.26178135064263974,0.0889055728731088,0.008543678248308371,0.17356306546035125,0.08160685775108341,0.0,0.0,0.0,0.6054512278567628,0.0007032616133201551,0.0011594313084467422
29111,MO,29-30,0.5875493082493419,0.09773899636697639,121937.0,133064.0,175371.5,192058.4,68204.3,85352.8,3.2567216832478345,1.266582213761873,1.5850369899665326,0.3889132498724137,0.40942704262610474,0.01590212228701978,0.45524709914026334,0.024033547766488306,0.0,0.0,0.0,0.0882131906451031,0.00011272770997414778,0.0001503036132988637
29113,MO,29-60,0.4430363272543884,0.06123411801070458,122938.0,143034.0,160405.8,168420.4,49765.7,69960.7,2.7711688408732074,0.8597516871849008,1.2086402856111076,0.31024875659109585,0.28159039109582334,0.005781842079505572,0.5257491225862382,0.04577233385069284,0.0,0.002887425367395165,0.0,0.1367716766642896,0.00013283554958960807,0.00011186151544388048
29115,MO,29-20,0.6291065261666519,0.10550783671300806,112930.0,159307.0,165230.9,175111.5,58609.7,87715.7,2.5629410242276265,0.9091108536458611,1.3605818645231806,0.35471391852250395,0.18809594054247458,0.0063525143276817716,0.47100880689486335,0.035127144444374696,0.0,0.0,0.0,0.2818896846968432,0.0,8.788063299164507e-05
29117,MO,29-20,0.36505163420229664,0.035295287951604984,160843.0,181574.0,227361.9,240362.8,83231.5,125223.0,3.094184686717234,1.1327035565435786,1.704168943982225,0.36607496682601615,0.21465628338859088,0.0019110665623932942,0.6335268265280272,0.015431724806415015,0.0,0.00944518488329827,0.0,0.12071662242391532,4.9566567900690625e-05,4.9566567900690625e-05
29121,MO,29-20,0.3944463499485514,0.05662147122027705,142861.0,191982.0,179206.4,189117.8,64241.6,97099.8,2.306615507357847,0.8268715334802768,1.2497985810849697,0.3584782686332631,0.2577064516465085,0.003432613474179871,0.4522090612661604,0.02412205310914565,0.0,0.0,0.0,0.2580293985894511,0.0,0.00016668229313164775
29125,MO,29-50,0.6925875782704349,0.2056185479776612,11818.0,46130.0,10021.1,11147.2,2402.5,5853.4,0.5368020243270346,0.12869513960001402,0.3135501061955139,0.23974413986488508,0.046737481031866465,0.004248861911987861,0.10101885974420118,0.01322349880771732,0.0,0.0,0.0,0.7709083026230219,0.00030349013657056146,0.00023845653587686972
29127,MO,29-30,0.3732638347014576,0.06115671525328506,160195.0,171028.0,148023.9,162233.5,56767.2,70660.9,2.138685026765064,0.820186204061491,1.0209257343425184,0.3835002320571205,0.41718899829267725,0.002216011413335828,0.4977722945950371,0.01707322777556891,0.0,0.00017540987440652992,0.0,0.06044039572467666,7.016394976261197e-05,0.0
29129,MO,29-20,0.6744411485294403,0.07183155935555167,51579.0,71293.0,78259.6,82371.0,26202.6,38796.5,2.712519926425845,0.9081962420478233,1.3447076055280156,0.3348164314665549,0.26483665998064326,0.005919234707474787,0.40981583044618686,0.010155274711402242,0.0,0.0008415973517736664,0.0,0.29799559564052575,0.00014026622529561108,0.0
29131,MO,29-50,0.621485033043929,0.17118051056109887,7717.0,55614.0,13371.1,14732.9,3380.5,7618.8,0.5941077365655437,0.15020313986581663,0.3385202431621605,0.25282138343143046,0.028661847736181537,0.0019779192289711223,0.08760384075952099,0.0044053655554356815,0.0,0.002373503074765347,0.0,0.8330815981587371,0.0001438486711978998,0.00041356492969396195
29133,MO,29-90,0.23272287057128255,0.0711485133584109,238726.0,238290.0,310025.89999999997,349474.8,128315.9,183875.19999999998,3.2149510379873787,1.3306286213354586,1.9067754181187342,0.4138876784165452,0.20435603676192873,0.0,0.7191573293046288,0.16176507616769484,0.0,0.005963322002601872,0.0,0.0,0.0,0.0
29135,MO,29-50,0.4630345369241262,0.209164375917161,48383.0,89386.0,55262.4,60220.7,18479.2,29838.4,1.5277153505908172,0.5108529037218403,0.8248751722159922,0.3343901097310287,0.15650101805651892,0.016725214239366345,0.31173785604009574,0.04671872552748753,0.0,0.0027968585684559105,0.0,0.420132906719173,0.0015438659297876624,0.00021256125120264918
29137,MO,29-30,0.44433419570841576,0.10034393547405265,164275.0,190774.0,184010.1,200730.5,74584.5,95028.1,2.383442500252196,0.9660766836171489,1.2308781542872687,0.4053282944794878,0.3377189763804292,0.0011374715632109197,0.48781804648432175,0.04303521444221959,0.0,0.0010640863010682798,0.0,0.13469340685837694,7.862706658139998e-05,0.00018870495979535996
29139,MO,29-60,0.48995710254326874,0.19470727509413852,114459.0,130829.0,179088.80000000002,188004.5,54966.3,76052.40000000001,3.3825685620540464,1.0381848465813124,1.43645195740191,0.30692204090931424,0.31680284952113064,0.0024306537541370797,0.4910837811188651,0.07136032531013765,0.0,0.005327564989413662,0.0,0.12527803468649917,0.0001987326968791323,0.00011465347896873017
29141,MO,29-50,0.367601246105919,0.14741554002964039,33063.0,70849.0,25536.3,27921.9,7629.2,12821.4,0.8906487251422002,0.2660893415982297,0.44718160283745906,0.2987590214713956,0.1379271408206185,0.016542223602309135,0.2460867478722353,0.05062880210024136,0.0,0.0014961396773419526,0.0,0.52003556860365,0.0016231704046634392,0.0003246340809326878
29143,MO,29-90,0.1809244350195416,0.05912537449604853,405545.0,403985.0,585862.1,643595.3,234239.9,352733.1,3.5835409163126,1.4327744803478017,2.1575614745992002,0.39982087935027716,0.14359196504820723,0.0,0.5993786898028393,0.058440288624577647,0.21596593932943056,0.0003094174288649331,0.029493669319405422,0.0,0.0,0.0
29145,MO,29-70,0.6581608088589311,0.08333698078522345,22847.0,76836.0,32535.0,36713.4,8023.1,20246.0,1.0463290106244763,0.25802373705674614,0.6511134823759995,0.24659904717996006,0.06688271122911135,0.0032666979020250925,0.1357436618251861,0.07342912176583893,0.0,0.0,0.0,0.7038888021240044,0.0008589723567077932,0.0
29147,MO,29-10,0.7026379883487477,0.04991689431590034,243064.0,279267.0,365695.6,390164.2,138739.0,197540.9,3.235804829745867,1.2276120529591055,1.7479121933442605,0.37938383726793545,0.3986256879616997,0.0018262093265584548,0.4577662237213849,0.005428496743260034,0.0,0.0,0.0,0.1269143865906104,0.00010384327543175527,2.1484815606570057e-05
29151,MO,29-50,0.41129831516352827,0.11031748744062062,29261.0,79791.0,30676.7,33496.0,9131.9,15940.8,0.9500291581323448,0.2828065362033321,0.49367190095271263,0.2976819540563359,0.13052850572119662,0.0038976826960434134,0.18226366382173428,0.009925931496033387,0.0,0.006266370893960472,0.0,0.6042661453046083,0.00023812209397049792,0.00016292564324297228
29155,MO,29-90,0.3465953616435455,0.08307035193617847,283290.0,281893.0,422899.5,463466.60000000003,166266.9,241409.80000000002,3.7071066777030115,1.457483717221181,2.1161809877830278,0.39315936765117954,0.07240690616652418,0.0,0.6461068561475454,0.08145289170004222,0.1346326443012065,0.0,0.13274895084305038,0.0014544525759774098,0.0,0.0
29157,MO,29-60,0.5827334630350195,0.1268725680933852,82240.0,103121.0,100840.3,106478.90000000001,31601.9,44581.1,2.416402168206611,0.7572656931747377,1.06828189425295,0.3133856206298474,0.25536020791109476,0.010870724682654357,0.44015283017038237,0.07676418964129518,0.0,0.0016679434838684651,0.0,0.2376237623762376,0.00010667080420089021,8.727611252800109e-05
29159,MO,29-50,0.5051967031039926,0.09962588414099491,171070.0,219887.0,184536.30000000002,200374.7,62670.9,96088.3,2.0737884825405444,0.7042852306589554,1.0798244564722528,0.3396128566574706,0.26736914869910455,0.004156680476790351,0.44023975951284067,0.04605547394798237,0.0,0.0027877955495322596,0.0,0.2321874417314348,6.821685684010424e-05,0.0001591726659602432
29163,MO,29-30,0.4095531411659057,0.07160112821420893,158126.0,181742.0,171627.7,187843.1,69331.8,88235.8,2.3335348064196615,0.9426693272223929,1.1996974292161695,0.4039662595257059,0.3471734656821208,0.005491300855058269,0.4799606034928635,0.04182302384699189,0.0,0.000132055331183766,0.0,0.13729352598738873,0.00010454380385381475,0.000308129106095454
29165,MO,29-10,0.7945744231426904,0.058530648373533965,99418.0,113077.0,124734.90000000001,133479.2,47889.8,68460.1,2.725812061406716,1.0465282327428438,1.4960477485059107,0.383932644352142,0.3636460111251625,0.0,0.5021976175526411,0.007631967597300954,0.0,0.0,0.0,0.11540808475640493,0.0005659860095333268,0.0004687071641447863
29167,MO,29-50,0.5574980133953911,0.09422181859461914,17618.0,83643.0,14916.5,16443.7,3351.3,8243.6,0.440676138189086,0.09900700177072932,0.24353955772302815,0.2246706667113599,0.050500340733833075,0.021771098597611276,0.08627141542029818,0.016737802326554523,0.0,0.003407338330762885,0.0,0.7511208349772246,0.00023911146180792176,0.0005619119352486162
29171,MO,29-20,0.608667542597343,0.05883334376107948,47949.0,91485.0,69432.5,73318.0,22231.3,33470.6,1.8754051919679684,0.6004780966290642,0.9040569908657052,0.32018579195621644,0.1571405148384981,0.004820462370880472,0.3473902825599825,0.0020221894299611957,0.0,0.0,0.0,0.469443078100235,0.0,0.0
29173,MO,29-30,0.3321940175033744,0.0746941263552053,137802.0,153560.0,160657.09999999998,175626.9,63290.7,79681.2,2.5852587901086563,1.0184600525412817,1.2822123809430512,0.39394897580001137,0.4047147694712165,0.0006121385777546236,0.4526243813493097,0.028503516540765824,0.0,0.0030411565511852044,0.0,0.11744594946600677,3.256056264652253e-05,0.0001107059129981766
29175,MO,29-20,0.45760762405520866,0.07553274855279456,79118.0,101316.0,117799.3,124652.40000000001,41463.6,61783.299999999996,2.8730744367192793,1.0112794321728016,1.5068682058905125,0.35198511366366353,0.2132634529590588,0.0,0.49526234750681036,0.04823522444628686,0.0,0.0,0.0,0.20557463776698645,0.00011844131232974062,0.002309605590429942
29177,MO,29-10,0.3486883306659244,0.07548380612189672,129339.0,155420.0,159521.6,171147.8,64061.5,93342.2,2.536265977367943,1.0185266629043117,1.4840663967304364,0.4015851144923321,0.2992986745592588,0.005128040149272938,0.49010423368935785,0.02065371252091108,0.0,0.00107450778535581,0.0,0.17686269463389526,0.0009329558615364818,0.0006369836571869772
29181,MO,29-80,0.06683349609375,0.04669189453125,16384.0,28760.0,14803.900000000001,21529.7,5637.6,7918.3,1.2719483159602814,0.4843815363558037,0.6803388532932738,0.38081856808003295,0.10083449235048679,0.0,0.2522253129346314,0.0,0.0,0.0,0.15893602225312933,0.47430458970792766,0.0002781641168289291,0.0008692628650904034
29183,MO,29-60,0.22975191618667512,0.027139552814186584,110245.0,113024.0,124660.4,130238.3,38694.1,54141.299999999996,2.725461467993472,0.8459725669794596,1.183696081330358,0.31039608408123187,0.3518279303510759,0.0041230181200453,0.5433270809739524,0.03286912514156285,0.0,0.00230039637599094,0.0,0.060013802378255945,0.0011590458663646658,0.002397720838052095
29185,MO,29-40,0.4439576426009879,0.03980309899181271,59116.0,97581.0,59931.5,64778.4,21993.5,37259.2,1.5176516093706174,0.5569436885559793,0.9435185977968464,0.3669772990831199,0.14685235855340692,0.0,0.358645637982804,0.07972863569752309,0.0,0.0038634570254455275,0.0,0.3895225504965106,0.000543138520818602,0.002561974154804726
29186,MO,29-60,0.657993152488807,0.26223334211219385,37970.0,63479.0,39709.6,41866.6,12468.6,18232.4,1.5457798415079869,0.4853665242618028,0.7097345826276321,0.31399460080182123,0.1951984120732841,0.0,0.37130389577655604,0.05203295578065187,0.0,0.0,0.0,0.37374564816711037,0.00018903889475259535,0.0027568172151420153
29187,MO,29-60,0.7715753424657534,0.3039383561643836,5840.0,28417.0,7541.8,8077.5,2165.8,3522.1,0.6558114389094795,0.18833122257155463,0.30627084634743396,0.28717282346389456,0.03297322025548088,0.0,0.09853256853292043,0.022979202589998943,0.0,0.00844564873139318,0.0,0.7999085054720766,0.0,0.0017243199493261075
29189,MO,29-60,0.7420698210171894,0.41245791245791247,11286.0,12295.0,13417.9,14136.1,4386.2,6461.2,2.696734687261715,0.8815401579432947,1.2985744536280186,0.32689168945960245,0.10459536396909312,0.052948352989019926,0.7172021146807646,0.03074420496136641,0.0,0.0,0.0,0.0700284668564457,0.0,0.0031720211468076456
29195,MO,29-50,0.4164944964059791,0.039143055125351656,313159.0,331900.0,314210.10000000003,340150.0,101852.1,150404.40000000002,2.339349401064663,0.7583067798653773,1.1197871839813236,0.3241528518656784,0.450885808978608,0.0016541126845435372,0.4787285326905695,0.008192226574269358,0.0,0.0,0.0,0.05554685146128352,0.0003495028623079241,3.6155468514612836e-05
29197,MO,29-20,0.4226164896555958,0.11068819448707717,32578.0,64655.0,49967.1,52753.4,17443.2,26613.2,1.9096959718982285,0.6666628396888189,1.017131689438089,0.3490937036570063,0.1712628567009512,0.00957389219704586,0.3026061402830408,0.0030778748743329983,0.0,0.0,0.0,0.4939138504369345,0.0006960018560049493,0.0
29199,MO,29-30,0.3761696156889618,0.0610606690976726,122583.0,146493.0,123005.2,134549.5,48361.8,60930.3,2.0748600184612895,0.815770107611883,1.0277764141910415,0.3931687440856159,0.3424737018151038,0.014683295447564047,0.46156471640283153,0.016669738485797957,0.0,0.0011331599462090338,0.0,0.15468315892226933,3.4131323680994994e-05,0.000279876854184159
29201,MO,29-90,0.2288082890346584,0.08406383335406313,184919.0,189112.0,244735.80000000002,276447.3,92522.0,131711.1,3.1978686290490232,1.2089494111481593,1.7210183176614897,0.378048491475297,0.3040949278734295,0.0,0.5646548077329836,0.12719975464275138,0.033371758534624985,0.0014806040864672786,0.023800710689961504,0.025550996235035324,0.0,0.0
29205,MO,29-30,0.4601798349592855,0.03549406108082872,164929.0,180843.0,182641.9,198142.0,76898.4,99204.29999999999,2.4956341341046024,1.050746142577521,1.3555358180677775,0.4210337277481235,0.28515895002847774,0.0025768207782441124,0.6018756601029622,0.026503652339321955,0.0,0.0,0.0,0.08156246025558081,0.00012718214141548193,5.529658322412258e-05
29207,MO,29-90,0.14419598695699962,0.09281291598988801,409415.0,418546.0,536568.8,592961.7,205314.0,301677.30000000005,3.1678486476367986,1.2121533664292476,1.7810726729316368,0.3826424495796252,0.1769674062110258,0.0,0.4977732435622369,0.053564004912243814,0.17621957920993153,0.0012758454267870198,0.09021947408409112,0.027246706455204446,0.0,7.645515666139444e-05
29211,MO,29-20,0.5554307598828967,0.10539301430649409,54311.0,107408.0,81186.9,86250.0,28769.3,44671.1,1.8678049954041231,0.6618733102788731,1.0277138766253808,0.35435889287557476,0.12980411142559214,0.002057574854759422,0.33585952629226873,0.010045806643825414,0.0,0.0,0.0,0.4819194100998063,7.448234768359899e-05,0.00010241322806494861
29215,MO,29-80,0.6539436807687175,0.2966768984385426,7493.0,64647.0,14838.1,16578.2,2182.7,10069.3,0.5671685245638539,0.08343108204996083,0.3848868806916528,0.1471010439341964,0.00411465342552632,0.025554163379584514,0.0,0.00405277893792442,0.0,0.0,0.0,0.8357851099045586,0.0003557783037109224,0.001655142543350813
29217,MO,29-40,0.435807588976747,0.0444570388495011,183503.0,231356.0,185512.2,199622.2,66386.3,106967.6,1.981408000994704,0.7090549622959283,1.1424933696393074,0.3578540926149331,0.29773595670741193,0.0060339909057902106,0.431196943238991,0.06949030930686907,0.0,0.0018542851709054443,0.0,0.19296668337972647,0.0011929666833797265,0.024010615674544857
29219,MO,29-60,0.5354629128316188,0.08761425523105831,62798.0,75183.0,59585.2,62524.200000000004,18372.6,25836.399999999998,1.9583979856879004,0.6038557029572699,0.8491698226644682,0.3083416687365319,0.2840269741829935,0.004336086615325273,0.5069497093757898,0.02271790165329928,0.0,0.004681909474216246,0.0,0.15331923440139394,0.002181344186850751,0.003258715401088012
29223,MO,29-80,0.73961773783096,0.05111267529373545,18469.0,28002.0,4305.2,6970.2,1720.1,3231.0,0.3799150376017571,0.15179128871568856,0.2851215940005754,0.39954009105268046,0.22651953431897723,0.0,0.38997214484679665,0.012284836797371617,0.0,0.0,0.0,0.331404899650025,0.0,0.00046425255338904364
29225,MO,29-80,0.6014102032351721,0.29876952854970273,7233.0,62941.0,16881.8,20345.4,5660.3,10395.0,0.6627768273227931,0.22222249260713942,0.40810607399805915,0.3352900757028279,0.03841693014092563,0.01890659506521981,0.01809631241956753,0.001747668451406873,0.0,0.0,0.0,0.8580893217457619,0.0015411258162406063,0.0009532737007673853
29227,MO,29-10,0.6241061130334487,0.038898500576701266,34680.0,51417.0,56034.5,59960.5,22133.0,32208.0,2.6929666254005244,1.0636916599593074,1.5478869102231676,0.39498880154190724,0.2689771865336367,0.002645039578349573,0.38567010910788263,0.0,0.0,0.0,0.0,0.3243479782951164,0.0,0.0
30001,MT,30-70,0.09134709546006503,0.07979160954208939,25529.0,139731.0,5301.099999999999,11249.4,3273.0,4413.1,0.0937465800499238,0.05788092216773889,0.07804286514465276,0.6174190262398371,0.0,0.0,0.0,0.0584122349371292,0.0,0.0,0.0,0.858105932112416,0.0,0.0
30003,MT,30-80,0.7245932228690849,0.008881922675026124,133980.0,141866.0,77522.1,99571.1,51428.0,64489.299999999996,1.350297329355571,0.8957844415218149,1.1232890951355834,0.6633979213669392,0.01297703466651629,0.01292064342407624,0.005187994304484514,0.40328901921531585,0.0,0.0,0.0,0.402259879040785,0.0,0.0
30005,MT,30-20,0.5702347879641815,0.009628123158449752,451386.0,340763.0,261550.49999999997,280387.0,185532.3,246677.2,1.8966418324591527,1.3453934190619452,1.7887876208758653,0.7093555546634398,0.00044899240821333304,0.0021804010411928523,0.00045192699911668816,0.5987533857842547,0.0,0.0,0.0,0.19578416670824003,3.2280499936906295e-05,0.0
30007,MT,30-50,0.6053648625941371,0.02619800497991232,65463.0,60658.0,49301.7,61054.4,30768.7,44306.3,2.0084268168221415,1.2534391755001435,1.8049268295853258,0.6240900415198665,0.0,0.011803884071350853,0.0,0.3101157308186884,0.0,0.0,0.0,0.5151175442645652,0.023607768142701706,1.6485871608031917e-05
30009,MT,30-80,0.20737443305896186,0.03727112380312447,47624.0,103740.0,25205.4,32841.5,17412.2,19804.300000000003,0.6003846136526403,0.41475306759037756,0.4717321289946196,0.6908122862561197,0.03578176209755157,0.06084441873915558,0.0,0.05260266049739734,0.0,0.0,0.0,0.6569211490264122,0.00039521881627144786,0.0
30011,MT,30-90,0.4611305640224702,0.04077134292263899,79394.0,112920.0,20188.6,29858.3,10479.0,18606.9,0.4417916847580601,0.22931431919893958,0.4071789871078108,0.5190553084413977,0.006969535954658165,0.0021253985122210413,0.0,0.21973963868225294,0.0,0.0,0.0,0.7000708466170741,0.0,0.0
30013,MT,30-50,0.7771595857252941,0.012517467305260287,271221.0,255757.0,194655.9,231640.5,124550.1,178381.5,1.880711785966147,1.2033688216656275,1.723473007745053,0.6398475463625815,0.0,0.0,0.0,0.4694065069577763,0.0,0.0,0.0,0.33090394397807293,0.00017594826339064034,0.0
30015,MT,30-20,0.9262264131153043,0.005837065628966111,1144068.0,719217.0,572342.9,620452.3,403853.7,530272.3,1.9664303073276033,1.3875425997359094,1.8218860089927125,0.7056149381777952,0.0038486298293838993,0.0,0.0,0.6934040769336653,0.0,0.0,0.0,0.05559796278452817,2.5027217098594723e-05,0.0
30017,MT,30-90,0.47559298728085253,0.07648676521141286,34908.0,63556.0,26522.1,32286.3,10076.6,19821.6,1.0311778019086013,0.3917776585833027,0.770662727246769,0.3799322074797999,0.04229341053559066,0.0715589401472717,0.0,0.07313235571779218,0.0,0.0,0.0,0.7806186670023286,0.0,0.0
30019,MT,30-30,0.5367006778107437,0.0010184582150715735,373113.0,358369.0,164217.2,222326.3,95897.1,131035.3,1.132323215720941,0.6612371459890478,0.903524796848066,0.583965017062768,0.0,0.0,0.0,0.6169981220473869,0.0,0.0,0.0,0.10764044881114158,0.0,0.0
30021,MT,30-30,0.7176219338879798,0.02839682576263895,260346.0,199493.0,125234.5,145977.0,80342.2,107958.59999999999,1.551238333944034,0.9951722606262521,1.3372474741299751,0.6415340820620515,0.01689783601429624,0.009589308898056573,0.0,0.595294070468638,0.0,0.0,0.0,0.1470176898437539,0.0,0.0
30025,MT,30-90,0.6835987946620748,0.049034115368058545,74336.0,99599.0,17305.3,26833.6,8892.9,13485.599999999999,0.42934494903600806,0.22063308334916562,0.3345780913777854,0.5138830300543764,0.05463910280223697,0.03863492605347443,0.0,0.21616682898422676,0.0,0.0,0.0,0.563349029608731,0.0,0.0
30027,MT,30-50,0.8187124519877876,0.05359968484291389,304610.0,390992.0,186228.0,227073.30000000002,119560.0,170583.9,1.176953517715638,0.7556144219885392,1.0780834309054095,0.6420087204931589,0.0007928550967794737,0.0,0.0,0.3547029095224455,0.0,0.0,0.0,0.5167548185129107,0.0,0.0
30029,MT,30-10,0.3794819345829318,0.004720413822945145,50843.0,74532.0,8679.5,15230.699999999999,5203.7,7170.599999999999,0.2877624588692457,0.17252485825426506,0.23773598566366874,0.5995391439599055,0.0,0.0,0.0,0.30663339236837867,0.0,0.0,0.0,0.44780765308860626,0.004159287285997961,0.0013819567434122256
30031,MT,30-70,0.29638637943015983,0.013107506690520899,135266.0,144075.0,20427.399999999998,45247.7,9157.4,13365.3,0.3503536678384434,0.15706006040238904,0.2292304393491657,0.44829004180659315,0.001575568280409509,0.011306611140031234,0.0,0.27416970327954193,0.0,0.0,0.0,0.37869859448204063,0.04419920180461565,4.1644976574700673e-05
30033,MT,30-30,0.43933303655598616,0.01463155965224678,152752.0,118740.0,96196.3,106224.3,66700.8,89809.6,2.001905289475314,1.3880854495675512,1.8689940599135535,0.6933821779008132,0.007133232272191342,0.0,0.0,0.46775307394306886,0.0,0.0,0.0,0.3842007748020886,0.0,0.0
30035,MT,30-20,0.9216823083335575,0.009522144835560815,371870.0,321880.0,164896.5,193451.4,115301.4,148076.8,1.2659007249627325,0.8851620613488946,1.1367768780426604,0.6992349746659268,0.0,0.0,0.0,0.4510531875233006,0.0,0.0,0.0,0.1499565055300112,0.00010873617497203927,0.0
30037,MT,30-50,0.755901287553648,0.011292918454935623,37280.0,45741.0,41680.399999999994,52019.6,26719.6,38388.299999999996,2.2516891064261904,1.4434658076233733,2.0738408682311236,0.6410591069183598,0.0,0.0,0.0,0.30346953499048995,0.0,0.0,0.0,0.6281235652915328,0.0,0.0
30041,MT,30-20,0.8077080071518777,0.008734796031589376,1043642.0,662360.0,486714.29999999993,538552.8999999999,341997.6,449458.1,1.8157757528688983,1.2758839212641921,1.676784758349045,0.7026660198806569,0.0,0.0,0.0006476840388912374,0.7572105803490549,0.0,0.00018117036052901745,0.0,0.046112386013648164,0.0,0.0
30045,MT,30-50,0.84357071341163,0.02433132558841759,125846.0,198023.0,66196.9,84004.8,41696.7,58155.1,0.8260459757929026,0.5203172843266667,0.7256954075921053,0.6298890129296085,0.0,0.0,0.0,0.2821136938638441,0.0,0.0,0.0,0.544653903839453,0.0,0.0
30047,MT,30-10,0.09823317816335167,0.08469107067287347,18904.0,64314.0,5837.7,14926.9,1846.9,4434.2,0.22429441263035593,0.07096105498518328,0.170369543567762,0.3163745995854532,0.0,0.020213328357744816,0.0,0.11869888360232608,0.0,0.0,0.0,0.7629754019342601,0.019917902789439314,0.011506048449793202
30049,MT,30-50,0.7644963900670185,0.04085861365623078,30887.0,60055.0,25105.100000000002,29839.1,16049.6,22603.8,1.0329873136743541,0.6603850687528794,0.9300675416880381,0.6392963979430474,0.0,0.0,0.0,0.1693947215052868,0.0,0.0,0.0,0.6006827075181084,0.0008991757555574057,0.00014986262592623427
30051,MT,30-20,0.8667482146219809,0.003136378669460185,631939.0,403865.0,281062.5,320902.3,198493.3,260188.19999999998,1.7196849511251326,1.2144841126410184,1.5919652461653055,0.706224772070269,0.0,0.0,0.0,0.662033105121761,0.0,0.0,0.0,0.02972280341203125,8.666262241095416e-05,0.0
30055,MT,30-30,0.8254289832213852,0.0017857304725387285,441276.0,319986.0,153226.69999999998,191695.5,96774.7,130565.70000000001,1.1832749606062423,0.7473311069818831,1.0082780841982923,0.6315785695312893,0.01253804853962361,0.0015063159013206828,0.0,0.5860193883482402,0.0,0.0,0.0,0.0906477158375679,0.0,0.0
30057,MT,30-70,0.063019052271617,0.11440522716170005,32752.0,99723.0,5186.400000000001,12406.5,3392.3,4195.700000000001,0.12851472082080428,0.084058400324004,0.10396599069640763,0.6540760450408761,0.0,0.0,0.0,0.15174032068830662,0.0,0.0,0.0,0.7415541048704912,0.003630055253050951,7.01944385949079e-05
30059,MT,30-50,0.46853436899061124,0.0345009615022058,26521.0,62451.0,17691.9,21279.4,11384.4,15819.2,0.7000310160572197,0.45045659873737764,0.6259322429593412,0.6434809149949976,0.0,0.0,0.0,0.08664392884021073,0.0,0.0,0.0,0.7485388544618982,0.0,0.0
30065,MT,30-50,0.6889823613392487,0.01556623324787768,65141.0,66340.0,31535.300000000003,36881.0,20477.0,29194.7,1.1746370720804191,0.7627339307059308,1.0874536449079668,0.6493358236642746,0.0,0.011682242990654205,0.0,0.3389659330720531,0.0,0.0,0.0,0.5019897497738921,1.5073861923424782e-05,0.0
30067,MT,30-80,0.5889363215937389,0.05745286374955532,22488.0,65988.0,12834.4,19203.100000000002,10476.7,11573.7,0.48061000604688536,0.39232117203386246,0.4334005506283767,0.8162983855887304,0.0,0.0,0.0,0.06605746499363521,0.0,0.0,0.0,0.8190428562768989,4.546281142025823e-05,1.5154270473419409e-05
30069,MT,30-50,0.8460540688148552,0.013312397596941562,43944.0,46244.0,56911.700000000004,63626.4,37670.4,55211.100000000006,3.041083673221364,2.012922446592143,2.9502119035381487,0.6619095897680091,0.0,0.0,0.0,0.3272857019288989,0.0,0.0,0.0,0.5294308450826053,0.0,0.0
30071,MT,30-20,0.6277673940246896,0.031949410779503216,314059.0,265039.0,170862.6,197767.0,121646.5,160639.7,1.5930134037432864,1.1341540221116715,1.4977016343734697,0.7119551031062386,0.0013318794592493935,0.0020902584147993314,0.00046030961481140513,0.4427725730930165,0.0,0.0,0.0,0.290376133323775,0.0,0.0
30073,MT,30-20,0.9133815595716941,0.004879630596194466,450239.0,326318.0,224596.0,247944.1,158441.5,206792.2,1.7007606155958135,1.1998034830358693,1.565940753051758,0.7054511211241518,0.010851378103567686,0.0,0.0,0.504550775623778,0.0,0.0,0.0,0.14112001176766223,0.00013790229162963735,0.0
30075,MT,30-90,0.48482045244302413,0.03153645614330166,23782.0,90600.0,10767.5,17479.6,4209.7,10594.4,0.29367629083307983,0.11481672454330309,0.288955105233525,0.3909635477130253,0.0,0.0,0.0,0.026777041942604857,0.0,0.0,0.0,0.928476821192053,0.0,0.0
30079,MT,30-90,0.7154168780234328,0.012644289655684362,80827.0,67210.0,23057.8,30712.0,16631.3,20810.8,0.8477468330298474,0.6114690865637356,0.7651332647875144,0.7212873734701489,0.014224073798541884,0.04895104895104895,0.0,0.3452908793334325,0.0,0.0,0.0,0.3445171849427169,0.0,0.0
30081,MT,30-10,0.14488774026813117,0.16960103375868196,6191.0,39573.0,5134.0,6960.2,3143.3,4745.5,0.3205819696390031,0.19627684167633005,0.29632289382974075,0.6122516556291391,0.021479291436080156,0.0,0.00379046319460238,0.039799863543324994,0.0,0.0,0.0,0.8328153033634044,0.00179415257877846,0.005357187981704698
30083,MT,30-30,0.4995677955018835,0.047628616722326954,313509.0,260196.0,146342.0,171016.30000000002,97451.1,127648.2,1.3897944524384662,0.9254827606840567,1.2122614165704706,0.6659134083175029,0.020626758289904533,0.016591338836876815,0.0113721963442943,0.5692093652477364,0.0,0.0,0.0,0.19149410444434195,0.0,0.0
30085,MT,30-30,0.7476697278483667,0.004434939405375938,596175.0,483365.0,225282.09999999998,277835.89999999997,139258.7,190120.5,1.1516849432255973,0.7119169610154137,0.9719321563875789,0.6181525296506026,0.0009516617876759798,0.000558584092766336,0.0014999017305762725,0.5963009320079029,0.0,0.0,0.0,0.12164513359469552,0.0,0.0
30087,MT,30-90,0.6445188579485371,0.06598813300434732,68088.0,82857.0,35165.6,44110.700000000004,18098.0,31266.5,1.0487477222831805,0.5397387298348671,0.9324644157576457,0.5146506813476807,0.009389671361502348,0.0244879732551263,0.004501731899537758,0.21347623013143127,0.0,0.0,0.0,0.5819544516456063,0.0,0.0
30091,MT,30-30,0.6881816761289651,0.0021891021109730416,671965.0,627971.0,198035.19999999998,289702.1,115908.4,156292.3,0.7792647055345928,0.45609732610660025,0.6150071963813718,0.5852919077012572,0.002579736962375651,0.0,0.0,0.5326376536496112,0.0,0.0,0.0,0.06315578267149279,0.0,0.0
30095,MT,30-80,0.6985278397116765,0.021242478849149385,65482.0,107482.0,36732.899999999994,53950.899999999994,26437.6,32584.9,0.8445039417665504,0.6078109109503294,0.7491397763876219,0.7197253688110659,0.013155691185500829,0.011369345564838764,0.0,0.21591522301408608,0.0,0.0,0.0,0.6716845611358181,3.721553376379301e-05,3.721553376379301e-05
30097,MT,30-80,0.4369497494243532,0.12501693078694298,7383.0,39175.0,7325.1,11061.0,6093.4,6888.0,0.4620476400217315,0.38435531115048505,0.4344765456402897,0.831852124885667,0.0,0.0,0.0,0.015086151882578175,0.0,0.0,0.0,0.9191831525207402,0.0,0.0
30099,MT,30-20,0.7728127443557696,0.008300338840000497,322276.0,281754.0,215236.80000000002,237233.69999999998,151408.9,196495.30000000002,1.8876811534094273,1.327894333071541,1.723313460075282,0.7034526623700036,0.0,0.0,0.0005252809188157044,0.4445225267431873,0.0,0.0,0.0,0.19129808272464632,5.678712635845454e-05,0.0
30101,MT,30-20,0.7856153059894494,0.009255829268794633,583092.0,416771.0,325697.0,356802.2,229536.2,300939.9,1.9310720138328086,1.3609303493170966,1.7842860656857267,0.7047538049168399,0.0,0.0,0.0,0.5186637266028586,0.0,0.0,0.0,0.051512701219614605,0.0,0.0
30103,MT,30-80,0.2967327262988752,0.04662316794078979,41074.0,47954.0,15485.3,18008.1,10047.3,11474.0,0.7979524051452425,0.5177340574748822,0.5912514382437868,0.6488282435600214,0.03248946907452976,0.12253409517454227,0.010760311965633733,0.1962922801017642,0.0,0.0,0.0,0.2498853067523043,0.0,0.0
30105,MT,30-30,0.59965973547177,0.001711007589771403,619518.0,525680.0,228827.49999999997,284878.8,143626.3,195625.19999999998,1.075645006043178,0.6751413721316681,0.9195715962294649,0.6276618850444112,0.002328412722568863,0.002141987520925278,0.003232004261147466,0.5467109267995739,0.0,0.0,0.0,0.12763658499467356,0.0,0.0
30107,MT,30-50,0.6135002626510243,0.008930134827525827,57110.0,81579.0,27405.399999999998,34477.3,16844.2,23402.500000000004,0.830118268336245,0.510216166722959,0.7088691562516504,0.6146306932210441,0.0,0.0,0.0,0.330268819181407,0.0,0.0,0.0,0.467044214810184,0.0006619350568160924,0.0
30109,MT,30-90,0.8957164802972384,0.04631845950484084,55982.0,67278.0,18994.1,27036.899999999998,12969.0,16499.899999999998,0.6976343420026584,0.47633843043010604,0.606024864542656,0.6827909719333899,0.01655816165759981,0.0,0.0,0.3453580665299206,0.0,0.0,0.0,0.3647106037634888,0.0,0.0
30111,MT,30-80,0.6392011834319526,0.022222222222222223,182520.0,186765.0,89221.4,123777.3,57921.9,71760.5,1.1804721485307497,0.7663541453057588,0.9494501500160373,0.649192906634507,0.04319867212807539,0.03722324846732525,0.001718737450807164,0.3910850534093647,0.0,0.0,0.0,0.34859850614408483,0.0006478729954755976,4.283457821326265e-05
31001,NE,31-80,0.4447213852284877,0.054903703292278214,288068.0,294550.0,484601.9,494292.0,179773.9,248232.9,4.065446863324159,1.5081683292255996,2.0824880477745955,0.370972338325541,0.5995009336275675,0.011454761500594126,0.32998472245798677,0.015060261415718893,0.0,0.000970972670174843,0.0,0.022400271600746903,1.0185028008827025e-05,0.0
31003,NE,31-30,0.5221828194479334,0.07671905024451832,306521.0,326866.0,410965.6,440804.1,208080.8,250102.4,3.106833116869986,1.5730570160246995,1.89073347970892,0.5063216969984836,0.5127055123506269,0.010747523449976443,0.37302136043516304,0.0010554783917568666,0.0,0.0,0.0,0.06532034534029235,1.5296788286331403e-05,0.0
31007,NE,31-10,0.3545628691921657,0.012455114244717501,137293.0,105627.0,86757.4,96813.0,51396.9,70307.3,2.0296155738683717,1.202386755349461,1.6447794774467168,0.5924209346983659,0.22398629138383178,0.004033059729046551,0.0,0.47095912976795706,0.0,0.0,0.0,0.14066479214594754,0.0002556164617001335,0.0
31011,NE,31-30,0.6659596342189276,0.03362372166008333,277215.0,290483.0,366342.2,394098.4,184639.1,221908.0,3.1163658141275254,1.5706707531681405,1.8877063714783906,0.5040071823557318,0.5569275998939697,0.0065201750188479185,0.3677495757066679,0.0,0.0,0.0,0.0,0.05973499309770279,6.885084497199492e-06,3.442542248599746e-06
31013,NE,31-10,0.41626274198760316,0.03669104902911195,306369.0,244211.0,284089.19999999995,324419.2,139122.3,176962.3,2.874562167007294,1.4077117333817648,1.7905965188630715,0.4897134421160678,0.30046967581312883,0.026440250439169408,0.0,0.32359721716057016,0.0,0.0,0.0,0.07236365274291494,0.0,0.0
31015,NE,31-20,0.7668847411968444,0.030197710217433133,83152.0,116564.0,57243.4,68202.5,35446.3,38552.9,1.213509504948143,0.7514302428794125,0.8172874181707457,0.6192207311235881,0.3700027452729831,0.01655742767921485,0.24645688205620947,0.012113517037850451,0.0,0.006983288150715487,0.0,0.32124841288905664,0.0,0.0
31017,NE,31-20,0.3236616370400992,0.13218272013228607,38704.0,81892.0,44765.700000000004,52879.8,27343.9,29373.2,1.3507846157310466,0.825089732855471,0.8863229364176406,0.6108225717457786,0.3225345577101548,0.022566306843159283,0.10048600595906804,0.0,0.0,0.0,0.0,0.5434352561910809,0.0,0.0
31019,NE,31-50,0.42233639355871333,0.03636862889618718,276777.0,303729.0,385110.0,414135.6,147091.7,174881.5,3.1331467675730686,1.1966967474015933,1.4227867529623472,0.3819472358546909,0.5933249706152525,0.007740452837891673,0.27939380171139405,0.007644972985786672,0.0,0.001484876320667437,0.0,0.10127778381386038,0.00012840393903776063,5.267853909241462e-05
31021,NE,31-30,0.630581379327114,0.01356794916476872,246758.0,251591.0,282257.4,303332.4,149227.5,177122.1,2.772250299054032,1.4656692136400515,1.7396418825301945,0.5286929589799948,0.5078401055681642,0.003569285069815693,0.46429721253939926,0.0,0.0,0.0,0.0,0.020270995385367523,4.372175475275348e-05,0.0001629629040784448
31023,NE,31-60,0.6515703704730165,0.06690270146678769,288658.0,297113.0,340242.2,357042.7,144689.7,181467.30000000002,2.8297542895204035,1.2033671873283807,1.5092421533327907,0.42525500951968925,0.5063628989643671,0.009164863200196558,0.4431344303345865,0.001265511774981236,0.0,0.000821236364615483,0.0,0.036144497211498657,0.00018174903151326263,4.0388673669613915e-05
31025,NE,31-60,0.8724366654811766,0.025820664127646203,289613.0,294271.0,335355.3,349724.7,145455.4,182938.4,2.8160470903872854,1.2214187637741785,1.5361711863212102,0.4337352056162524,0.4818381695783818,0.0032181220711521015,0.48461452198823535,0.0017908662423412433,0.0,0.0,0.0,0.01943106864081068,0.00010194684491506129,0.00017670786451943956
31027,NE,31-30,0.5193902050293756,0.024409930077701193,341951.0,361515.0,401019.5,429161.3,200846.0,241163.0,2.741077867398916,1.3728372943350702,1.648415006590764,0.5008384879039548,0.5185013069997095,0.021952062846631537,0.38907929131571306,0.00041768667966751033,0.0,0.0,0.0,0.060406898745556895,0.0,1.6596821708642794e-05
31029,NE,31-70,0.32860299785867236,0.028693790149892935,291875.0,280005.0,241024.0,272140.2,99371.6,120167.0,2.127045140720418,0.8769578087892206,1.0604779334213623,0.4122892326075412,0.6205139193942966,0.012271209442688523,0.06691666220246067,0.13750825878109318,0.0,0.011064088141283191,0.0,0.03199942858163247,0.010439099301798182,0.0
31031,NE,31-20,0.2246349121961755,0.06476051236895881,60191.0,331558.0,38531.1,50296.4,13616.4,14306.8,0.2871667148387158,0.10148105960976692,0.10662651094452376,0.3533872637947009,0.07486171348602658,0.007404436026275945,0.013955326066630877,0.009373925527358712,0.0,0.000452409533173683,0.0,0.848509159785015,0.0,3.0160635544912202e-05
31033,NE,31-10,0.5183812807324931,0.00877409144859549,442325.0,299788.0,216796.80000000002,243365.2,131776.6,180924.5,1.7869846679940744,1.0861911421219683,1.4913011057566066,0.6078346174851289,0.17031702403031476,0.004553217607109024,0.01667178139218381,0.5182729128584199,0.0,0.02771625281865852,0.0,0.039564625668805954,0.0,0.0
31035,NE,31-90,0.4112510529060206,0.02741967831214151,249310.0,251763.0,400019.0,424954.5,161530.8,208525.3,3.9261864368121615,1.5854247825413739,2.046675794380234,0.40380781912859137,0.6161548758157473,0.013441212568963669,0.3441053689382475,0.004754471467213212,0.0,0.0041268971214991875,0.0,0.016205717281729246,0.00019859947649177997,0.0
31037,NE,31-60,0.6373959296947271,0.07353376503237744,216200.0,228429.0,264806.5,278347.5,108849.2,134936.2,2.8645711007571246,1.1774872318486609,1.459685993228956,0.4110518435159258,0.5070371975537257,0.015330803006623503,0.4097728397007385,0.0024340166966541027,0.0,0.0013789842795792128,0.0,0.05944516676954327,0.0,0.0
31039,NE,31-30,0.6752463612072191,0.03831483025532278,304634.0,317824.0,368376.5,393481.0,187304.8,223553.9,2.864095082688508,1.4562784451341342,1.7381120286061635,0.5084602302264124,0.4947234947643979,0.035699003221908984,0.4210317660088603,0.0,0.0,0.00027688280306081354,0.0,0.045264045509464355,1.2585581957309707e-05,0.0
31041,NE,31-50,0.4289937362239157,0.09395664126463432,367031.0,412573.0,450200.9,489248.2,164289.1,203024.2,2.69642136376741,0.9839887905024632,1.2159877739955371,0.36492397060956566,0.5561464274201172,0.03900643037716962,0.1979164899302669,0.010567826784593271,0.0,0.003318200657822979,0.0,0.1801305465941785,4.8476269654097575e-05,0.0
31043,NE,31-30,0.6619581971302412,0.0006031407998689472,134297.0,141508.0,135059.30000000002,145050.4,69994.1,83442.90000000001,2.3584447414413554,1.2222573127279672,1.4571041662115594,0.5182471699468307,0.5134338694632106,0.0025298923029086697,0.4251561749159058,0.0,0.0,0.0,0.0,0.0565339062102496,0.0,5.65339062102496e-05
31045,NE,31-10,0.4215268061290653,0.027107577153647523,87909.0,102559.0,52065.299999999996,57382.8,32083.5,43494.8,1.2544599516085768,0.7730189945594048,1.047962552856216,0.6162165588213263,0.09308788112208582,0.026784582532981015,0.008492672510457395,0.1752162170067961,0.0,0.001462572762994959,0.0,0.6475979679989079,5.850291051979836e-05,0.0
31047,NE,31-50,0.23934508578873837,0.05059808800213491,254812.0,289517.0,375177.39999999997,403375.7,138791.8,165101.5,3.202173086376941,1.1846005824706154,1.4091562546690246,0.3699364620576826,0.5832956268543816,0.011394840372067961,0.23884262409461277,0.007464155818138486,0.0,0.0028530276287748214,0.0,0.13640304369000783,3.1086257456384255e-05,0.00017270143031324585
31049,NE,31-10,0.3262836340923065,0.0061290417028585925,204926.0,138338.0,105170.2,117429.8,67596.2,91438.59999999999,1.8785960755524926,1.207432866365771,1.6333162351503956,0.6427314961842804,0.2794821379519727,0.005782937443074209,0.020124622301898248,0.48049704347323224,0.0,0.03925891656667004,0.0,0.05347048533302491,0.0,0.0
31051,NE,31-30,0.6698021424328697,0.03278680130266473,195292.0,201551.0,253623.8,271305.0,131033.9,156786.0,3.1094763036726216,1.6065006794622898,1.9222263515790539,0.5166467027148083,0.5191638840789676,0.008732281159607246,0.4327291851690143,0.0,0.0,0.0,0.0,0.03498866291906267,0.0,0.0
31053,NE,31-60,0.4851275871940138,0.026306329097070123,300422.0,305697.0,341316.4,356834.1,144290.2,180143.7,2.7589776550963734,1.1663472298705446,1.4561633809754952,0.42274616748565264,0.5197990166733727,0.0013313836903862321,0.4589577261144205,0.0,0.0,0.0,0.0,0.015593872363811224,0.0001243060939426949,2.2898490989443794e-05
31055,NE,31-60,0.5422540120745667,0.05309463058239567,71721.0,74651.0,58683.1,61355.3,25364.5,31925.399999999998,1.942493712231023,0.8396008691409245,1.056775950153627,0.43222835876086985,0.47827892459578575,0.0010180707559175363,0.42456229655329464,0.017923403571285048,0.0,0.0,0.0,0.053301362339419435,0.005304684465044005,0.00030810036034346493
31057,NE,31-70,0.36793495703027496,0.007856981540253659,168258.0,155141.0,156581.0,177664.9,64870.3,80129.5,2.493989837342174,1.033240744057951,1.2762861309565638,0.4142922832272115,0.6064998936451357,0.018873154098529726,0.032331878742563214,0.18852527700607835,0.0,0.018525083633597825,0.0,0.08780399765374723,0.0,0.0
31059,NE,31-90,0.4934475055845123,0.02372910038583903,295460.0,300205.0,469641.4,497895.2,193866.6,247901.80000000002,3.8657223330648587,1.5957589029743795,2.0405345965389294,0.41279708305102575,0.5898436068686398,0.002401692177012375,0.3784880331773288,0.006235738911743642,0.0,0.005965923285754735,0.0,0.015399477024033577,0.0,0.0
31061,NE,31-80,0.7501204122916867,0.06277092765629516,166096.0,170783.0,253468.59999999998,261541.6,93687.4,131143.9,3.667429140660859,1.3555600215283083,1.8975169329846524,0.3696213258762624,0.558041491249129,0.00395823940321929,0.3410409701199768,0.03580567152468337,0.0,0.004414959334359978,0.0,0.052821416651540255,0.0,0.0
31063,NE,31-70,0.8053209268711324,0.03401237634942861,177112.0,174254.0,177163.80000000002,200404.4,74146.6,91158.50000000001,2.5123169844693716,1.0514549954373111,1.2926966334474155,0.4185200362602292,0.5770312302730497,0.007741572646825898,0.17248958417023424,0.11084394045473848,0.0,0.04161167032033698,0.0,0.07620485039080882,5.738749182228241e-06,0.0
31065,NE,31-80,0.8099403823698297,0.009908010805936328,259487.0,247672.0,353538.5,384925.5,131715.3,189389.19999999998,3.527296824260693,1.3141396464502293,1.8895591957008167,0.3725628184766298,0.5492546593882232,0.007812752349882102,0.1893189379501922,0.15662246842598276,0.0,0.02549743208759973,0.0,0.061298814561193835,0.0,0.00014131593397719564
31067,NE,31-90,0.8835392536997095,0.02219202333902679,401045.0,416936.0,528044.6,559394.7,229894.5,295577.3,3.129560947355871,1.3625153049797392,1.7517974334078799,0.43536947447242147,0.4632605483815262,0.007907688470172881,0.4728663391983422,0.01333298156071915,0.0,0.002060268242607978,0.0,0.03320173839630063,1.1992248210756568e-05,0.00011752403246541436
31069,NE,31-10,0.5825980302420093,0.022205543147951524,109252.0,120954.0,81853.3,90856.7,52623.1,67431.5,1.6722382823921762,1.0750740942411816,1.3776052491362965,0.6428952772826507,0.27010268366486434,0.004894422673082328,0.018387155447525505,0.24901202109893017,0.0,0.0048034790085487045,0.0,0.37813548952494336,0.0,0.0
31071,NE,31-20,0.32966321243523317,0.08095854922279792,15440.0,60785.0,12787.800000000001,14893.800000000001,7694.3,8158.8,0.5198542727853611,0.31279146773427824,0.33167448981069486,0.6016906739235833,0.190491075100765,0.0031586740149707987,0.050867812782758905,0.0,0.0,0.0,0.0,0.7254750349592827,0.0,1.6451427161306244e-05
31073,NE,31-80,0.6144652137963619,0.057753071107961254,135456.0,133685.0,242199.8,250267.4,87000.9,121050.79999999999,4.476857835229918,1.6081378301594573,2.2375213457684513,0.35921127928264185,0.5952126266970864,0.011826308112353667,0.2780790664622059,0.05112017055017391,0.0,0.005370834424206156,0.0,0.054935108650933165,0.0,0.0
31077,NE,31-50,0.6188455580251903,0.09024550414225097,118776.0,138118.0,150470.30000000002,161940.69999999998,59302.3,69708.2,2.6920474435612167,1.060970870080676,1.2471416725111466,0.3941129910686693,0.5412545794175995,0.019244414196556568,0.2741496401627594,0.0023603006125197295,0.0,0.0,0.0,0.15147192979915725,0.0,0.0
31079,NE,31-50,0.15283852954862726,0.019214363269737862,257880.0,264556.0,312491.2,328851.10000000003,110488.1,130587.3,2.918786842148062,1.0320009411271078,1.219735125314382,0.3535718765840446,0.75447542297283,0.004690878301758418,0.19386065710095404,0.0016442643523488412,0.0,0.004517002071395092,0.0,0.03348629401714571,2.6459426359636522e-05,3.4019262462389815e-05
31081,NE,31-60,0.19783510981040112,0.06406116696724587,277797.0,281549.0,391582.2,411709.2,153402.9,187789.4,3.4367754425251675,1.3463618099396346,1.6481596923622566,0.39175146367735814,0.6780844542157848,0.0030616340317315993,0.28235937616542767,0.004745177571222061,0.0,0.00131415845909593,0.0,0.014952992196740176,1.0655338857534569e-05,0.0
31083,NE,31-80,0.8269918080417981,0.022266904591713422,194459.0,191460.0,285190.7,301079.10000000003,102041.9,146318.69999999998,3.6807770142268836,1.3169906312093564,1.8884434440238025,0.357802340679412,0.5553170375013058,0.009563355270030294,0.2720254883526585,0.09644312127859606,0.0,0.019011804032173823,0.0,0.034821894912775514,0.0,1.5669069257286116e-05
31085,NE,31-70,0.6299459957850368,0.03323234984193888,151840.0,144999.0,133090.80000000002,151296.8,54662.8,67230.3,2.2681158424382386,0.931556220805893,1.1457298965959744,0.4107180962170187,0.5820109104200719,0.006269008751784495,0.06117283567472879,0.14441478906751082,0.0,0.0449244477548121,0.0,0.11191111662839054,0.0,0.0
31087,NE,31-70,0.7682599494141331,0.0034171269292314044,193730.0,150064.0,123337.5,139322.2,55405.1,71948.7,2.030957457265334,0.9123372941362647,1.1847552350708124,0.4492153643457991,0.43087615950527774,0.0038516899456232006,0.024329619362405373,0.3772590361445783,0.0,0.09054136901588655,0.0,0.05721558801577993,0.0,0.0
31089,NE,31-20,0.30906725392249895,0.08231130527157599,335118.0,552705.0,254493.30000000002,300444.60000000003,147714.6,160772.80000000002,1.1377979930946482,0.6604078591883508,0.7187889393717134,0.5804262823422071,0.3354574320840231,0.006643688767063804,0.17964194280855067,0.011966600627821351,0.0,0.002218181489221194,0.0,0.4056847685474168,0.0,0.0
31093,NE,31-50,0.4333445831927101,0.10002272930772038,145187.0,164447.0,192049.5,207885.9,71786.5,86021.2,2.885821265093214,1.0786958999977299,1.2925928378300198,0.3737916526728786,0.5988069104331487,0.014910579092351944,0.2357051207987984,0.009571472875759364,0.0,0.0016175424300838568,0.0,0.1297013627490924,0.0011371444903221098,0.00019459157053640383
31095,NE,31-90,0.8989037806313787,0.011702882448795016,256518.0,267279.0,326617.2,346509.7,137934.0,178456.7,3.0196486742219717,1.2752305152029146,1.6498718915018198,0.42231088871008626,0.4835359306193154,0.004818934521604765,0.4415535825859869,0.020514144395930845,0.0,0.0037975299219167986,0.0,0.04012660927345583,0.0,0.0
31097,NE,31-90,0.6096569297933334,0.080043469299807,106742.0,119488.0,169603.3,179749.69999999998,74457.2,96046.09999999999,3.507455823563043,1.5398010519028709,1.9862670878191542,0.43900796741572834,0.449752276379218,0.00030128548473486877,0.4179331815747188,0.01565847616497054,0.0,0.004058985002678093,0.0,0.10133235136582754,0.0,0.00016738082485270487
31099,NE,31-80,0.5765406165523205,0.12461187075023036,228983.0,240041.0,439836.2,452438.80000000005,166125.0,228341.3,4.527805332591867,1.7101404133557536,2.3506136052261257,0.3776974246321699,0.5830295657825122,0.00911510950212672,0.3153502943247195,0.019550826733766315,0.0,0.0026578792789565117,0.0,0.05626122204123462,0.0,4.165954982690457e-05
31101,NE,31-70,0.4481272400523906,0.039622909707485963,196982.0,183434.0,172747.1,196100.9,77929.2,96310.59999999999,2.3270897457857624,1.0497903711106458,1.2974076535610395,0.451117269117687,0.5602669079887044,0.009071382622632664,0.08863133334060207,0.17772604860603813,0.0,0.0,0.0,0.089181940098346,0.0,0.0
31103,NE,31-20,0.34360004463787525,0.10743778596138824,35844.0,84323.0,19263.5,23508.600000000002,11074.6,11734.0,0.5645096255935794,0.32453698962279204,0.34386045872842735,0.5749007189763023,0.2135716234004957,0.025153279650866313,0.058785859136890294,0.0,0.0,0.005395918076918515,0.0,0.5951163976613735,0.0,0.0
31105,NE,31-10,0.3944945722683594,0.010041853271665116,272858.0,195509.0,156041.7,176877.3,98074.7,131781.1,1.9722234681413633,1.2395739406256387,1.6655918134542484,0.6285159672062018,0.18262586377097728,0.0070533837316952164,0.0,0.4786787309024137,0.0,0.009355068053133103,0.0,0.11237334342664532,0.0,0.0
31107,NE,31-30,0.5005820247213302,0.04664350646115381,220781.0,275534.0,324330.2,351738.19999999995,157284.8,193783.99999999997,2.908669630329543,1.410567135198807,1.7379005582698746,0.4849526809405969,0.44297255511116596,0.033121139314930284,0.27839758432716105,0.0038180406047892456,0.0,0.00036293161642483325,0.0,0.21551968178155873,1.0887948492744997e-05,0.0
31109,NE,31-60,0.8216905160131326,0.044480579817877716,322860.0,341422.0,347467.10000000003,363082.2,149588.1,188748.90000000002,2.5148054399772044,1.0826491706289718,1.3660768473035674,0.4305101116048109,0.4573753302364815,0.0046716380315269665,0.461748217748124,0.004317237904997335,0.0,0.0017690717059826255,0.0,0.058402797710750916,0.00045691255982332715,0.0005418514331238174
31111,NE,31-70,0.4585845783361587,0.07497267066968742,315595.0,374240.0,300755.8,344520.7,127387.4,153283.1,1.98584803034049,0.8411209937769982,1.0121066400697323,0.4235575839268935,0.5381386276186404,0.02296654553227875,0.1735063061137238,0.02321504916631039,0.0,0.0050582513894826845,0.0,0.18290401881145787,0.002768277041470714,5.344164172723386e-06
31113,NE,31-20,0.36688104472482697,0.049045117580637246,20369.0,33846.0,27866.0,32592.2,17111.1,18465.0,2.0344615493600515,1.2492598513333373,1.3481063844446046,0.6140493791717505,0.37723807835490164,0.0,0.12016190982686285,0.012202328192400875,0.0,0.0,0.0,0.47104532293328605,0.0,0.0
31115,NE,31-20,0.33478414304199505,0.09940007057993178,8501.0,22195.0,7648.200000000001,9365.1,4659.1,4994.8,0.8515032117761542,0.518715333540739,0.5560900920712761,0.6091760152715672,0.19490876323496284,0.01676053165127281,0.036134264473980625,0.0,0.0,0.017841856273935572,0.0,0.6343320567695427,0.0,4.505519261094841e-05
31119,NE,31-30,0.72657223796034,0.09334917298729782,273575.0,285913.0,310909.2,334290.3,162230.7,193427.2,2.687087906728663,1.4021075994860417,1.6717288840355524,0.5217944660370295,0.4896629394256295,0.022087138395246106,0.43030921993753346,0.0006680353813922417,0.0,0.00017487837209220986,0.0,0.05266287297184808,0.00012241486046454692,0.0
31121,NE,31-60,0.2650641043060485,0.06685978575737649,183997.0,189835.0,251298.9,264297.6,101020.9,124674.09999999999,3.2711202121199485,1.3149739526776603,1.6228641209247778,0.4019949948049912,0.5749255932783733,0.005409961282166091,0.3468275080991387,0.005236126109516159,0.0,0.001043011035899597,0.0,0.04122000684805226,0.0,0.0
31123,NE,31-10,0.37921380448067626,0.0706058726842514,166091.0,174474.0,191941.6,215329.30000000002,108282.1,133158.6,2.718445286255721,1.5335860716534122,1.8859088831936957,0.5641408636793691,0.4529270836915529,0.02296044109724085,0.0017710375184841294,0.1312688423490033,0.0,0.0,0.0,0.22146566250558822,0.0056111512317021444,0.0
31125,NE,31-60,0.6717466245331801,0.07386526860097672,139240.0,150246.0,177431.5,186513.19999999998,71337.4,89268.8,2.918166107037216,1.1732662060804122,1.4681789117258424,0.4020560047116774,0.5353819735633562,0.004905288659931046,0.36496811895158604,0.0030616455679352526,0.0,0.0010116741876655619,0.0,0.08428843363550444,0.0,0.0
31127,NE,31-90,0.6816038511985634,0.029039127838919106,212713.0,216157.0,246072.30000000002,259748.80000000002,109210.4,139753.69999999998,2.8130381879838615,1.2484665105539823,1.5976300258584168,0.4438142773485678,0.4746411173360104,0.0008558593984927622,0.4984895238183357,0.007092067339942726,0.0,0.0,0.0,0.015974500016191936,0.0,0.00024056588498174938
31129,NE,31-90,0.7255623600209092,0.03546066136003366,235303.0,245106.0,321032.9,342156.3,127089.3,167611.4,3.236516332444345,1.2812599429183709,1.6897864162952208,0.39587624819761463,0.5290200974272355,0.005144712899725017,0.33358628511745936,0.06644472187543349,0.0,0.018885706592249883,0.0,0.04133313749969401,8.159734971808116e-06,0.0
31131,NE,31-90,0.7654836943873554,0.01804778434438293,305079.0,315519.0,379981.3,401777.4,167943.2,213999.6,2.9759039578247077,1.315282708832636,1.6759831513100891,0.4419775394210189,0.4803894535669801,0.0005514723360558318,0.48019929069247813,0.003755716771414717,0.0,0.0,0.0,0.032102662597181156,8.240391228420475e-05,0.0003961726552125229
31133,NE,31-90,0.6769038419334029,0.007907320090179361,150367.0,165417.0,206882.1,218855.4,90557.3,117462.0,3.0904731822743887,1.3527748756860865,1.7546861760215806,0.437724191701457,0.4130349359497512,0.0,0.4758519378298482,0.009194943687770907,0.0,0.008270008523912294,0.0,0.08818319761572269,0.0,0.0
31135,NE,31-70,0.476205381238863,0.015531999319766452,405743.0,360285.0,356276.3,403186.39999999997,162471.4,199754.8,2.4435597102074817,1.1143277481578309,1.370039997610151,0.4560264042261582,0.6057870852241976,0.00452142054207086,0.08136891627461593,0.19945321065267774,0.0,0.011998834256213831,0.0,0.017433420764117295,0.0,0.0
31137,NE,31-80,0.5113158665606538,0.028661535944852982,262861.0,264181.0,496262.69999999995,509289.4,185352.8,255052.19999999998,4.641862351623525,1.7337232560254978,2.3856663111669554,0.3734973432417951,0.6090218448715086,0.013642162002566422,0.3344865830623701,0.014751250089900485,0.0,0.0013362051018052017,0.0,0.022851756939371113,0.0,0.0
31139,NE,31-30,0.6220343559110391,0.062126657892072494,237048.0,249870.0,298993.60000000003,319954.7,153344.2,183532.7,2.9568546677968968,1.5164756488084723,1.8150205244806827,0.5128678339603255,0.5217953335734582,0.011165806219234001,0.39487333413374953,0.0028814983791571615,0.0,0.0,0.0,0.06064353463801177,2.0010405410813623e-05,0.0
31141,NE,31-60,0.5868973153209334,0.06015870086731869,314302.0,322292.0,456758.4,479236.9,187161.7,232605.80000000002,3.502024830598715,1.4349925928829497,1.7834182958458533,0.4097608276060167,0.5364545195040522,0.013847690913829695,0.4102056520174252,0.0027614709642187828,0.0,0.0008998051456443225,0.0,0.02380760304320306,0.0,0.0
31143,NE,31-60,0.3312910557854119,0.03975953983882826,208101.0,214895.0,262391.6,275015.0,108416.9,135054.8,3.0172119598771427,1.2466739306166974,1.5529801937211998,0.41318738862067234,0.537536936643477,0.012796947346378464,0.4079573745317481,0.0014704855859838525,0.0,0.002094045929407385,0.0,0.032457711905814465,0.0,0.0
31145,NE,31-70,0.7834408774175199,0.007359215017064847,225024.0,192374.0,226815.3,256805.0,92951.5,116883.79999999999,2.9134540649510616,1.1939667452693827,1.5013783560320968,0.40981141924729064,0.510869452212877,0.00947113435287513,0.09386403568049737,0.23293688336261656,0.0,0.06577811970432595,0.0,0.06073585827606641,4.158566126399617e-05,0.0
31147,NE,31-90,0.7528404624181789,0.030270681793732362,241686.0,251097.0,313245.5,331267.1,139374.4,178036.3,3.082659242060755,1.3715880428184044,1.752061069088945,0.44493663915363507,0.4809416281357404,0.005750765640370056,0.46342250206095653,0.009374863100714066,0.0,0.000712871918023712,0.0,0.03599007554849321,3.9825246816967145e-05,5.973787022545072e-05
31149,NE,31-20,0.48512988735859525,0.04944644106225427,41459.0,107703.0,29979.5,35484.4,18746.8,20544.0,0.6878263171587499,0.43011198994351646,0.47134554811485707,0.6253206357677746,0.18878768465130963,0.0,0.1444156615878852,0.0,0.0,0.0,0.0,0.6200662934180107,0.0,0.0
31151,NE,31-90,0.5957709077333784,0.016972015017362944,283938.0,294084.0,382461.0,405517.5,161603.8,207628.5,3.213645465285889,1.3578830757723472,1.7446076527779595,0.42253667694222413,0.5229900300594388,0.002516287863331565,0.4189823315787326,0.01202377551991948,0.0,0.005137987785802696,0.0,0.03491859468723222,0.0,0.0
31153,NE,31-60,0.7342408860175358,0.012436548223350254,86680.0,88710.0,75946.2,79255.1,32833.8,41246.4,2.1155128758856536,0.9145991065287582,1.1489355660181817,0.4323297281496639,0.4598466914665765,0.0,0.5076316086123324,0.0008116334122421373,0.0,0.0,0.0,0.020831924247548192,0.0009243602750535453,0.0011272686281140797
31155,NE,31-60,0.7084303586154691,0.04448415970883642,398951.0,401777.0,457836.3,478672.00000000006,197116.8,247632.8,2.8158359876502526,1.212329776407981,1.5230189261152893,0.4305399113176478,0.5211547699345657,0.004089333137536494,0.43379038620926536,0.0027876160158495883,0.0,0.0001617812866341279,0.0,0.03024314482909674,0.0,8.96019433665939e-05
31157,NE,31-10,0.11670382845486028,0.05163568344933685,147553.0,182229.0,225263.5,251782.5,106415.3,125635.70000000001,3.0546083827562467,1.4430081545990399,1.7036397924805795,0.47240365172342613,0.41518638636001953,0.01500310049443283,0.0,0.035191983712800926,0.0,0.0015529910167975459,0.0,0.2385899061071509,0.0008505781187407054,0.0
31159,NE,31-60,0.6658957257601836,0.06785714285714285,278880.0,286817.0,346662.2,364457.5,145341.9,181651.8,2.9866463693312033,1.2521839933707763,1.565009651910355,0.4192608827844512,0.5059637329725922,0.006690677330841617,0.4321396569938323,0.0025521499771631387,0.0,0.011184832140354303,0.0,0.035918373039255,6.973087369298193e-05,4.881161158508735e-05
31161,NE,31-10,0.24324000383545882,0.036868347876114684,166864.0,208513.0,147892.3,164906.9,82226.1,100488.90000000001,1.752647710577108,0.9744482026088199,1.1908776895309086,0.5559863495259727,0.24745699308915992,0.02449727355128937,0.007179408478128462,0.12171902950895148,0.0,0.00246986998412569,0.0,0.43716219132620027,0.0,0.0
31163,NE,31-50,0.5446925401247891,0.028371855746968568,127415.0,140373.0,128508.40000000001,141091.4,49938.5,59999.4,2.262195522196938,0.8790915697746744,1.0561984587350162,0.38860105642899606,0.5600364742507462,0.007294850149245225,0.29441559274219403,0.0015886245930485207,0.0,0.0,0.0,0.12940522750101516,0.0,0.0
31165,NE,31-10,0.07680278531806917,0.05160509854832999,33892.0,70658.0,41480.2,45970.299999999996,21864.5,26277.7,1.4506468686255358,0.7646459867373597,0.9189845569616648,0.5271069088384338,0.22579184239576552,0.021115797220413825,0.0,0.039004783605536525,0.0,0.0,0.0,0.6157547623765178,0.0,0.0
31167,NE,31-30,0.7177651929204363,0.07063283484894295,171988.0,186147.0,217694.3,234641.8,110973.0,133007.3,2.8898361534017485,1.4731381917278141,1.7656378885728858,0.5097652993211123,0.4804912246772712,0.010330545214266145,0.4182876973574648,0.0,0.0,0.0,0.0,0.08337496709589733,0.0,0.0
31169,NE,31-90,0.7740746865446343,0.023571165074478775,235839.0,243564.0,413538.4,439130.6,169313.6,218909.0,4.195511819617071,1.717753925686023,2.220919017243751,0.40942654902180786,0.5294214251695653,0.00716854707592255,0.3922295577343121,0.02745890197237687,0.0,0.008014320671363585,0.0,0.029573335960979455,4.516266771772512e-05,0.0
31173,NE,31-30,0.6576123847686615,0.014856905121636121,182676.0,194807.0,210390.0,225607.3,108355.1,129142.0,2.668718331829807,1.374443850550178,1.6381178896770994,0.5150202005798755,0.4923796372820278,0.009640310666454491,0.4231521454567854,0.0020943805920731803,0.0,0.0,0.0,0.06210762446934658,0.0,0.0
31175,NE,31-50,0.5681729028364514,0.05454133977066988,132560.0,154407.0,157113.19999999998,169660.1,59603.6,72969.29999999999,2.514362510736368,0.9538667492287485,1.167764849514078,0.3793672333069405,0.49489336623339614,0.023263194026177568,0.27884746157881446,0.011715790087236978,0.0,0.005459597038994346,0.0,0.15197497522780704,0.0,0.0
31177,NE,31-60,0.6594779247223471,0.010072507584096911,193497.0,205394.0,231380.6,241569.6,99004.7,124284.0,2.7836933613981714,1.191105590257859,1.4952357532481562,0.4278867804820283,0.4761093313339241,0.0023661840170598946,0.45217971313670313,0.0004868691393127355,0.0,0.0,0.0,0.052333563784725944,0.00014606074179382064,0.0001411920504006933
31179,NE,31-30,0.6291614544683558,0.02447577652920598,235825.0,244345.0,285866.7,306897.0,147929.0,176327.0,2.8909615483132343,1.4960016360087707,1.783189776666634,0.5174754527197466,0.5048394687838916,0.023610059546952056,0.4273629499273568,0.0,0.0,0.0,0.0,0.03902269332296548,3.274059219546134e-05,0.0
31181,NE,31-80,0.9171759340254946,0.0374816754242554,165761.0,184235.0,265780.3,275273.7,99835.8,139629.9,3.5647809817872633,1.3390486847276373,1.8727874564399896,0.37563280649468755,0.43758243547642955,0.00662197736586425,0.3238146931907618,0.09243629060710505,0.0,0.016126143240969414,0.0,0.10446983472195837,0.0,0.0
31183,NE,31-20,0.2529623360135421,0.20704612780363943,37808.0,73590.0,44984.5,52216.7,27695.0,29958.6,1.5105193684752956,0.9299610734791608,1.00596973518443,0.6156565039069013,0.31354803641799156,0.027204783258594916,0.13069710558499797,0.0,0.0,0.0,0.0,0.5164968066313358,0.0,0.0
31185,NE,31-60,0.28396570514233876,0.03210575717678483,317482.0,320370.0,435946.0,460945.5,172039.8,211578.59999999998,3.3625059346719377,1.3269644600472839,1.6319321616658484,0.39463557413074096,0.6429690670162624,0.004335611948684334,0.3383993507506945,0.0,0.0,0.003920466960077411,0.0,0.008596310515965915,0.00023098292599182195,3.1213908917813776e-05
32001,NV,32-10,0.3126819505094614,0.1964155749636099,10992.0,42703.0,11990.400000000001,12052.2,5215.6,6542.900000000001,0.6938370526529518,0.3018061559094555,0.3786117603918967,0.43498131838804377,0.0,0.11205301735241084,0.0,0.010116385265672202,0.0,0.0,0.0,0.7526403297192235,0.0006556916375898649,0.00046835116970704636
32013,NV,32-10,0.06950468244979142,0.01820492278792232,36199.0,126104.0,30882.8,31429.4,8429.6,11595.4,0.6051597153757354,0.1651810825680087,0.22721608674303503,0.2729545248487832,0.0,0.0014908329632684135,0.0,0.0,0.0,0.0,0.0,0.86372359322464,0.0,3.964981285288334e-05
32015,NV,32-30,0.05564612542114988,0.02890990109770677,9201.0,34142.0,6178.6,6261.1,3100.5,3427.0,0.44718098234814246,0.2244010998883915,0.24803179142638854,0.5018127083805393,0.0,0.0,0.0,0.0,0.0,0.0,0.0,0.9596098646827954,0.00011715775291429911,0.0
32019,NV,32-10,0.20266521948866378,0.12807525325615052,16584.0,46569.0,16814.399999999998,16946.9,5750.0,7054.900000000001,0.8922091361509813,0.30510767751856405,0.37434854854360305,0.34196878865734137,0.0,0.05132169468960038,0.0,0.00994223625158367,0.0,0.0,0.0,0.8409886405119286,0.026820417015611244,0.000665678885095235
32027,NV,32-10,0.08332366252756179,0.07024873312444394,25851.0,36893.0,7854.6,7982.1,3246.0,4449.5,0.526092735552001,0.2174136199936082,0.2980227671477387,0.4132610190207012,0.09294446100886347,0.021901173664380776,0.0,0.07963570324993902,0.0,0.0,0.0,0.7482449245114249,0.0,0.0
34001,NJ,34-80,0.11543624161073826,0.34308724832214765,7450.0,16058.0,2333.0,2525.4,701.6,830.5,0.35900912626908504,0.10796433904431636,0.12779986256599876,0.30072867552507504,0.04215967119192925,0.0,0.015942209490596587,0.0,0.0,0.0,0.0,0.07099265163781293,0.32644164902229417,0.013326690746045585
34005,NJ,34-50,0.47097087968873486,0.27451516809532495,32898.0,46095.0,31151.800000000003,35784.700000000004,17897.9,21387.5,1.6699810006267148,0.9594679264478098,1.1465378774550383,0.5745382289305915,0.11979607332682504,0.004794446252305022,0.40833062154246663,0.026380301551144375,0.0,0.009567198177676537,0.0,0.09938171168239505,0.08341468705933398,0.004620891636836967
34011,NJ,34-80,0.46365745215542237,0.3037889039242219,31038.0,44256.0,20578.4,23858.8,10092.1,12163.6,1.149004289132302,0.5634969767499954,0.6791601179532747,0.4904219958791743,0.14468094721619668,0.013060375994215473,0.24421547360809834,0.07115419378163412,0.0,0.0,0.0,0.06690618221258135,0.2017353579175705,0.04934924078091106
34015,NJ,34-80,0.29517387680884916,0.3977574058640806,26398.0,33112.0,18236.2,21790.3,8599.6,10578.2,1.3609154256799714,0.6417635414547702,0.7894207979693069,0.47156754148342306,0.17084440686156077,0.020355158250785214,0.2978074414109688,0.07975960376902634,0.0,0.0,0.0,0.13155351534187001,0.19479342836433922,0.04717323024885238
34019,NJ,34-20,0.5793936911102008,0.21114297419090536,24410.0,57106.0,20204.7,21703.3,7821.2,9890.5,0.8742846812821132,0.3384338965311865,0.4279753047667494,0.387098051443476,0.15833712744720344,0.020137989002906875,0.13986271144888454,0.038577382411655516,0.0,0.0,0.0,0.5127657338983644,0.016635730045879593,0.009316008825692572
34021,NJ,34-50,0.5509577733093449,0.14033231029738596,9449.0,12724.0,7612.2,8590.4,4071.7,4838.0,1.478320956306473,0.7907411047782593,0.9395597575747768,0.5348913586085494,0.1646494812951902,0.0,0.43233259981138006,0.013439170072304307,0.0,0.0,0.0,0.15663313423451744,0.06271612700408677,0.04212511788745677
34023,NJ,34-50,0.4495299356754082,0.07632360217714003,8084.0,10052.0,7133.3,7842.6,3193.4,3762.2000000000003,1.7535583143849292,0.7850241993406744,0.9248506428131413,0.4476749891354633,0.2711898129725428,0.0,0.323716673298846,0.008953442101074413,0.0,0.0,0.0,0.057103064066852366,0.11997612415439714,0.007859132510943096
34025,NJ,34-50,0.36087306819014137,0.26126126126126126,13653.0,20836.0,8796.2,10248.9,4778.5,5755.3,1.043188882924496,0.5667081327226193,0.6825521222681785,0.5432459471135263,0.08317335381071222,0.0,0.3123440199654444,0.020781339988481473,0.0,0.0,0.0,0.1605874448070647,0.06843923977730851,0.025724707237473603
34033,NJ,34-80,0.3530575679675937,0.21677962140687076,64185.0,74941.0,52846.9,57963.899999999994,25487.4,30025.8,1.7425379143402333,0.840404277979508,0.9900504080352295,0.4822875135533021,0.24150998785711425,0.012623263634058792,0.38488944636447336,0.06653233877316822,0.0,0.0,0.0,0.1290481845718632,0.1651832775116425,0.017093446844851284
34037,NJ,34-20,0.38907619689817935,0.18189480782198247,5932.0,20441.0,10217.1,10570.6,2879.0,3529.2,1.2351158910954334,0.3480340459096762,0.4266348575284575,0.28178250188409626,0.1319407074017905,0.058363093782104594,0.032581576243823684,0.003669096423854019,0.0,0.0,0.0,0.5751186341177046,0.027591605107382223,0.019323907832297833
34041,NJ,34-20,0.26751633986928103,0.07127450980392157,30600.0,42758.0,34446.4,36500.1,12953.3,15791.499999999998,1.9907130390033596,0.7485921085548045,0.91261626629841,0.37604219889451435,0.41398100940174937,0.0170728284765424,0.19376490949062164,0.015459095373965106,0.0,0.002081481827962019,0.0,0.24182609102390196,0.03908040600589363,0.010945320174002526
35009,NM,35-30,0.3035429166876754,0.03511823728129884,237996.0,168118.0,112003.40000000001,114436.09999999999,36597.3,70308.3,1.6462629154890915,0.5379191863553153,1.0334145833169501,0.3267516878951889,0.036587396947382195,0.1014703957934308,0.0,0.3884711928526392,0.03363114003259615,0.14808051487645582,0.0,0.18079563163968165,0.001974803411889268,0.00015465327924434028
35013,NM,35-90,0.02000292013432618,0.10573806395094175,34245.0,76223.0,68540.09999999999,80585.70000000001,40863.6,46149.2,2.221983857404938,1.3247465287540057,1.496099034465254,0.5961998888242066,0.0,0.04833186833370505,0.0,0.021883158626661244,0.15252614040381512,0.0,0.0,0.23271191110294792,0.09393490153890557,0.4526586463403435
35025,NM,35-90,0.12083767451552407,0.1817461971244009,47990.0,48333.0,70839.5,75960.5,29896.7,39726.6,3.6217122194863265,1.5284868429663798,2.0310464170222193,0.4220343170124013,0.0,0.21831874702584156,0.0,0.03542093393747543,0.3387954399685515,0.0,0.0,0.1937185773694991,0.06691080628142262,0.008524196718598059
35029,NM,35-70,0.049395727937043284,0.08382518268690275,14232.0,20168.0,14586.4,15399.099999999999,4988.6,6561.400000000001,1.7871766839709742,0.6112206991209347,0.8039256495233335,0.34200351011901503,0.0,0.07759817532725109,0.0,0.011305037683458944,0.14493256644188815,0.023254660848869495,0.0,0.335680285600952,0.2872372074573582,0.10348076160253868
35037,NM,35-30,0.22045572864522847,0.025249289175443515,99884.0,41965.0,51291.5,53583.5,15989.1,30929.7,3.020232496967261,0.9414971177926019,1.8212546925211448,0.3117300137449675,0.0,0.0,0.0,0.5126414869534136,0.05842964375074467,0.19549624687239367,0.0,0.17068986059811747,0.0,0.00045275825092338856
35045,NM,35-10,0.03647305921318362,0.1917763955085225,49516.0,69343.0,30160.500000000004,31231.899999999998,2448.0,5874.3,1.0747763808517719,0.08723504518576075,0.20933203673803694,0.08116576316705625,0.0,0.0023073706069826803,0.0,0.0,0.0,0.0,0.0,0.5254892346740118,0.1005436741992703,0.0017161068889433686
35057,NM,35-30,0.043760307861462344,0.07817482133040132,9095.0,12144.0,19232.3,23024.9,5907.0,7908.6,3.9133768346434157,1.2019528065930054,1.609237170513195,0.30713955169168533,0.0,0.21961462450592886,0.0,0.06274703557312253,0.0,0.0,0.0,0.5437252964426877,0.03491436100131752,0.0
35059,NM,35-30,0.09704664048630911,0.07644305772230889,18589.0,20898.0,22869.9,25434.1,7680.3,11424.800000000001,2.7042182809914466,0.9081459763050388,1.350908968411365,0.33582569228549314,0.3860178007464829,0.05861804957412192,0.0,0.2727533735285673,0.0,0.0,0.0,0.3144798545315341,0.0,0.0
36001,NY,36-60,0.2151468315301391,0.07650695517774343,6470.0,28306.0,3582.5,5266.1,374.2,382.8,0.31274465806052426,0.03266686700523327,0.03341762878034018,0.10445219818562457,0.047587084010457144,0.05044866812689889,0.0,0.0,0.0,0.0,0.0,0.7441885112696954,0.034339009397300925,0.008726065145198898
36003,NY,36-70,0.12645758641094365,0.15294650005221205,28729.0,71998.0,24534.8,31294.7,10054.8,10167.8,0.8420624341260324,0.3450922511147607,0.3489705405263818,0.4098178913217144,0.135823217311592,0.09980832800911137,0.010278063279535543,0.029236923247867995,0.0,0.0,0.0,0.4354565404594572,0.023681213367037973,0.0013055918219950554
36007,NY,36-80,0.3676454044324446,0.13387332658341772,8889.0,26979.0,7562.3,10174.699999999999,1066.0,1069.0,0.692644288620462,0.09763680516105054,0.09791158041009665,0.14096240561733864,0.04688832054560955,0.18191927054375626,0.0,0.0,0.0,0.0,0.0,0.46769709774268875,0.008969939582638349,0.005522814040550057
36009,NY,36-70,0.15382533991747277,0.17337482243117094,29566.0,67314.0,36759.5,50484.0,15598.1,15763.3,1.3494176946908913,0.572596257934901,0.5786606440980134,0.42432840490213414,0.11437442433966188,0.14989452417030633,0.05080666726089669,0.011379505006387973,0.0,0.0,0.0,0.3370175594972814,0.013771280862821998,0.005927444513771281
36011,NY,36-50,0.21742247238742565,0.22748513169073917,112992.0,155963.0,93959.1,126245.9,31813.4,32394.3,1.4886735474318613,0.5040466227738322,0.5132503131423347,0.3385877472219295,0.17454780941633594,0.21271711880381886,0.19168007796721018,0.04497861672319717,0.0,0.0,0.0,0.15873636695882998,0.02078056975051775,0.00344312433077076
36013,NY,36-70,0.07814788078787253,0.20338248942972054,48485.0,104436.0,41894.7,56383.899999999994,17322.6,17585.7,0.9912679368179986,0.4098689801412461,0.4160941731651087,0.41347950934127703,0.13670573365506147,0.15428587843272434,0.04441954881458501,0.010159332031100386,0.0,0.0,0.0,0.2608487494733617,0.028505496189053584,0.16403347504691868
36015,NY,36-80,0.22784921613528272,0.13589924255768893,11354.0,26637.0,5918.2,9008.6,923.2,927.1,0.5490179331752743,0.08564316108063487,0.08600495519698503,0.15599337636443514,0.19889627210271427,0.054060141907872505,0.04583849532605023,0.0,0.0,0.0,0.0,0.4545181514434809,0.007883770694898075,0.007208018921049668
36017,NY,36-50,0.23525520890750745,0.13951052805644362,18142.0,65359.0,18024.8,22985.1,4177.7,4296.9,0.6814708119569397,0.15794797229997043,0.1624546143035026,0.23177510984865296,0.060557842072247126,0.13165746109946602,0.014014902308786855,0.0,0.0,0.0,0.0,0.48456983735981274,0.004176930491592588,0.0007344053611591365
36019,NY,36-30,0.09148507502253327,0.01945814113779757,37722.0,67019.0,18885.8,40439.6,6416.6,9532.1,0.696337279474864,0.23658610106420766,0.35145752796716856,0.3397579133528895,0.15164356376549934,0.19927184828183053,0.0,0.0,0.0,0.0,0.0,0.3451707724675092,0.009146659902415732,0.049448663811754875
36021,NY,36-90,0.43264556918997926,0.0897039328325232,29419.0,54856.0,15304.2,22503.7,8481.2,8939.500000000002,0.689395905470649,0.3820457491066288,0.4026904181175669,0.554174671005345,0.1946550969811871,0.09171284818433717,0.09747338486218463,0.009643430071459822,0.0,0.0,0.0,0.3497338486218463,0.029039667493072772,0.040815954499052065
36023,NY,36-50,0.09829681415098766,0.26021676910805613,21313.0,48244.0,21868.6,27231.2,4972.2,5116.900000000001,1.1201079398791252,0.2546756856253709,0.2620872080319498,0.22736709254364706,0.11064588342591825,0.18563966503606666,0.03364148909708979,0.005409999170881353,0.0,0.0,0.0,0.3628430478401459,0.004995439847442169,0.00043528728961114336
36025,NY,36-90,0.518148893360161,0.10301810865191147,12425.0,53990.0,7291.8,10197.8,3718.1,3902.0,0.33373643648495577,0.17017272065809733,0.17858959038430805,0.5099015332291067,0.04282274495276903,0.08523800703834043,0.010112983885904796,0.0,0.0,0.0,0.0,0.5679755510279682,0.0065197258751620675,0.0016299314687905169
36027,NY,36-90,0.38749655742219774,0.15597172496098413,10893.0,32371.0,8006.9,12002.1,4498.9,4719.299999999999,0.6112100580363431,0.34342541184474684,0.36024973796237164,0.5618778803282168,0.14701430292545797,0.030490253622069138,0.025084180284822837,0.007506718976862006,0.0,0.0,0.0,0.5765654443792283,0.03225108893762936,0.017515677612678013
36029,NY,36-40,0.14145096609551586,0.16473447563494956,41145.0,79342.0,23270.199999999997,30226.0,13116.8,14113.6,0.7247349005340463,0.4085140111956485,0.4395586841616023,0.563673711442102,0.12234377757051751,0.13574147362052885,0.07606311915505029,0.027022258072647527,0.0,0.0,0.0,0.36840513221244736,0.04517153588263467,0.014418592926823121
36033,NY,36-30,0.3314623720910151,0.18768619662363456,23161.0,61482.0,14071.5,30558.7,5180.7,6852.5,0.565554694921313,0.20822010503349656,0.27541225505086864,0.36816970472231103,0.0725903516476367,0.1911779057285059,0.014264337529683485,0.0004879476920074168,0.0,0.0,0.0,0.4042809277512117,0.016004684297843273,0.0005692723073419863
36037,NY,36-40,0.14165378670788253,0.1545015455950541,103520.0,133858.0,59720.2,76032.1,29934.8,31759.3,1.1024505671902618,0.552604265202177,0.5862850140918096,0.5012508330514633,0.18679496182521776,0.17251116855174886,0.10709109653513425,0.0745192666855922,0.0,0.0,0.0,0.13855727711455423,0.1638079158511258,9.711784129450612e-05
36043,NY,36-50,0.2553100923679394,0.14302132550121313,23493.0,54066.0,22051.7,28061.7,5207.7,5348.400000000001,1.0078596050196964,0.23801477732152498,0.2444453856839765,0.236158663504401,0.07174564421262901,0.17105019790626272,0.03954426071838124,0.002848370510117264,0.0,0.0,0.0,0.5039766211667221,0.005530277808604298,0.0004993896348906891
36045,NY,36-20,0.07247430830039525,0.1380395256916996,63250.0,143762.0,29845.5,44068.7,13445.8,14730.199999999999,0.5129995174370338,0.23111319668140481,0.2531901121358662,0.4505134777437134,0.10666935629721346,0.1626855497280227,0.04365548615072133,0.019650533520680014,0.0,0.0,0.0,0.38622862787106466,0.0018850600297714278,0.0016555139744856083
36049,NY,36-20,0.12845810111964653,0.09850881156800723,39834.0,94878.0,16104.7,24480.300000000003,6397.3,6630.5,0.419439494605099,0.16661473227301346,0.1726883188745589,0.3972318639900153,0.05773730474925694,0.2701680052277662,0.009601804422521554,0.006239591896962415,0.0,0.0,0.0,0.29193279790889354,0.0010223655641982336,0.0006218512194607812
36051,NY,36-40,0.22226915263782457,0.15648947082604237,99438.0,131567.0,56921.0,74563.4,33742.4,35851.9,1.0690739637213373,0.6337401189977487,0.6733601454637307,0.5927935208446795,0.23241390318240895,0.17740770861994268,0.13032903387627598,0.1028221362499715,0.0,0.0,0.0,0.1542864092059559,0.021259130329033878,0.00029642691556393323
36053,NY,36-50,0.15848132797904096,0.12807352846436318,46567.0,87665.0,36120.7,45547.2,8711.1,8942.300000000001,1.0181508415400717,0.2455437960986282,0.25206073720342587,0.24116642257763557,0.15603718701876462,0.14063765470826442,0.06621798893515086,0.015981292420007984,0.0,0.0,0.0,0.3379227741972281,0.027787600524724804,0.0010722637312496435
36055,NY,36-40,0.09828802544034332,0.1268157890674447,64779.0,69903.0,30789.8,40505.7,17473.1,19231.1,1.0884118384472379,0.617669776821299,0.6798146433676957,0.5674963786708584,0.3136059968813928,0.027495243408723516,0.21283778950831866,0.15102356122054847,0.0,0.0,0.0,0.10166945624651302,0.11071055605624937,0.01573609144099681
36057,NY,36-60,0.18824886268981866,0.0967834945857628,31214.0,70918.0,17366.9,24792.1,3404.4,3408.7000000000003,0.60512908562031,0.11862229062675453,0.11877211903989489,0.19602807639820577,0.10385233650131137,0.13536760765955047,0.05380862404467131,0.0037649115880312475,0.0,0.0,0.0,0.461758650836177,0.008037451704785809,0.0010716602273047745
36063,NY,36-40,0.10658370948721077,0.05367817494205197,73773.0,93999.0,38535.8,51228.7,22317.4,25274.0,1.0130324321686817,0.5866817349498735,0.6644050906074679,0.5791342076718272,0.24816221449164352,0.09447972850775008,0.15629953510143724,0.09852232470558198,0.0,0.0,0.0,0.1971084798774455,0.04445791976510388,0.057904871328418386
36065,NY,36-50,0.18841063053673787,0.10455445544554455,47975.0,92679.0,50584.7,64283.0,13255.7,13573.6,1.3487145512901648,0.3534300979849053,0.3619061066566014,0.2620495920703296,0.1741063239784633,0.11881871837201524,0.08615759772979856,0.012095512467765081,0.0,0.0,0.0,0.34384272596812654,0.024741311408193873,0.0026111632624434876
36067,NY,36-50,0.1923547794709881,0.20113405715390315,62078.0,91655.0,50356.4,65119.0,14182.4,14501.099999999999,1.357627781497263,0.38236292205770833,0.39095519580966787,0.2816404667529847,0.19755605258851128,0.2009928536359173,0.09719055152473952,0.05771643663739021,0.0,0.0,0.0,0.18219409743058207,0.022060989580492064,0.008444711145054825
36069,NY,36-40,0.1603008336693643,0.18304153342648424,106637.0,136315.0,40582.7,53930.7,24600.6,26538.499999999996,0.7356639815477043,0.4459480356029159,0.4810773697734194,0.6061844086273215,0.20796684150680408,0.16323221949161867,0.17646627297069287,0.0953380038880534,0.0,0.0,0.0,0.14473828999009647,0.028060008069544805,0.010152954553790852
36071,NY,36-90,0.2890100934110714,0.14839195034794056,15951.0,37078.0,10374.8,14787.6,4387.5,4605.400000000001,0.6914258891109409,0.29240381390236475,0.3069257036002167,0.4228997185487913,0.07503101569663952,0.053346998219968716,0.057257673013646905,0.004638869410432062,0.0,0.0,0.0,0.4584389665030476,0.14447920599816602,0.033658773396623334
36073,NY,36-40,0.15708826949865173,0.09258904267147185,78249.0,93030.0,71460.40000000001,90813.1,34698.6,39712.1,1.8981241966888343,0.9216608394471228,1.054828938983362,0.4855640326670435,0.34086853703106523,0.026636568848758466,0.23233365580995377,0.05875524024508223,0.0,0.0,0.0,0.09667849080941632,0.1434913468773514,0.06455981941309255
36075,NY,36-50,0.25297257947100216,0.04549866537248241,16484.0,30902.0,17628.3,25011.2,7083.9,7180.4,1.4096329674835386,0.5664584207414577,0.5741749663733202,0.4018481645989687,0.0864345349815546,0.10653032166202835,0.09290660798653809,0.0,0.0,0.0,0.0,0.3626626108342502,0.07785903824995145,0.017830561128729532
36077,NY,36-50,0.2948409376308079,0.05844495604855588,19112.0,65997.0,19303.1,25040.0,4925.0,5051.700000000001,0.722744956437238,0.18440141274994157,0.18914530290129544,0.25514036605519325,0.10197433216661364,0.0759579980908223,0.023667742473142718,0.0006666969710744428,0.0,0.0,0.0,0.5572980590026819,0.003045592981499159,0.0024849614376411047
36083,NY,36-60,0.2138738959764475,0.13941364082433758,16304.0,38332.0,12679.400000000001,18178.9,2664.7,2692.2,0.8173713799892457,0.17177859490648947,0.17355136908742108,0.21015978674069746,0.15788375247834707,0.09999478242721486,0.04411457789836168,0.0,0.0,0.0,0.0,0.4081707189815298,0.03579254930606282,0.010461233434206407
36089,NY,36-20,0.21207289293849657,0.14434904503241633,57070.0,150423.0,23573.3,35589.3,9750.4,10415.4,0.38724724868802834,0.16017339844687642,0.1710975974507299,0.413620494372871,0.06796832931134202,0.19412589830012697,0.029111239637555426,0.0,0.0,0.0,0.0,0.40709200055842526,0.00226694056095145,0.000571721079888049
36091,NY,36-60,0.06888800740446913,0.18418616950945393,15126.0,35821.0,11041.1,15916.300000000001,1691.1,1696.5,0.7616524461397279,0.11665780145700101,0.11703031173307446,0.15316408691163017,0.10890259903408615,0.19650484352753972,0.017280366265598392,0.0,0.0,0.0,0.0,0.33307277853772926,0.007872477038608638,0.013623293598727004
36095,NY,36-60,0.24713699985861728,0.2322918139403365,14146.0,52862.0,10655.4,15302.900000000001,1499.3,1508.1,0.4980906287475377,0.07008533510531592,0.07049669437225835,0.14070799782270021,0.0756687223336234,0.08660285271083197,0.008966743596534373,0.0,0.0,0.0,0.0,0.6144867768907722,0.018652340055238168,0.007093942718777194
36097,NY,36-80,0.047240672915761374,0.08485939536904835,16109.0,38951.0,5606.6,9979.800000000001,1039.0,1046.7,0.35568304580981475,0.06591422334327356,0.06640271181270879,0.18531730460528661,0.09481142974506432,0.12241020769684989,0.06356704577546148,0.030217452696978255,0.0,0.0,0.0,0.4645580344535442,0.006649379990244153,0.027290698569998204
36099,NY,36-40,0.296957069062812,0.10827509368986124,69111.0,86552.0,33927.6,46783.6,23291.6,24961.6,0.9686307122036925,0.6649736231376084,0.7126520115110909,0.6865089189922069,0.30724882151770033,0.05273130603567797,0.27194056752010354,0.06795914594694519,0.0,0.0029808669932526112,0.0,0.1333995748220723,0.007972086144745356,0.02571864312783067
36101,NY,36-70,0.1190408719346049,0.07785286103542234,91750.0,203734.0,73368.09999999999,96379.5,30375.3,30669.4,0.8898687670207787,0.3684166655383779,0.37198375265635986,0.4140123568689935,0.1558748171635564,0.1145758685344616,0.029720125261370217,0.025631460630037205,0.0,0.00034849362403918834,0.0,0.36128481254969713,0.02630390607360578,0.00356837837572521
36103,NY,36-91,0.051921244839631626,0.5024610987615116,12596.0,19486.0,2912.7999999999997,4726.099999999999,678.3,846.1,0.3693772734976697,0.08601641191069395,0.10729542402718291,0.2328687173853337,0.04746997844606384,0.0,0.0015908857641383557,0.01252181053063738,0.0,0.0,0.0,0.03279277429949708,0.31576516473365496,0.1253720619932259
36107,NY,36-80,0.28562761224214644,0.16832951328030202,14834.0,43887.0,10845.4,15393.7,1964.3,1968.2,0.6106493276286816,0.11059974498506457,0.11081933415445915,0.18111826212034596,0.09695353977259781,0.11684553512429649,0.027115091029234168,0.0,0.0,0.0,0.0,0.4987126028208809,0.004534372365392941,0.0005696447695217263
36109,NY,36-80,0.188375776775923,0.13313837780756266,24621.0,51122.0,25250.699999999997,35499.7,3942.7,3951.1,1.2205281201465028,0.1905759531142351,0.19098197893566704,0.1561422059586467,0.09430382222917726,0.1462775321779273,0.06018935096435977,0.03272563671217871,0.0,0.0010171746019326318,0.0,0.3386995813935292,0.020050076288095145,0.004283869958139353
36111,NY,36-90,0.21422677009407493,0.27281729658359466,6059.0,18016.0,5513.9,10035.0,1640.9,1929.5000000000002,0.7562801747734254,0.22506395451236216,0.2646479981909945,0.2975933549756071,0.07149200710479574,0.007049289520426287,0.02248001776198934,0.0,0.0,0.0,0.0,0.3927064831261101,0.10979129662522202,0.2786412078152753
36115,NY,36-60,0.24592776203966005,0.22037299338999056,33888.0,87802.0,27922.7,39958.3,2892.2,2895.2,0.7858419438159971,0.08139657231946147,0.08148100275890494,0.10357880863956564,0.057880230518667,0.23444796246099178,0.0034737249720963076,0.0,0.0,0.0,0.0,0.3851848477255643,0.010455342702899707,0.0015261611352816564
36117,NY,36-40,0.13591076630880908,0.11934845241352669,62129.0,95575.0,57509.1,72308.1,25181.0,37803.3,1.4868750293835584,0.6510447931702528,0.9773893661750137,0.43786113849808117,0.22523672508501177,0.05987967564739733,0.22364635103321998,0.031524980381899034,0.0,0.0,0.0,0.0956840177870782,0.03464295056238556,0.27143081349725345
36121,NY,36-40,0.16187153355886189,0.2704539911131849,94297.0,148788.0,48723.7,59923.6,22110.3,23442.199999999997,0.8091975478527653,0.36720529315895545,0.3893253335907185,0.45378942896372815,0.10812699948920612,0.3211549318493427,0.024907922681936714,0.036380622093179556,0.0,0.0,0.0,0.15583918057907895,0.0599040245181063,7.393069333548404e-05
36123,NY,36-40,0.13229065673317345,0.414655304383324,39194.0,67518.0,16005.300000000001,20565.699999999997,8491.1,9213.1,0.5857690929820821,0.3107610569886324,0.3371851343338282,0.5305180159072307,0.16626677330489648,0.10219497023016084,0.08790248526318907,0.06775970852217186,0.0,0.0,0.0,0.24491246778636808,0.027385289848632956,0.09122011907935662
37001,NC,37-40,0.6620385232744783,0.17760834670947032,12460.0,25343.0,8778.1,16693.2,4648.9,6964.099999999999,0.8559033062608706,0.453288169475873,0.6790303385848109,0.5296020778984062,0.1263859842954662,0.04249694195635876,0.13917057964723986,0.04182614528666693,0.0,0.006510673558773626,0.0,0.5467387444264689,0.0070236357179497295,0.002367517657735864
37003,NC,37-50,0.7602834908282379,0.12909949972206783,7196.0,18618.0,6154.8,10879.7,2554.9,4945.8,0.8168891405382476,0.3390963256582129,0.6564259295629533,0.41510690842919346,0.0514555806209045,0.07277903104522505,0.14749167472338598,0.07669996777312278,0.0,0.009668063164679342,0.0,0.5426469008486411,0.008647545386185411,0.009990331936835321
37007,NC,37-60,0.925654540000857,0.06410421219522647,23337.0,29190.0,45828.2,59778.7,18925.2,32733.700000000004,3.879546023622318,1.602096185454744,2.771042626012933,0.41295970603253024,0.2518328194587187,0.0,0.4536485097636177,0.239568345323741,0.030558410414525523,0.0,0.0,0.178622816032888,0.0,0.0
37013,NC,37-80,0.4897416446502219,0.018519971749195636,114687.0,114813.0,193356.1,240136.2,105263.3,141948.4,4.161491542726292,2.265521143162592,3.0550733393129503,0.5444012368888285,0.3468161270936218,0.0,0.5162133207911996,0.10374260754444183,0.08044385217701829,0.0,0.0,0.0020119672859345195,0.003283600289165861,0.000792593173246932
37015,NC,37-70,0.359677466589873,0.13919503314167456,102439.0,100830.0,109334.40000000001,142497.8,52594.9,69529.5,2.6794722423369675,1.2889499977910754,1.7039684241516684,0.48104622150027804,0.12489338490528612,0.0,0.3466924526430626,0.09860160666468314,0.21122681741545174,0.0,0.0,0.00995735396211445,0.015045125458692849,0.0
37017,NC,37-90,0.3041037317713312,0.067543844402343,57533.0,61700.0,63203.6,88798.3,18765.5,22864.6,2.531272234699859,0.7515487902628997,0.9157156734350321,0.2969055560126322,0.3358995137763371,0.0,0.2981523500810373,0.04461912479740681,0.014586709886547812,0.0036628849270664504,0.0,0.06129659643435981,0.011410048622366288,0.007682333873581848
37019,NC,37-90,0.8321149093904449,0.060286243822075786,19424.0,20933.0,21863.5,30459.899999999998,6795.3,7984.5,2.5808954797245356,0.802156976393173,0.9425371032936425,0.31080568070071124,0.4062962786031625,0.0,0.440691730760044,0.00907657765251039,0.0,0.0,0.0,0.07700759566235131,0.019156355992929825,0.0031051449863851335
37023,NC,37-20,0.6832669322709163,0.20862006519377038,5522.0,15401.0,1640.1000000000001,3215.4,625.5,1252.1,0.26315014359086936,0.10035998708376853,0.2008964665508978,0.3813791841960856,0.11362898513083566,0.0,0.13739367573534186,0.020388286474904226,0.0,0.0,0.0,0.39874034153626386,0.0035711966755405493,0.00681773910785014
37025,NC,37-60,0.7518073844564936,0.031306480764265426,15492.0,28292.0,22230.0,28318.3,7633.5,15629.2,1.9415921921444528,0.6667181285980514,1.3650711961072464,0.343387314439946,0.15856072387954193,0.01827371695178849,0.251873321080164,0.1504312173052453,0.0,0.0,0.0,0.41368584758942456,0.01166407465007776,0.0016612469956171355
37029,NC,37-70,0.2913142149783371,0.014948327925427163,53317.0,53445.0,58620.299999999996,84120.4,33503.7,39539.1,2.710336157399134,1.5490587649099947,1.8281082212308724,0.571537504925768,0.3203854429787632,0.0,0.5729254373655159,0.09387220507063336,0.0,0.0,0.0,0.002507250444382075,0.0,0.0
37033,NC,37-40,0.3821422757610288,0.2634706169623962,12286.0,19052.0,6313.7,11964.0,2654.7,4585.2,0.818890009956562,0.3443159018375414,0.5947027058068689,0.4204666043682785,0.08046399328154524,0.04188536636573588,0.21604031072853244,0.09552802855343272,0.0,0.0,0.0,0.41297501574637835,0.005773672055427252,0.0014696619777451185
37035,NC,37-50,0.9246400080276955,0.16712658672419847,19931.0,31460.0,12213.300000000001,20225.8,6986.6,10424.400000000001,0.9593045630873905,0.548768740673394,0.8187938139117351,0.5720485044991935,0.1474253019707565,0.018436109345200253,0.38156389065479973,0.11760966306420852,0.0,0.0,0.0,0.3486967577876669,0.025969485060394152,0.00019071837253655435
37037,NC,37-50,0.5471967622902035,0.14938697774074514,8401.0,27195.0,8713.3,15701.3,3543.8,7214.700000000001,0.7917276412347314,0.322004798986336,0.6555584466523839,0.4067115788507225,0.05600294171722743,0.02702702702702703,0.11796286082000368,0.04743519029233315,0.0,0.010921125206839492,0.0,0.6618128332414047,0.004339032910461482,0.002132744989887847
37041,NC,37-70,0.2005251223296336,0.12980069220670726,41895.0,41625.0,45673.9,60383.3,21590.8,28481.199999999997,2.7114153711935534,1.2817304192627685,1.6907766464006317,0.4727163653640262,0.11507507507507507,0.0,0.38604204204204207,0.08934534534534534,0.2272912912912913,0.009393393393393394,0.0,0.00048048048048048047,0.043723723723723726,0.0
37045,NC,37-60,0.9690986023849212,0.08167713809462751,23397.0,40938.0,47214.6,61278.0,18441.3,36784.899999999994,2.8499149308270124,1.1131331455494737,2.220369032862262,0.3905846920232301,0.09995603107137623,0.021373784747667206,0.401045483413943,0.1908251502271728,0.0,0.0,0.0,0.4090820264790659,0.0027602716302701645,0.003517514289901803
37047,NC,37-90,0.47468545242593563,0.031012581902962577,99508.0,101461.0,121361.59999999999,173912.8,39644.4,46769.0,2.9557272709184352,0.9655280930640238,1.1390457008937283,0.32666345862282636,0.33494643261943013,0.0,0.48515193029834125,0.06605493736509595,0.016144134199347532,0.0006702082573599708,0.0,0.0289175151043258,0.02649293817328826,0.0011038724238870109
37049,NC,37-80,0.41501846105843404,0.036558095997503856,57689.0,58565.0,83921.0,101892.8,43280.9,59546.2,3.5409085150014485,1.82616636297144,2.5124539342474383,0.5157338449255848,0.3653547340561769,0.0,0.4496371552975327,0.03428669000256126,0.048851703235720995,0.0,0.0,0.022897635106292155,0.004080935712456245,0.00018782549304191925
37051,NC,37-90,0.4368605618018148,0.11828928816745599,27661.0,31082.0,41322.7,64938.3,14508.3,18721.8,3.2852009351886085,1.1534261006177449,1.4884040701216061,0.3510975807485958,0.21623447654591083,0.0,0.4323402612444502,0.11427836046586448,0.10662119554726208,0.0,0.0,0.09732320957467344,0.026156617978251077,0.0026381828711151147
37053,NC,37-70,0.4119662549307535,0.0035702974288099967,34731.0,34672.0,33664.1,48707.799999999996,19703.0,23138.2,2.3992213521714354,1.4042216575471733,1.6490464171272399,0.5852822442899113,0.33975542224273186,0.0,0.5970812182741116,0.14709275496077526,0.0,0.0,0.0,0.007931472081218274,0.0038071065989847717,0.0002018920166128288
37057,NC,37-50,0.9088028654084584,0.297194287551086,21777.0,37894.0,15206.6,25295.8,9163.4,12574.0,0.9916167978620881,0.5975419466237988,0.8199459192928003,0.6025936106690516,0.12170792209848524,0.03195756584155803,0.33886631128938616,0.03142977780123502,0.0,0.006333456483876075,0.0,0.3813796379374043,0.012455797751622949,0.0038264632923417957
37059,NC,37-50,0.9595362044486512,0.08518693800283957,21130.0,33749.0,12951.800000000001,21393.2,7673.0,10862.9,0.9483123884223036,0.5618061548483095,0.7953660992443244,0.5924273074012878,0.20993214613766334,0.021037660375122225,0.3388248540697502,0.09152863788556698,0.0,0.0,0.0,0.36744792438294466,0.0012741118255355714,0.0035260304009007673
37061,NC,37-90,0.3892104792027212,0.1364802768992063,134056.0,142837.0,138189.7,199199.7,43833.9,52636.5,2.3906563798828837,0.7583184035434503,0.9106017636604276,0.31720092018435525,0.27237340465005566,0.002387336614462639,0.4203532698110434,0.08565007666080918,0.03978660991199759,0.005754811428411406,0.0,0.10941142701120858,0.041914910002310325,0.001533216183481871
37065,NC,37-70,0.4123912329666721,0.11760178952552947,97456.0,98642.0,108021.4,147772.1,56035.5,69828.9,2.7060146036796957,1.4037300139092217,1.7492647119819693,0.5187444339732683,0.1482330041969952,0.0,0.4246467022160946,0.09270898805782526,0.14431986374972122,0.001682853145718862,0.0,0.02464467468218406,0.06116056041037286,0.001034042294357373
37067,NC,37-40,0.701988812927284,0.1687383467992542,6436.0,12364.0,5256.4,10161.2,3304.2,4161.3,1.0505376311420316,0.6603733431282819,0.8316722936746322,0.6286051289856175,0.07174053704302814,0.0,0.29254286638628274,0.03574894856033646,0.0,0.0028307990941442897,0.0,0.45163377547719186,0.04375606599805888,0.004286638628275639
37069,NC,37-40,0.48637654463120733,0.1678179445851562,26058.0,37105.0,15400.7,31212.4,10075.1,12154.4,1.025628850117605,0.6709638670852547,0.8094374473802761,0.6541975364756147,0.027866864304002155,0.00592912006468131,0.4351165611103625,0.15647486861608947,0.0,0.0,0.0,0.2683196334725778,0.0162511790863765,0.0018326371109014957
37071,NC,37-60,0.9095684803001877,0.1425891181988743,5330.0,13301.0,9809.4,12554.7,3497.4,7704.4,1.822385932609587,0.6497454034608406,1.4313199766751588,0.35653556792464375,0.02330651830689422,0.0,0.2570483422299075,0.08976768664010225,0.0,0.0,0.0,0.602360724757537,0.004962032929854898,0.0020299225622133674
37073,NC,37-70,0.5211945610512867,0.152012228508852,43832.0,43874.0,65395.99999999999,86362.1,34124.7,44788.0,3.6832072586102806,1.9219576539528143,2.5225317557440405,0.52181631904092,0.09885125586907964,0.0,0.5507589916579295,0.11703970460865205,0.2330765373569768,0.0,0.0,0.002302046770296759,0.0002279254228016593,0.0
37077,NC,37-40,0.5252881082985255,0.2750742287756026,19871.0,27303.0,8357.3,16014.9,4116.9,6145.199999999999,0.7563761508023077,0.37259940115085266,0.5561703806145933,0.49261125004487094,0.09683917518221441,0.0,0.2425740761088525,0.12570047247555213,0.0,0.0,0.0,0.38171629491264697,0.014906786799985349,0.0011354063656008498
37079,NC,37-80,0.22711812471273174,0.04371074000306419,65270.0,66612.0,96231.5,119076.8,46948.9,65049.600000000006,3.569825484395833,1.7416270107433796,2.413094670973176,0.48787455251139183,0.15159430733201226,0.0,0.41524049720771034,0.09403711043055306,0.08566024139794631,0.0,0.0,0.025851197982345524,0.12590824476070378,0.0
37081,NC,37-40,0.6902027181622661,0.16803184917402644,21853.0,33102.0,13678.0,25964.100000000002,8537.1,10790.5,1.0210583673819973,0.6372918108039808,0.8055074070211612,0.6241482672905396,0.07507099268926348,0.03990695426258232,0.29623587698628484,0.13727267234608181,0.0,0.008337864781584194,0.0,0.3556582683825751,0.008670170986647333,0.0027188689505165853
37083,NC,37-70,0.6018031929466264,0.33818999941886047,120453.0,123274.0,162718.69999999998,206367.0,78865.0,109745.90000000001,3.2617313006263475,1.5808658686671964,2.1998801437413715,0.4846707846117257,0.07976540065220565,0.0,0.34694258318866916,0.046157340558430814,0.39336762009831755,0.006684296769797362,0.0,0.03288609114655158,0.01521813196618914,8.112010642957964e-05
37085,NC,37-90,0.49541061544601184,0.23413669251991046,57633.0,59854.0,40391.1,69453.0,15917.1,20339.1,1.6675340283654263,0.6571325337238978,0.8396934313828354,0.39407443719037116,0.0597787950679988,0.0,0.47574096969291946,0.08791392388144485,0.11030173421993518,0.0,0.0,0.07187489557924283,0.05914391686436997,0.0012864637284057874
37089,NC,37-20,0.6106404958677686,0.21425619834710743,9680.0,18597.0,5125.1,10107.9,1164.7,2957.5,0.6809914451564065,0.1547580995831626,0.39297422470782467,0.22725410235897836,0.22121847609829542,0.010861966983922137,0.09017583481206647,0.0,0.0,0.0,0.0,0.22777867397967413,0.0958219067591547,0.23869441307737807
37091,NC,37-70,0.12067371690578317,0.1368880343144505,54088.0,53364.0,64335.5,84039.09999999999,29658.3,39263.6,2.9790960702684988,1.373346363684812,1.8181258630863866,0.460994318844184,0.16983359568248257,0.0,0.32403867776028783,0.06828573570197137,0.25800164905179523,0.0,0.0,0.0,0.01892661719511281,0.0
37093,NC,37-90,0.22886510625192485,0.01582229750538959,25976.0,27545.0,28530.899999999998,46400.7,10531.3,15069.4,2.5594986124892167,0.944759812613962,1.351871423300527,0.3691190954368772,0.2681067344345616,0.0,0.3720820475585406,0.08636776184425486,0.20573606825195134,0.0,0.0,0.05605373025957524,0.0006171719005264114,0.0005808676710836812
37095,NC,37-80,0.2074500855675984,0.025293782087849402,87650.0,84879.0,126105.09999999999,152825.2,68258.5,92421.40000000001,3.6712554154095867,1.9871867812858899,2.690633172248669,0.5412826285376247,0.3710576232047974,0.0,0.47858716525878015,0.09525324285158873,0.09535927614604318,0.0,0.0,0.005348790631369361,0.0588838228537094,0.0
37097,NC,37-50,0.8414634146341463,0.23017556262519148,33948.0,61586.0,30586.6,50802.3,17055.8,25019.699999999997,1.2272453903133178,0.6843405912427627,1.0038811601165907,0.5576232729365147,0.15211249309908095,0.12439515474296106,0.21927061345110901,0.08324943980774852,0.0,0.0004384113272496996,0.0,0.39991231773455005,0.0016399831130451726,0.0006494982625921476
37101,NC,37-80,0.5426481957045238,0.20858028914934643,112537.0,118446.0,103879.9,134138.7,51765.6,72147.1,2.1671717336398855,1.0799485280107977,1.505153121865637,0.498321619485579,0.07426168887087786,0.0008864799148979282,0.5053357648210999,0.06574303902200158,0.038388801648008376,0.009590868412609966,0.0,0.06423180183374702,0.13692315485537712,0.0016547625078094659
37103,NC,37-80,0.6201701679750888,0.04061225384851542,45602.0,45858.0,74300.0,90385.8,37091.4,52023.799999999996,4.003648184179507,1.9986664368597011,2.803297340566862,0.4992113055181696,0.3056173404858476,0.0003052902437960661,0.33339875267128966,0.08798900955122334,0.28520650704348205,0.0,0.0,0.0195821884949191,0.0035980635875964935,0.0006105804875921323
37105,NC,37-50,0.5453393410306956,0.12440157702055758,14204.0,16005.0,7393.799999999999,13248.4,3734.3,5140.6,1.1415481221442842,0.576548344900241,0.7936706803936959,0.5050582920825557,0.06910340518587942,0.0,0.4451733833177132,0.05104654795376445,0.0,0.0,0.0,0.17413308341143394,0.01811933770696657,0.0016869728209934396
37107,NC,37-80,0.2293381259295984,0.16204759543877045,80680.0,82568.0,104071.8,128260.8,55659.5,74763.0,3.1146087877839523,1.665749682658135,2.2374696776753322,0.5348182696945762,0.28291832186803606,0.0,0.4422173239027226,0.09213012305009205,0.09322013370797404,0.004214707877143687,0.0,0.023144559635694215,0.02630559054355198,0.001974130413719601
37109,NC,37-60,0.9332180391113476,0.23845949181854464,15034.0,25985.0,18258.0,23489.0,6640.7,13125.2,1.736251704763327,0.6314999833400058,1.248146066127704,0.3637145360937671,0.057494708485664806,0.1022897825668655,0.3427361939580527,0.08489513180681162,0.0,0.0003078699249567058,0.0,0.343082547623629,0.005618626130459881,0.0023090244371752936
37117,NC,37-70,0.6187381587793102,0.12687676981685578,98174.0,97775.0,99234.3,124918.29999999999,43446.7,60149.799999999996,2.5079344981976095,1.098022334644796,1.5201574302402148,0.4378193830157516,0.06908718997698798,0.0,0.3365993352083866,0.05138327793403222,0.33087189976987985,0.002127333162873945,0.0,0.003190999744310918,0.007844541038097673,6.136537969828688e-05
37125,NC,37-60,0.6326333362621914,0.24619980669536948,11381.0,17909.0,14495.7,19067.3,4949.3,10861.6,2.0000923994268742,0.6828961217797987,1.4986653701176857,0.3414322868160903,0.10067563794740075,0.0,0.2745546931710313,0.05846222569657714,0.0,0.0,0.0,0.37444860126193535,0.027360544977385673,0.01256351555084036
37127,NC,37-70,0.5224991625621875,0.13607433966477675,80603.0,85870.0,75100.59999999999,101204.7,37939.2,48794.6,2.1611461990698726,1.0917643517595295,1.4041467621448407,0.5051783873897147,0.03044136485384884,0.0,0.39976708978688713,0.037242343076743914,0.07937580062885757,0.009281471992546874,0.0,0.06569232560847793,0.21594270408757424,0.0007103761499941772
37131,NC,37-70,0.6331592047142618,0.29516276598884394,101649.0,101343.0,144427.1,184025.5,72204.2,99355.99999999999,3.5215765903610947,1.7605603134436025,2.422604647686735,0.49993526145716416,0.09284311693950248,0.0,0.38068736863917585,0.08308417946972164,0.4281499462222354,0.009926684625479807,0.0,0.002930641484858352,0.0009867479746997819,0.00013814471645796946
37133,NC,37-90,0.38849351513136016,0.03338875956102428,30070.0,29784.0,43792.3,65670.40000000001,14995.1,19331.4,3.6332638318642716,1.2440806827955586,1.6038453435718376,0.3424140773606319,0.2719245232339511,0.0,0.42062852538275586,0.05959575611066344,0.09736771420897126,0.0091324200913242,0.0,0.06308756379264034,0.004129734085414988,0.0033239323126510877
37135,NC,37-40,0.7382037439528851,0.168477879828928,14263.0,25012.0,6457.6,12016.199999999999,3709.1,5078.2,0.6379768556542328,0.36643953718209776,0.5016994035529182,0.5743774777006937,0.15408603870142332,0.017991364145210298,0.19366703982088598,0.08787781864704941,0.0,0.0,0.0,0.4267951383335999,0.01207420438189669,0.0032384455461378536
37137,NC,37-80,0.45238689634129425,0.03123353027655266,36051.0,36022.0,55159.5,67554.2,30947.8,41237.2,3.783856889966717,2.122971496465921,2.8288085160840017,0.5610601981526301,0.4284603853200822,0.0,0.5026650380323135,0.07015157403808783,0.0,0.0,0.0,0.008605851979345954,0.0,0.0004996946310587974
37139,NC,37-70,0.36144490780430394,0.0064660496069513665,68821.0,68559.0,95925.09999999999,133899.5,54370.6,65551.9,3.457402883323266,1.9596650846130574,2.3626697086301545,0.5668026408103823,0.23543225542962995,0.003675666214501378,0.6704736066745431,0.06592861622835805,0.0,0.0,0.0,0.0,0.05440569436543707,0.0
37141,NC,37-90,0.6480505795574288,0.033614330874604845,28470.0,31410.0,48012.9,65786.3,15298.9,17757.1,3.77721934729222,1.203578643912135,1.3969675164758362,0.318641448444064,0.3705189430117797,0.0,0.4304361668258516,0.08510028653295129,0.0,0.0,0.0,0.09299586119070359,0.0022604266157274754,0.0025151225724291625
37143,NC,37-70,0.45877523572018997,0.023565013940064727,71377.0,73020.0,92580.40000000001,128565.7,53219.6,65696.7,3.1329930236076087,1.800992818341544,2.223227624573257,0.5748473759024587,0.19249520679265955,0.0023829087921117503,0.6206518761983019,0.1756505067104903,0.08130649137222679,0.006066831005204053,0.0,0.045056149000273896,0.009695973705834018,0.0
37145,NC,37-40,0.6258472217674601,0.07632363052945221,30541.0,36385.0,13221.400000000001,25173.7,8227.7,9883.800000000001,0.8979192223526123,0.5587766791527817,0.6712491876721641,0.6223017229642852,0.06170125051532225,0.0,0.4114607667995053,0.2259722413082314,0.0,0.0,0.0,0.2063487700975677,0.009591864779442077,0.0029957400027483855
37147,NC,37-80,0.47478489307377836,0.12655518986968137,135514.0,135203.0,148088.4,185280.4,74394.6,100684.1,2.7065553702848435,1.359681812688859,1.8401650065588948,0.5023661542700172,0.19937427423947693,0.0,0.5170965141306036,0.03365309941347455,0.10004955511342203,0.007499833583574329,0.0,0.016626849995932044,0.008490935852015118,0.0008653654134893456
37151,NC,37-50,0.8534796257731638,0.1805862058247599,32173.0,54527.0,17090.3,29167.0,8672.6,14013.300000000001,0.774497973643937,0.3930247641190856,0.6350545311705812,0.507457446621768,0.12430538999028004,0.11777651438736772,0.2611917031929136,0.06404166743081409,0.0,0.004584884552606965,0.0,0.3878812331505493,0.005813633612705632,0.0033561354925082986
37155,NC,37-90,0.40225192315956854,0.04889552623662383,186152.0,192147.0,201202.4,285165.7,66779.3,79022.00000000001,2.5875083037522932,0.8587968795042481,1.0162407664079245,0.33190111052353255,0.3252301623236376,0.0022534830104034933,0.46852670091128146,0.12594523984241232,0.05622257958750332,0.005969388020630038,0.0,0.033687749483468386,0.011293436795786559,0.0006713609892426111
37157,NC,37-40,0.39969386335173246,0.21155897768913215,21559.0,32925.0,8629.6,16166.9,4067.3,6286.900000000001,0.6476600151584055,0.30525488778782134,0.47183806309671134,0.4713196440159451,0.02988610478359909,0.021564160971905846,0.20965831435079726,0.12646924829157175,0.0,0.0,0.0,0.45032649962034926,0.004221716021260441,0.004403948367501898
37159,NC,37-50,0.9570573416229459,0.209466799177202,43267.0,60433.0,24347.0,39965.9,14470.9,20514.0,0.9955280596000654,0.5917027558905239,0.8387999595283091,0.5943607015238017,0.20872702000562607,0.02306686743997485,0.3738189399831218,0.12441877782006519,0.010126917412671885,0.006205219002862674,0.0,0.27984710340376945,0.01454503334271011,0.0008273625337150232
37163,NC,37-90,0.36606077869363196,0.1670138208921567,168513.0,177866.0,129665.40000000001,198509.6,43683.0,53639.799999999996,1.801413318458423,0.6068784578632332,0.7452061237573485,0.33689018041821484,0.20390631149292163,0.0028729492989104156,0.3788188861277591,0.07902578345496047,0.06274948556778699,0.002276995041210799,0.0,0.09107980164843196,0.12623548064273105,0.001146930835572847
37165,NC,37-90,0.2972559180308562,0.24908726887292426,25473.0,27421.0,32947.9,49942.5,11362.3,15100.199999999999,2.96911250430036,1.023917973758934,1.3607602498925968,0.34485657659516994,0.2102403267568652,0.0,0.5051238102184458,0.07052988585390758,0.13715765289376755,0.0,0.0,0.07224390066007805,0.0004740892017067211,0.0
37167,NC,37-60,0.9813309323941424,0.24534597357201493,37763.0,49883.0,71924.5,93667.3,29629.4,51574.200000000004,3.5629234427229988,1.467751376148834,2.5548307769909346,0.4119514212820388,0.21279794719643966,0.0,0.2961730449251248,0.16406390954834313,0.2140007617825712,0.0,0.0,0.22137802457751138,0.0005011727442214783,0.001703987330353026
37169,NC,37-40,0.7199170124481328,0.29481327800829876,9640.0,23730.0,5759.099999999999,11178.5,2196.0,4331.1,0.5997069542383278,0.22867400661689638,0.45100637070056465,0.38130957962181594,0.05747998314369996,0.0,0.17614833544037084,0.015634218289085546,0.0,0.0,0.0,0.6114622840286557,0.005562579013906448,0.004593341761483355
37171,NC,37-10,0.7394812680115274,0.31800394357652056,32965.0,57966.0,21467.3,37721.9,10507.2,17136.6,0.915137383219487,0.44791527173719076,0.730522388995312,0.48945139817303535,0.22545975226857123,0.009626332677776628,0.20586205706793637,0.046147741779663944,0.0,0.0,0.0,0.3386122899630818,0.015284822137114861,0.005365214091018873
37177,NC,37-70,0.41422146494165196,,50473.0,50232.0,70226.5,100184.4,39586.7,47080.5,3.454639686176917,1.947381470880362,2.316022637395461,0.5637003125600735,0.37949912406434144,0.0,0.5252229654403567,0.1974040452301322,0.0,0.0,0.0,0.0,0.0,0.0
37181,NC,37-40,0.5682420839182655,0.1700982686008423,12822.0,14498.0,4760.700000000001,9635.2,3174.1,3694.9,0.811418533280959,0.5409968211580422,0.62976250102292,0.6667296826097001,0.015588357014760657,0.0,0.40150365567664503,0.1646433990895296,0.0,0.0,0.0,0.2600358670161402,0.0035177265829769624,0.0015174506828528073
37183,NC,37-50,0.5128585558852621,0.24196340257171117,32352.0,36851.0,15564.9,26353.5,8780.2,11497.2,1.043708597323894,0.5887586959262993,0.7709478689328089,0.5641025641025642,0.02895443814279124,0.0,0.40606767794632437,0.07267102656644324,0.0,0.008005210170687362,0.0,0.1713929065696996,0.10178828254321456,0.0013296789775040026
37185,NC,37-40,0.7291955617198336,0.19244105409153953,14420.0,20314.0,8076.8,17978.5,5147.1,6862.0,0.9824853524830174,0.6261081564190445,0.8347135609075952,0.6372697107765452,0.04425519346263661,0.0,0.456237077877326,0.0825539037117259,0.0,0.0,0.0,0.28970168356798265,0.005661120409569755,0.0
37187,NC,37-70,0.3485626359318824,0.04506650490464425,67589.0,67996.0,103075.1,142601.0,53838.5,65975.5,3.7458691548423757,1.9565537796517416,2.3976264919976127,0.5223230440717496,0.31022413083122535,0.0,0.46924819107006294,0.08056356256250367,0.1145361491852462,0.0,0.0,0.011912465439143479,0.023707276898641095,0.0
37191,NC,37-80,0.3719055064869205,0.1438617250559946,118315.0,123617.0,137554.3,174809.4,72591.2,97623.5,2.7496548026524588,1.4510687176649888,1.951454266618654,0.5277275955749838,0.2003527022982276,0.0023621346578545023,0.4955871765210287,0.14260174571458617,0.03586885298947556,0.0007442342072692267,0.0,0.06393133630487716,0.0406659278254609,0.0004044751126463189
37193,NC,37-10,0.7967834264685839,0.25221480169006405,14674.0,34798.0,13174.5,21591.399999999998,4741.7,11748.8,0.9355393551753463,0.33671463512352945,0.8342984383531904,0.359914987286045,0.18843036956146905,0.10267831484568078,0.04603712857060751,0.05241680556353814,0.0,0.0,0.0,0.5154606586585436,0.0028737283751939765,0.013822633484683027
37195,NC,37-80,0.43589876676493794,0.22740107129510442,96332.0,95746.0,78880.7,98908.4,38693.1,52593.99999999999,2.035786922053875,0.9986081126780415,1.357368499246349,0.490526833560047,0.14869550686190547,0.0,0.4279656591398074,0.05960562321141353,0.08903766214776597,0.004355273327345268,0.0,0.015186012992709878,0.13120130344870803,5.222150272596244e-05
37197,NC,37-10,0.8127400344325255,0.16752747980399946,30204.0,44370.0,26362.6,47672.8,14794.1,21126.7,1.4681857853203275,0.8239129420697299,1.1765880691102915,0.5611775773254535,0.17820599504169485,0.011020960108181203,0.36833446022086996,0.06702727067838629,0.0,0.007167004732927654,0.0,0.28656750056344377,0.0009240477800315528,0.005386522425061979
38003,ND,38-60,0.10858828668278979,0.01850624294380583,716569.0,722914.0,509785.60000000003,541566.5,281227.9,333085.60000000003,1.7425415077653468,0.9612889985352315,1.138548212501344,0.551659168089487,0.2695133861012513,0.00397972649582108,0.5639882475647172,0.10032866980028053,0.0,0.0,0.0,0.024202048929748213,9.129716674459203e-05,0.0
38005,ND,38-20,0.2644519064305966,0.014978798852545392,478276.0,503944.0,232839.3,286923.5,161999.9,180006.3,1.1417110640675898,0.794355068958905,0.8826481797182425,0.6957584050458836,0.11850919943485784,0.00580620068896544,0.402542742844443,0.24259441525248837,0.0,0.0,0.0,0.0706884098233137,0.0,0.0
38007,ND,38-70,0.7822292260136978,0.051801119259753114,49497.0,87556.0,27609.3,31811.3,16748.1,21645.7,0.7792049212551291,0.47267413305201605,0.6108969066224841,0.6066108159207223,0.03934624697336562,0.004488555895655352,0.0,0.32967472246333773,0.0,0.0,0.0,0.4890013248663712,0.0,0.0
38009,ND,38-20,0.42339822004274374,0.015480813072208376,743501.0,765191.0,346904.2,423434.1,252855.3,287352.0,1.1202679419068158,0.8165530614251152,0.9279542699189208,0.7288908580524536,0.0432506393828469,0.0008194032601010729,0.34565226198426274,0.359629164483116,0.0,0.0,0.0,0.05253198221097739,0.0,0.0
38011,ND,38-70,0.8815486033770938,0.009837670007762141,177786.0,232332.0,92271.7,107611.9,57859.0,70468.7,0.9813901497479401,0.6153810179531326,0.749496194884701,0.6270503307081153,0.06297884062462339,0.005888125613346418,0.0,0.4043653048224093,0.0,0.0,0.0,0.3418857497030112,0.0,0.0
38013,ND,38-10,0.6179940347868274,0.022798320447425153,292697.0,315550.0,133858.0,157451.9,89540.6,103834.7,1.0482342624760521,0.7011872641356003,0.8131235351934297,0.668922290785758,0.004778957376010141,0.0006813500237680241,0.09907463159562668,0.37884328949453333,0.0,0.0,0.0,0.1069307558231659,0.0,0.0
38015,ND,38-80,0.7439438415465812,0.019917867520607247,269808.0,341199.0,224644.19999999998,312206.39999999997,167932.1,193332.90000000002,1.6269329844280371,1.2162088878068857,1.4001682304066934,0.7475470098938678,0.14298986808284903,0.027778510488014326,0.18677370097802162,0.16541959384406169,0.0,0.0,0.0,0.26964615957256616,0.0004982429608527575,4.103177324669768e-05
38017,ND,38-60,0.03939506734760002,0.013877424282165615,1037008.0,1045202.0,740571.7000000001,785985.6,412094.2,477787.2,1.7508505765611544,0.9742680791981487,1.1295786682012552,0.5564541556205833,0.2955907087816518,0.0005376951058264336,0.5633896605632213,0.08125702017409075,0.0,0.0,0.0,0.010969171509430713,2.2005315718875394e-05,4.879439572446283e-05
38019,ND,38-30,0.04241924918779167,0.0049049838995340505,835069.0,823328.0,515202.5,538284.2,238956.9,328225.0,1.5462769430328769,0.7171811954495813,0.9851014884962049,0.4638116080570261,0.02019972599012787,0.0,0.2427926658634226,0.35934402813945354,0.0,0.0,0.0,0.006523524039022115,1.9433324264448675e-05,6.072913832640211e-06
38021,ND,38-90,0.3426760575913435,0.028768976134118777,449512.0,455957.0,382894.1,399226.0,262722.2,299462.2,2.075090252853382,1.4238199973000285,1.6229320125800584,0.6861484676833621,0.3618104338786333,0.008564404099509383,0.4642455319251596,0.05069556997699345,0.0,0.0,0.0,0.06976535067999834,0.0,0.0
38023,ND,38-10,0.8265958231864807,0.00551742798809436,406530.0,433046.0,147918.0,222553.5,101606.1,115740.8,0.8440519902241371,0.5797863067639686,0.6604419515551441,0.6869082870238916,0.008248546343806432,0.002110630279462228,0.06276700396724598,0.4523122254910564,0.0,0.0,0.0,0.08846404308087362,0.0,0.0
38025,ND,38-40,0.6047446003777881,0.01818269067177364,229229.0,315667.0,77861.7,90004.9,38014.5,48226.9,0.6095044803600626,0.2975790159815108,0.3775220888302812,0.4882310558336127,0.04637481903398201,0.01765468040688447,0.003335793732002395,0.4063934462582405,0.0,0.0,0.0,0.4032477262431613,0.0,0.0
38027,ND,38-50,0.22226107834438122,0.02171303303930268,191590.0,225420.0,100795.7,117482.7,59603.0,69552.0,1.1049223626452824,0.653368026421234,0.7624289544762791,0.5913248283408915,0.13756543341318428,0.008481944814124745,0.36931062017567207,0.18999645106911542,0.0,0.0,0.0,0.16099724957856446,0.0,0.0
38029,ND,38-80,0.8797886081532355,0.022698632726356246,380904.0,435870.0,241365.0,356004.3,187340.6,208868.19999999998,1.3683573174988497,1.0620797583519774,1.1841249968421819,0.7761713587305533,0.21559409915800581,0.009966274347856012,0.2797462546172024,0.1498015463326221,0.0,0.0,0.0,0.13791956317250556,0.0,9.177048202445684e-06
38031,ND,38-50,0.18745608099315514,0.034549618717955394,307384.0,299987.0,170636.3,194849.4,105905.4,120813.9,1.4055658413079788,0.8723642779998044,0.9951686188413488,0.6206498851651143,0.2285465703513819,0.010380449819492177,0.48555770750065835,0.1389926896832196,0.0,0.0,0.0,0.047668732311733505,8.667042238497001e-05,6.6669555680746165e-06
38033,ND,38-70,0.9477720268903563,0.01521803795585698,168090.0,171764.0,60864.600000000006,75356.0,38349.4,45843.0,0.875618301905314,0.5517071747302643,0.6595125871893565,0.6300772534445309,0.047961156004750705,0.005827763675741133,0.0,0.4363312451968981,0.0,0.0,0.0,0.19440045644023193,0.0,0.0
38035,ND,38-30,0.01603222227552026,0.017249996518434504,646261.0,646860.0,588919.5,625365.5,369054.7,405791.6,2.249716750161585,1.4098166902536913,1.5501544092102058,0.6266640856687544,0.17116222984880808,0.00045141143369508086,0.3780926320996815,0.1972018674829175,0.0,0.0,0.0,0.021445134959651238,0.017421080295581735,0.0
38037,ND,38-80,0.7300927775192617,0.013955748458855456,242839.0,292548.0,164975.40000000002,200502.1,119556.1,137598.80000000002,1.3934912954352174,1.0098498604409043,1.1622504328665448,0.7246904690032574,0.13219710953416192,0.023305577204424572,0.020516291343642752,0.29358942805966887,0.0,0.0,0.0,0.33865553686916333,0.0,0.0
38039,ND,38-60,0.25423577425693594,0.06719525098594259,291092.0,305764.0,166977.6,177761.9,86604.2,106021.3,1.349441515170908,0.6998980873372497,0.8568187811562112,0.5186575923956267,0.15543687288235372,0.003483078452662838,0.45802645177326307,0.21755340720294084,0.0,0.0,0.0,0.08023181277063356,3.270496199683416e-05,0.0
38041,ND,38-70,0.6678395464765695,0.00627739536003102,448753.0,468172.0,216333.7,247899.8,139608.0,165444.69999999998,1.141828675416371,0.7368635479240113,0.8732319682770591,0.6453363484283771,0.07655306169527439,0.002204318071136249,0.010743914629666021,0.5572332390659843,0.0,0.0,0.0,0.10857548080619943,0.0,0.0
38043,ND,38-50,0.5387620274678582,0.03394190264718514,218874.0,316750.0,117856.9,141497.4,64799.1,75393.9,0.9194340720769554,0.5055155903466139,0.5881685373258821,0.5498116783998221,0.07329439621152328,0.021562746645619572,0.1964104183109708,0.2138184688239937,0.0,0.0,0.0,0.3515801104972376,0.020012628255722177,0.0
38045,ND,38-90,0.324198067497156,0.012692583177675097,569624.0,568231.0,508405.0,533757.7999999999,355429.5,409078.8,2.2108897871607534,1.5456485510678553,1.7789520973711437,0.6991070111426914,0.26629838921142984,0.004459453989662655,0.5872629265210804,0.07427789050579782,0.0,0.0,0.0,0.03293730894653759,0.0,0.0
38047,ND,38-90,0.7992147940936936,0.012543819269855884,225928.0,288475.0,172483.7,184983.9,117583.0,139609.1,1.4774816010180472,1.0072065887530532,1.195880402523187,0.6817049958923654,0.10645289886471965,0.02595372215963255,0.3778663662362423,0.1653661495796863,0.0,0.0,0.0,0.23658202617211196,0.0,0.0
38049,ND,38-20,0.31169519769731857,0.01514380937953124,369656.0,499325.0,237189.80000000002,287467.6,167842.6,188807.0,1.1738021530890834,0.830617527651146,0.9343659091507753,0.707629923377818,0.0801542081810444,0.026103239373153758,0.2173494217193211,0.2338376808691734,0.0,0.00017423521754368398,0.0,0.26712461823461675,0.0,0.0
38051,ND,38-90,0.6048696283337366,0.01899741303902775,214924.0,257023.0,212713.69999999998,228591.8,144514.0,172440.6,2.0450582236528314,1.3893771023350414,1.6578672042356861,0.6793826631759027,0.14255533551472047,0.02354264015282679,0.3270680055870486,0.22466860942405933,0.0,0.0,0.0,0.19445730537733977,0.0,0.0
38053,ND,38-40,0.5442556704614583,0.020755482170273166,276168.0,342035.0,125821.3,141321.2,63729.3,78300.3,0.9090040590347378,0.4604164189961677,0.5656855438915166,0.5065064500207834,0.004283187393103045,0.008367564722908474,0.008446504012747234,0.4621369158127092,0.0,0.0,0.0,0.29475930825792684,0.0,0.0
38055,ND,38-40,0.5136414286552108,0.016515160401149493,682040.0,729466.0,309061.0,390203.8,151097.1,186328.1,1.0469389430298819,0.5118388867210045,0.6311833070842524,0.48889086620440625,0.10861369823953412,0.003817861284830273,0.1761315811840442,0.3546333893560495,0.0,0.0,0.0,0.07697274444593717,0.0,0.0
38057,ND,38-40,0.8843454354967033,0.019543589056850497,126947.0,180750.0,64665.100000000006,77993.2,31392.2,39280.6,0.8840439393146554,0.4291663378198367,0.5370095517155815,0.4854581528521567,0.08734716459197787,0.016426002766251727,0.04419917012448133,0.23469986168741355,0.0,0.0,0.0,0.3334052558782849,0.0,0.0
38059,ND,38-80,0.5667514219158951,0.013627471361787644,375198.0,450014.0,170649.2,213363.7,124411.6,142516.3,0.9370449733356429,0.6831515436617615,0.7825655352231036,0.7290488323414349,0.09566813476914052,0.032676761167430346,0.09024163692685117,0.3928744439061896,0.0,0.0,0.0,0.2655761820743355,7.333105192282907e-05,0.0
38061,ND,38-10,0.6707255656678298,0.004100866937659628,555980.0,630440.0,224834.5,269530.0,160708.1,192892.80000000002,0.8812545982088603,0.6299066739953582,0.7560568638771277,0.7147839855538185,0.012900513926781296,0.0023428081974494006,0.08981822219402322,0.37967927161982107,0.0,0.0,0.0,0.12948416978618107,0.0,0.0
38063,ND,38-30,0.137949019380583,0.02052857138914875,362373.0,360775.0,303295.89999999997,318811.6,192703.3,219350.19999999998,2.077362596269898,1.3198814345916874,1.5023938700269979,0.6353640125039607,0.10047813734321946,0.004423809853786986,0.42065276141639524,0.2589675005197145,0.0,0.0,0.0,0.05266717483195898,0.0,0.0
38065,ND,38-40,0.6904546541488621,0.024588544753230822,96183.0,136062.0,57207.2,72507.0,29101.8,35233.2,1.038953343230911,0.5285245983728853,0.6398783882574803,0.5087086940105442,0.11480060560626773,0.04675074598344872,0.11499904455321838,0.24735782216930516,0.0,0.0,0.0,0.3296364892475489,0.0,0.0
38067,ND,38-30,0.04328788188948859,0.03408442218749428,600861.0,594939.0,472673.0,503425.5,302887.0,335314.30000000005,1.9632271875642622,1.2580282630058766,1.3927136733832466,0.6407960683178434,0.07348820635392872,0.0006639336133620422,0.3655349540036878,0.30650369197514366,0.0,0.0,0.0,0.019870944752319146,0.030628350133375018,0.0
38069,ND,38-20,0.357221877126039,0.023903333629130063,338070.0,363005.0,164456.8,201092.9,115696.4,131294.3,1.1194931281626788,0.7875705033368067,0.8937487937070963,0.7035063311459301,0.05746477321249019,0.0027189708130742002,0.30390765967410915,0.35643035219900554,0.0,0.0,0.0,0.073996225947301,0.0,5.509565983939615e-06
38071,ND,38-30,0.06068209019138493,0.008024698135927589,546438.0,529017.0,409848.2,432372.2,242902.1,283997.2,1.9144128790687462,1.1346027836473223,1.3265591926461127,0.5926635764168294,0.1242266316583399,0.0,0.3498148452696227,0.26784394452352195,0.0,0.0,0.0,0.017385074581724218,0.0,0.0
38073,ND,38-90,0.19315944577209296,0.04787273560258045,323044.0,337943.0,283369.60000000003,298104.1,191661.5,219674.2,2.0720107563760184,1.4014371675125425,1.6062672400225595,0.6763657781215768,0.33929094551448025,0.01377451226982065,0.43922791713395454,0.08623643632210165,0.0,0.0,0.0,0.05713685443994993,0.0,0.0
38075,ND,38-10,0.356936582645054,0.02494174802408085,494833.0,498177.0,318146.6,348701.9,236607.6,288239.7,1.5780683764100243,1.1736192408728319,1.429724395595969,0.7437062033666242,0.030812341798196224,0.00128468395770981,0.3174875596424564,0.32014524957996854,0.0,0.0,0.0,0.020332130949441665,2.007318683921578e-06,0.0
38077,ND,38-90,0.04305630663307702,0.026089135681971062,758170.0,773174.0,712421.3,742437.5,475754.5,535663.6,2.276888993962987,1.5205050507029534,1.711973737038171,0.667799376576753,0.3951788342598173,0.0031092613046998477,0.45453804706314493,0.07036708425270378,0.0,0.0,0.0,0.02244384834461583,0.0,3.880109781239411e-06
38079,ND,38-20,0.16499404480841198,0.03210517784527778,283786.0,320999.0,146920.9,178021.7,107343.4,123127.59999999999,1.13099869594607,0.8263306678520032,0.9478376121775004,0.7306203542178138,0.034657428839342176,0.001401873526085751,0.21528104448923516,0.3315212819977632,0.0,0.0,0.0,0.12352063402066674,0.0,0.0
38081,ND,38-90,0.212080367497696,0.03156546112244922,419921.0,427772.0,350712.0,365690.4,241255.8,274778.5,2.0259115263531156,1.3936304033495917,1.5872765412760887,0.6879028946828166,0.38025162937265644,0.0029525074104897,0.5079668608511076,0.04438579430163732,0.0,0.0,0.0,0.034151370356171044,0.00894167921229066,0.0
38083,ND,38-50,0.2154415121906675,0.007700970991994642,328530.0,347936.0,113959.20000000001,137116.6,61733.9,77146.3,0.8093422809853822,0.4384363477465925,0.5478957592856267,0.541719317088923,0.07907776142738894,0.007116251264600386,0.30292352616573165,0.31633116435206476,0.0,0.0,0.0,0.104780764278488,0.0,0.0
38087,ND,38-70,0.8430599369085173,0.004345271231521,194004.0,202552.0,85641.7,97079.6,55068.4,66514.4,1.0447946674432507,0.671812571032942,0.8114492172409861,0.6430091882809427,0.030036731308503494,0.010422015087483708,0.005924404597337968,0.5825417670524112,0.0,0.0,0.0,0.22875113551088117,0.0,0.0
38089,ND,38-70,0.7036948714673026,0.014430297094351943,352245.0,401715.0,156779.69999999998,175051.80000000002,98876.2,118808.4,0.9643928550043623,0.6082133133944149,0.7308214780006614,0.6306696594010577,0.07330072314949654,0.01004194516012596,0.005339606437399649,0.535018607719403,0.0,0.0,0.0,0.205128013641512,0.0,0.0
38091,ND,38-60,0.06097721975993857,0.010378413331357519,371155.0,372477.0,283822.6,304804.3,139246.8,163708.5,1.8829106721221092,0.9237787469315442,1.08606038337716,0.49061209361058633,0.24341637201760108,0.0008752218257771621,0.4639534790067575,0.09902087914153089,0.0,0.0,0.0,0.01629899295795445,0.0,0.0
38093,ND,38-50,0.26725291531255974,0.02673541219202267,889270.0,937500.0,509324.89999999997,587479.1,320619.2,364519.60000000003,1.3424738528557423,0.8450851170314388,0.9607973846427578,0.6294983810923048,0.23042133333333334,0.004580266666666667,0.5316928,0.10453653333333333,0.0,0.0,0.0,0.06937493333333333,8.533333333333334e-06,0.0
38095,ND,38-30,0.010379715565456133,0.009759966368854785,461477.0,463782.0,342781.60000000003,359870.1,192237.7,235306.40000000002,1.8263575996464998,1.0242521311924675,1.2537243302600232,0.5608168583144486,0.03928354269894045,0.00202465813679703,0.29760318425467136,0.36213565856372176,0.0,0.0,0.0,0.0312194091189395,0.0,0.0
38097,ND,38-60,0.030887440883640198,0.008320370508234169,510434.0,509495.0,396711.5,422825.7,208652.6,241679.80000000002,1.92405316126579,1.0119663650696449,1.1721484837320923,0.5259555117509828,0.23774914375999764,0.0,0.43696994082375684,0.1566158647288001,0.0,0.0,0.0,0.00500691861549181,0.0028989489592635845,0.0
38099,ND,38-30,0.02562061400391393,0.012828470929029587,633123.0,643446.0,457793.3,485083.3,252709.4,287229.7,1.7580836314098227,0.9704909609716819,1.103060778794172,0.5520163794446096,0.07813553895742611,0.0005019846265265462,0.25189681807020325,0.30053648635627545,0.0,0.0,0.0,0.030594641974617916,0.04139430503880667,0.0
38101,ND,38-10,0.46400854770718264,0.008227752023074138,856370.0,873331.0,525247.9,579993.2,388982.4,468888.80000000005,1.4861671312976126,1.1006095550943857,1.3267013971756574,0.740569167435034,0.030238248728145456,0.0013614540191519595,0.2457922597503123,0.39198997859917944,0.0,0.0,0.0,0.045687144965654486,3.778636049790973e-05,1.0305371044884471e-05
38103,ND,38-50,0.35852088669499815,0.033482449344912284,589921.0,621906.0,317599.8,368223.0,182182.5,210608.4,1.2619370086941664,0.7238758937707925,0.8368221085210521,0.5736228423317647,0.15386730470521268,0.0037240354651667616,0.3827298659282914,0.2558344830247658,0.0,0.0,0.0,0.054371560975452884,0.0,0.0
38105,ND,38-10,0.7270300976910962,0.005318963463181324,688292.0,674223.0,269350.7,401262.4,183823.1,208895.19999999998,0.9871809100542108,0.673718891938971,0.7656091246169264,0.6824675042611732,0.007527183142669413,0.0007193465663437765,0.022808477313885762,0.47689859289878866,0.0,0.0,0.0,0.05211628793440746,0.0011212907302183403,0.0
39001,OH,39-80,0.7716518151090821,0.2442166717878934,45562.0,74414.0,39998.200000000004,51062.200000000004,18970.9,24051.9,1.3282138400032217,0.6299636467970338,0.7986876024014452,0.47429384322294504,0.15924422823662215,0.012806729916413578,0.4014701534657457,0.020399387212083748,0.0,0.0,0.0,0.3574864944768458,0.000819738221302443,0.0002822049614319886
39003,OH,39-10,0.41048647390630644,0.05936537295516209,163277.0,166454.0,167861.6,177714.30000000002,61109.4,76400.5,2.491950010314485,0.9071852642910111,1.1341857027636566,0.364046333407998,0.4015523808379492,0.00209066769197496,0.5213452365218019,0.04196955314981917,0.0,0.0,0.0,0.023988609465678205,0.0,4.806132625229793e-05
39005,OH,39-20,0.3478822169085868,0.1445346265674289,89079.0,106108.0,86690.0,95768.3,44975.5,54876.3,2.018845470594919,1.0473939838821291,1.2779648136810238,0.5188083977390703,0.29128812153654765,0.05398273457232254,0.4043710182078637,0.056960832359482794,0.0,0.0,0.0,0.14978135484600597,0.002940400346816451,0.00035812568326610623
39007,OH,39-30,0.12992053224912214,0.031815532462362996,70343.0,88835.0,50307.8,57489.3,29460.3,33497.1,1.3993727820987067,0.8194741565415806,0.9317626693919947,0.5856010399977737,0.1857713738954241,0.029414082287386727,0.4654021500534699,0.029684246074182474,0.0,0.0,0.0,0.19804131254573085,0.0034108178082962798,0.010041087409241853
39009,OH,39-90,0.5490929234178091,0.15371832156211052,7221.0,22460.0,8587.9,11113.8,2766.5,4041.1,0.944842522485249,0.30437089841002357,0.4446026522916126,0.32213928899963906,0.11393588601959038,0.020614425645592165,0.12399821905609973,0.01923419412288513,0.0,0.0,0.0,0.6405609973285842,0.005699020480854853,0.0036064113980409616
39011,OH,39-40,0.40478507337715974,0.0948132474909198,176758.0,184671.0,175164.30000000002,187976.5,88600.2,105348.5,2.343846146440372,1.1855454413019446,1.4096518283592805,0.5058119719600397,0.3521668264102106,0.022856864369608654,0.5213596070850323,0.05847155211159305,0.0,0.0,0.0,0.03303171586226316,0.0,0.0
39015,OH,39-80,0.7579360909245233,0.09302626367141714,123707.0,141997.0,83247.3,111431.7,46669.5,56071.7,1.4486824244604855,0.8121498764327326,0.9757684189111357,0.5606127766305934,0.14874257906857188,0.0023099079558018833,0.6991556159637176,0.009753727191419537,0.0,0.0,0.0,0.12519982816538378,0.0009718515179898167,0.0006690282189060333
39017,OH,39-70,0.451590557170411,0.03680964928961452,73622.0,86233.0,75899.7,82311.8,29949.9,41778.9,2.174947447235213,0.8582307775913464,1.1971972471998604,0.394598397622125,0.33626337944870294,0.00635487574362483,0.4769287859636102,0.029594238864471836,0.0,0.0,0.0,0.13115628587663655,0.001113262903992671,0.0008581401551610172
39019,OH,39-60,0.673895474137931,0.17066271551724138,29696.0,55498.0,7009.2,15877.4,5261.7,5581.299999999999,0.3120853075389483,0.23427770111819954,0.24850792201208868,0.7506848142441362,0.2266928537965332,0.027262243684457097,0.203538866265451,0.024036902230711015,0.0,0.0,0.0,0.39682511081480415,0.0010090453710043606,0.0030631734476918087
39021,OH,39-40,0.487031307765649,0.022700886631772162,154179.0,161304.0,186405.40000000002,198641.5,89566.6,105934.90000000001,2.85558804955485,1.3720917559215529,1.6228415832952696,0.4804935908509088,0.44579799632991124,0.0018784407082279423,0.47432797698755147,0.018827803402271488,0.0,0.0,0.0,0.042732976243614544,0.012231562763477657,0.0006819421713038735
39023,OH,39-40,0.7358464898149143,0.01623885726559983,139665.0,146507.0,136087.0,144913.0,65818.7,77969.4,2.2953053470292977,1.1101281830337741,1.3150674254312764,0.4836516346160912,0.4242322892421522,0.01504364979147754,0.49336891752612505,0.016763704123352468,0.0,0.0,0.0,0.036052884845092725,0.0009487601275024401,0.00020476837284225328
39025,OH,39-70,0.6236979421133889,0.06687642908792434,51169.0,59471.0,65189.7,70442.6,29914.0,41049.8,2.708669046464675,1.242943683679236,1.7056424960318215,0.4588761721560308,0.21534865732878208,0.001681491819542298,0.6196969951741185,0.022616064972843908,0.0,0.0,0.0,0.12357283381816347,0.0020682349380370265,0.0006389668914260732
39027,OH,39-70,0.557677303689112,0.02994118005101787,180721.0,185767.0,194531.4,209394.1,79022.7,109855.1,2.587636975584562,1.0511519499192734,1.4612814112093966,0.4062207952032422,0.34231591186809285,0.0,0.6196095108388465,0.014846555093208159,0.0,0.0,0.0,0.02552660052646595,0.00026377128338187086,5.383087415956548e-05
39029,OH,39-30,0.5927961604865918,0.1544200338966943,63133.0,87597.0,46638.0,53221.6,24280.3,27811.1,1.3156273366514446,0.6849313097066355,0.7845328578058018,0.5206119473390797,0.25750881879516424,0.056691439204538965,0.30751053118257476,0.05486489263330936,0.0,0.0,0.0,0.23955158281676314,0.002796899437195338,0.004178225281687729
39031,OH,39-60,0.5390128227647989,0.11591428069559108,56930.0,81673.0,15716.7,35247.7,11600.5,12253.1,0.4755159169988855,0.3509784111897263,0.3707231214300104,0.7381002373271742,0.3415326974642783,0.016602794069031382,0.2562168648145654,0.025161314020545344,0.0,0.0,0.0,0.30362543312967566,0.00470167619653986,0.0012121508944204326
39033,OH,39-20,0.3172007475071208,0.06366649389678505,210299.0,214627.0,205200.1,225409.2,109912.2,134217.1,2.3625195799037626,1.2654463841406427,1.5452747182282136,0.5356342418936443,0.40203702236904026,0.005004030247825297,0.5243049569718629,0.048046145172788136,0.0,0.0,0.0,0.018879264957344603,0.00014909587330578166,5.591095248966812e-05
39037,OH,39-40,0.475122658415609,0.03575719338752005,297982.0,306343.0,285934.3,305897.9,141625.7,167900.2,2.3064311662432924,1.1423950481667386,1.3543329852294115,0.49530853766057453,0.4006228312708304,0.025961095895776956,0.5058447557149992,0.039677746839327156,0.0,0.0,0.0,0.025043823426681856,0.001883509660739759,0.000215444779218066
39039,OH,39-10,0.6428762792691421,0.08201789637250174,186630.0,191375.0,166278.0,176898.6,68773.3,86913.2,2.146998752167071,0.8880079702811654,1.1222322372583688,0.4136043252865683,0.24610842586544743,0.018962769431743957,0.6414787720444154,0.0717073807968648,0.0,0.0,0.0,0.023743958197256696,0.0007106466361854997,2.612671456564337e-05
39041,OH,39-50,0.4572834720480371,0.08208870140234865,105252.0,111929.0,110621.7,123572.7,47083.1,65701.8,2.442192584320982,1.039452455231146,1.4504970429539623,0.42562264004259565,0.3051041285100376,0.0015009514960376668,0.6022478535500183,0.025364293436017475,0.0,0.0,0.0,0.05395384574149684,0.0010542397412645517,0.0004377775196776528
39043,OH,39-20,0.3748956933738774,0.06986776041298352,70705.0,72506.0,69754.2,76885.79999999999,37586.2,46165.799999999996,2.377270598286617,1.280963270474329,1.5733618762222246,0.5388378047486746,0.339544313574049,0.003585910131575318,0.5216809643339861,0.05629878906573249,0.0,0.0,0.0,0.024177309464044356,0.01339199514522936,0.007682122858797893
39045,OH,39-50,0.5334600424328148,0.07066242338519567,135744.0,146252.0,136057.5,151811.8,49975.0,69661.1,2.2988089351919188,0.8443707736524347,1.1769844302247048,0.36730793965786523,0.4082679211224462,0.0025572299865984738,0.47171320734075434,0.039507152038946475,0.0,0.0,0.0,0.06585892842491042,0.001340152613297596,0.001791428493285562
39047,OH,39-50,0.46577488620114055,0.023056019233289086,175529.0,179923.0,195173.9,216935.6,76300.4,106419.2,2.6805089405987217,1.0479060180242272,1.4615561663284051,0.3909354683182536,0.40530671453899725,0.010237712799364173,0.5421096802521078,0.02753955858895194,0.0,0.0,0.0,0.015239852603613768,0.00020008559216998383,0.0
39049,OH,39-50,0.5508069848889324,0.004971712669295389,40831.0,42858.0,41973.6,47022.6,17437.6,24329.0,2.420062167985023,1.0053956787231888,1.4027315380359948,0.4154420874073227,0.2942974473843856,0.0,0.5856316207009193,0.03838256568201969,0.0,0.0,0.0,0.036959260814783707,0.004526576135143964,0.0007933174669839937
39051,OH,39-10,0.25331635915501144,0.09656098496738864,172026.0,175537.0,196564.6,208398.3,65134.5,80733.3,2.767061671666986,0.9169055794033782,1.1364916167875205,0.33136434536025305,0.41508627810661003,0.010880896904926027,0.48648433093877647,0.06030067735007434,0.0,0.0,0.0,0.01643528145063434,0.00659120299424053,0.0007234941921076468
39053,OH,39-80,0.7600694992892119,0.18827989259200759,12662.0,31481.0,8344.5,10671.2,3389.3,4973.8,0.6549889951566854,0.26603801321643644,0.3904109610054913,0.4061717298819582,0.14262571074616434,0.0120390076554112,0.18878053429052444,0.004256535688192878,0.0,0.0,0.0,0.5886407674470315,0.0038435881960547633,0.000444712683841047
39055,OH,39-30,0.34105600366111777,0.0591499342142898,17481.0,29703.0,9519.0,10930.6,4540.9,5228.599999999999,0.7919052372440316,0.37776683389026394,0.43497801486018944,0.4770354028784536,0.12241187758812241,0.05847894152105848,0.2513214153452513,0.03733629599703733,0.0,0.0,0.0,0.3898932767733899,0.01302898697101303,0.004544995455004545
39057,OH,39-70,0.512504314312011,0.030286470317533364,139072.0,144814.0,145508.3,157088.3,55175.9,77413.1,2.482901099212696,0.9415016377763317,1.3209491904136215,0.379194176552128,0.4266162111398069,0.008141478033891751,0.5045230433521621,0.018568646677807395,0.0,0.0,0.0,0.03300785835623628,0.00042122999157540015,0.00043504081097131493
39059,OH,39-90,0.6499543517954961,0.3741631162507608,13144.0,50041.0,12298.6,15898.099999999999,4002.5,5610.2,0.6073120530189405,0.19764578831804508,0.2770349535594994,0.3254435464199177,0.09630103315281469,0.023061089906276852,0.0847305209728023,0.0,0.0,0.0,0.0,0.6978077976059631,0.001598689074958534,0.000979197058412102
39063,OH,39-10,0.33881589633871845,0.08076724942103577,215471.0,217827.0,239072.09999999998,254559.5,90644.5,113724.5,2.7120606017002618,1.0282813310746817,1.290103428622836,0.37915131042058026,0.3043975264774339,0.0032778305719676623,0.5964917113121881,0.0770841080306849,0.0,0.0,0.0,0.013648445784957788,0.0033099661658104827,7.80435850468491e-05
39065,OH,39-40,0.3883231379791003,0.1129775465449735,225266.0,229014.0,208547.4,222965.2,108092.6,128841.00000000001,2.2502198481745883,1.1663157342685477,1.390190313850291,0.5183119041522455,0.3877142882094544,0.0231077576043386,0.5247976106264246,0.03927270821871152,0.0,0.0,0.0,0.02039613298750295,0.0,3.056581693695582e-05
39067,OH,39-60,0.591323514677888,,9981.0,33461.0,2667.6,6208.0,1768.6,2132.4,0.1969989885543798,0.13060894105460943,0.1574751249037935,0.6629929524666367,0.11248916649233436,0.004333403066256239,0.09551418068796509,0.024476255939750755,0.0,0.0,0.0,0.710827530557963,0.0006275963061474553,0.0019126744568303399
39069,OH,39-10,0.41776837894620955,0.053074855271245995,217994.0,219936.0,210721.2,224876.6,75368.1,94140.90000000001,2.3675224842326332,0.846785569481825,1.0577041960462257,0.35766738230420103,0.340589989815219,0.002109704641350211,0.5192010403026335,0.0934135384839226,0.0,0.0,0.0,0.012594572966681216,0.01299468936417867,0.0002273388622144624
39071,OH,39-80,0.7856253612556133,0.052587701747365614,179928.0,197435.0,125329.09999999999,162043.4,63019.2,77710.5,1.5685919449153654,0.7887346952544173,0.9726078327806191,0.5028297498346354,0.2311748170283891,0.00901562539569985,0.6431129232405601,0.0207460683262846,0.0,0.0,0.0,0.09009040950186137,0.0016815660850406462,0.00027857269481095046
39073,OH,39-90,0.39525354276933583,0.031756872118832165,5857.0,10272.0,10023.2,12180.2,3262.0,4570.2,2.4112019660452613,0.784713545897482,1.099416875371144,0.325444967674994,0.2378309968847352,0.0,0.2731697819314642,0.017718068535825544,0.0,0.0,0.0,0.3740264797507788,0.0024338006230529593,0.007690809968847352
39075,OH,39-60,0.5722921568290714,0.2211956241735218,58229.0,89085.0,13761.9,31105.9,9544.3,10298.8,0.3817297580078557,0.26474130238952304,0.28566974267879464,0.6935306898030068,0.27661222428018184,0.0901610821125891,0.216927653364764,0.01817365437503508,0.0,0.0,0.0,0.25645170342930906,0.004658472245608127,0.0012460010102710894
39077,OH,39-20,0.3107417663829309,0.06525582203329212,195722.0,201230.0,170057.2,188312.5,98405.6,120658.3,2.0882596669104028,1.2083960307362367,1.48165359283803,0.578661767922793,0.2868757143567063,0.008885355066341997,0.6018685086716692,0.07012373900511852,0.0,0.0,0.0,0.02121950007454157,0.02047905381901307,0.00019380808030611737
39079,OH,39-80,0.7510098561964776,0.1368557117466473,6189.0,20550.0,8867.1,11331.3,3925.2,5255.8,1.0662326656970813,0.471989315491444,0.6319885469173371,0.4426700950705416,0.07824817518248176,0.013917274939172749,0.16690997566909976,0.006715328467153284,0.0,0.0,0.0,0.6497810218978102,0.0032603406326034063,0.0032603406326034063
39083,OH,39-50,0.6193729492577824,0.2022345537863789,107583.0,128884.0,111420.5,124912.3,42025.1,58547.5,2.136231429484055,0.8057344873448814,1.1225134478638825,0.37717565439035006,0.3525806151267807,0.014136743117842401,0.42504888116445794,0.023493994599795166,0.0,0.0,0.0,0.14796250892275226,0.0009077930542192979,0.001373327953818938
39089,OH,39-50,0.37807541468684197,0.03461529429262527,127747.0,150390.0,132990.7,148958.30000000002,50905.8,70950.70000000001,2.1851664110037468,0.8364317526358951,1.1657889346939565,0.3827771415595226,0.33766872797393443,0.013704368641532017,0.46141365782299354,0.030846465855442515,0.0,0.0,0.0,0.13351286654697786,0.00201476161978855,0.0025666600172883835
39091,OH,39-40,0.6283261749605056,0.08152522709320695,162048.0,172338.0,169223.3,180820.19999999998,85760.8,102130.6,2.4263939525602343,1.2296739662134455,1.464390956867927,0.5067907315363783,0.38660074968956354,0.00896494098805835,0.51454699485894,0.026651115830519097,0.0,0.0,0.0,0.05665030347340691,0.0010096438394318142,0.00013926121923197438
39093,OH,39-20,0.31663993346402897,0.08535614566625081,84165.0,90936.0,86826.6,96481.6,51173.8,62647.8,2.3593868340917767,1.3905737408863847,1.702363037419579,0.5893792915995789,0.19253101082079704,0.012206386909474795,0.6351060086214481,0.05543459136095716,0.0,0.0,0.0,0.07673528635523885,0.007180874461159497,0.004002815166710654
39095,OH,39-10,0.24855927552140505,0.09992453347969264,58304.0,59959.0,58601.2,62342.8,20898.3,26114.600000000002,2.415095628751922,0.8612689326898817,1.0762451333181737,0.3566189770857935,0.39940626094497905,0.0,0.4977568004803282,0.06782968361713838,0.0,0.0,0.0,0.016010940809553193,0.008472456178388566,0.0
39097,OH,39-50,0.5178534881499774,0.05212099712106534,219873.0,226248.0,224739.09999999998,249943.4,88600.9,123583.19999999998,2.454573787882652,0.9676885184768118,1.349761048890288,0.39423891970734065,0.36779551642445457,0.023982532442275734,0.546373890597928,0.03401577030515187,0.0,0.0,0.0,0.02641349315795057,0.00043757292882147026,0.00015469750008839856
39099,OH,39-30,0.27012961508248234,0.059824234092694425,40736.0,50236.0,30561.6,34864.299999999996,15434.6,17677.4,1.5032916287616294,0.7592110679180489,0.8695319432971712,0.5050324590335585,0.2819691058205271,0.07205987737877219,0.31887491042280436,0.06551078907556335,0.0,0.0,0.0,0.17264511505693128,0.019587546779202165,0.00700692730312923
39101,OH,39-50,0.3393485338305139,0.05211843388125823,175389.0,178130.0,160909.6,179809.4,69421.8,96900.20000000001,2.232169095027732,0.9630326374634964,1.3442183172539506,0.43143355026673363,0.3057429966878123,0.010189187671924999,0.6405546510975131,0.028254645483635547,0.0,0.0,0.0,0.014130129680570369,6.736653006231403e-05,0.00010104979509347106
39103,OH,39-30,0.35357830417678077,0.060584247091319994,59735.0,71918.0,41513.5,47954.9,26318.0,29755.0,1.4263757687278804,0.9042686711884171,1.0223616654461338,0.633962445951317,0.1944853861342084,0.025264885007925692,0.5431602658583387,0.03814066019633471,0.0,0.0,0.0,0.1647014655579966,0.006660363191412442,0.0017937095024889457
39105,OH,39-90,0.5067753077672482,0.09547427154370738,11291.0,26175.0,9230.5,11389.4,3007.2,4099.999999999999,0.8714063891624336,0.2838950537337382,0.38706096046432775,0.325789502193814,0.19732569245463227,0.010391595033428845,0.17990448901623687,0.006532951289398281,0.0,0.0,0.0,0.5358930276981853,0.01096466093600764,0.0005348615090735435
39107,OH,39-40,0.3265055323183069,0.0701579596476521,227843.0,239223.0,232136.5,248140.2,109220.1,128562.40000000001,2.397853817774739,1.128188948152224,1.327985222755935,0.4704994690623836,0.39244972264372574,0.04493297049196775,0.4590361294691564,0.05111966658724287,0.0,0.0,0.0,0.03631339795922633,0.00014630700225312784,0.00010032480154500195
39109,OH,39-40,0.625720840825944,0.04680211928925267,145143.0,150623.0,160505.3,171322.6,78244.0,92686.0,2.633178424543517,1.2836361955024722,1.520565211598872,0.48748545998169535,0.42432430638083163,0.0031004561056412368,0.5048100223737411,0.028070082258353637,0.0,0.0,0.0,0.03502121189990905,0.0013942093836930615,0.00013942093836930616
39113,OH,39-70,0.6443112610098756,0.04059398733409361,82426.0,88636.0,86943.7,93774.7,33953.1,47476.2,2.423874741038267,0.9465672782495613,1.323573323662105,0.3905182319132956,0.4012816462836771,0.0008123110248657431,0.5035764249289227,0.015907757570287468,0.0,0.0,0.0,0.04067196173112505,0.002448215172164809,0.0008348752200009026
39115,OH,39-90,0.5886443745832143,0.08383347623130419,10497.0,29887.0,14470.9,17798.5,4786.5,6262.9,1.1964523922351533,0.3957472842348134,0.5178158709775855,0.33076726395732126,0.1557198782079165,0.0313179643323184,0.10328905544216549,0.007929869173888313,0.0,0.0,0.0,0.5924649513166259,0.001237996453307458,0.0011376183624987452
39117,OH,39-50,0.503155756535197,0.11176133936272258,124059.0,132219.0,116259.40000000001,130386.3,48422.9,67548.6,2.1727832903095448,0.9049803111690757,1.2624223878998455,0.4165073963911735,0.34479915897110097,0.007843048275966389,0.5310885727467308,0.05139200871281737,0.0,0.0,0.0,0.05537782013175111,0.0015353315332894666,0.0004916086190335731
39119,OH,39-90,0.4917974407065359,0.10398613518197573,42121.0,76555.0,60022.6,71933.7,19666.4,26790.100000000002,1.9374185186664592,0.6347950198009092,0.8647348808103333,0.3276499185306868,0.25258964143426293,0.014551629547384233,0.23559532362353863,0.008817190255371955,0.0,0.0,0.0,0.4196460061393769,0.004545751420547319,0.0025733133041604076
39123,OH,39-20,0.7011921485990791,0.1389214079450558,102504.0,108003.0,85321.4,95390.4,53949.0,66402.9,1.952110320483005,1.2343257339862876,1.5192646440400759,0.6323032674100519,0.16878234863846375,0.0,0.6999250020832755,0.06861846430191754,0.0,0.0,0.0,0.05651694860327954,0.0141477551549494,0.00174995139023916
39125,OH,39-10,0.42250352476497327,0.09266696188163916,196467.0,199982.0,182570.6,195990.3,74792.9,94442.5,2.255911919957259,0.924169579538936,1.1669675265380266,0.40966563072038975,0.2419567761098499,0.026902421217909613,0.6034943144883039,0.1091998279845186,0.0,0.0,0.0,0.01942174795731616,3.5003150283525516e-05,0.0
39127,OH,39-90,0.4105599148822982,0.04702753025668307,37595.0,52513.0,58111.4,69865.0,18884.7,26655.100000000002,2.7344923475312846,0.8886391936078644,1.254283444774711,0.32497410146718203,0.32991830594329025,0.0,0.33804962580694303,0.01622455391998172,0.0,0.0,0.0,0.23853141126959038,0.003103993296897911,0.00017138613295755338
39129,OH,39-50,0.4663991167629685,0.027887242221308898,248178.0,256325.0,207884.0,231806.4,81843.3,114158.8,2.004067302093834,0.7889952157234625,1.100526824220573,0.3936969656154394,0.4130693455573978,0.006831171364478689,0.5165668584804447,0.03661757534380181,0.0,0.0,0.0,0.0318540914854189,0.000456451770213596,0.00015215059007119867
39131,OH,39-80,0.8885672147266073,0.0819631834817283,36614.0,45713.0,28444.3,35078.1,12061.8,15700.9,1.537580032390456,0.652010520022894,0.8487250637406901,0.4240498096279395,0.3150088596241769,0.0035438496707719904,0.427908909938092,0.0246319427733905,0.0,0.0,0.0,0.19379607551462386,0.005775162426443244,0.0
39133,OH,39-30,0.3609479914839857,0.1410289404112954,42743.0,53731.0,33947.799999999996,38800.2,18735.3,21325.4,1.5612372874078344,0.8616242864271617,0.980741304263812,0.5518855419202423,0.2275036757179282,0.031099365357056447,0.44015558988293535,0.043885280378180194,0.0,0.0,0.0,0.19002065846531796,0.009380059928160652,0.003554744933092628
39135,OH,39-70,0.49986525152093764,0.029507049925744988,174399.0,181122.0,187731.8,202653.69999999998,71627.6,100446.20000000001,2.5612315484876262,0.9772178653933555,1.3703910385224978,0.3815421787891024,0.4084318856903082,0.004019390245249058,0.5292620443678846,0.020560727023774032,0.0,0.0003533529885933238,0.0,0.03483287507867625,0.000789523083888208,0.00038647983127394796
39137,OH,39-10,0.4398839331679693,0.13759535732671876,277771.0,283644.0,226182.3,242466.90000000002,88502.8,111353.7,1.9704581631418552,0.7710199459502843,0.9700927400643162,0.3912896809343614,0.28026681332938475,0.009645894149003681,0.57534797140077,0.10588272623429369,0.0,0.0,0.0,0.02235901341117739,0.005993428382056381,0.0
39139,OH,39-20,0.27591925430319664,0.08618974095042031,87435.0,103922.0,85591.1,94643.7,45449.4,55474.4,2.0351822920742766,1.0806943019239224,1.319068414162749,0.5310061443304268,0.32769769634918494,0.04131945112680664,0.4083447200785204,0.04778583937953465,0.0,0.0,0.0,0.1169723446430977,0.002607725024537634,0.0014241450318508112
39141,OH,39-50,0.6408160525012798,0.0410963502547017,119159.0,133320.0,113360.0,127346.8,44305.6,61757.4,2.101100063240164,0.8211935335382269,1.1446584072472485,0.3908398023994354,0.34766726672667264,0.00609060906090609,0.47906540654065405,0.06122862286228623,0.0,0.0,0.0,0.10477047704770477,0.000705070507050705,0.000525052505250525
39143,OH,39-20,0.48195649680798197,0.07016705531557017,156954.0,160417.0,173510.5,191277.4,94787.6,115917.5,2.67274530075108,1.4601024864170933,1.7855861944943578,0.5462931638142937,0.36310366108330167,0.0025932413646932682,0.5555271573461665,0.04054433133645437,0.0,0.0,0.0,0.02726020309568188,0.014873735327303217,0.0018950609972758499
39145,OH,39-80,0.7470474813208002,0.04985136980798586,24894.0,35764.0,21207.2,27020.0,10054.0,12763.5,1.4652760445840702,0.694664328730254,0.8818727033766259,0.4740842732656833,0.207079744994967,0.00785706296834806,0.4346269992170898,0.01498713790403758,0.0,0.0,0.0,0.30276255452410245,0.0013980539089587295,0.00304775752153003
39147,OH,39-20,0.43124881736612586,0.13330429004563316,227247.0,230886.0,240164.99999999997,264536.3,132010.5,161850.3,2.570362167479265,1.4128403177399769,1.7322003119320855,0.5496658547248767,0.35106069662084316,0.00275893731105394,0.5332545065530175,0.09608204914979687,0.0,0.0,0.0,0.01694342662612718,0.0006756581169928016,6.496712663392324e-05
39149,OH,39-40,0.5014011296951582,0.06663882722697202,181996.0,189544.0,178060.6,190900.09999999998,89617.1,106476.00000000001,2.321346625969292,1.168323327643244,1.3881100217943012,0.5032955072598879,0.3678196091672646,0.02769277845777234,0.518423162959524,0.04885936774574769,0.0,0.0,0.0,0.037774870214831384,0.00020048115477145148,4.748237876165956e-05
39151,OH,39-30,0.3846784399447768,0.10368729866543948,69536.0,92962.0,54680.9,62158.4,27991.1,32080.9,1.453491174186003,0.7440407309637886,0.8527530638658791,0.5118990360436642,0.27094942019319723,0.06004604031754911,0.3157741873023386,0.057453583184527014,0.0,0.0,0.0,0.23641918203136766,0.009003678922570512,0.0022482304597577505
39153,OH,39-30,0.19485530546623794,0.06221864951768489,6220.0,9457.0,5782.7,6659.4,2101.8,2421.5,1.5109826471504464,0.5491869417021129,0.632722513717607,0.363463434036004,0.2914243417574284,0.0175531352437348,0.23083430263297028,0.04652638257375489,0.0,0.0,0.0,0.2696415353706249,0.04853547636671249,0.013429205879242888
39155,OH,39-30,0.1808393065774101,0.04477564811013925,63338.0,74890.0,44225.6,50316.0,24629.2,28040.9,1.4592580796654115,0.8126596156003617,0.9252313114144262,0.5568991715205673,0.30667645880624916,0.02144478568567232,0.4535184937908933,0.022259313660034717,0.0,0.0,0.0,0.1390439310989451,0.0021231139003872346,0.0023100547469622115
39157,OH,39-60,0.5220125786163522,0.20988844511775237,43566.0,71863.0,12325.800000000001,27683.3,9044.2,9552.000000000002,0.4238302757869818,0.3109904249843921,0.32845144285297917,0.7337617030943224,0.23379207659017853,0.08055605805491003,0.23457133712758999,0.030975606362105675,0.0,0.0,0.0,0.32328180009184143,0.0006540222367560497,0.0020733896441840725
39159,OH,39-50,0.48940928750284546,0.06666856362394719,175720.0,183772.0,164183.4,183885.80000000002,71129.9,99265.2,2.207659582938434,0.9564341179951964,1.3347498591958764,0.433234419557641,0.29314041312060596,0.008907777028056505,0.6158718411945237,0.043042465663974926,0.0,0.0,0.0,0.04141544957882594,0.0002611932176827808,0.00022854406547243323
39161,OH,39-10,0.5312321088295864,0.07108188708588617,234054.0,235808.0,218417.0,230839.1,83633.3,105019.70000000001,2.2888119191848393,0.8764010762933353,1.1005111374536602,0.38290655031430704,0.30406093092685577,0.007128680960781653,0.6022017912878274,0.04148290134346587,0.0,0.0,0.0,0.006946329216990094,0.00022051838784095535,7.633328809879223e-05
39163,OH,39-90,0.8104309228777511,0.11725540965415203,5407.0,10585.0,6023.6,7462.3,1940.4,2839.5,1.4062012052958124,0.452983733773158,0.6628774026225943,0.32213294375456536,0.22815304676428907,0.01766650921114785,0.22182333490788853,0.0,0.0,0.0,0.0,0.45781766650921113,0.0,0.0026452527161076995
39165,OH,39-70,0.4051719817577388,0.056848365379796525,59861.0,66299.0,73674.0,79599.5,30913.1,42748.5,2.7459300855536193,1.1521732405967855,1.5932946801081642,0.4195930721828596,0.26885775049397426,0.00045249551275283186,0.6000844658290472,0.02337893482556298,0.0,0.0,0.0,0.09110242990090349,0.002171978461213593,0.0025339748714158583
39167,OH,39-90,0.5449572115196749,0.2230862412566918,25591.0,49824.0,31626.4,38060.0,10403.9,13795.699999999999,1.568531959785075,0.5159882141631024,0.6842067499812485,0.3289625123314699,0.20177023121387283,0.051059730250481696,0.20895552344251767,0.01740125240847784,0.0,0.0,0.0,0.42730411046885036,0.011540622992935132,0.0024486191393705845
39169,OH,39-30,0.2819285405638976,0.1522091390299233,148112.0,188757.0,93525.40000000001,105551.5,45911.4,52746.50000000001,1.22435881285829,0.6010348760942171,0.6905144711749942,0.4908976598870467,0.2936473879114417,0.09951419020221766,0.2812451988535524,0.045089718526995025,0.0,0.0,0.0,0.15033084865726834,0.004307125033773582,0.0015628559470642147
39171,OH,39-10,0.5199288213439781,0.14450349280398217,166342.0,170386.0,160217.9,170733.8,61277.7,76956.8,2.323589103410383,0.8886909390402098,1.1160799256096365,0.38246475581068035,0.31355275668188703,0.01632763255197023,0.5556325050180179,0.08109234326763937,0.0,0.0,0.0,0.021492376134189427,0.0,0.00020541593792917259
39173,OH,39-10,0.4280377498496744,0.07599865240030534,234491.0,242352.0,274350.7,292090.6,104327.2,130938.6,2.7973168935797457,1.0637342606374718,1.3350676991226225,0.38026948719285203,0.3285262758301974,0.0045677361853832445,0.5476290684624018,0.0811753152439427,0.0,0.0,0.0,0.029362249950485246,0.0039116656763715585,5.776721462995973e-05
39175,OH,39-20,0.2535515476556916,0.06312181430218544,191677.0,193978.0,189883.4,208966.7,105130.3,128449.3,2.4188933792121965,1.3392375880387228,1.6362944909056887,0.5536571390653422,0.37102145604140674,0.00835146253698873,0.5670643062615348,0.04404107682314489,0.0,0.0,0.0,0.013857241542855375,0.0012836507232778975,3.608656651785254e-05
40003,OK,40-40,0.34298149106911724,0.019164185865907325,247232.0,261390.0,118145.0,151203.7,64823.1,89030.7,1.1168853167083,0.6128060313471902,0.8416528974248731,0.5486740869270811,0.015459657982325261,0.0,0.08938750526033895,0.7471211599525613,0.0005279467462412488,0.020566968897050383,0.0,0.12036038103982555,0.0,0.0
40007,OK,40-10,0.3222598558544366,0.013003295130820632,152346.0,111154.0,181550.5,203843.3,82829.8,124007.70000000001,4.03603159203039,1.8413812661576745,2.756803175177304,0.4562355928515757,0.044586789499253286,0.0,0.009140471777893733,0.5441999388236141,0.0235978912139914,0.21096856613347248,0.0,0.2014862263166418,0.0,0.0
40009,OK,40-20,0.4971778331622929,0.22323217514538435,81852.0,94520.0,29550.3,47916.7,15331.3,25557.5,0.772538949848622,0.40080900707655015,0.6681544421124712,0.5188204519074257,0.0,0.0,0.0,0.3259098603470165,0.22782479898434194,0.023053322048243757,0.0,0.3066758358019467,0.0,0.0
40011,OK,40-20,0.2368491118633753,0.04642544705684183,184037.0,216338.0,41482.6,56158.5,17919.2,35311.2,0.47382215317003173,0.20467651321480412,0.4033312476801749,0.4319690665483842,0.0,0.0,0.0063095711340587415,0.6749207259011362,0.012933465225711618,0.0043173182704841495,0.0,0.24155257051465762,0.0030646488365428173,3.235677504645508e-05
40013,OK,40-60,0.23581282890058314,0.12373773289716967,14062.0,81627.0,24482.0,42634.4,11383.9,19455.0,0.7411314821173315,0.34461917650827095,0.5889515964624085,0.46499060534270076,0.015730089308684626,0.0,0.03557646367010916,0.020042387935364524,0.0,0.0,0.0,0.7384443872738187,0.00018376272556874562,0.06436595734254597
40015,OK,40-30,0.4328815452915062,0.1273807073765913,170065.0,209440.0,104224.40000000001,139905.4,61287.9,76500.8,1.2296796275872055,0.7230982576786422,0.9025859132230387,0.5880379258599714,0.024283804430863254,0.00841768525592055,0.07616978609625669,0.40368124522536286,0.09324866310160428,0.018057677616501146,0.0,0.30167112299465243,0.002845683728036669,0.0009597020626432391
40017,OK,40-50,0.14071212922487833,0.028577548984824244,149383.0,187118.0,69463.6,92039.8,27756.9,58533.0,0.9173264665121789,0.36655369140574195,0.7729785105344001,0.39958913733235824,0.0021964749516347973,0.0,0.02110967410938552,0.5804679400164602,0.01643882469885313,0.020056862514563,0.0,0.29336568368623006,0.00016567086009897498,0.000796288972733783
40019,OK,40-60,0.2019744295193397,0.1785078491665318,6179.0,39921.0,13813.6,20888.9,4901.4,12845.8,0.8550424331642082,0.30338977398441025,0.7951369728340755,0.354824231192448,0.0,0.0,0.0012524736354299743,0.023922246436712508,0.0,0.0,0.0,0.7403121164299491,0.0006512862904235866,0.21494952531249217
40023,OK,40-90,0.4426910299003322,0.220265780730897,6020.0,49760.0,24622.2,31416.600000000002,3050.5,20147.2,1.22272470328795,0.15148612664099434,1.000498702068986,0.1238922598305594,0.02582395498392283,0.0,0.038605305466237944,0.0,0.0,0.0,0.0,0.8370377813504823,0.0,0.06481109324758842
40025,OK,40-10,0.25598584664978563,0.03112497198418716,209703.0,191177.0,362705.4,392878.3,147121.1,219905.50000000003,4.688140112419424,1.9016103159568873,2.842383365374901,0.40562147682389066,0.10739785643670526,0.010995046475255914,0.0,0.5081625927805123,0.007364902681807958,0.37953833358615313,0.0,0.07467425474821762,0.0,0.0
40031,OK,40-30,0.19927455975191052,0.02958522538487097,72232.0,87602.0,39264.4,51424.3,25182.3,32635.499999999996,1.1075597064084575,0.7103355913929589,0.9205734660021089,0.6413519625920681,0.0,0.009999771694710167,0.0,0.31300655236181824,0.2834296020638798,0.0021004086664688022,0.0,0.3831076916052145,0.00012556790940846098,0.00046802584415880916
40033,OK,40-30,0.4389199725033283,0.06928117087093097,114923.0,107106.0,45231.1,54912.700000000004,32487.6,40108.7,1.043531475330934,0.7495248437018169,0.9253520450443573,0.7182580127390225,0.007039755009056449,0.0,0.0,0.6698504285474203,0.07703583366011241,0.030250406139712062,0.0,0.1880286818665621,0.0,0.0012230874087352716
40035,OK,40-70,0.4359729172799529,0.025120204101658324,20382.0,84666.0,26904.199999999997,37305.5,3350.1,19621.399999999998,0.7852234195626236,0.09777569962595972,0.5726683121819666,0.12451959173660619,0.05643351522452933,0.0,0.12407578012425295,0.06471310797722817,0.0,0.003637823919873385,0.0,0.7311553634280585,0.0,0.02336238868022583
40039,OK,40-20,0.31310984613781,0.11185555368962342,172687.0,192481.0,64816.799999999996,91282.8,27385.3,49264.5,0.8321122650797201,0.3515700252540647,0.63245323254187,0.4225031164759754,0.008489149578399946,0.006031764174126277,0.031504408227305554,0.6035452849891677,0.0402896909305334,0.022256742223907815,0.0,0.2011782981177363,0.0,0.0
40043,OK,40-20,0.25690480073941174,0.045982167128799,73572.0,86711.0,26977.3,38068.4,12485.5,24435.899999999998,0.7687878132479339,0.35580655745041495,0.6963640588845136,0.4628150333799157,0.0,0.0,0.0,0.6982851080024449,0.0,0.0,0.0,0.25937885620048207,0.0,0.0
40045,OK,40-10,0.3163638222290373,0.06302231081806332,39129.0,45914.0,56679.200000000004,68643.4,29488.1,41374.7,3.0504280474917804,1.587025351579457,2.2267524124645046,0.5202631653234343,0.009670253081848674,0.0,0.013046129720782331,0.4103541403493488,0.0,0.013677745350002178,0.0,0.48414426972165353,0.0,0.0
40047,OK,40-40,0.42509837192633443,0.012462881968316195,341815.0,353282.0,225927.09999999998,275400.8,118544.4,156641.0,1.580261723758086,0.8291664784165691,1.095635612864461,0.5247019945814381,0.04851082138348402,0.0016983599504078895,0.13941270712914894,0.6078515180507357,0.0,0.06578314207913225,0.0,0.12183185104250994,0.0,0.0
40049,OK,40-60,0.3795840084653285,0.0791640488079098,30241.0,73329.0,73755.6,100283.9,59737.3,70652.5,2.4854294581052057,2.013038266486451,2.3808606368706653,0.8099357879266117,0.05336224413260784,0.00904144335801661,0.0980512484828649,0.13724447353707264,0.0,0.014332665112029347,0.0,0.6206412197084373,0.0002863805588512048,0.09844672639746894
40051,OK,40-50,0.24197979903705255,0.14151140883399624,76432.0,146462.0,88774.3,117674.7,34064.0,79079.5,1.4977678350685213,0.5747154698350098,1.3342006809775029,0.3837146561561172,0.018530403790744356,0.0,0.021691633324684902,0.3083871584438284,0.027317666015758354,0.017076101650940177,0.0,0.5266348950581038,0.0010036733077521814,0.0007442203438434542
40053,OK,40-40,0.4126994183032886,0.017148534239474746,347260.0,341016.0,259480.5,322060.8,147677.3,179553.0,1.8802351776981374,1.0700921819076237,1.3010683533492253,0.569126774458967,0.016339409294578555,0.0005630234358505173,0.2180836089802238,0.6396620686419405,0.010298637014099046,0.04884814788748915,0.0,0.0734276397588383,0.0,0.0
40055,OK,40-30,0.38268064786576106,0.03153060108625655,82301.0,79135.0,62480.5,73158.9,40530.3,52099.8,1.9510037008604568,1.2655911091778167,1.626858021528151,0.6486871904034059,0.0,0.0,0.0,0.5728944209262652,0.1875655525368042,0.01588424843621659,0.0,0.15813483288052063,0.0,0.0
40057,OK,40-30,0.49855810390663724,0.21951741540125264,88772.0,81122.0,77597.0,87168.4,49813.7,61797.0,2.363678938599594,1.5173730111179375,1.882395806134762,0.6419539415183576,0.0,0.007309977564655704,0.0,0.41626192648110255,0.4003476245654693,0.0039570030324696135,0.0,0.14296984788343484,0.0,0.0
40059,OK,40-10,0.3487848784878488,0.044739768094456504,75548.0,67982.0,37425.5,43603.4,20027.9,30463.800000000003,1.3603663402223232,0.7279870950378396,1.1073179547438194,0.5351404790851158,0.0,0.0,0.0,0.627386661175017,0.0,0.07644670648112736,0.0,0.27888264540613694,0.0,0.0
40063,OK,40-80,0.33558593150053756,0.5446168023345108,6511.0,44288.0,84293.5,88863.5,2032.1,69779.1,4.703165072412957,0.1133812422505931,3.8933325334030617,0.02410743414379519,0.009709176300578035,0.0,0.05732929913294798,0.0,0.0,0.0,0.0,0.8799900650289018,0.0017386199421965318,0.015421784682080926
40065,OK,40-30,0.5634341121008878,0.16898785003643502,268972.0,256340.0,312493.4,344456.3,202968.5,252720.3,3.0123586179672115,1.9565658351532478,2.4361608073650802,0.649512917712822,0.0,0.0,0.0,0.4238394320043692,0.5615588671295935,0.016361082936724662,0.0,0.03636966528828899,0.0,6.241710228602636e-05
40067,OK,40-60,0.21266968325791855,0.04737359826873894,25415.0,30147.0,17424.9,31019.8,5450.4,15663.2,1.4282636950698941,0.4467519723848602,1.2838627428919973,0.3127937606528588,0.0,0.0,0.0,0.3758582943576475,0.0,0.0,0.0,0.48562045974723855,0.0010614654857863137,0.08989285832752844
40071,OK,40-40,0.5177681032794541,0.09009836855821521,265532.0,288932.0,335980.5,413442.5,189922.3,224822.4,2.8734300672140485,1.6242860739074043,1.9227646959964155,0.5652777467739943,0.059411903146761175,0.0,0.5055653233286725,0.3972872509794692,0.02249664280868855,0.020762670801434246,0.0,0.10060152561848462,1.0383065911702408e-05,0.0009898522835822961
40073,OK,40-50,0.07599875081077186,0.022788094265740987,208135.0,238578.0,80843.7,108098.09999999999,34830.1,68585.4,0.83733258421636,0.3607501591529611,0.7103681575869578,0.4308325818833131,0.005239376639924889,0.0,0.03204402752978062,0.6343753405594816,0.0,0.019041990460143016,0.0,0.194196447283488,0.0,0.0
40075,OK,40-30,0.27417358194174096,0.00584383430659427,234264.0,232232.0,107548.2,130652.90000000001,72522.1,91333.5,1.1443616291943828,0.7716680382247026,0.9718298666088802,0.6743218389522094,0.0,0.0015071135760790933,0.009977091873643597,0.691209652416549,0.13374125874125875,0.04528230390299356,0.0,0.10892125116263048,0.0,0.0007578628268283441
40079,OK,40-90,0.18727213992339287,0.0337809774331995,21669.0,90407.0,51632.6,56550.3,11145.9,39199.2,1.4112506021814197,0.30464586495458074,1.0714140795743368,0.21586943132826936,0.02732089329366089,0.0,0.17954361941000144,0.04364706272744367,0.0,0.0,0.0,0.7454511265720575,0.00033183271206875574,0.0015706748371254438
40081,OK,40-50,0.5295243456234169,0.13155080213903744,17765.0,91164.0,43601.4,47513.8,2620.0,38541.3,1.181841579955077,0.07101664027949336,1.0446845946580297,0.06008981362983757,0.014084507042253521,0.0,0.017945680312404018,0.03691150015356939,0.04227545961125005,0.0,0.0,0.8357355973849326,0.0003400465095871177,0.03461892852441753
40083,OK,40-50,0.21919330778905496,0.045628710988914564,68378.0,103993.0,38641.8,49850.2,6732.0,33293.6,0.9181961025817037,0.15996398104073903,0.791113606532672,0.17421548685620233,0.0,0.0,0.03262719606127335,0.3864202398238343,0.0,0.01775119479195715,0.0,0.5147461848393642,0.00019232063696594963,0.002202071293260123
40087,OK,40-50,0.16394934705184014,0.10451127819548872,25270.0,66794.0,39326.200000000004,56086.9,13491.4,35744.100000000006,1.4548785299059854,0.49911631935894163,1.3223582156631595,0.34306391159074606,0.08198341168368416,0.0,0.07145851423780579,0.13710812348414528,0.0,0.015719974848040243,0.0,0.6942090606940743,0.0020959966464053656,0.014387519837111118
40089,OK,40-90,0.17586853926195486,0.031727980894979246,17587.0,62580.0,33713.5,39449.8,5596.7,23744.6,1.3312220003344966,0.22099307901203008,0.9375868393712454,0.1660076823824284,0.06142537551933525,0.0,0.11891978267817194,0.014333652924256951,0.0,0.0,0.0,0.7316075423457974,0.001518056887184404,0.05642377756471716
40093,OK,40-40,0.22525648053880493,0.06308246534575926,127690.0,143851.0,98657.9,113446.2,35152.3,57318.4,1.6947326062557404,0.6038416487162576,0.9846080386710951,0.3563049689887987,0.03755274554921412,0.0036913194903059414,0.05338162404154299,0.5321408957880028,0.006339893361881391,0.023489582971268883,0.0,0.22394004907856047,0.00018769421137148856,0.0
40097,OK,40-70,0.4989637305699482,0.027508243052284505,21230.0,67886.0,14410.4,20188.0,1618.5,10574.4,0.5245392848443625,0.058913481410689555,0.3849086918932318,0.11231471714872593,0.018074418878708424,0.008926730106354771,0.1686651150458121,0.0743304952420234,0.0,0.02476210116960787,0.0,0.7152873935715759,0.0,0.00215066434905577
40101,OK,40-80,0.681125706987776,0.08164568509396096,21924.0,80546.0,63460.5,79577.0,4014.5,46747.1,1.946891349116908,0.12316000222232455,1.434144461299596,0.06325982303952853,0.0470166116256549,0.0,0.16122464181958135,0.09428152856752663,0.0,0.0,0.0,0.7510242594293944,0.0,0.007970600650559928
40103,OK,40-40,0.4545648565330804,0.014101652043316733,126510.0,152752.0,116177.3,143318.9,59292.3,78078.6,1.879388553624523,0.9591656023859334,1.26306969711835,0.5103604576797705,0.10196920498585943,0.0,0.26304729234314445,0.4695061275793443,0.010998219335917042,0.01533858803812716,0.0,0.22456007122656332,0.0,0.0020425264480988794
40105,OK,40-70,0.5954345434543454,0.03107810781078108,18180.0,51064.0,16153.3,20878.9,1348.8,11980.5,0.7816793354327045,0.06527019789341075,0.5797520802654267,0.08349996595122978,0.030079899733667554,0.0,0.215122199592668,0.08559846467178443,0.0,0.004895817013943287,0.0,0.654100736330879,0.00015666614444618518,0.0012729124236252546
40107,OK,40-50,0.4020814479638009,0.07013574660633484,11050.0,55833.0,31199.1,31819.0,268.4,27393.8,1.3808080359164363,0.011878832300930843,1.2123932797512644,0.008602812260610082,0.03460319166084574,0.0,0.09596475202837032,0.06476456575860154,0.0,0.0,0.0,0.7543030107642433,0.00044776386724696863,0.07063922769688177
40109,OK,40-50,0.4751333542516473,0.059538751176655164,12748.0,25329.0,15558.800000000001,21818.0,4257.8,13924.400000000001,1.5178898532004155,0.41538366821070577,1.3584405912990634,0.27365863691287245,0.036677326384776346,0.0,0.058983773540210824,0.11326937502467527,0.15792174977298748,0.0,0.0,0.5468830194638556,0.0007501283114216906,0.026017608275099687
40111,OK,40-80,0.383535417996171,0.11869814932992981,6268.0,60675.0,57369.0,63366.0,4918.5,46530.9,2.33641345354591,0.20031113617573182,1.895020320479691,0.0857344558908121,0.013481664606510095,0.0,0.03482488669138854,0.022562834775442932,0.0,0.0,0.0,0.8563988463123198,0.0,0.05664606510094767
40113,OK,40-70,0.5022476501838986,0.04212379365628242,31811.0,80638.0,72916.6,87014.3,3350.0,54693.8,2.2344408663767346,0.10265669137565465,1.6760252378393374,0.0459428991477935,0.02993625833974057,0.0,0.2120216275205238,0.13595327265061138,0.0,0.011632232942285275,0.0,0.6063642451449689,0.00011160991096009326,0.0176715692353481
40115,OK,40-70,0.38010254387694736,0.007099191480970223,40568.0,82408.0,19305.9,40203.1,6006.4,12227.9,0.5788991098032895,0.1801055435448478,0.3666609909283505,0.3111173268275501,0.123750121347442,0.0036768274924764586,0.2641855159693234,0.18176633336569264,0.0,0.019197165323754976,0.0,0.43054072420153383,0.0002548296281914377,0.07879089408795263
40117,OK,40-70,0.44810543657331137,0.12772286289584478,21852.0,50836.0,17143.7,21617.9,1490.1,12672.6,0.8333268802145415,0.07243129454013358,0.6159941099183256,0.0869182265205294,0.0,0.0,0.2121331339995279,0.15359194271775906,0.0,0.03926351404516484,0.0,0.660791565032654,0.0,0.0011802659532614682
40119,OK,40-50,0.5043092834277272,0.09622014282196503,16244.0,56358.0,36282.0,47572.5,5449.2,32204.9,1.590808305900084,0.23892378095228314,1.4120451576727198,0.15019017694724657,0.0,0.0,0.0301110756236914,0.11639873664785834,0.0,0.0224103055466837,0.0,0.8008800880088008,0.0004081053266616984,0.0034245360019872955
40125,OK,40-50,0.27577256874036826,0.051504582691215835,12329.0,52773.0,36222.700000000004,50383.5,5791.3,32306.600000000002,1.6960991607963716,0.27117302326773063,1.5127308883154502,0.15988040648543592,0.03888351998180888,0.0,0.07831656339415989,0.05066985011274705,0.0,0.0,0.0,0.7807212021298771,0.002084399219297747,0.029769010668334185
40129,OK,40-20,0.23833250290649394,0.027053461034527302,54189.0,60451.0,22311.6,34267.6,10943.8,19867.0,0.9120306412040837,0.44734940260713046,0.8121027962495533,0.490498216174546,0.0,0.0,0.0,0.43160576334551953,0.16874824237812444,0.0,0.0,0.3511108170253594,0.0,0.0
40131,OK,40-70,0.4902977336690861,0.10176270182195231,6751.0,59423.0,14561.400000000001,17913.3,1047.2,10829.5,0.6055231647166891,0.04354690195251259,0.4503353463471496,0.0719161619075089,0.012469919054911398,0.0,0.039816232771822356,0.031603924406374634,0.0,0.007067970314524679,0.0,0.8324049610420208,0.0004543695202194436,0.06127257122662942
40135,OK,40-80,0.29181599852207646,0.046591538887862556,27065.0,60683.0,39406.8,51903.3,2988.0,26671.4,1.604672205790797,0.12167343075060398,1.0860778918747185,0.07582447699381832,0.13764975363775686,0.0,0.2572054776461282,0.12593312789413838,0.0,0.0,0.0,0.568610648781372,0.0005273305538618724,0.0024389038116111594
40137,OK,40-60,0.10458492340025441,0.0899286543885847,18081.0,46615.0,29537.7,39342.2,15020.2,28140.3,1.5657888289526312,0.796218438423923,1.4917128748472537,0.50850946417629,0.0,0.0,0.0,0.14493188887697092,0.0,0.0,0.0,0.7952375844685187,0.000493403410919232,0.015209696449640674
40139,OK,40-10,0.37051125602939783,0.01624217706533549,433501.0,345635.0,734234.4,798444.0,284328.1,395846.3,5.249273699084736,2.0327514173140546,2.8300302620934215,0.38724431870803105,0.35582044642469657,0.00777120372647446,0.036596409507139036,0.3404660986300577,0.029490647648530963,0.21267811419561097,0.0,0.05764173188479176,0.0,0.0
40141,OK,40-30,0.49165312453833654,0.0645059869465247,263991.0,249874.0,262059.4,301042.6,169539.1,207256.9,2.5915576652255323,1.6766059685721562,2.04960481427448,0.646949126801023,0.009384729903871552,0.012542321329950295,0.0,0.2957330494569263,0.5650447825704155,0.03857944403979606,0.0,0.09368321634103588,0.0,0.0
40143,OK,40-70,0.6376177658142664,0.03600269179004038,8916.0,36743.0,6053.5,8725.4,1253.5,4232.6,0.4071122191196923,0.08430084524102326,0.28465237939142807,0.20707028991492524,0.0,0.0,0.09495686253163868,0.026889475546362573,0.0,0.0,0.0,0.6794491467762567,0.0014968837601720055,0.11825381705358844
40145,OK,40-70,0.4161140807903106,0.024832532647675758,59116.0,92200.0,22190.9,42664.3,8355.2,16088.7,0.5947386995227463,0.22392786152217573,0.43119353045670106,0.37651469746607846,0.024023861171366595,0.0016268980477223427,0.43843817787418654,0.12678958785249458,0.0,0.009718004338394794,0.0,0.3610303687635575,0.001193058568329718,0.011778741865509762
40147,OK,40-70,0.5124770900888199,0.034259128718454816,14186.0,43266.0,15013.8,20436.2,2511.9,11265.1,0.8574841159967935,0.14346230474445815,0.6433843740502391,0.16730607840786477,0.0,0.0,0.22243794203300513,0.0721813895437526,0.0,0.0,0.0,0.649308926177599,0.0,0.0659640364258309
40149,OK,40-20,0.4251168506286893,0.08784826607564752,273426.0,268209.0,91809.2,131170.69999999998,37949.8,69526.20000000001,0.8458533229009942,0.34963777522762596,0.6405563636180156,0.41335508859678555,0.0,0.0,0.017091149066586132,0.6177085780119236,0.18246218434131592,0.017132161858848884,0.0,0.1544392619188767,0.0,0.0
40151,OK,40-40,0.2222802721773559,0.01632812352470935,158867.0,168579.0,63866.799999999996,79504.2,26032.6,58583.799999999996,0.9361682046451312,0.38158937670659626,0.8587292751052101,0.40760770854340594,0.0,0.0,0.005991256324927779,0.7694434063554773,0.0,0.030881663789677244,0.0,0.1657679782179275,0.0,0.0
40153,OK,40-40,0.2746205645820636,0.06640305629468865,67271.0,66762.0,44692.1,57975.5,15120.4,40919.3,1.6541832807688057,0.5596495326587171,1.5145410916193913,0.33832377534284586,0.0,0.0,0.0,0.5377310446062131,0.0,0.01497858062969953,0.0,0.3953446571402894,7.489290314849765e-05,0.0
41001,OR,41-30,0.0336504798385436,0.0439474442934223,24279.0,80098.0,13402.2,18211.2,1994.2,3012.1,0.41346297579206015,0.061521829723815966,0.09292443250983155,0.1487964662518094,0.0010112612050238458,0.010949087367974232,0.0,0.1572448750280906,0.0,0.0,0.0,0.7201677944517966,0.05308497091063447,0.000848960023970636
41003,OR,41-10,0.1402350455565826,0.05722082838153088,45438.0,60696.0,6055.799999999999,9204.2,1255.1,2332.8,0.2465435562621688,0.05109759527471979,0.09497288682723794,0.20725585389213647,0.0,0.0,0.0,0.04519243442730987,0.0,0.0,0.0,0.1135165414524845,0.06278832212995913,0.06997166205351259
41005,OR,41-10,0.12682314809974385,0.28574415808458364,19129.0,67234.0,16580.3,18507.5,2360.9,9033.5,0.6093764102002025,0.0867702494431137,0.33200857653622246,0.14239187469466777,0.0,0.006871523336407175,0.0,0.00925127167802005,0.0,0.0,0.0,0.2229377993277211,0.05840794835946099,0.10411398994556326
41017,OR,41-80,0.2722905457340507,0.1931206764027671,5204.0,25356.0,2799.0,3994.7,746.8,1080.5,0.27277487092861485,0.07277894734172546,0.10529948125700905,0.26680957484816004,0.0,0.0,0.0,0.043066729768102226,0.0,0.0,0.0,0.8234737340274492,0.00386496292790661,0.0001971919861176842
41021,OR,41-20,0.46127402066501433,0.016461196768275017,155335.0,86027.0,37189.4,54761.4,21389.7,33745.6,1.0682344930701988,0.614401290056404,0.9693142107522492,0.5751558239713467,0.0,0.0,0.0,0.9003336161902659,0.0,0.0,0.0,0.05108861171492671,0.00016273960500773013,0.0
41025,OR,41-80,0.1730855855855856,0.8611486486486486,8880.0,173533.0,8870.6,15280.9,4404.4,5027.999999999999,0.12631447602719004,0.06271723200394064,0.07159709438648021,0.49651658286925343,0.0,0.0,0.0,0.0,0.0,0.0,0.0,0.9671416963920407,0.0,0.0
41031,OR,41-80,0.1428525382755842,0.0894439967767929,31025.0,48092.0,3741.4,7513.7,1184.2,1688.6,0.19223988900882738,0.06084633467799577,0.08676331762984602,0.3165125354145507,0.0036596523330283625,0.0,0.0,0.09319637361723364,0.0,0.0,0.0,0.4312983448390585,0.014513848457123847,0.00037428262496880976
41035,OR,41-80,0.19658701704488554,0.04065936266949747,49927.0,117259.0,19927.899999999998,87259.5,6453.6,9683.8,0.4199499681337487,0.13599973476121222,0.2040712519339015,0.32384747012981807,0.0,0.0,0.0,0.10274691068489412,0.0,0.0,0.0,0.6064609113159758,0.07054469166545851,4.2640650184634016e-05
41037,OR,41-80,0.06624966963263149,0.17725310545326403,11351.0,140136.0,11113.2,16172.0,5907.6,6440.500000000001,0.19596188883091442,0.10417021690039863,0.11356697845944502,0.531584062196307,0.0,0.0,0.0,0.0025689330364788493,0.0,0.0,0.0,0.9653550836330422,0.0,0.0
41039,OR,41-10,0.318289281445079,0.03171735954310001,37645.0,83074.0,11268.6,12883.5,2318.2,6636.5,0.3351869058430917,0.06895535249502645,0.19740410526841645,0.20572209502511402,0.0,0.0,0.0,0.02473698148638563,0.0,0.0,0.0,0.4375376170643041,0.022871175096901557,0.06696439319161229
41043,OR,41-10,0.23832747296068568,0.04490974178329126,157271.0,186015.0,14053.6,17535.3,3326.2,6640.5,0.18669033083283368,0.04418578715888963,0.08821349276309501,0.23667956964763476,0.0,0.022723973873074753,0.0,0.016025589334193478,0.0,0.0,0.0,0.1158616240625756,0.03325538263043303,0.04635110071768406
41045,OR,41-80,0.06069295871461099,0.05561283670576105,93108.0,179008.0,121949.8,139519.2,38219.7,48620.899999999994,1.6834136937368454,0.5275905852286277,0.6711703410896105,0.3134051880363887,0.12884898998927422,0.040512155881301394,0.0001340722202359671,0.11546411333571684,0.0,0.0,0.0,0.47950929567393635,0.08726425634608509,0.0
41047,OR,41-10,0.16429092865101624,0.10806726348279351,156162.0,197080.0,47605.6,54794.200000000004,7896.9,17018.6,0.5968946594262882,0.09901392768967211,0.21338480033677187,0.16588174500478936,0.0026334483458494012,0.014116094986807388,0.0,0.04126750558148975,0.0,0.0,0.0,0.07606048305256749,0.11920032474122184,0.10231885528719302
41049,OR,41-20,0.5309565414853934,,361103.0,275833.0,288375.4,360741.0,202319.7,249784.4,2.58341508168879,1.8124838814363204,2.2376970647655288,0.7015844624749545,0.07010763759231128,0.0,0.0,0.599587431525597,0.0,0.0,0.0,0.10474453745563439,0.11516751077644807,0.0
41051,OR,41-10,0.057352941176470586,0.27238562091503266,6120.0,11747.0,7158.7,8423.3,563.0,1129.8,1.5058766445126386,0.1184305182310497,0.23766038987111893,0.07864556413874027,0.0,0.0627394228313612,0.0,0.041116880905763174,0.0,0.0,0.0,0.19766748957180558,0.22192900314974037,0.019238954626713205
41053,OR,41-10,0.17599961180124224,0.06507181677018634,61824.0,87078.0,14863.199999999999,17482.1,2636.0,5775.5,0.421780094377773,0.07480302551131719,0.16389410995470882,0.17735077237741537,0.0,0.02017731229472427,0.0,0.09128597349502744,0.0,0.0,0.0,0.09709685569259745,0.010886791152759595,0.1689749420060176
41055,OR,41-20,0.7417795809043642,0.00213880573499291,253880.0,137438.0,279213.1,319306.5,225824.3,274707.8,5.020086117822566,4.0601871240890866,4.939083492993624,0.8087883412347057,0.0,0.0,0.0,0.9568241679884748,0.0,0.0,0.0,0.007457908293194022,0.0,0.00034924838836420785
41059,OR,41-30,0.42550144226420406,0.01995048393743153,596978.0,406088.0,116176.6,194523.4,32994.3,40461.8,0.7069369954433099,0.20077099268488835,0.24621088345009337,0.28400125326442677,0.019143633892161303,0.00434881109513209,0.0,0.704829987588897,0.0,0.0,0.0,0.07625933295246351,0.10408827643269439,0.010411536415752251
41061,OR,41-30,0.15158700586023507,0.023627248399444464,59042.0,86744.0,9809.6,18646.2,2568.8,3927.9,0.2794435292400979,0.07317673889984949,0.11189306786231656,0.26186592725493396,0.0,0.0,0.0,0.22722032647791202,0.0,0.0,0.0,0.47117956285160933,0.006248270773771097,0.0023517476713086783
41063,OR,41-30,0.4242875445825686,0.06696907787665778,28879.0,50052.0,4452.2,9370.7,612.1,1495.6000000000001,0.2198039197970338,0.030219212817879787,0.07383737083878616,0.13748259287543238,0.0,0.0,0.0,0.20522656437305203,0.0,0.0,0.0,0.6726804123711341,0.0,0.00017981299448573484
41065,OR,41-20,0.8405410477773607,0.01870743739610703,149192.0,95152.0,124657.29999999999,146178.2,86940.5,110650.8,3.237292928069496,2.2578049244835725,2.8735505447754144,0.6974360907865004,0.0,0.0,0.0,0.7814654447620649,0.0,0.0,0.0,0.08721834538422735,7.356650411972423e-05,0.11329241634437531
41067,OR,41-10,0.04206619952056057,0.07025631569242118,43384.0,63418.0,21204.600000000002,27910.8,2550.9,8453.9,0.8262276911694874,0.09939466990201395,0.3294024069483852,0.12029936900483856,0.0,0.016178372071020845,0.0,0.09028982307862121,0.0,0.0,0.0,0.10411870446876281,0.03959443691065628,0.1367750480936012
41071,OR,41-10,0.2679561012713246,0.14296062878047014,55218.0,97311.0,26886.8,31741.3,4111.7,14218.6,0.682746346295011,0.10440990196160184,0.3610581102782869,0.1529263430382195,0.0,0.013667519602100482,0.0,0.017778051813258523,0.0,0.0,0.0,0.15279875861927222,0.036409039060332334,0.22609982427474798
42001,PA,42-80,0.806774476173505,0.251555515956104,67341.0,114458.0,74344.2,88665.7,26497.8,42480.8,1.6050299586635477,0.5720656465289149,0.9171254336988554,0.3564205412123609,0.21169337224134618,0.036292788621153614,0.23689912456971116,0.07267294553460658,0.0,0.00992503800520715,0.0,0.23274913068549163,0.007024410700868441,0.13463453843331177
42003,PA,42-70,0.6024539877300613,0.18580192813321647,5705.0,10125.0,3742.8,4515.7,1165.4,1883.4,0.9134479227212905,0.2844213447524292,0.45965261773358945,0.3113711659719996,0.15901234567901235,0.016,0.11002469135802469,0.0,0.0,0.0,0.0,0.4854320987654321,0.09471604938271605,0.016888888888888887
42005,PA,42-40,0.7026966165625176,0.07270731295389292,35526.0,61436.0,8962.7,21180.8,4663.5,5267.5,0.3604940755380824,0.1875734010144094,0.21186724345307206,0.520323116917893,0.2240054691060616,0.061690214206654076,0.1445732144019793,0.023585519890617877,0.0,0.0,0.0,0.37268051305423533,0.006885213881112052,0.0010580115892961782
42007,PA,42-40,0.5388434881555808,0.13189200372400953,9667.0,23042.0,2916.3,6981.1,1624.7,1860.3999999999999,0.31274777535487125,0.1742349246027704,0.19951169676309102,0.5571100366903268,0.1653068310042531,0.041402656019442756,0.08849058241472095,0.014278274455342419,0.0,0.0,0.0,0.45586320631889593,0.012195121951219513,0.006900442669907126
42009,PA,42-80,0.7237870183328887,0.2518771200975721,52474.0,100010.0,50124.7,57470.0,19509.5,27852.100000000002,1.2384844629964225,0.48204203976938925,0.6881715623599276,0.38921928709797765,0.19893010698930108,0.13593640635936408,0.09348065193480652,0.025427457254274574,0.0,0.0017398260173982602,0.0,0.3808619138086191,0.0021097890210978903,0.0105989401059894
42011,PA,42-90,0.7420148028351472,0.27660838497272944,121193.0,168524.0,124697.7,137545.7,53173.1,56059.9,1.8284323138887126,0.7796728750380794,0.8220017905171455,0.42641604456216914,0.29725736393629393,0.1144584747573046,0.22177256651871544,0.05414065652369989,0.0,0.0020115829199401866,0.0,0.2102133820702096,0.006699342526880444,0.00540575823028174
42013,PA,42-50,0.8752268602540835,0.3607726212081929,30856.0,45126.0,40781.9,48726.1,15514.9,20020.399999999998,2.2331753216451253,0.849580127404362,1.096296720100438,0.3804359286840485,0.22129149492532021,0.27779993795151353,0.09161015822364048,0.012875060940477773,0.0,0.0,0.0,0.22098125249301956,0.005074679785489518,0.00498603909054647
42015,PA,42-20,0.578218595364181,0.20437972046184566,46076.0,136278.0,30477.5,46656.4,12602.6,12869.900000000001,0.5526316987089283,0.22851599528009642,0.23336279876020133,0.41350504470511035,0.1068257532397012,0.09086573034532353,0.04815157252087644,0.006266602092780933,0.0,0.0,0.0,0.4984737081553883,0.0021206651110230556,0.0013648571302778145
42017,PA,42-90,0.42287985591404526,0.09623327019221811,32203.0,51746.0,28582.7,32538.199999999997,13923.1,14486.199999999999,1.3649246293165747,0.6648770797173675,0.691767088665723,0.4871163326067866,0.22631701001043558,0.04373284891585823,0.22683878947164998,0.03611873381517412,0.0,0.0,0.0,0.3373400842577204,0.018320256638194258,0.009430680632319405
42019,PA,42-40,0.6854085735705037,0.1394852222903746,44019.0,69704.0,12459.4,28322.6,6056.2,6859.599999999999,0.4416941337444049,0.21469637484813595,0.24317744673364045,0.48607477085573947,0.2607884769884081,0.04342648915413749,0.1933174566739355,0.03345575576724435,0.0,0.0,0.0,0.3602949615517044,0.014475496384712499,0.0016354872030299552
42021,PA,42-50,0.6254874093509711,0.16879851317371816,27441.0,40216.0,27850.999999999996,32992.2,13338.3,16006.0,1.711292017913771,0.8195657722357995,0.9834813844647525,0.478916376431726,0.2395812611895763,0.07787945096479014,0.1981052317485578,0.04281877859558385,0.0,0.0,0.0,0.2645215834493734,0.026457131489954246,0.0016411378555798686
42027,PA,42-50,0.7733188474683688,0.2012177180235848,44181.0,73310.0,58394.5,70180.6,25716.2,31551.800000000003,1.96829834921353,0.8668137240329993,1.0635137873381133,0.4403873652484395,0.2503478379484381,0.08653662528986496,0.16192879552584913,0.039053335152093846,0.0,0.0,0.0,0.3372391215386714,0.01608238985131633,0.00421497749283863
42029,PA,42-90,0.647852599398432,0.3518022386219819,60841.0,95018.0,68859.6,75665.09999999999,28770.2,30358.0,1.7907741402341053,0.7482025769734831,0.7894951662401025,0.4178095719405863,0.285630091140626,0.08759392957123914,0.16383211602012251,0.05389505146393315,0.0,0.0,0.0,0.293807489107327,0.01323959670799217,0.004451788082258099
42031,PA,42-40,0.24041168191414497,0.09416783954961296,22736.0,40489.0,6571.8,15591.2,3330.9,3725.6000000000004,0.4010786005892754,0.20328566156955744,0.22737430146313106,0.5068474390577924,0.2414235965323915,0.04537034750179061,0.13465385660302798,0.011311714292770876,0.0,0.0,0.0,0.4295487663315962,0.006372101064486651,0.0
42033,PA,42-50,0.3654930326561004,0.17604510158493777,9401.0,23212.0,9261.7,11282.5,3622.1,4644.9,0.9859623951122031,0.3855938317302342,0.4944769026265881,0.39108371033395595,0.17258314664828536,0.03502498707565053,0.030286058935033604,0.020420472169567466,0.0,0.0,0.0,0.59240909874203,0.0022402205755643633,0.003231087368602447
42035,PA,42-20,0.8887693503078119,0.5486223178530871,16731.0,23380.0,16252.1,23706.7,6207.6,6323.1,1.7176994739702816,0.6560869828894678,0.6682942846685344,0.3819567932759459,0.28199315654405477,0.11980325064157399,0.17151411462788707,0.06176218990590248,0.0,0.0,0.0,0.16505560307955516,0.022882805816937555,0.0006415739948674081
42037,PA,42-50,0.7709988996209806,0.25149773810979337,49074.0,62614.0,44926.8,53789.6,20983.0,25219.2,1.7730306404476708,0.828091516166597,0.9952726285330337,0.46704862131289115,0.33978024084070657,0.020107324240585173,0.2288944964384962,0.06741303861756157,0.0,0.0,0.0,0.16280703995911458,0.06345226307215639,0.0012776695307758648
42039,PA,42-10,0.2876984729348189,0.09506967424633413,65878.0,105499.0,78258.5,102965.3,36423.7,45934.2,1.8330123030121763,0.8531353172016407,1.0758953178124024,0.46542803657110726,0.2172532441065792,0.0750528441027877,0.20947117982160968,0.012047507559313358,0.0,0.0,0.0,0.30318770794035965,0.0028625863752263056,0.0007488222637181395
42041,PA,42-80,0.6664734764399051,0.26422955373057616,91447.0,129065.0,65978.5,78107.7,27564.0,38080.7,1.26321174688191,0.527735074168903,0.7290858017306538,0.4177724561789068,0.2532754813466083,0.1277573315771123,0.22602564599232944,0.06095378297756944,0.0,0.0015031185836593963,0.0,0.22233758183860847,0.00901096346801999,0.007670553597024755
42043,PA,42-50,0.9060121557246893,0.2905601489350052,36526.0,55534.0,41584.5,49217.0,20316.3,24278.199999999997,1.8503536096123703,0.9039988226134208,1.0802884489386921,0.4885546297298272,0.273346058270609,0.06039543342817013,0.22018943350019807,0.05740627363417006,0.0,0.00019807685381928187,0.0,0.26012893002484966,0.012316778910217164,0.0037994741959880432
42049,PA,42-10,0.3079634401283485,0.18724780008751032,41138.0,75612.0,47581.4,63312.2,23450.7,30302.4,1.5549939160109219,0.7663855167396781,0.9903039347419235,0.4928543506496236,0.16854467544834154,0.04086652912236153,0.19061789133999893,0.019745543035497012,0.0,0.0,0.0,0.26659789451409827,0.027680791408771093,0.16248743585674233
42051,PA,42-70,0.7741476393787513,0.1093991708433884,16161.0,45121.0,46222.0,53866.299999999996,17302.5,25888.6,2.5313501345660154,0.9475722751791026,1.4177904697703634,0.37433473237852105,0.12940759291682366,0.05941800935262959,0.08911593271425722,0.0,0.0,0.0,0.0,0.5936925156800603,0.012278096673389331,0.0013962456505839853
42055,PA,42-80,0.8358690604560374,0.29266200187326347,127051.0,196502.0,116764.5,135473.0,47020.7,65357.299999999996,1.4683380481787884,0.5912951527390633,0.8218817390237232,0.40269688132951365,0.20773834363009028,0.18647138451517034,0.13740318164700613,0.0485287681550315,0.0,0.004763310297096213,0.0,0.23887288678995633,0.011745427527455192,0.00882942667250206
42057,PA,42-80,0.7301539751962135,0.3425199209154634,16691.0,39419.0,23223.5,26298.9,9050.0,12730.7,1.4558085761949098,0.5673161932768073,0.7980477637291769,0.38969147630632767,0.14635074456480376,0.10327507039752404,0.03216722900124305,0.022070575103376545,0.0,0.003982850909459905,0.0,0.4840559121235952,0.0012176869022552576,0.0015728455820797078
42061,PA,42-50,0.7954380256827386,0.20809248554913296,28891.0,56790.0,40173.2,48599.1,15773.8,20020.899999999998,1.7480214669407868,0.6863516228538076,0.871151986584957,0.3926448478089871,0.18217996126078534,0.18369431237893996,0.0572107765451664,0.021236133122028527,0.0,0.003609790456066209,0.0,0.3637260081000176,0.0049304455009684806,0.004648705758055996
42063,PA,42-40,0.6448653288979505,0.10138784562005938,55914.0,76732.0,15740.2,37914.1,8246.4,9322.6,0.5068925774604436,0.26556453861893764,0.30022215363418076,0.5239069389207253,0.27410988896418703,0.06564405984465412,0.24148986081426263,0.01953552624719804,0.0,0.0,0.0,0.2524500860136579,0.013071469530313299,0.0016811760412865557
42065,PA,42-40,0.40540096406660825,0.06359553023663453,18256.0,35902.0,4903.9,11811.5,2615.1,2958.7000000000003,0.3375243942334221,0.17999144423006633,0.20364065850005633,0.5332694386100859,0.2252242214918389,0.026767311013314022,0.11010528661355913,0.02490111971477912,0.0,0.0,0.0,0.4635953428778341,0.0016712160882402095,0.006406328338254136
42067,PA,42-50,0.7596644908174655,0.4025771975513241,29567.0,47011.0,42123.1,50314.799999999996,17840.1,22187.6,2.2141296067047187,0.9377347250457077,1.166253719733866,0.4235229600860335,0.24143285614005233,0.11601540065091148,0.1750441386058582,0.05696539107868371,0.0,0.0,0.0,0.26361915296419985,0.011146327455276425,0.0037863478760290143
42071,PA,42-90,0.7226227605047243,0.5183605213088925,217069.0,292813.0,212690.5,231098.5,84854.6,89796.50000000001,1.794898694284138,0.7160893915995441,0.7577941685279109,0.3989581104938867,0.3227691393483213,0.17761506490490517,0.13599806019541483,0.049096180838965484,0.0,0.0005498389757285367,0.0,0.1609423078893355,0.019326327724520427,0.0033570913859698854
42073,PA,42-40,0.43219506386019235,0.09529905623864955,33589.0,45410.0,10821.1,25760.899999999998,5654.3,6413.4,0.5888465191355082,0.3076872843932599,0.34899485873189123,0.5225254364158912,0.30220215811495266,0.04789693900022022,0.2613080819202819,0.04875578066505175,0.0,0.0,0.0,0.24261175952433384,0.006672539088306541,0.0015415106804668576
42075,PA,42-90,0.7013681940168266,0.3746316084100301,60737.0,82077.0,78159.7,85940.09999999999,33523.1,35281.1,2.353117497454732,1.0092642778685783,1.0621915608612897,0.4289051774763721,0.29205502150419727,0.16891455584390266,0.19274583622695762,0.05252384955590482,0.0,0.005104962413343568,0.0,0.1498714621635781,0.010490149493768046,0.002412368873131328
42077,PA,42-60,0.7056090674249554,0.06654384524500871,49937.0,59933.0,38125.1,55947.2,14318.5,15413.1,1.571908193978914,0.5903556312111202,0.6354862855341075,0.3755662280230085,0.361119917240919,0.012564029833313867,0.3089950444663207,0.09078470959237815,0.0,0.00442160412460581,0.0,0.1514858258388534,0.025395024443962425,0.015650810071246225
42079,PA,42-60,0.512807148175726,0.2172747580044676,13430.0,20867.0,13581.0,18989.6,3887.3,4267.6,1.6082513948845416,0.46033102476508936,0.5053658532368214,0.28623076356674765,0.2826951646139838,0.01777926870177793,0.15459816935831697,0.059232280634494656,0.0,0.0,0.0,0.36296544783629653,0.05472756026261561,0.009536588872382231
42081,PA,42-20,0.6709447210152226,0.15320422433886793,34751.0,56347.0,36113.4,51616.8,12880.2,13089.900000000001,1.5837250400334233,0.5648511428067836,0.5740473730397445,0.3566598547907425,0.2897403588478535,0.030826840825598525,0.17532432960051111,0.02562691891316308,0.0,0.001437521074768843,0.0,0.30940422737679024,0.01689530942197455,0.0024491099792358067
42085,PA,42-10,0.2538115572586014,0.11732614590267743,61589.0,84835.0,83953.7,111414.5,40033.4,50773.700000000004,2.445383516718331,1.1660834064274908,1.4789243245122194,0.4768509309297863,0.2953262214887723,0.05542523722520186,0.2692992279130076,0.028372723522131195,0.0,0.0,0.0,0.2650674839394118,0.007037189839099428,0.001273059468379796
42087,PA,42-50,0.6968738506803972,0.26704670834865757,27190.0,42575.0,33831.6,40615.0,14242.0,17721.8,1.9635867113668939,0.8266059525203451,1.0285736111062387,0.4209673796095958,0.2626189078097475,0.16674104521432764,0.14290076335877863,0.018038755137991778,0.0,0.0,0.0,0.24051673517322372,0.0061773341162654136,0.0030064591896652964
42091,PA,42-90,0.6934105321202095,0.19253745060196673,10881.0,17467.0,9040.1,10140.9,3900.0,4100.6,1.2789015623755204,0.5517324026575513,0.5801112539327065,0.43141115695622834,0.2059311845193794,0.042022098814908114,0.16951966565523557,0.07156351978015686,0.0,0.0,0.0,0.38237819888933416,0.028625407912062747,0.0027480391595580238
42093,PA,42-50,0.8441604127579737,0.2075515947467167,17056.0,22779.0,25035.5,29458.1,12672.4,15022.8,2.7158377355113124,1.3746952175707916,1.6296653605096498,0.5061772283357632,0.2586153913692436,0.0675622283682339,0.3487861626937091,0.0375345713156855,0.0,0.0,0.0,0.1873655559945564,0.006980113262215198,0.0050485095921682255
42095,PA,42-60,0.41525629605636083,0.11374740194887575,37047.0,45756.0,33577.200000000004,49519.9,12993.5,13966.7,1.8133374452747848,0.7017142613195237,0.7542719493263087,0.38697389895524337,0.39188303173354316,0.01995366727860827,0.29038814581694206,0.05017921146953405,0.0,0.0,0.0,0.17254567706967391,0.011408339889850511,0.005398199143281756
42097,PA,42-50,0.8131369528036525,0.33936421332353317,70747.0,81640.0,98223.40000000001,116544.1,45691.6,55311.1,2.9729949443902464,1.3829789622544257,1.674138959440045,0.4651803948957173,0.4042626163645272,0.03775110240078393,0.30262126408623224,0.03340274375306222,0.0,0.0,0.0,0.10355218030377267,0.018838804507594318,0.004850563449289564
42099,PA,42-50,0.9011755417141855,0.38963944205632073,45596.0,68342.0,47069.4,56229.7,20728.5,25509.5,1.701896643708202,0.7494840507655816,0.9223515156911789,0.4403816492243368,0.2422814667408036,0.1238769717011501,0.1828743671534342,0.05111059085189196,0.0,0.0,0.0,0.24986099323988178,0.005560270404729156,0.0008047759796318515
42105,PA,42-20,0.3414616497829233,0.18842257597684514,13820.0,33540.0,10241.699999999999,14214.4,3812.1,3873.2,0.7545555114407475,0.2808558213151404,0.28535735345814695,0.37221359735200216,0.10002981514609421,0.1285629099582588,0.016607036374478235,0.036344663088849136,0.0,0.0,0.0,0.47447823494335123,0.05202742993440668,0.0027429934406678594
42107,PA,42-60,0.7337185694205841,0.2496597577028625,44821.0,59819.0,28712.399999999998,42110.5,9862.8,10732.4,1.1860760886738055,0.40742087904083285,0.4433430508798551,0.34350315543110294,0.3563917818753239,0.04336414851468597,0.21292565907153246,0.05839281833531152,0.0,0.003226399638910714,0.0,0.18631204132466272,0.025995085173607047,0.005867700897708086
42109,PA,42-50,0.7328838607330718,0.28556817233029974,47908.0,62674.0,39401.2,46920.6,17107.4,21141.2,1.5534748948948647,0.6744951021015708,0.8335361219442888,0.4341847456422648,0.3267543159842997,0.061413026135239496,0.24566806012062417,0.04188339662379934,0.0,0.0,0.0,0.18294667645275553,0.022130388997032263,0.008328812585761241
42111,PA,42-70,0.4896938491054884,0.11880360100355837,60983.0,114898.0,108013.90000000001,123822.09999999999,39866.4,59297.4,2.323000919359454,0.8573867238526869,1.2752795215766237,0.369085830619948,0.20071715782694216,0.10507580636738673,0.1292189594248812,0.028686313077686296,0.0,0.0,0.0,0.35342651743285347,0.0026545283642883254,0.00032202475238907554
42113,PA,42-20,0.6491228070175439,0.19865319865319866,5643.0,15941.0,2971.4,4463.3,1163.7,1190.5,0.4606040590248637,0.18038801355833406,0.1845423478054453,0.39163357339974425,0.08989398406624427,0.09390878865817703,0.025531647951822344,0.0,0.0,0.0,0.0,0.5096919892102126,0.001254626434978985,0.001756477008970579
42115,PA,42-30,0.32585074626865673,0.2835820895522388,8375.0,57138.0,14459.4,20188.8,12.9,56.6,0.6253273745644459,0.0005578878191267515,0.0024477868653158246,0.0008921532013776506,0.012321047289019567,0.07774160803668312,0.0,0.00269522909447303,0.0,0.0,0.0,0.6596660716160874,0.0022226889285589277,0.003867828765445063
42117,PA,42-20,0.5536628994227173,0.20265875274412554,24598.0,96533.0,14153.0,21947.0,5943.2,6069.9,0.3622887990536699,0.15213416169969413,0.15537743103058507,0.41992510421818696,0.08602239648617571,0.0701003801808708,0.027441393098733075,0.010110532149627588,0.0,0.0,0.0,0.6012969658044399,0.0038639636186589043,0.0009116053577533071
42119,PA,42-50,0.913460356484327,0.5375230485556238,32540.0,44756.0,39330.5,46760.2,18071.9,21952.300000000003,2.171502861246391,0.9977799051158428,1.2120232964477735,0.4594881834708433,0.28843060148359995,0.10369559388685316,0.25869157207972115,0.02647689695236393,0.0,0.0,0.0,0.16632406828134774,0.005250692644561623,0.0012735722584681383
42121,PA,42-10,0.5270822351080654,0.11656562994201371,15176.0,24432.0,14254.9,18883.6,6618.4,8380.099999999999,1.4417413647168857,0.669385337550052,0.8475637717882253,0.4642894723919494,0.2497134905042567,0.04367223313686968,0.17935494433529797,0.0268909626719057,0.0,0.0,0.0,0.3511787819253438,0.0025785854616895876,0.005771119842829076
42123,PA,42-10,0.4309718908826885,0.10600560107872627,9641.0,22773.0,10723.9,13256.8,3876.7,4554.2,1.1636294736379638,0.4206531560768278,0.49416735971447084,0.36150094648402165,0.08769156457208098,0.13340359197295043,0.04803934483818557,0.0009221446449743117,0.0,0.0,0.0,0.46414613797040355,0.007816273657401309,0.0013612611425811267
42125,PA,42-70,0.4141634015382383,0.13568422580177042,13782.0,68002.0,19802.300000000003,25327.7,6943.1,11470.7,0.7195751441762374,0.2522980756543448,0.4168218139459742,0.3506208874726673,0.04002823446369225,0.024484573983118145,0.03713126084526926,0.005749830887326843,0.0,0.0,0.0,0.7265668656804212,0.006632157877709479,0.002632275521308197
42127,PA,42-30,0.6227305737109659,0.22131445170660857,5508.0,37496.0,4018.0,5539.0,14.4,48.800000000000004,0.2647934240279151,0.0009489858899955145,0.003216007738318133,0.003583872573419612,0.01890868359291658,0.05048538510774483,0.0,0.0017335182419458077,0.0,0.0,0.0,0.685273095796885,0.006960742479197781,0.0036270535523789203
42129,PA,42-70,0.7641121421049495,0.094597548133283,50329.0,76173.0,72478.3,84728.3,27750.3,41147.1,2.351197664473193,0.9002203493794755,1.3348128394270409,0.38287735777467186,0.29343730718233496,0.041510771533220435,0.1896341223268087,0.03257059588043008,0.0,0.0027568823598913,0.0,0.33908340225539235,0.007181022146954958,0.001890433618211177
42131,PA,42-30,0.45236992434769185,0.1885132005558129,6477.0,22060.0,11238.899999999998,16084.1,11.1,29.3,1.2589268684366837,0.0012433679665845583,0.003282043371254735,0.0009876411392574008,0.10834088848594742,0.055167724388032635,0.0414324569356301,0.0,0.0,0.0,0.0,0.6180417044424298,0.012375339981867633,0.0030371713508612875
42133,PA,42-80,0.8265073536656661,0.16803405216865808,152237.0,184606.0,116648.2,139824.0,50190.4,68960.7,1.5614009272969567,0.6718263728150556,0.9230772607468202,0.4302715344085893,0.4002199278463322,0.04206797178856592,0.2704408307422294,0.09532734580674518,0.0,0.0,0.0,0.15371114698330499,0.00796832172302092,0.0074212105782043925
45003,SC,45-40,0.3409025719476049,0.21416961468591644,20918.0,38550.0,55994.9,70408.7,15563.0,28420.0,3.5892713682790607,0.9975878214717236,1.82172112614704,0.2779360263166824,0.16399481193255513,0.0,0.08098573281452659,0.015719844357976652,0.10083009079118029,0.0,0.0,0.4494163424124514,0.05927367055771725,0.03792477302204929
45005,SC,45-80,0.4149809733627078,0.056519126777488486,24965.0,25815.0,29686.300000000003,44947.399999999994,15988.1,20460.100000000002,2.841620951326249,1.5304069531029196,1.95847407141443,0.5385682958132202,0.3024210730195623,0.0,0.2897927561495255,0.04454774355994577,0.06453612240945186,0.0,0.0,0.1588998644199109,0.012822002711601782,0.02641874878946349
45007,SC,45-10,0.7826468437728491,0.24669753838654643,20515.0,49162.0,21616.7,23702.8,3951.7,15413.199999999999,1.0865308367359494,0.19862624302180493,0.7747212614681488,0.18280773661104607,0.025792278589154224,0.0,0.14702412432366463,0.05502217159594809,0.0,0.008624547414669868,0.0,0.7494406248728693,0.007037956144990033,0.005085228428461006
45009,SC,45-80,0.628619107217355,0.036211931581143095,35955.0,36378.0,22831.5,33697.2,11432.2,14695.6,1.550878695081529,0.7765567491365463,0.9982302061380163,0.5007204958062327,0.1661993512562538,0.028643685744131068,0.22029798229699268,0.006707350596514377,0.2347297817362142,0.0,0.0,0.09805376876133927,0.051514651712573536,0.00533289350706471
45011,SC,45-80,0.5822083333333333,0.04641666666666667,24000.0,24955.0,22219.199999999997,33317.7,11319.3,14671.199999999999,2.2001538336586814,1.120841492462947,1.452747935315999,0.5094377835385613,0.0973752754958926,0.0,0.05710278501302344,0.01578841915447806,0.45245441795231417,0.0,0.0,0.14994990983770787,0.028290923662592667,0.00304548186736125
45015,SC,45-80,0.3333333333333333,0.05116959064327485,7524.0,8064.0,4814.7,8357.6,2645.6,3400.5,1.4753698910589794,0.8106919608253134,1.0420161826377676,0.5494838723077242,0.3897569444444444,0.0,0.2152777777777778,0.07341269841269842,0.03844246031746032,0.0,0.0,0.1827876984126984,0.00744047619047619,0.0
45017,SC,45-50,0.4226807162331442,0.02515658389212291,67855.0,70607.0,73347.1,87222.1,25806.7,40996.0,2.5669498951959895,0.9031646221916659,1.4347489935315068,0.35184349483483324,0.17125780729955953,0.020394578441231038,0.0487628705369156,0.017122948149616894,0.4076791252991913,0.0,0.0,0.06459699463226026,0.0,0.0009630773152803547
45025,SC,45-30,0.46072444866018497,0.04461109793692198,33736.0,41290.0,32587.5,50816.9,12139.9,22633.0,1.9502413704435095,0.726528123146825,1.3545013559569758,0.37253241273494436,0.1733349479292807,0.0,0.4042140954226205,0.16849116008718817,0.02053766045047227,0.0,0.0,0.21421651731654154,0.006829740857350448,0.0
45027,SC,45-50,0.4961885289494522,0.07771855388651862,84613.0,85940.0,121219.5,169109.5,55170.5,68158.6,3.48545389676042,1.5863308643512037,1.9597808765729505,0.4551289190270542,0.39166860600418896,0.0,0.32242262043286013,0.09536886199674191,0.1271235745869211,0.01448685129159879,0.0,0.04411217128228997,0.014614847568070747,0.0006167093320921573
45029,SC,45-80,0.2083800041485169,0.061066168844638044,24105.0,24461.0,17524.100000000002,27481.8,8437.2,11316.6,1.7702871572579832,0.8523271838905881,1.1432045950334506,0.4814626714068055,0.22901761988471445,0.0024528841829851602,0.13952822860880584,0.006009566248313642,0.17595355872613547,0.0,0.0,0.15342790564572176,0.027063488818936266,0.0008176280609950533
45031,SC,45-30,0.4890271607148852,0.0686012287789429,89357.0,91996.0,107451.40000000001,156717.5,37968.3,70589.8,2.886192789488779,1.019845564498432,1.8960736832787195,0.35335323690524273,0.23580373059698248,0.0004891517022479238,0.3279164311491804,0.03877342493151876,0.27870776990303925,0.005043697552067481,0.0,0.031968781251358755,0.0007174224966302882,0.0018044262794034522
45033,SC,45-30,0.557510893662564,0.18732512804831436,65405.0,67354.0,66759.9,105689.4,26073.1,42163.9,2.449257736171543,0.9565583813183403,1.546890547501769,0.3905503153839356,0.2693232770139858,0.0,0.4820500638417911,0.10268135522760341,0.0968613593847433,0.0,0.0,0.04403598895388544,0.0014104581762033434,5.938771268224604e-05
45035,SC,45-80,0.41892776605804904,0.07365243325816542,27494.0,27027.0,23046.4,33904.2,12200.7,15422.2,2.107111208585814,1.1154988077353922,1.4100375972408767,0.5293972160510969,0.2644762644762645,0.0,0.17723017723017723,0.0,0.23076923076923078,0.0,0.0,0.10837310837310837,0.005365005365005365,0.001591001591001591
45037,SC,45-40,0.40051063829787237,0.14638297872340425,5875.0,17744.0,8335.8,11919.0,2123.7,4188.299999999999,1.1608549587657782,0.2957493792954345,0.5832684114060688,0.25476858849780465,0.042493237150586116,0.0,0.05962578899909829,0.030207394048692517,0.0,0.0,0.0,0.2970018034265104,0.0,0.41298467087466184
45041,SC,45-30,0.34539938446710405,0.038782953462646354,91303.0,90975.0,84746.6,134352.80000000002,32858.1,54802.2,2.3018786393014867,0.892488412727262,1.4885318533926781,0.3877217493091168,0.25904918933773013,0.0010222588623248145,0.48546303929651,0.05738939269029953,0.11794449024457268,0.0,0.0,0.033437757625721355,0.007243748282495191,0.0010772190162132453
45043,SC,45-30,0.40533838973162195,0.2060968494749125,6856.0,6828.0,13095.5,18437.5,4122.7,9039.1,4.739262628885858,1.4920055011345672,3.2712511037197634,0.3148180672750181,0.24707088459285295,0.0,0.2095782073813708,0.0,0.17852958406561217,0.0,0.0,0.10090802577621558,0.007908611599297012,0.0005858230814294083
45049,SC,45-80,0.4207320593499221,0.09032388430229202,34642.0,33601.0,30960.5,46162.8,15425.8,20268.0,2.2768685940639184,1.1344299852493078,1.4905306007489383,0.4982413074724245,0.1782982649325913,0.0,0.10651468706288503,0.01056516175113836,0.4718311955001339,0.0,0.0,0.01627927740245826,0.01785661141037469,0.004761763042766584
45051,SC,45-30,0.37259772244090344,0.05525501505041362,95014.0,93094.0,62911.5,107351.40000000001,22770.7,37391.3,1.6699003379564283,0.6044173104361594,0.9925012836545021,0.3619481334891077,0.20502932519818678,0.0,0.4035491009087589,0.048091176660149955,0.07879132919414784,0.0,0.0,0.04742518314821578,0.007111092014522955,0.001686467441510731
45061,SC,45-50,0.5645501143207257,0.08332710671428785,66917.0,67577.0,111344.2,156944.3,53163.1,66434.8,4.071466773481562,1.9439880588775853,2.4292875677663757,0.4774662712561588,0.34081122275330367,0.0,0.3863444663125028,0.10357074152448319,0.19499237906388267,0.0,0.0,0.030898086627106854,0.0008286843156695325,0.0006659070393773029
45063,SC,45-50,0.26363839785186843,0.3348400089505482,22345.0,34203.0,20725.8,27383.0,8563.5,11950.8,1.497370615212752,0.6186845990685234,0.8634058394988158,0.41318067336363373,0.19834517439990645,0.0,0.08472940970090342,0.02023214337923574,0.04663333625705347,0.009648276466976581,0.0,0.3837382685729322,0.24550478028243136,0.006490658714147882
45067,SC,45-30,0.5828302164629657,0.04402886172875865,20373.0,22694.0,35109.6,55996.9,12779.3,22562.5,3.8229360629063134,1.3914840051922737,2.456735335045791,0.3639830701574498,0.2126112628888693,0.0,0.3332598924825945,0.031153608883405307,0.11963514585352956,0.0,0.0,0.1290208865779501,0.0029963867101436502,0.00171851590728827
45069,SC,45-30,0.3932925594394265,0.18123455790027948,49378.0,50130.0,63869.600000000006,96890.7,22873.4,40274.100000000006,3.1483187456922535,1.1274965554460523,1.985227776530374,0.3581265578616431,0.2625174546179932,0.0,0.25625374027528425,0.08793137841611809,0.27506483143826055,0.0,0.0,0.02950329144225015,0.0016955914621982844,0.0008777179333732296
45071,SC,45-40,0.527859477124183,0.01977124183006536,12240.0,24476.0,6222.8,13756.0,661.1,1608.9,0.6282429186933636,0.06674349063897002,0.1624317078944772,0.10623834929613679,0.05013074031704527,0.11721686550089884,0.12620526229776108,0.07247916326197092,0.0,0.0,0.0,0.5062101650596502,0.0022062428501389117,0.0038813531622814185
45075,SC,45-50,0.4061234854530944,0.05174490314155119,137830.0,135886.0,153644.6,194945.0,59767.9,81024.5,2.793989630526326,1.0868647048990618,1.4734107988082907,0.38900098018413926,0.276533270535596,0.015387898679775695,0.1605021856556231,0.028722605713612882,0.24713362671651237,0.0,0.0,0.05993259055384661,0.007153054766495445,0.00289948927777696
45079,SC,45-50,0.44703471243755605,0.06391699756628666,15614.0,17323.0,30001.100000000002,37767.8,11030.4,14432.499999999998,4.279531986338726,1.573440627913999,2.058736026106831,0.3676665188943072,0.3863072216128846,0.0,0.16411706979160653,0.09126594700686948,0.11406800207816198,0.0,0.0,0.20383305432084511,0.006984933325636437,0.0045604110142585
45081,SC,45-40,0.791582210563968,0.2385835221175629,8387.0,25823.0,19745.0,27328.8,794.9,8853.4,1.889438003744406,0.07606554921126504,0.8471993123499987,0.04025829323879463,0.07439104674127715,0.05533826433799326,0.02300274948689153,0.017193974363939123,0.0,0.030825233319134105,0.0,0.4732215466831894,0.0,0.1962204236533323
45083,SC,45-10,0.7704423152644704,0.5206720042000262,7619.0,26045.0,27860.9,30982.8,5864.2,17434.2,2.6433397283618922,0.5563737293145522,1.6540927784890975,0.2104813555915279,0.017354578613937417,0.007679017085813016,0.1326166250719908,0.05279324246496449,0.0,0.0,0.0,0.6239201382223075,0.015166058744480706,0.09660203493952774
45085,SC,45-50,0.6795152502673252,0.06060644635673914,78556.0,78237.0,93039.1,134854.8,45676.0,52364.9,2.938566445142547,1.4426403624748194,1.6539039827690183,0.4909333817717497,0.3676393522246507,0.0,0.3522757774454542,0.07781484463872593,0.1030586551120314,0.012347099198588903,0.0,0.05511458772703452,0.008653194779963444,0.0007669005713409257
45089,SC,45-30,0.41514414012957185,0.03639209771592454,87519.0,84630.0,72947.8,113187.8,26776.0,47063.7,2.129953201724032,0.7818142141279475,1.374180969131068,0.367056991437713,0.24272716530781047,0.0016542597187758478,0.42200165425971875,0.01868131868131868,0.217653314427508,0.0026704478317381543,0.0,0.03575564220725511,0.010776320453739809,0.0
45091,SC,45-20,0.6734803657880581,0.20118343195266272,11154.0,27934.0,10191.699999999999,14087.9,2442.0,5570.9,0.9015622239202795,0.21602038431403228,0.4928042420045219,0.23960673881688044,0.006622753633564831,0.0,0.02212357700293549,0.06354263621393284,0.20827665210854157,0.0,0.0,0.6395432089926255,0.009271855086990764,0.005334001575141405
46003,SD,46-50,0.5650318986025643,0.03224329959823018,176967.0,204840.0,204007.1,221456.4,138807.9,150713.69999999998,2.4610062618390036,1.6744863835264665,1.8181100532526808,0.6804072015140649,0.3638010154266745,0.02356961530950986,0.36519722710408126,0.031868775629759816,0.0,0.0038176137473149773,0.0,0.1666715485256786,0.0,0.0
46005,SD,46-50,0.7371021892233224,0.012818035137236571,444998.0,497788.0,521534.3,562803.2999999999,365327.8,397048.5,2.5889320785095475,1.813512285944223,1.9709760189772716,0.700486621877027,0.3919319067554863,0.033130569640087745,0.4123843885348783,0.027941613699004397,0.0,0.0,0.0,0.12244770866312567,0.00015066654881194403,1.0044436587462936e-05
46007,SD,46-70,0.5695753980643147,0.0036294099281923196,128120.0,175530.0,25150.3,40654.1,12914.2,14029.7,0.3540576810524496,0.1818018753115289,0.19750551873582234,0.5134809525134889,0.21504016407451718,0.007463111718794508,0.08560360052412692,0.14070529254258532,0.0,0.013080385119352817,0.0,0.3722269697487609,0.0,0.0
46009,SD,46-90,0.25988204694574374,0.021787063696790007,186854.0,206886.0,192603.7,226278.6,98037.9,108718.4,2.30046551049793,1.1709681988022296,1.298536474411022,0.5090135859279962,0.40476880987597036,0.03170345020929401,0.42377927940991655,0.013273010256856434,0.0,0.0,0.0,0.11745599025550303,0.0,0.0
46011,SD,46-60,0.060494555721410305,0.009955142075807192,259263.0,286523.0,306686.7,334970.2,161322.0,173987.4,2.6449511555584055,1.3912856681329615,1.5005155902835126,0.526015637456727,0.40681899882382916,0.04665943048202064,0.40562537736935605,0.014759722605166078,0.0,0.0,0.0,0.1058972578117638,0.00011168387878111006,2.7920969695277516e-05
46013,SD,46-20,0.5105534947405201,0.008016186765369098,738381.0,771781.0,741231.5,791548.1,411716.9,479509.60000000003,2.3732417947964404,1.3182167173197938,1.5352723457194188,0.5554498156109124,0.4145904084189686,0.010847636829618765,0.4938797404963325,0.01766692883084709,0.0,0.0,0.0,0.05250971454337435,0.0,7.77422610818354e-06
46015,SD,46-50,0.7123884949679781,0.01905592406221409,209856.0,228639.0,178567.19999999998,195638.19999999998,124820.8,136126.5,1.929894553139386,1.3490214442434036,1.4712096672173203,0.6990130326286127,0.23817896334396144,0.08212072306124502,0.33604940539453027,0.09916068562231291,0.0,0.010566876167233062,0.0,0.18895289080165675,0.0,0.0
46019,SD,46-10,0.38365434669443,0.07269279393173199,26894.0,81073.0,8766.4,16124.5,4926.9,7594.699999999999,0.2671943330200878,0.1501687989775359,0.23148165734938642,0.5620208979740828,0.011088771847594143,0.025557213868982274,0.0,0.037657419856179,0.0,0.002923291354705019,0.0,0.8853009016565317,0.00022202212820544447,0.0003823714430204877
46021,SD,46-20,0.9415760581590047,0.014608634831817893,188724.0,206637.0,164784.5,176527.7,89778.9,104972.0,1.9705636808691624,1.0736145671976698,1.2553001690583623,0.5448261213888442,0.3000527495075906,0.017562198444615436,0.3473046937382947,0.137676214811481,0.0,0.0,0.0,0.1263665268078805,0.0,0.0
46023,SD,46-90,0.7054463749566551,0.013565896936396466,354713.0,397907.0,282388.3,329246.19999999995,148322.7,166709.6,1.7536677815008113,0.9211031060961463,1.0352881276840706,0.5252437866583,0.29663966705788036,0.043286496593425094,0.3708404225107877,0.11180753291598287,0.0,0.01626510717328421,0.0,0.13635849582942747,0.0,0.0
46025,SD,46-30,0.3353508820512009,0.012229246280721464,379173.0,400622.0,289349.10000000003,305620.4,159414.2,171026.40000000002,1.7847177572045716,0.9832736769893564,1.054898228578461,0.5509407148665746,0.39616396503437157,0.013718667472080915,0.4490392439756179,0.053114906320671354,0.0,0.0,0.0,0.0725771425433451,0.0,0.0
46027,SD,46-90,0.06807530910835895,0.017234513951992485,195886.0,204924.0,167581.0,196462.0,87723.7,97122.1,2.020757301811844,1.0578067162563278,1.171136302697204,0.5234704411597974,0.4565497452714177,0.006724444184185357,0.4728777497999258,0.002025141027893268,0.0,0.0,0.0,0.05817766586636997,4.391872108684195e-05,0.0
46029,SD,46-30,0.2968586830741441,0.012898309390082132,212586.0,230280.0,204942.4,216620.3,112046.8,120863.3,2.1991649266456657,1.202334864346673,1.29694162983674,0.5467233720303851,0.325872850442939,0.04071565051241966,0.3968863991662324,0.09154941809970471,0.0,0.0,0.0,0.10293555671356609,3.4740316136876845e-05,0.0
46031,SD,46-10,0.8062174537826386,0.01406504853920332,216423.0,292697.0,34611.9,88445.5,19003.0,22706.1,0.29220616380773906,0.16043019108568052,0.19169309907964902,0.5490308246585711,0.12719296747148073,0.024175170910532052,0.03411035986019672,0.19997471788231516,0.0,0.0,0.0,0.41923217525290657,0.0,0.0
46033,SD,46-70,0.49165255262521174,0.039922574401161384,8266.0,34331.0,2975.2,10293.4,1832.1,2105.1,0.2141469607471703,0.13186967154641394,0.15151948341922164,0.615790535090078,0.06373248667385162,0.0,0.0,0.02050624799743672,0.0,0.005767382249279077,0.0,0.8854096880370511,0.0,0.0
46035,SD,46-60,0.4859364240437416,0.013901722707128018,169907.0,192356.0,182925.9,199737.3,95752.8,103570.6,2.3499123655994376,1.230064680620786,1.3304941162107342,0.5234512991325996,0.3851972384537004,0.026253405144627668,0.42202998606749986,0.03377071679594086,0.0,0.0011956996402503692,0.0,0.11589968599887708,0.0,0.0
46037,SD,46-30,0.500393985514286,0.030450222898653973,370572.0,392578.0,288966.3,306279.5,159544.0,172620.8,1.818877466201757,1.0042381636463946,1.0865491350296566,0.5521197454512862,0.37661814976896313,0.00911156509024958,0.4688877114866345,0.06769610115696753,0.0,0.0,0.0,0.06282827871149173,1.2736322463306655e-05,0.0
46039,SD,46-30,0.12933166099265364,0.015331780445559337,167430.0,190336.0,191158.8,201706.6,104382.1,111746.90000000001,2.481735887840743,1.3551497687691136,1.450763930747372,0.546049148665926,0.33845935608607935,0.054834608271687964,0.40702231842636183,0.041106254203093474,0.0,0.0,0.0,0.11907363819771352,8.406186953597848e-05,6.830026899798252e-05
46041,SD,46-10,0.9094346068439333,0.02047486192563913,87815.0,129016.0,19675.7,52701.0,11850.0,13999.5,0.37685026307849456,0.2269640021691813,0.2681335483854391,0.6022657389571908,0.14325354994729336,0.021857754077013705,0.0194394493706207,0.12326378123643579,0.0,0.00954920319960315,0.0,0.5440643021020649,0.0,0.0
46043,SD,46-90,0.642858805997951,0.04010664058861879,171792.0,190476.0,141028.5,164992.9,74200.4,82727.59999999999,1.829569147306859,0.9626051653235186,1.07322891891173,0.5261376246645181,0.4043974043974044,0.019834519834519834,0.4271036771036771,0.025693525693525694,0.0,0.0028875028875028877,0.0,0.10051135051135052,0.0,0.0
46045,SD,46-20,0.6468132145532719,0.007984267613432787,491216.0,514439.0,412498.89999999997,442753.5,231178.0,271798.4,1.9813952293524808,1.1104392916714392,1.3055551253727886,0.5604330096395409,0.33546834512935453,0.013809217419363617,0.4886079787885444,0.08193780020566092,0.0,0.0,0.0,0.06652683797301527,0.0,0.0
46047,SD,46-70,0.13289889415481831,0.1286861506055819,15192.0,47226.0,2822.1,8903.8,1427.5,1579.5,0.1476635956969651,0.0746925278542283,0.08264577775534403,0.5058289925941675,0.04063439630711896,0.0,0.0,0.05763774192182272,0.0,0.0,0.0,0.8467793164782111,0.00019057298945496126,0.0
46049,SD,46-20,0.7962920251929388,0.015852035837842633,338190.0,364999.0,304252.69999999995,326169.4,170308.3,199916.3,2.059799602078773,1.152992129801025,1.3534391484087427,0.5597593710754252,0.33268310324137873,0.01256167825117329,0.4552533020638413,0.07780843235186946,0.0,0.0017753473297187116,0.0,0.09314272093896148,0.0,0.0
46051,SD,46-30,0.1084507324502515,0.014164044808721268,249505.0,283987.0,213011.2,224942.2,116420.1,125223.20000000001,1.853472653071396,1.0130052861907601,1.0896036299034513,0.5465445009464291,0.36397088599126015,0.04938254215861994,0.3843450580484318,0.05177701796208981,0.0,0.0,0.0,0.11983999267572107,0.0,0.0
46053,SD,46-80,0.7736674496697199,0.04488341662594,126862.0,191649.0,120306.1,151684.6,86523.6,96022.6,1.5511839213002387,1.1156044218290955,1.2380811380424126,0.7191954522671752,0.24572525815422988,0.025358859164409938,0.2536303346221478,0.07215273755667914,0.0,0.0017166799722409195,0.0,0.36903923318149323,0.0,4.6960850304462845e-05
46055,SD,46-40,0.7904214848965813,0.013181165444788754,198465.0,190737.0,80325.79999999999,108839.09999999999,38741.2,41529.799999999996,1.0406443139325474,0.5019036162095317,0.5380307476396862,0.482300829870353,0.182848634507201,0.02406454961543906,0.042435395334937634,0.24076608104353114,0.0,0.044406696131322185,0.0,0.3019865049780588,0.0,0.0
46057,SD,46-30,0.23921241805721097,0.013865092371871276,214784.0,221708.0,202061.4,212400.3,110760.0,117764.1,2.252081987424427,1.23447922724048,1.3125436544300346,0.5481502157265069,0.42185667634907176,0.03967831562235012,0.42968679524419506,0.025614772583758817,0.0,0.0028866797770039873,0.0,0.05249697800710845,0.0,0.0
46059,SD,46-50,0.8502660237401477,0.006530259663237152,465372.0,521841.0,460339.7,502702.10000000003,325681.5,353815.89999999997,2.1798290508599454,1.5421872044223934,1.6754109573346754,0.7074808016775438,0.2873461456650589,0.029269451806201507,0.46743931580692205,0.024379073319267745,0.0,0.006848829432719928,0.0,0.14504226383132027,0.0,0.0
46061,SD,46-60,0.26854709264477145,0.01732834404241891,201231.0,210853.0,193347.3,210757.7,101437.4,109439.29999999999,2.2658989116657793,1.1887773672671214,1.2825541952924333,0.5246383063016654,0.44046800377514195,0.011600498925791902,0.4746292440705136,0.016973910734018487,0.0,0.00011856601518593522,0.0,0.045614717362333,0.0,0.0
46063,SD,46-10,0.44717607973421925,0.032592213987562825,58695.0,96615.0,14597.0,23990.5,6874.8,11141.4,0.37333718918141207,0.1758319180779867,0.2849557415596208,0.47097348770295266,0.04811882212906898,0.007141748175749107,0.0,0.2207524711483724,0.0,0.0,0.0,0.5942348496610257,0.0,0.0
46065,SD,46-50,0.8574941755112607,0.03235827077400984,208602.0,184497.0,162998.3,189232.5,105547.9,119317.7,2.1831117633348756,1.4136519343164506,1.5980772464747282,0.647539882317791,0.19216030612963897,0.015441985506539403,0.13686943419134187,0.1820463205363773,0.0,0.035106261890437244,0.0,0.14017572101443385,0.00027100711664688315,0.0
46067,SD,46-90,0.13919997909125362,0.01519151104896567,306092.0,327021.0,298020.5,349758.5,153132.2,170296.1,2.2519186638636466,1.15710583405672,1.2868006260414635,0.513831095511886,0.43290797838670914,0.03436782347311029,0.44180648949150053,0.0076111320068130185,0.0,0.0,0.0,0.06994963626189143,4.892652153837215e-05,0.0
46071,SD,46-40,0.7857417509793083,0.01869697916416332,83222.0,114233.0,32827.6,46217.4,16959.0,18413.0,0.7101167456559415,0.3668519748497945,0.3983044644677909,0.5166079762151361,0.086621204030359,0.014794323881890522,0.01355125051429972,0.19900554130592735,0.0,0.0,0.0,0.5755954934213406,0.0,0.0
46073,SD,46-50,0.41361843913548324,0.015885748262496283,178273.0,195650.0,126497.2,146343.6,85676.5,95685.9,1.5976559601598932,1.082091705355052,1.2085101364952229,0.6772995765914186,0.30810120112445694,0.04529005877843087,0.41627906976744183,0.03872731919243547,0.0,0.003439815997955533,0.0,0.13434704830053668,0.0,0.0
46075,SD,46-80,0.9096877252449691,0.03236384651848389,153999.0,178612.0,62946.7,92782.4,36824.2,39028.799999999996,0.8708523680155431,0.5094538994145517,0.5399540071330987,0.5850060447966295,0.17238483416567757,0.002956128367634873,0.009982531968736703,0.20484066020200212,0.0,0.13496853514881418,0.0,0.2681958658992677,0.0,0.0
46077,SD,46-60,0.3257441090741506,0.016878243226258235,334158.0,356452.0,344346.3,376596.3,181222.0,196145.0,2.387132736478038,1.2562962598117737,1.3597478776350573,0.526278342470937,0.4120498692671103,0.019957806380662753,0.4443908296208185,0.031039242310325094,0.0,0.0,0.0,0.07132236598476092,1.4027134088180177e-05,0.0
46079,SD,46-60,0.12113756831162427,0.0313617126186465,194696.0,203422.0,265351.3,288696.4,140690.3,150263.0,3.2233354410687256,1.7090250931674023,1.825308763821055,0.5302039221213538,0.47137477755601653,0.021762641208915457,0.4370520396024029,0.004384973110086421,0.0,0.0,0.0,0.054286163738435374,0.0,0.0
46083,SD,46-90,0.11794738213076322,0.022614062155609432,249535.0,252973.0,231175.0,271317.1,118922.9,131696.3,2.2581297830468845,1.1616452573864229,1.2864165128023246,0.5144280307126635,0.4691805054294332,0.019258972301391848,0.4747186458633925,0.0,0.0,0.0,0.0,0.030635680487640975,0.00016602562328786076,0.0
46085,SD,46-80,0.8258120740259633,0.033588746475052,243266.0,284093.0,181935.6,274168.4,101758.9,107425.0,1.5824841105010548,0.885103533074702,0.9343875281724731,0.5593127458287438,0.14814866962579154,0.012443108418722038,0.08116004266208601,0.23097366003386216,0.0,0.149493299729314,0.0,0.22181116746980742,0.0,0.0
46087,SD,46-60,0.20788091137324763,0.01736906202335581,253727.0,271326.0,279952.0,304602.2,148547.3,158904.9,2.549613592228385,1.3528684030434772,1.4471984229856985,0.5306170343487454,0.42426085225890625,0.029978697212946787,0.4658602566654136,0.002049195432800395,0.0,0.0,0.0,0.06633348812867178,9.58256857064933e-05,0.0
46089,SD,46-20,0.5667230291975662,0.024289144221509185,225327.0,286770.0,202635.19999999998,218928.8,112517.4,132594.0,1.746076939522103,0.9695454562434576,1.1425424887630269,0.555270752564214,0.2260138787181365,0.038051400076716535,0.31890365100951984,0.0929630017086864,0.0,0.004184538131603724,0.0,0.26240192488754055,0.0,3.138403598702793e-05
46091,SD,46-30,0.41060139981330573,0.022864142486342564,253891.0,278897.0,211606.6,223369.6,115742.1,123961.6,1.8748545023420788,1.025485959774067,1.0983115076634087,0.5469682892688602,0.3606492719534452,0.04190794450998039,0.4456304657274908,0.02603111542971061,0.0,0.0,0.0,0.09987916686088412,0.0,0.0
46093,SD,46-40,0.4245666952126168,0.013057877545452479,131951.0,204457.0,47468.100000000006,73415.0,25090.2,27825.0,0.5736963252919467,0.3032385020854005,0.33629111448000687,0.5285697131336623,0.013508952982778774,0.022650239414644644,0.0,0.11618090845507857,0.0,0.018028240656959654,0.0,0.6947964608695227,2.4455019881931163e-05,0.0
46095,SD,46-80,0.6027156899886348,0.019181305206069428,50153.0,111439.0,22522.2,35874.9,13173.2,13804.100000000002,0.49940835995296007,0.29210317852307205,0.306092785856917,0.5848984557458863,0.06344278035517188,0.008040273153922774,0.0,0.15032439271709186,0.0,0.023196546989833002,0.0,0.6064035032618742,0.0,0.0
46097,SD,46-60,0.34867191617818527,0.031145681930712838,187827.0,205109.0,196053.0,214627.1,101991.3,112248.40000000001,2.361951516158831,1.228741746721602,1.3523143158554216,0.5202231029364509,0.38279158886250725,0.019038657494307904,0.4200839553603206,0.06621357424588876,0.0,0.0,0.0,0.10233095573573076,0.0,0.0
46099,SD,46-60,0.22986928011606902,0.016667140804802073,281212.0,301993.0,345249.1,375151.2,182176.3,194629.9,2.8249962931821435,1.4906552173651957,1.5925566382140064,0.5276662560452728,0.4609477703125569,0.021503809690953102,0.4306391207743226,0.0007053143615911627,0.0,0.0,0.0,0.0680744255661555,0.0001291420662068326,0.0002814634776302762
46101,SD,46-60,0.13609009027021082,0.03510841422330631,200066.0,210670.0,267327.1,289921.9,140112.3,149069.0,3.1356132824802323,1.6434472558855988,1.7485048706474045,0.5241230687049686,0.502757867755257,0.017040869606493567,0.4224948972326387,0.0,0.0,0.0,0.0,0.054749133716238664,5.221436369677695e-05,0.0
46103,SD,46-40,0.9027612210477982,0.011002498962444922,113247.0,124052.0,51858.7,78465.90000000001,34773.5,36735.5,1.032999374930778,0.6926707334382739,0.7317527924488967,0.6705432261124942,0.09149388965917518,0.029664979202270014,0.04279656918066617,0.26837132815271014,0.0,0.003361493567213749,0.0,0.4157450101570309,0.00010479476348627995,7.255022087511689e-05
46105,SD,46-10,0.5459221814816133,0.00523299277348617,112364.0,177102.0,44306.2,79572.6,23484.1,35439.5,0.6181918020327564,0.3276669653032183,0.4944772597997542,0.5300409423511834,0.0695249065510271,0.038446770787455814,0.018407471400661766,0.16218337455251775,0.0,0.0,0.0,0.5928956194735238,0.0,0.0
46109,SD,46-30,0.10908001036851428,0.02013219855704843,370352.0,400198.0,339721.8,358925.8,188913.9,203146.6,2.097638793340098,1.1664636336001162,1.2543445516158915,0.5560841253048818,0.3926531366973348,0.009085502676175293,0.47528973158286647,0.03520007596239861,0.0,0.0,0.0,0.07778649568463611,2.4987631122594317e-05,4.4977736020669765e-05
46111,SD,46-60,0.49668687330817035,0.014678409394182012,131145.0,160213.0,157702.6,177321.0,80005.6,89987.5,2.4323345253733337,1.233970670763886,1.3879270417991387,0.5073194734899742,0.3581856653330254,0.033854930623607324,0.34039060500708435,0.010573424129128099,0.0,0.007964397395966619,0.0,0.19148258880365512,0.0003245679189578873,0.0
46115,SD,46-20,0.7437273713612348,0.017335555772046117,749327.0,761144.0,664511.7,712610.9,370840.5,433966.0,2.1573370757424946,1.203933594904175,1.408870515615703,0.558064666130032,0.3639048590017132,0.01173628117675499,0.524410624008072,0.04887905573715355,0.0,0.0,0.0,0.039755946312392924,0.0001300673722712128,0.0
46117,SD,46-40,0.7737657119490817,0.05102494355254503,112494.0,129496.0,142243.6,169451.5,64027.5,69314.0,2.7143046147574355,1.2217782643393564,1.3226557122239373,0.4501256998557404,0.10135448199172176,0.007258911472169024,0.018309445851609315,0.32431117563476863,0.0,0.05983196392166554,0.0,0.2700701179959227,0.0,0.0
46119,SD,46-50,0.8796066659955524,0.014569281877167776,437084.0,376872.0,260326.90000000002,293759.6,149066.0,173411.90000000002,1.7068972470935653,0.9773878344314374,1.1370177062887648,0.5726108212405249,0.3132787790018892,0.010637563947441041,0.10682406758793436,0.16195419134348002,0.0,0.02243732620093825,0.0,0.04187628690908319,0.0,0.0
46121,SD,46-80,0.44919201978989304,0.05226973367173194,31127.0,96762.0,26422.3,37423.5,18425.6,19656.8,0.6747579133068645,0.47054266310756304,0.5019843598131266,0.6973503442168169,0.05715053430065522,0.023252929869163514,0.029329695541638248,0.05179719311299891,0.0,0.0,0.0,0.7500051673177487,0.0,0.0
46123,SD,46-80,0.8141210440681074,0.059477049293031145,218185.0,334661.0,165894.19999999998,222359.7,108816.8,119882.2,1.2249216243957384,0.8034762602764063,0.8851804292141304,0.6559409551388777,0.20107511780577958,0.043736796340177075,0.14339585431227422,0.10493603975366117,0.0,0.04809942001009977,0.0,0.40656963315115896,0.0,0.0
46125,SD,46-90,0.0927102337403128,0.04290280831423181,320655.0,332905.0,244055.3,285881.5,127601.0,141600.1,1.811549180864916,0.9471438933206702,1.051055007473266,0.5228364227287832,0.4792898875054445,0.016866673675673242,0.44855439239422656,0.0049353419143599525,0.0,0.0,0.0,0.04250762229464863,0.0,0.0
46127,SD,46-90,0.2974866006171837,0.013728276758161443,246280.0,251314.0,189796.19999999998,222405.6,98736.4,109401.09999999999,1.8661778652211338,0.9708291534373185,1.0756901942759856,0.520223271066544,0.48984537272097856,0.014913614044581679,0.4600420191473615,0.0013608473861384564,0.0,0.0,0.0,0.029401465895254542,1.5916343697525804e-05,0.00011141440588268063
46129,SD,46-20,0.9460496048896383,0.04166961877636234,211713.0,237695.0,157420.7,169136.7,83793.0,98599.5,1.6365300963136875,0.8711037770789535,1.0250306931139388,0.532287049924184,0.2644607585350975,0.014888828120069838,0.2816087843665201,0.21339111045667766,0.0,0.0,0.0,0.1449462546540735,0.0,0.0
46135,SD,46-90,0.1115898177991186,0.01807913851589442,212842.0,232945.0,168895.30000000002,198754.9,84710.6,93987.90000000001,1.7916219508687174,0.8986003188440387,0.9970128520808687,0.5015568816894254,0.44812724033570156,0.02056708665135547,0.4223872587949945,0.004829466183004572,0.0,0.0,0.0,0.09365730107965399,1.2878576488012191e-05,0.0001502500590268089
46137,SD,46-10,0.8989798071314212,0.012466955431720304,161146.0,165565.0,20910.3,41702.4,12893.9,18341.9,0.31208574626840624,0.19244116075858325,0.27375243537780336,0.6166291253592727,0.11326669283967022,0.010104792679612238,0.10781264156071634,0.2660103282698638,0.0,0.0,0.0,0.3243741128861776,0.0,0.0
47003,TN,47-40,0.7069302759471577,0.16018175799705095,33231.0,80309.0,36259.1,50842.8,15796.6,30840.4,1.115668074207884,0.48605073763640744,0.94893832653874,0.4356589104528243,0.1080451755095942,0.02008492198881819,0.24765592897433664,0.06945672340584493,0.0,0.0,0.0,0.5555417201060903,0.0003237495174886999,0.000249038090375923
47005,TN,47-20,0.9486212100425299,0.11757442721909726,14578.0,23270.0,29427.5,34412.9,13779.9,18584.9,3.124922051192526,1.4632949918690983,1.9735405260116552,0.46826607764845807,0.098581865062312,0.0,0.4948861194671251,0.002191663085517834,0.0,0.0,0.0,0.3557370004297379,0.0013321873657069188,0.0005586592178770949
47007,TN,47-50,0.2750413223140496,0.1915702479338843,6050.0,25222.0,14610.699999999999,19045.7,2119.1,12028.9,1.4314418353034306,0.207612803848652,1.178497313111722,0.14503754098024052,0.09210213305844105,0.022123542938704305,0.04955990801681072,0.012449448893822853,0.0,0.0,0.0,0.7345571326619618,0.02755530885734676,0.0
47009,TN,47-60,0.7872124492557511,0.4061231393775372,5912.0,33702.0,15900.0,19663.6,4638.1,12415.4,1.1657989333950298,0.34006868131946466,0.910305665262431,0.29170440251572327,0.03706011512669871,0.013114948667734853,0.07005518960299092,0.005429944810397009,0.0,0.0,0.0,0.7955610942970743,0.005845350424307162,0.0016912942852056257
47011,TN,47-60,0.7732321102207226,0.20582032897511598,7113.0,24733.0,15807.6,19887.0,4383.1,11581.4,1.5793243957790657,0.4379119385067451,1.1570882080313059,0.2772780181684759,0.048154287793636036,0.030202563376864916,0.15521772530627098,0.019043383334007197,0.0,0.0,0.0,0.6499009420612137,0.009703634819876279,0.002870658634213399
47017,TN,47-20,0.9319841557318627,0.05480060292347779,85583.0,92931.0,186584.69999999998,206344.9,79637.7,109670.29999999999,4.961324366404817,2.117582317812966,2.916155138448791,0.42681795452681814,0.3058398166381509,0.0,0.33594817660414716,0.08333064316535925,0.24704350539647696,0.0,0.0,0.08626830659306367,0.0001291280627562385,0.00019369209413435775
47021,TN,47-30,0.5970125281079345,0.13829103758432382,12452.0,24064.0,9140.0,12315.5,5043.0,7340.2,0.9385568428398818,0.5178492514706262,0.7537412404609738,0.5517505470459518,0.10160405585106383,0.001163563829787234,0.3095910904255319,0.008311170212765957,0.0,0.0,0.0,0.5100565159574468,0.0014960106382978723,0.0007064494680851064
47023,TN,47-20,0.964269369074861,0.25665250081726054,30590.0,35158.0,36092.3,41601.9,16608.9,23169.100000000002,2.5367203935170863,1.1673441521844254,1.628422917615024,0.46017848682405943,0.09047727402013767,0.0,0.6508618237669948,0.02033676545878605,0.08766141418738267,0.0,0.0,0.13911485294954207,0.0007679617725695432,0.000398202400591615
47027,TN,47-40,0.18014184397163122,0.3171985815602837,5640.0,18764.0,7839.4,9292.8,2714.1,6459.3,1.0323800508813132,0.35742310586230736,0.8506330156207959,0.34621272036125217,0.10781283308463015,0.0,0.03949051374973353,0.0,0.0,0.0,0.0,0.7379023662332125,0.0003730547857599659,0.00047964186740567045
47029,TN,47-60,0.7177071063996859,0.171181782489203,5094.0,18720.0,10133.3,12685.6,3138.7,7814.4,1.3376030780027919,0.41431071624518795,1.0315065667398595,0.3097411504643107,0.06335470085470085,0.018162393162393164,0.11501068376068375,0.0,0.0,0.0,0.0,0.7138888888888889,0.036057692307692304,0.007104700854700855
47031,TN,47-50,0.9371659521426278,0.1834406693233111,52949.0,75217.0,80023.5,112419.5,28828.6,53007.299999999996,2.628958545785887,0.9470867224383215,1.7414133888674732,0.36025167607015435,0.2371006554369358,0.0038289216533496416,0.41777789595437204,0.05730087613172554,0.0,0.0,0.0,0.26083199276759245,0.0008774612122259595,0.00033237167129771195
47033,TN,47-20,0.9026476513286221,0.03979471109263582,125092.0,130686.0,196872.1,219239.8,85678.1,122130.0,3.7225223337420936,1.6200296576436604,2.30927415626654,0.4351967597236988,0.14850098709884763,0.0,0.4501782899468956,0.12235434553050824,0.3234623448571385,0.0,0.0,0.04056287590101464,7.651929051313836e-05,0.00016069051007759055
47035,TN,47-50,0.3019340974212034,0.6171203438395415,8376.0,33385.0,13184.0,15834.1,911.9,11903.599999999999,0.9758386548638934,0.06749600040734105,0.8810674311315109,0.06916717233009709,0.02435225400629025,0.025550396884828516,0.00383405721132245,0.0,0.0,0.0,0.0,0.7052568518795866,0.20736857870301034,0.0010483750187209825
47039,TN,47-20,0.9394073909665964,0.12762179558317613,9011.0,16842.0,20437.0,24363.1,9553.3,13546.3,2.998511270065585,1.4016576658177595,1.987509576634997,0.46745119146645786,0.01900011875074219,0.0,0.44970906068162925,0.0,0.0,0.0,0.0,0.4277401733760836,0.0022562641016506354,0.0
47041,TN,47-40,0.9690407443054219,0.38273981392364453,6234.0,23483.0,17334.399999999998,24799.899999999998,9004.3,14441.7,1.824052942343155,0.9474986102051683,1.5196617925879838,0.5194468801919883,0.03921986117617,0.0,0.1841332027424094,0.0,0.0,0.0,0.0,0.6984201337137503,0.00114976791721671,0.004897159647404506
47043,TN,47-30,0.7752102969494273,0.3417452113104287,9867.0,35393.0,12890.1,15597.2,3344.7,9963.199999999999,0.8999556628852904,0.23351887926799872,0.6956065709698702,0.2594782042032257,0.07512785013985816,0.0,0.12626790608312377,0.008108948097081344,0.0,0.0,0.0,0.7047156217331111,0.0016669962987031334,0.0020908089170174893
47045,TN,47-10,0.703986377472436,0.03228035096702877,246063.0,249856.0,255919.9,312440.6,72589.4,175348.19999999998,2.5310252511262012,0.7179027670927516,1.7341782406898694,0.28364109238867313,0.16949362832991804,0.0,0.6926349577356558,0.08151095030737705,0.08562932248975409,0.008636974897540983,0.0,0.018290535348360656,0.0026975537909836064,0.00012807377049180329
47047,TN,47-20,0.7607224270396533,0.07974981003574143,142132.0,158278.0,172907.8,195357.2,75255.0,108090.5,2.6994558863296434,1.1748894655170983,1.6875209590389464,0.43523195599041803,0.1029391324125905,0.0019206712240488254,0.4720618152870266,0.04773247071608183,0.27220460202934077,0.0,0.0,0.11786224238365407,0.0,0.00042962382643197414
47051,TN,47-50,0.9036238762633313,0.09883298899994417,35818.0,53733.0,67096.09999999999,93624.8,23652.1,43014.2,3.0855912354529007,1.0877042400386245,1.978121508105809,0.35251080167103604,0.22531777492416205,0.005229560977425419,0.35012003796549607,0.12158264009081943,0.0,0.0,0.0,0.3031656523923846,0.002140211787914317,0.0009305268643105726
47053,TN,47-20,0.7727892876290772,0.07053095455001156,229417.0,238717.0,377087.6,423174.89999999997,181096.8,230430.9,3.903382467295495,1.874604399623108,2.3852811256141053,0.48025127317896427,0.26050511693762907,0.0013237431770674061,0.5247678213114273,0.1909792767167818,0.122450432939422,0.0,0.0,0.040809829211995795,0.00025553270190225246,0.0
47055,TN,47-40,0.8693422614002373,0.36756229869469403,23596.0,66914.0,47151.5,63305.200000000004,21142.6,39538.7,1.7412483776562524,0.7807708757820022,1.46011679860953,0.4483971877882994,0.14324356636877186,0.004647756822189676,0.16051947275607495,0.03142840063364916,0.0,0.0,0.0,0.6199450040350301,0.0004035030038556954,0.001195564455868727
47059,TN,47-60,0.6920229367786891,0.30267837700515354,13777.0,80646.0,32720.3,40239.2,7751.9,24742.1,1.0025744876646194,0.23752401936801815,0.7581164668797896,0.2369140869735302,0.047962701187907644,0.023696153560002976,0.05308384792798155,0.006584331522952161,0.0,0.0,0.0,0.7962949185328473,0.010564690127222677,0.001016789425389976
47063,TN,47-60,0.911518970004109,0.12176414189837009,7301.0,20578.0,10688.5,13566.8,3173.3,7941.4,1.2834997909475154,0.3810572004129439,0.9536216718745004,0.2968891799597699,0.07780153562056566,0.01943823500826125,0.2037127028865779,0.03285061716396151,0.0,0.0,0.0,0.6457381669744388,0.0013120808630576344,0.0017980367382641655
47069,TN,47-20,0.7906959420451795,0.08229510028493212,53697.0,66129.0,92623.7,105108.8,40092.0,58741.3,3.4610858657170507,1.4981247189253721,2.1949963471967218,0.4328481803253379,0.07659272028913185,0.0,0.44689924238987433,0.00786341846996023,0.2580864673592524,0.006094149314219178,0.0,0.18878253111342982,0.002691708630101771,0.0004234148406901662
47071,TN,47-20,0.7877501640419947,0.09774852362204725,48768.0,62662.0,54010.5,63441.3,26056.7,35226.1,2.1298849710721544,1.0275367516637655,1.3891287986499814,0.4824376741559512,0.11068909386869234,0.0,0.5889853499728703,0.045928952156011615,0.0,0.038109220899428684,0.0,0.22685199961699276,0.00031917270435032394,0.00015958635217516197
47075,TN,47-20,0.8235039965435299,0.046980389332949284,166644.0,167912.0,310551.7,346670.80000000005,137918.1,195804.1,4.570191308171941,2.0296527175977093,2.881524061611737,0.4441067300549313,0.14250321597027013,0.0,0.4777026061270189,0.11857401496021726,0.33136404783458,0.005562437467244747,0.0,0.0,0.0002263090190099576,0.0003990185335175568
47077,TN,47-20,0.8088553877199751,0.13271211087040388,33697.0,50637.0,72358.2,84262.1,33691.1,46205.799999999996,3.5310347400670348,1.644104531774871,2.2548140361781996,0.4656155072956486,0.143491913028023,0.0026857831230128167,0.46175721310504175,0.04103718624721054,0.008827537176373008,0.0,0.0,0.3357821355925509,0.0023303118273199437,0.0005529553488555799
47079,TN,47-20,0.8934840640673031,0.1595413363533409,98896.0,112639.0,161188.0,182117.4,72821.0,90852.8,3.5361129118626273,1.5975338012429485,1.993112137124804,0.4517768072064918,0.36626745620966095,0.008647093812977742,0.4163122897042765,0.07183124850185105,0.0,0.0,0.0,0.11563490442919415,0.0008078906950523354,0.0001598025550652971
47081,TN,47-30,0.9132905858350335,0.22814048382395802,13724.0,35969.0,17286.4,23591.8,9562.6,14986.1,1.1875677572893346,0.6569462372648435,1.0295382015638708,0.5531863198815253,0.10745364063499124,0.0009174566988239874,0.23981762072896104,0.015290944980399788,0.0,0.0,0.0,0.6058272401234396,0.0015846979343323417,0.0005282326447774473
47085,TN,47-30,0.8394515069275817,0.19740037137551777,7001.0,23662.0,23170.8,30583.3,12985.7,18100.600000000002,2.419757151931111,1.3561137486764303,1.8902694902309922,0.5604338218792618,0.10966951229819964,0.0,0.11089510607725467,0.0,0.0,0.0,0.0,0.736116980813118,0.001690474178006931,0.0015636886146564112
47089,TN,47-60,0.82356608478803,0.2518703241895262,6416.0,30324.0,14622.8,18089.7,3852.6,11286.8,1.1915883696471656,0.31394215559965744,0.9197431142143522,0.2634652734086495,0.05306028228465902,0.01625774963725102,0.0815195884447962,0.00702413929560744,0.0,0.0,0.0,0.7418546365914787,0.0034626038781163434,0.002506265664160401
47095,TN,47-10,0.8321127883226225,0.01631544861256414,80292.0,80132.0,104594.4,130984.3,30633.1,69343.59999999999,3.225407965772635,0.9446418236187569,2.138368782796701,0.29287514436719364,0.1400189687016423,0.0,0.7494384265961164,0.12604203064942845,0.08226426396445864,0.0,0.0,0.0,0.0,0.0
47097,TN,47-10,0.7049335322069263,0.10482431474191262,122691.0,125899.0,186058.8,241301.9,49856.2,124560.99999999999,3.6518265235881953,0.9785411575551266,2.444792525828766,0.2679593762831965,0.1238055901953153,0.0,0.6697590926059778,0.07321742031310813,0.16211407556851126,0.0,0.0,0.02702960309454404,0.0017315467160183957,0.0
47099,TN,47-30,0.9375390586455284,0.16468769529322763,60806.0,91801.0,112743.09999999999,141058.4,68746.9,90196.9,3.034762882026423,1.850494978179439,2.4278754459816083,0.6097659191560282,0.28306881188658073,0.005239594339930938,0.3539394995697215,0.0707181838977789,0.0,0.0,0.0,0.3232208799468415,0.002113266740013725,0.00042483197350791385
47103,TN,47-40,0.8726500203713404,0.15131055623460024,51543.0,90995.0,79171.8,101934.09999999999,37269.3,61243.2,2.1499838277314276,1.0120824873360323,1.663116028163075,0.4707395815176616,0.17343810099456014,0.0,0.2440793450189571,0.0757074564536513,0.10723666135501951,0.0,0.0,0.4243529864278257,0.007077311940216495,0.0019341722072641354
47105,TN,47-60,0.5758021783926994,0.25071141203022274,10191.0,24982.0,19365.9,25748.9,7413.4,13480.0,1.9155464362160666,0.7332843787401663,1.3333522304768988,0.3828068925275871,0.10791770074453606,0.06816908173885197,0.16579937555039628,0.06969017692738771,0.0,0.0,0.0,0.5376270915058843,0.0008406052357697542,0.0005203746697622288
47107,TN,47-60,0.49201225064150317,0.494164390365036,12081.0,37513.0,25097.600000000002,32380.1,9178.7,18931.3,1.6532274203370378,0.6046187094800924,1.2470413211871478,0.365720228228994,0.053688054807666676,0.05957934582678005,0.159624663450004,0.03190893823474529,0.0,0.0,0.0,0.648975021992376,0.00415855836643297,0.0011729267187375043
47109,TN,47-20,0.7429488869185977,0.048069780259279674,41731.0,51173.0,69676.2,79020.09999999999,30197.2,42391.7,3.3645406718743294,1.4581694692983187,2.0470203426693048,0.4333933251239304,0.1537724972153284,0.0,0.4698376096769781,0.034764426553065095,0.12741093936255446,0.0,0.0,0.19680300158286596,0.0006839544290934672,0.0008402868700291169
47111,TN,47-40,0.4840548376001179,0.24794850375902905,20351.0,40358.0,18141.6,24239.7,6721.5,13016.4,1.110780263745658,0.4115463654124466,0.796972716023889,0.37050205053578517,0.11179939541107091,0.005946776351652709,0.1906932950096635,0.040438079191238416,0.0,0.0,0.0,0.4965806035977997,0.0008176817483522474,0.001015907626740671
47113,TN,47-20,0.8731798151767849,0.14019037485108893,86461.0,94994.0,149848.0,168089.0,67171.3,90309.8,3.8979564185203057,1.7473092732325626,2.349204958126135,0.4482629064118307,0.21006589889887783,0.0,0.39976209023727816,0.12754489757247825,0.23345684990630988,0.0,0.0,0.09426911173337263,0.000505295071267659,0.00034739036149651555
47115,TN,47-50,0.7744506678155967,0.09920292977165016,9284.0,17353.0,12771.800000000001,16663.8,3626.4,9372.7,1.818694468404508,0.5163965627571766,1.334665250318274,0.28393805101865044,0.1553045582896329,0.0,0.3336022589753933,0.09064715034864289,0.0,0.0,0.0,0.4384256324554832,0.0006338961562842159,0.0007491500028813462
47117,TN,47-40,0.7245656044698225,0.05372382882053171,16287.0,46891.0,24404.2,32257.899999999998,10645.1,20540.8,1.286048314260945,0.5609736401987848,1.082455528702896,0.4361995066422993,0.10279158047386493,0.021176771661939393,0.17350877567123754,0.04154315327035039,0.0,0.0,0.0,0.6241709496491864,0.00031989081060331405,0.00046917318888486064
47119,TN,47-40,0.9673414951097736,0.2442035428493263,29242.0,67478.0,40255.200000000004,55408.799999999996,18808.4,33910.8,1.474151064352387,0.688766243336648,1.2418182474075627,0.46722907847930206,0.11944633806573994,0.008550935119594535,0.2600995880138712,0.04779335487121729,0.0,0.0,0.0,0.5191766205281722,0.0028009128901271526,0.0021933074483535373
47123,TN,47-60,0.709631366950492,0.16983633304440932,19613.0,43387.0,27799.7,36308.9,10469.1,20323.5,1.5832981015448768,0.5962548572424692,1.157500223626417,0.3765903948603762,0.08523290386521308,0.044875193030170325,0.2633046765160071,0.03724617973125591,0.0,0.0,0.0,0.5206167746099062,0.0009680318989559085,0.002120450826284371
47125,TN,47-30,0.8043591615392638,0.1409427468974867,38356.0,57489.0,69652.3,92071.5,43794.4,53505.9,2.9938698118884384,1.8824178396085558,2.2998479413877444,0.6287574136101751,0.23247925690132026,0.0,0.32522743481361654,0.1341647967437249,0.0,0.0,0.0,0.3177129537824627,0.0008523369688114248,0.0010436779209935813
47131,TN,47-10,0.6695001380509555,0.09443272806311573,170227.0,175672.0,241892.80000000002,286917.8,75662.5,163122.1,3.402534986688871,1.064290890139544,2.2945232448099353,0.3127935184511486,0.3336331344778906,0.001468646113210984,0.5648879730406667,0.05453344869984972,0.0,0.0,0.0,0.03154173687326381,0.0,0.0006489366546746209
47135,TN,47-30,0.8028350515463918,0.19909793814432988,6208.0,10502.0,5683.4,6893.7,2353.2,3972.3999999999996,1.337267877576164,0.5536929953042595,0.9346804583319058,0.41404792905655063,0.2283374595315178,0.0,0.2652828032755666,0.0,0.0,0.0,0.0,0.5037135783660255,0.00038087983241287375,0.0007617596648257475
47139,TN,47-60,0.4776386404293381,0.1397904421160235,7826.0,13419.0,10703.800000000001,14403.3,4724.1,7831.3,1.9710608705181047,0.8699236400544272,1.442101776498854,0.44134793250994975,0.05432595573440644,0.09605782845219465,0.37759892689470154,0.0,0.0,0.0,0.0,0.3167151054474998,0.0027572844474252926,0.0007452120128176467
47141,TN,47-50,0.892725509214355,0.4151309408341416,5155.0,26379.0,13721.1,16620.0,2125.3,11599.5,1.2853245572800798,0.19908755723574303,1.0865835976831513,0.15489282929211215,0.004662799954509269,0.02479244853861026,0.1178589029151977,0.0,0.0,0.0,0.0,0.7556389552295386,0.0023124455058948406,0.0031464422457257667
47147,TN,47-30,0.7632622681715759,0.10226450106546764,98079.0,121066.0,153675.4,205242.8,102956.8,122123.8,3.1366377297605625,2.1014305699898115,2.4926443580542688,0.6699627917025106,0.29176647448499166,0.005517651528918111,0.39386780764211254,0.248054780037335,0.0,0.0,0.0,0.1886078667834074,0.0019410899839756826,0.0005699370591247749
47149,TN,47-40,0.9519135898634263,0.30653788232850393,19257.0,53071.0,30680.1,42796.8,14875.7,25481.100000000002,1.4285047980913832,0.6926316675945642,1.1864326912443683,0.4848647820574249,0.11522300314672797,0.0022799645757570048,0.20649695690678524,0.02956416875506397,0.0,0.0,0.0,0.5899267019652917,0.0013189877710990936,0.0013189877710990936
47157,TN,47-10,0.6556985701277287,0.03169837324342283,40633.0,45267.0,61644.700000000004,84798.9,17135.0,38686.4,3.365086510908381,0.9353725034660743,2.1118292861447294,0.27796388010648115,0.0749773565732211,0.0,0.5648927474760863,0.05438840656548921,0.20966708639848014,0.0,0.0,0.08513928468862526,0.0017231095500033137,0.004440320763470077
47159,TN,47-40,0.8111212710024003,0.14761687049948566,17498.0,36258.0,16239.6,20944.4,5427.3,13407.6,1.1067605915588776,0.3698811398413444,0.9137542370122914,0.33420158131973693,0.12303491643223564,0.0,0.26325224777980033,0.09462739257543162,0.0,0.0,0.0,0.49892437531027634,0.0015720668542114843,0.002592531303436483
47161,TN,47-30,0.7364037236648702,0.18095704719908542,6123.0,15220.0,12284.2,16110.900000000001,6470.1,9355.2,1.9944099389086416,1.0504576403618309,1.5188700819327368,0.5267009654678367,0.11603153745072273,0.0,0.21622864651773982,0.0,0.0,0.0,0.0,0.6177398160315375,0.003876478318002628,0.00045992115637319317
47165,TN,47-40,0.71781212484994,0.10024009603841537,26656.0,60670.0,39234.1,58282.2,20886.7,31921.3,1.597982074669674,0.8507031434135888,1.3001359837527322,0.5323608799488201,0.13987143563540466,0.006675457392450964,0.22012526784242625,0.11758694577221032,0.0,0.0,0.0,0.528597329817043,0.0008076479314323389,0.0009559914290423603
47167,TN,47-10,0.7945585095492966,0.09514930829750519,136764.0,141316.0,164374.7,205392.6,46974.8,110721.8,2.874258608158373,0.8214020969560276,1.9360831488105514,0.2857787725239955,0.204244388462736,0.0,0.5417362506722523,0.07071386113391265,0.18772821195052222,0.007154179286138866,0.0,0.04255002972062612,0.001846924622831102,0.000375045996207082
47177,TN,47-50,0.8286862527716187,0.1167960088691796,36080.0,66724.0,52772.3,70424.8,16734.1,37353.3,1.9543671426173028,0.6197299568385726,1.3833405439658097,0.31710006954406,0.09987410826689047,0.005080630657634435,0.30281457946166296,0.03499490438223128,0.0,0.0,0.0,0.3274084287512739,0.0010640848869971824,0.003042383550146874
47179,TN,47-60,0.3203822653924487,0.44649851167162774,6383.0,41169.0,16310.0,20245.0,3711.0,11991.6,0.9789620276736056,0.22274237183916312,0.7197621735776094,0.22752912323727775,0.036629502781218876,0.04532536617357721,0.017027374966601082,0.004687993393087031,0.0,0.0,0.0,0.8087395856105322,0.02028225120843353,0.0013116665452160606
47181,TN,47-30,0.9015857644352984,0.2244280353468103,8261.0,27270.0,19128.0,24880.9,9028.7,15710.300000000001,1.733271630621173,0.8181299441336987,1.4235789051938426,0.47201484734420746,0.12511917858452512,0.0,0.16795012834616796,0.009204253758709204,0.0,0.0,0.0,0.656985698569857,0.0009167583425009168,0.0009534286762009534
47183,TN,47-20,0.7677533258391321,0.10450272756739609,145001.0,156817.0,291257.7,328094.9,136842.0,168315.7,4.589511664153071,2.1562964863968728,2.6522453085706887,0.4698313555315447,0.3595209703029646,0.0022765388956554455,0.5300381973893137,0.11456666050236901,0.0,0.0,0.0,0.07447534387215672,0.0006058016669111129,0.00010840661407883075
47185,TN,47-50,0.6292551398719245,0.30681945848781034,8901.0,37031.0,21779.7,28072.600000000002,3827.2,17419.899999999998,1.4533447859200188,0.2553864913048892,1.16241825352269,0.1757232652424046,0.05503497070022414,0.0327293348815857,0.12197888255785692,0.008884448165050903,0.0,0.0,0.0,0.6965515379006778,0.003510572223272393,0.000513083632632119
47187,TN,47-40,0.9486221095977193,0.05619258789990497,15785.0,48001.0,15911.4,22128.100000000002,6440.8,13719.2,0.8191063866745806,0.33156733004598204,0.7062536508456772,0.40479153311462224,0.04814483031603508,0.0,0.23345346971938086,0.04166579862919523,0.0,0.0,0.0,0.6152163496593821,0.004833232640986646,0.002979104601987459
47189,TN,47-40,0.7845800988002822,0.2399435426958363,5668.0,45176.0,16046.4,19431.4,3698.6,14336.2,0.8777120137185059,0.20230741187676152,0.78416685182167,0.2304940672051052,0.031432619089782184,0.0,0.057331326367983,0.0,0.0,0.0,0.0,0.8186426421108554,0.0011067823623162742,0.0009518328315919958
48009,TX,48-30,0.24413866414693203,0.031693537274355796,50799.0,48164.0,4621.7,8491.9,1633.2,3603.0,0.23711629879719254,0.0837913190374916,0.18485189964002094,0.35337646320617955,0.0,0.0,0.0,0.349784071090441,0.0,0.0,0.0,0.47338260941782245,0.0,0.0003737231126982809
48011,TX,48-11,0.23681202536600643,0.02915524935410632,63865.0,49012.0,54840.899999999994,59700.3,21563.1,36125.899999999994,2.76493134630349,1.087153768692286,1.8213711540734243,0.3931937659666417,0.07732800130580265,0.0,0.0,0.6203174732718518,0.1199298131069942,0.14678038031502488,0.0,0.12115400310128131,0.0,0.0
48013,TX,48-96,0.047172062683955136,0.13539097923792856,25142.0,42860.0,9890.0,14106.0,4861.0,7746.7,0.5701988387098146,0.28025647674099174,0.44662885175261074,0.49150657229524775,0.026248250116658888,0.0,0.0,0.03744750349976668,0.04393373775081661,0.027508166122258516,0.0,0.5788847410172655,0.013439104059729352,0.012272515165655622
48015,TX,48-81,0.10389709823137586,0.0605619784090039,13061.0,56248.0,41723.2,43969.3,14040.3,29507.399999999998,1.8329589055665683,0.6168101421229985,1.2963016166093435,0.3365106223875446,0.11595078936139952,0.0,0.0,0.0,0.05079291708149623,0.015164983643862893,0.0,0.7693962451998293,0.001742284170103826,0.011467074384867017
48017,TX,48-12,0.12242552702478389,0.0884163080812595,156634.0,144940.0,183868.4,200010.80000000002,78839.4,125445.09999999999,3.1347365200605313,1.3441175666925924,2.138689063659908,0.4287816721089649,0.059907547950876223,0.05186283979577756,0.0062577618324824065,0.10080033117151925,0.532254726093556,0.11782806678625639,0.0,0.07107078791223954,0.0,0.0
48023,TX,48-22,0.08367678281503685,0.0027589495555025716,88077.0,66433.0,53608.0,57069.799999999996,43970.9,49374.4,1.9940128083470263,1.6355495037036685,1.8365390614171284,0.8202301895239517,0.0,0.0,0.0,0.7752923998615147,0.1188565923562085,0.008565020396489697,0.0,0.08098384838860205,0.0,0.0
48025,TX,48-81,0.03956199222889439,0.0020941615784427514,39634.0,46131.0,102044.3,110379.6,36674.9,64854.50000000001,5.466106452938341,1.9645282250049083,3.473997087069926,0.3594017500242542,0.21668726019379592,0.0,0.0,0.03171403177906397,0.30803581105980793,0.21824803277622423,0.0,0.18560187292709893,0.0010405150549522013,0.004053673234917951
48027,TX,48-40,0.015948868048503675,0.022260717201282282,100446.0,125623.0,50497.6,81742.7,25095.1,37063.2,0.9933076515587376,0.49363048633265094,0.729047720114457,0.49695629099204713,0.5365975975736927,0.001655747753198061,0.0,0.11649936715410394,0.049839599436408935,0.057823806150147664,0.0,0.21342429332208274,0.00030249237798810725,0.013763403198458882
48029,TX,48-81,0.07743512235907,0.07872142007267582,31097.0,50609.0,45101.5,49373.4,15333.2,29724.1,2.202142575874125,0.74866451325107,1.4513199370207215,0.3399709544028469,0.17445513643818295,0.0,0.0,0.11250963267403032,0.012744768717026615,0.12310063427453614,0.0,0.5417613467960244,0.016123614376889486,0.005967318065956648
48033,TX,48-21,0.04741168693052801,,69582.0,61932.0,23266.9,35178.9,12407.1,17695.0,0.9283369179193938,0.4950366819093953,0.7060210755443859,0.5332510992010109,0.0,0.0,0.0,0.0,0.9307950655557709,0.0,0.0,0.02706193890072983,0.0,0.0
48035,TX,48-40,0.19748621356442025,0.05378500322280312,27926.0,50870.0,24332.4,28567.6,1989.8,20332.9,1.1819671680777775,0.09665623904921675,0.987688030437139,0.08177573934342687,0.07794377825830548,0.0,0.0,0.09897778651464517,0.12272459209750344,0.025535679182229213,0.0,0.6451346569687438,7.863180656575585e-05,0.010379398466679773
48037,TX,48-51,0.056482073333720725,0.06136324016502993,17209.0,60208.0,41766.5,48043.6,2119.1,34899.0,1.7141786664643173,0.08697199937999436,1.4323230646795448,0.05073683454443154,0.055258437416954555,0.0,0.10239503056072283,0.03404863141110816,0.0,0.0,0.0,0.674943529099123,0.0006477544512357162,0.04771791124103109
48039,TX,48-90,0.09051862987222163,0.003113926769032535,65191.0,74156.0,76863.2,83889.59999999999,27084.9,39949.5,2.5612641400273777,0.9025331121554597,1.331212098403706,0.3523779910282164,0.16927827822428393,0.0,0.10050434219752953,0.0,0.0,0.10399697934084902,0.20593074060089542,0.30392685689627275,0.021414315766761963,0.010167754463563298
48041,TX,48-52,0.1738369868255617,0.02913682829497622,18293.0,37633.0,72108.3,78547.9,11722.0,35593.799999999996,4.734767086984508,0.7696886460176208,2.3371560935524642,0.16256103666290841,0.047511492573007734,0.0,0.0,0.0,0.30630032152632,0.037945420242871945,0.0,0.5181356787925491,0.0006111657322031196,0.021337655780830654
48045,TX,48-11,0.468728235130241,0.04323215438969722,78969.0,80680.0,63550.0,66402.9,22867.2,38209.200000000004,1.94639898267704,0.7003728531341056,1.1702651142235023,0.3598300550747443,0.0,0.0,0.0,0.3913237481408032,0.43604362915220624,0.04429846306395637,0.0,0.09429846306395637,0.0,0.0
48049,TX,48-30,0.29208807161867895,0.09252359061214614,20665.0,29830.0,5814.8,10703.9,1831.5,4207.099999999999,0.48168567621698727,0.1517175682725824,0.3485072243950758,0.3149721400564078,0.0,0.0,0.0,0.06288970834730137,0.04552463962453906,0.0,0.0,0.6677170633590346,0.0002011397921555481,0.03768018773047268
48051,TX,48-81,0.023099799432879174,0.017048205270074,28918.0,53045.0,77509.6,83382.0,34876.9,52890.8,3.610715293687888,1.6247091486270486,2.4638705457825525,0.4499687780610402,0.1624658308982939,0.0,0.019756810255443492,0.0,0.17460646620793666,0.052823074747855595,0.0,0.4938259967951739,0.01623150155528325,0.013950419455179565
48055,TX,48-81,0.010964472817840886,0.02089834244653746,34931.0,53779.0,44636.2,47791.6,15662.3,29921.3,2.050957665305172,0.7196561141250645,1.374832973929135,0.35088784439535625,0.32395544729355324,0.0,0.0,0.023801111958199297,0.14481489057066885,0.12077204856914409,0.0,0.31759608769222186,0.0004462708492162368,0.04457130106547165
48059,TX,48-30,0.2938151989776206,0.020388147531726453,33647.0,38364.0,3395.1,8111.5,673.4,2908.7999999999997,0.21868091977353066,0.04337419556875955,0.18735797456253012,0.19834467320550206,0.0,0.0,0.0,0.570639140861224,0.0,0.0,0.0,0.35118861432593057,0.0022416849129392137,0.003883849442185382
48065,TX,48-11,0.36977661463688194,0.09415085522011403,267475.0,205318.0,190338.9,201964.9,69012.3,108252.4,2.2907765754848888,0.8305804029567041,1.3028448843616327,0.36257591065200023,0.14761978978949727,0.0,0.008440565366894281,0.2913577961990668,0.4051227851430464,0.1657477668786955,0.0,0.0186880838504174,4.870493575818973e-05,0.0
48069,TX,48-11,0.12368593362514758,0.08572945828757624,193959.0,188310.0,278035.6,296943.0,102821.9,146123.6,3.6484569592401996,1.3492562701226025,1.9174726737483663,0.3698155919601663,0.23612128936328394,0.10692475173915353,0.0,0.1785991184748553,0.2585258350592109,0.05158515214274335,0.0,0.09292124688014444,0.0003186235462800701,0.0
48071,TX,48-90,0.20235571260306243,0.004778731280498065,29715.0,32115.0,20484.0,21544.7,5899.8,9849.800000000001,1.5761191449395657,0.45395370685971737,0.757882169196726,0.2880199179847686,0.0,0.0,0.018682858477347034,0.009341429238673517,0.0,0.0,0.557309668379262,0.3652810213295968,0.0,0.001650319165498988
48075,TX,48-21,0.22095863002412758,0.05322779968222209,67972.0,51820.0,25429.5,34806.0,13549.0,19577.2,1.2126141061403477,0.6460885398492133,0.9335452477921632,0.532806386283647,0.0,0.0,0.0,0.16750289463527596,0.7060208413739869,0.03618294094944037,0.0,0.0906599768429178,0.0,0.0
48077,TX,48-30,0.27912007641737374,0.055402595943136485,35594.0,43309.0,5765.0,9376.0,1994.4,4611.3,0.3289299046752888,0.11379320067378942,0.2631039842895333,0.345949696444059,0.0,0.0,0.0,0.3942367637211665,0.060426239349788725,0.012006742247569788,0.0,0.44732041838878756,0.002886236117204276,0.03269528273569004
48079,TX,48-12,0.09491112549004682,0.0900544285007422,262730.0,205484.0,310747.4,334417.3,128585.3,196837.4,3.736901890995397,1.5463062626564548,2.367073875046476,0.413793647187394,0.10142882170874618,0.0,0.0,0.04514220085262113,0.6038426349496798,0.15173930816997916,0.0,0.005878803215822156,0.0,0.0
48081,TX,48-70,0.2365386144913704,0.05487950369840133,12573.0,14499.0,3358.2,5600.5,2353.3,2893.9,0.5723355348941546,0.4010711733269055,0.4932052303109386,0.7007623131439462,0.0,0.0,0.0,0.34533416097661906,0.06869439271673909,0.0,0.0,0.5350713842333954,0.0,0.002758810952479481
48083,TX,48-22,0.1198752489164812,0.05733864355159892,68296.0,61453.0,39438.9,47105.4,28750.9,35429.4,1.585856578058905,1.1560871091768221,1.4246327115279627,0.7289985268351805,0.26207019999023645,0.0,0.0,0.3209770068182188,0.09656159992189153,0.02828177631686004,0.0,0.22976909182627372,0.0,0.004637690592810766
48085,TX,48-40,0.055305484675592764,0.08950944694515324,69758.0,95768.0,23836.899999999998,36437.5,9180.4,16988.1,0.6150516109237609,0.23687727048922028,0.4383354493048149,0.38513397295789303,0.2384930248099574,0.01043145936012029,0.008405730515412246,0.21374571882048282,0.008771197059560604,0.07415838275833264,0.0,0.3974500877119706,0.0008666778046946788,0.00880252276334475
48087,TX,48-21,0.09029521618941104,0.43199898710671253,94778.0,81736.0,41046.6,64235.6,22130.6,31002.0,1.24092636670869,0.6690552944965804,0.9372566600084492,0.5391579326911364,0.0,0.0,0.0,0.10206029167074483,0.7179333463834785,0.011671723597925027,0.0,0.09097582460604874,0.0,0.0
48089,TX,48-81,0.0698947425754708,0.007067089693487112,73439.0,71480.0,89427.3,98867.0,27042.0,47246.1,3.0914895187575038,0.9348382380575107,1.6332912091963963,0.3023908806371209,0.19199776161163962,0.0,0.019026301063234472,0.0,0.0,0.0,0.40471460548405147,0.27768606603245666,0.0,0.02221600447677672
48093,TX,48-30,0.15201495229038922,0.2789126799357314,30497.0,79666.0,16753.3,25632.2,8659.3,11154.699999999999,0.5196483553001106,0.2685913224887185,0.3459928198543656,0.5168713029671766,0.013305550674064219,0.058770366279215724,0.0,0.038950116737378554,0.07594205809253633,0.009803429317400145,0.0,0.5644063967062486,0.006263650741847212,0.12229809454472422
48095,TX,48-70,0.23133579358584377,0.005867547828235258,64763.0,60249.0,66425.2,75556.09999999999,42952.4,54656.9,2.724364617675439,1.7616506808296029,2.24169930194903,0.6466280869308636,0.009012597719464223,0.007618383707613405,0.0,0.3756244916928082,0.3927036133379807,0.09422563030091785,0.0,0.13243373333997244,0.0,0.00014938007269830206
48097,TX,48-40,0.3092502765722066,0.09298499418489206,35253.0,89881.0,23844.2,30014.2,2767.2,17581.4,0.6555367804963657,0.07607725899755675,0.4833567220799525,0.11605337985757541,0.03339971740412323,0.006875757946618306,0.010013239728084912,0.14619330003003972,0.0,0.05418275275085947,0.0,0.703296581034924,0.0010792047262491516,0.034467796308452286
48099,TX,48-40,0.0681515200780361,0.032450008128759554,30755.0,46919.0,23146.5,28752.7,3161.9,17811.2,1.2190423308531178,0.16652582230248517,0.9380514014339555,0.1366038061910008,0.035316183209360814,0.009356550651122147,0.10893241543937424,0.14058270636629083,0.0,0.10027920458662802,0.0,0.47884652273066347,0.0,0.019011487883373472
48107,TX,48-12,0.1170954942674229,0.10828363477033179,205405.0,193401.0,487557.0,501455.5,208840.8,321489.6,6.229438238271092,2.668325683419837,4.107621483121928,0.4283413016324245,0.012916168996023806,0.0,0.0,0.03487572453089694,0.918242408260557,0.03199052745332237,0.0,0.0048086617959576215,0.0,0.0
48111,TX,48-11,0.1588184196190635,0.04617174042137603,203761.0,193223.0,209985.9,229928.8,79049.9,106704.2,2.685428024729253,1.0109384335426566,1.3645985232166309,0.3764533713930316,0.434513489594924,0.026140780341884766,0.004078189449496178,0.2494164773344788,0.12168841183502999,0.07482028536975412,0.0,0.07633149262768925,0.002691191007281742,0.0
48113,TX,48-40,0.09823911028730306,0.11553907939450109,6474.0,18080.0,3312.1,5016.5,868.4,2745.2,0.4526757378082955,0.11868712016929557,0.3751956267719371,0.26219015126354883,0.0,0.0,0.07278761061946902,0.10951327433628319,0.0,0.0,0.0,0.6815265486725663,0.001327433628318584,0.02334070796460177
48115,TX,48-12,0.09890517721284098,0.08797824347714987,328729.0,293818.0,703599.3,719218.1,302780.0,466349.8,5.9173765197003085,2.546425590012468,3.9220723449937127,0.4303301609310867,0.0,0.0,0.0,0.011078286558345642,0.8847279608465104,0.012528163693170603,0.0,0.018759912598955816,0.0,0.0008610772655181098
48117,TX,48-11,0.2938893292450728,0.03195387449190575,354511.0,290800.0,240999.6,264136.9,92707.3,139128.6,2.0478782012185097,0.7877741654501699,1.182236099587093,0.3846782318310902,0.10962517193947731,0.06094566712517194,0.0024896836313617605,0.4207806052269601,0.13757909215955982,0.14134800550206328,0.0,0.09308459422283356,0.0,0.0
48121,TX,48-40,0.4157133676092545,0.03150706940874036,62240.0,104555.0,25604.0,34995.700000000004,4250.0,14732.7,0.605125167336359,0.10044453839945032,0.34819276491237217,0.1659896891110764,0.015073406341160155,0.0,0.03134235569795801,0.2991439912008034,0.03165797905408636,0.08938836019319975,0.0,0.49005786428195686,0.0003634450767538616,0.002199799148773373
48123,TX,48-81,0.39025695931477516,0.03158458244111349,9340.0,36907.0,38571.2,39986.5,7233.3,29788.199999999997,2.5824778740201935,0.4842949456109809,1.9944250478825736,0.18753111129547437,0.14647627821280515,0.0,0.0,0.0,0.0,0.0,0.0,0.7162868832470805,0.0,0.07936163871352318
48125,TX,48-21,0.04076718347344852,0.011237379071437624,47342.0,42204.0,17461.7,28286.300000000003,9225.3,13311.099999999999,1.0223865130236947,0.540143416654592,0.7793679374579623,0.5283162578672179,0.0,0.0,0.0,0.04037531987489337,0.8518386882759929,0.02544782485072505,0.0,0.07368969765898967,0.0,7.108330963889678e-05
48129,TX,48-21,0.24118957159701296,0.24004323332896632,30532.0,28137.0,11123.1,22948.0,6608.4,8668.0,0.9768553394453663,0.5803643611215181,0.7612430062044245,0.5941149499689834,0.05985001954721541,0.0,0.0,0.1043465898994207,0.5892241532501689,0.033443508547464196,0.0,0.15737285424885383,0.0,0.0033052564239257915
48131,TX,48-96,0.47564276048714477,0.12990527740189445,5912.0,9171.0,1492.4,5623.0,947.2,1233.6000000000001,0.4021154413930843,0.2552155897128983,0.33238381700784564,0.6346823907799517,0.0,0.0,0.0,0.013738959764474975,0.0,0.0,0.0,0.9151673754225276,0.03173045469414459,0.006433322429397013
48133,TX,48-30,0.194471231115397,0.15758598521375763,12444.0,36910.0,5707.3,9529.6,2378.9,4405.1,0.38209280510635407,0.15926279923387693,0.29491300891384725,0.4168170588544496,0.0,0.0,0.0,0.0759956651314007,0.0,0.0,0.0,0.7978867515578434,0.0014630181522622596,0.0531834191276077
48139,TX,48-40,0.017704966752108177,0.06657751030870389,134595.0,190064.0,74559.1,101792.0,36433.3,55530.50000000001,0.9693553143861294,0.47367541957486303,0.721961307010398,0.48864994346766527,0.34283714959171646,0.004114403569324018,0.044795437326374275,0.11246211802340264,0.12810421752672785,0.027311852849566463,0.0,0.3078121053960771,5.261385638521761e-05,0.0028358868591632294
48141,TX,48-60,0.04503233963915771,0.010309779701405437,20563.0,30318.0,5319.4,9232.0,4654.8,5095.400000000001,0.4335551046165444,0.37938720550608923,0.41529809378184396,0.8750610971162162,0.00019790223629527012,0.0,0.0,0.019790223629527013,0.49056666006992544,0.0,0.0,0.11867537436506366,0.006695692327989973,0.361171581238868
48143,TX,48-30,0.3372047437028325,0.16568656277565422,20406.0,83481.0,4361.4,12528.800000000001,1459.8,3657.9999999999995,0.12909828712292556,0.043210363539699814,0.10827751050022051,0.33470903838217086,0.0,0.03687066518129874,0.0,0.016782261832033636,0.0023358608545657094,0.017357242965465196,0.0,0.7565553838598005,0.00019166037781051976,0.017692648626633604
48145,TX,48-40,0.046052339469501206,0.034446013266909985,112611.0,134445.0,49075.4,78495.7,25049.8,37114.9,0.9019893218530795,0.46040688643506256,0.6821593605277768,0.5104349633421225,0.49549629960206776,0.013797463646844435,0.026025512291271525,0.13453084904607832,0.0347800215701588,0.018260255122912714,0.0,0.20284874855889026,0.0021272639369258805,0.002781806686749228
48147,TX,48-40,0.08003138052197742,0.10592031115334467,90502.0,158613.0,43046.1,67708.7,17086.8,35054.0,0.6706211320114838,0.266197615079039,0.5461111032481584,0.3969418832368089,0.15745241562797502,0.0,0.09165705207013297,0.21525347859254915,0.018693297522901654,0.0,0.0,0.4681898709437436,0.002786656831407262,0.006329872078581201
48149,TX,48-81,0.10228238092541202,0.05318004190972419,17657.0,64956.0,44405.6,47150.200000000004,12708.4,32251.3,1.6892762373419479,0.4834524955103953,1.2269027940932307,0.28618912929900736,0.17812057392696595,0.0,0.0,0.0,0.0,0.009791243303159062,0.0,0.7279697025678921,0.00015395036640187203,0.019998152595603176
48151,TX,48-22,0.07450060513805881,0.06733876501927707,160294.0,117465.0,261162.90000000002,269334.7,139757.7,194837.10000000003,5.493956329934122,2.9400144529411874,4.098692880386179,0.5351361161941455,0.021095645511428937,0.0,0.0,0.21830332439450048,0.651044992125314,0.0,0.0,0.09155067466905036,0.0,0.0
48153,TX,48-11,0.16513641871613233,0.11640253964867996,337527.0,283399.0,386913.0,396409.69999999995,133914.6,216472.6,3.3736281518144153,1.1676476740222395,1.88749940543859,0.34611036589620925,0.04239958503735017,0.010172936390036661,0.0,0.2534589042304313,0.6838168095159122,0.02735013179298445,0.0,0.013772102230424244,0.0,0.0
48157,TX,48-90,0.05146269977326771,0.009157772493502185,90415.0,103115.0,88715.0,96589.2,36267.8,49947.8,2.1259713831023204,0.8691236535882132,1.19695196357908,0.40881248943245224,0.17256461232604373,0.00043640595451680165,0.034747611889637785,0.0,0.40934878533675995,0.15430344760704068,0.07607040682732871,0.11731561848421665,0.001522571885758619,0.020821412985501626
48163,TX,48-96,0.07023204723328298,0.07589592201016065,58264.0,62213.0,30305.2,38388.9,14046.5,25419.4,1.2036998708370823,0.5579164709592108,1.009639550201158,0.4635013133059673,0.18650442833491393,0.0,0.015430858502242297,0.188063587996078,0.08867921495507369,0.03325671483452012,0.0,0.162522302412679,0.1850577853503287,0.0051918409335669395
48165,TX,48-12,0.16596761518358097,0.1663262788530073,437736.0,361120.0,697544.7,748624.2000000001,286194.0,436508.5,4.773123869735806,1.9583539417261278,2.986918459408511,0.4102876847892329,0.014122729286663712,0.00862040319007532,0.0,0.02871067789100576,0.6683069339831635,0.03861597252990696,0.0,0.06058097031457687,0.0024867080194949046,0.004474966770048737
48169,TX,48-21,0.20622968357815907,0.04180553841089577,48606.0,43321.0,25735.5,34131.899999999994,13637.4,19546.0,1.4679671625189248,0.7778848431985228,1.114914657131002,0.529906160750714,0.0,0.0,0.0,0.0,0.946446296253549,0.0,0.0,0.022506405669305878,0.0,0.0
48171,TX,48-70,0.10382710955230039,0.07133278316484423,19388.0,26625.0,3590.9,5913.3,2600.4,2858.3,0.33326975185368796,0.24134190947125514,0.2652774880178775,0.7241638586426801,0.08830046948356808,0.0,0.0,0.13228169014084507,0.0,0.05299530516431925,0.0,0.6307981220657277,0.009014084507042254,0.0603943661971831
48173,TX,48-12,0.022407214230811465,0.01573652135719776,145712.0,138004.0,257637.1,261529.0,112017.6,174624.7,4.613164392017205,2.0057499622501047,3.1267719129220395,0.43478831270806884,0.004543346569664647,0.0,0.0,0.02389785803310049,0.933690327816585,0.0069635662734413495,0.0,0.022897887017767602,0.0032172980493319035,0.008862061969218283
48175,TX,48-81,0.2954560708772401,0.04100946372239748,14899.0,20804.0,42078.4,44542.4,8592.1,30304.899999999998,4.997980716942881,1.0205509267948623,3.5995500263527678,0.20419264991064298,0.41809267448567583,0.0,0.0,0.0,0.0,0.0817150547971544,0.0,0.3897808113824265,0.0,0.0033647375504710633
48177,TX,48-81,0.07094958191903303,0.03088003973838894,12079.0,37638.0,43000.3,44610.1,7568.9,32987.1,2.8231057799836736,0.49692223863829843,2.165707510759214,0.17601970218812424,0.10731175939210373,0.0,0.0,0.0033742494287687975,0.0,0.006031138742759977,0.0,0.6506456241032998,0.0007173601147776184,0.032281205164992825
48179,TX,48-11,0.49898290676139295,0.029389440446913804,65874.0,69670.0,91540.9,96608.7,32596.3,52576.1,3.246770347975834,1.1561247518183093,1.8647677976971195,0.35608454799985584,0.0734462465910722,0.022506100186593943,0.0,0.24100760729151716,0.40455002153007036,0.053724702167360416,0.0,0.15371034878713938,5.741352088416822e-05,0.0003157743648629252
48181,TX,48-40,0.06039176534753229,0.02030006378435342,108177.0,158001.0,28863.5,43091.5,9584.9,20851.4,0.451410192212551,0.1499028721859123,0.3261050975072596,0.3320768444575329,0.20907462610996133,0.0,0.021189739305447434,0.33060550249681964,0.0,0.0454490794362061,0.0,0.38016847994632946,0.000455693318396719,0.007683495674078012
48185,TX,48-52,0.126425702811245,0.29847389558232934,6225.0,45233.0,68154.6,71283.0,5347.4,32261.6,3.723248166547005,0.2921255094416731,1.762433394809343,0.07845985450725261,0.0,0.0,0.0,0.019896977870139058,0.0,0.0,0.0,0.8584661640837442,0.0,0.008445161718214578
48187,TX,48-81,0.21802319856633648,0.029165599952736366,50779.0,78496.0,97283.8,106358.6,40075.0,59956.9,3.0624936951660495,1.2615608645404417,1.8874430093366141,0.41193908955036707,0.30884376273950265,0.0006114961271911944,0.0,0.04237158581328985,0.020714431308601712,0.21299174480228292,0.0,0.3748343864655524,0.0,0.03032001630656339
48189,TX,48-11,0.22300582668657307,0.11965620806441306,344278.0,291830.0,445906.80000000005,459894.9,143705.7,223927.4,3.7756902961588263,1.216819786091424,1.896092437307697,0.32227743555379734,0.11174999143336874,0.012836240276873523,0.0006510639756022342,0.07095569338313401,0.726155638556694,0.05267792893122709,0.0,0.018140698351780147,0.011784257958400438,0.00017475927766165232
48191,TX,48-21,0.21612726997479087,0.1747263524409428,151929.0,117915.0,40457.6,54087.3,21460.1,30707.999999999996,0.8478387551410752,0.44972278309150787,0.6435238989181794,0.5304343312504943,0.012390281134715684,0.0,0.0,0.04197939193486834,0.8907348513759912,0.0,0.0,0.029444939151083406,0.0,0.0
48193,TX,48-40,0.09360144514166191,0.11499334474234646,21036.0,42709.0,17911.4,21256.9,655.2,14429.5,1.0363163102884605,0.037908507793974755,0.8348608260274094,0.03658005516040064,0.0,0.016928516237795312,0.0,0.06897843545856845,0.017373387342246364,0.03125804865485027,0.0,0.6405207333348942,0.002458498208808448,0.07890608536842351
48195,TX,48-11,0.4400230348401958,0.04889144831557731,260475.0,226938.0,200206.1,217717.0,81669.3,128612.70000000001,2.1799788802471802,0.8892703527243726,1.4004217140814716,0.4079261321208495,0.24852162264583277,0.01293304779278922,0.01735716363059514,0.4139544721465775,0.27412332883871365,0.03376252544747905,0.0,0.033070706536587086,0.0,0.0
48197,TX,48-21,0.41567620789085025,,56876.0,51053.0,9005.8,16055.4,4837.4,7281.5,0.4358963517162552,0.23413855646274764,0.3524372387818864,0.5371427302405116,0.0,0.0,0.0,0.7027207020155525,0.0711613421346444,0.0,0.0,0.18651205609856425,0.0,0.0
48201,TX,48-90,0.131285405594814,0.11230508672545698,17123.0,32359.0,12941.8,13571.699999999999,2340.2,6182.099999999999,0.9882840711615812,0.17870639194952265,0.4720881914670302,0.18082492389003074,0.15182793040576037,0.0,0.016780493834790938,0.014586359281807225,0.0,0.0,0.0,0.4392904601501901,0.00822027874779814,0.004913625266540993
48205,TX,48-11,0.12457812539295325,0.15909262379599126,198815.0,201178.0,201352.7,221878.4,72547.8,90005.8,2.473199641260163,0.891099016473154,1.1055342802521841,0.3603020967685062,0.3337094513316565,0.10674129377963794,0.006536500014912168,0.20091660121882116,0.12569962918410563,0.04459732177474674,0.0,0.07551024465895874,0.0782441420035988,1.4912167334400382e-05
48207,TX,48-22,0.11223882481310814,0.005938156601408565,221786.0,171959.0,292504.4,307757.2,179072.5,230155.80000000002,4.203293304963644,2.573274933139816,3.3073428407865024,0.6122044659841014,0.0,0.0,0.0,0.4733046830930629,0.49887473176745617,0.03353706406759751,0.0,0.03624119702952448,8.141475584296256e-05,0.0
48209,TX,48-81,0.0267515923566879,0.050773430391264786,10990.0,15760.0,27871.4,29763.3,8482.2,19303.0,4.370033584406062,1.32994750423908,3.0265705447085613,0.3043334744576878,0.3369289340101523,0.0,0.0,0.012563451776649746,0.14771573604060914,0.15133248730964466,0.0,0.28572335025380713,0.00450507614213198,0.013705583756345178
48215,TX,48-97,0.008190211824780679,0.020733445158608813,269468.0,285995.0,104676.1,159888.30000000002,69926.8,77035.09999999999,0.9044223717545814,0.6041814922910603,0.6655986213696473,0.6680302380390557,0.14516337698211507,0.0,0.010891798807671462,0.0,0.21422402489554013,0.2937533872969807,0.0,0.042329411353345336,0.07840696515673351,0.07813772968058882
48217,TX,48-40,0.03265982636148382,0.009508024204156801,190050.0,222565.0,78105.9,121248.4,41860.6,58831.399999999994,0.8671798447346291,0.46476218324734,0.6531824653133868,0.5359467082512333,0.46275020780446163,0.0727383011704446,0.0015815604430166469,0.1749107002448723,0.09296160672163188,0.016116640082672478,0.0,0.20140183766540112,0.00018870891649630446,0.0005167029856446431
48219,TX,48-12,0.12551623553899205,0.0370040565944395,272889.0,245331.0,624274.8,651785.4,262893.9,403729.5,6.28789931131159,2.6479530693182203,4.066495147659608,0.4211188726503136,0.05053580672642267,0.0,0.0012513705972747023,0.006020437694380245,0.6215887922847092,0.295372374465518,0.0,0.009640037337311632,5.706576013630564e-05,0.001039412059625567
48223,TX,48-51,0.4796207497820401,0.17218831734960768,9176.0,105066.0,66657.1,67887.9,570.2,57068.4,1.567712497191764,0.013410569405190803,1.3421952631413376,0.008554227531650792,0.0,0.0,0.0,0.0,0.0068052462261816386,0.0,0.0,0.8686159176136904,6.662478822835171e-05,0.000647212228503988
48227,TX,48-12,0.046179733266857786,0.016639660974697743,96276.0,76613.0,297680.0,302073.8,127983.8,196484.80000000002,9.601285676731859,4.127952921908475,6.337364606072037,0.42993751679656006,0.0,0.0,0.0,0.0,0.9196611541122264,0.0,0.0,0.0481772023024813,0.0,0.0004046310678344406
48231,TX,48-40,0.15403767049144837,0.06242332395179332,55428.0,120810.0,31502.6,43988.9,9279.6,22260.3,0.6443557644406526,0.18980540500477674,0.4553132955114263,0.29456616279291237,0.06849598543166957,0.0149573710785531,0.11135667577187319,0.16895952321827662,0.046030957702176974,0.003004718152470822,0.0,0.5700852578428938,0.0023011340120850923,0.005330684545981293
48233,TX,48-11,0.3208436688570724,0.08504866762406255,68937.0,53059.0,68172.1,73003.0,25102.2,38262.8,3.1748982785046356,1.1690549589447745,1.7819679583109096,0.3682180833508136,0.17629431387700484,0.0,0.0,0.29504890781959703,0.4286548936090013,0.053958800580485876,0.0,0.0379765920955917,0.0,0.0
48239,TX,48-90,0.030668698720223805,0.000647195139773273,143697.0,150676.0,124744.1,136140.2,47203.8,59240.7,2.0457762627278546,0.7741321116634222,0.9715346685525168,0.3784050708610668,0.59160052032175,0.0,0.01600785792030582,0.0,0.2620722610103799,0.042010671905280204,0.013804454591308503,0.06932756377923492,0.0,0.0018582919642146061
48245,TX,48-90,0.04589021202439733,0.012319682447477975,41316.0,38047.0,23234.3,24591.7,5708.3,12039.4,1.5090074288702289,0.3707392564536022,0.7819277550492262,0.24568418243717263,0.0,0.0,0.0,0.0,0.0,0.0,0.5440113543774805,0.28872184403500933,0.0006307987489158147,0.007254185612531869
48249,TX,48-96,0.1945767879992377,0.007659288702549164,110193.0,114192.0,142464.6,175894.4,67204.7,94995.5,3.0828577596125055,1.4542737696061376,2.0556518201944187,0.47172911726843014,0.14683165195460277,0.0,0.0,0.0,0.22984972677595628,0.4518617766568586,0.0,0.08482205408434916,0.0,0.00020141516043155387
48251,TX,48-40,0.14373626373626375,0.027673992673992676,54600.0,105382.0,22717.0,31748.300000000003,5661.2,17257.4,0.5326804341148959,0.1327468624207091,0.4046607969227629,0.24920544085926838,0.20727448710405952,0.011861608244292193,0.03848854643107931,0.1501774496593346,0.03448406748780627,0.024529805849196257,0.0,0.504089882522632,0.0006262929152986279,0.0029321895579890304
48253,TX,48-22,0.05236647528654054,0.007987118916972099,188804.0,163775.0,249894.1,260570.5,152836.5,197755.0,3.7704275320954945,2.3060126169810053,2.983747501879974,0.6116050759101556,0.0,0.0,0.0,0.40943367424820637,0.48722332468325447,0.011308197221798199,0.0,0.07761868417035567,0.00013433063654403907,0.00041520378568157536
48255,TX,48-81,0.14641691596410117,0.03042561871090563,29416.0,53294.0,53988.200000000004,57937.7,16743.8,37044.3,2.50324140723639,0.7763506372593393,1.7176128424745964,0.31013814129754275,0.25505685443014225,0.0,0.0,0.04405749240064548,0.07871430179757571,0.0907419221675986,0.0,0.4847449994370848,0.0,0.0007130258565692198
48257,TX,48-40,0.21178940435516405,0.06386613427736385,48586.0,98770.0,22583.9,30251.9,5965.1,19819.5,0.5650099447723314,0.14923643930239833,0.4958494591463485,0.26413064174035483,0.10183254024501366,0.0,0.14502379264958995,0.10269312544294826,0.0,0.0,0.0,0.6024906348081401,0.0003239850156930242,0.003057608585602916
48263,TX,48-21,0.1405320813771518,,12780.0,8274.0,2687.0,5729.9,1425.4,2078.0,0.8024802513926436,0.4256997954354575,0.6206006558965067,0.5304800893189431,0.0,0.0,0.0,0.5606719845298526,0.2469180565627266,0.0,0.0,0.1692047377326565,0.0,0.0
48273,TX,48-82,0.0055319781363013356,0.00653929355813531,60557.0,62862.0,100703.5,130126.9,41918.8,43601.50000000001,3.958572234828463,1.6477937489494148,1.7139393099234215,0.416259613618196,0.10120581591422481,0.0,0.0,0.0,0.4601826222519169,0.3922083293563679,0.0,0.04256943781616875,0.0,0.0
48275,TX,48-22,0.30401549508692366,,105840.0,84359.0,114617.20000000001,119331.70000000001,88419.6,101668.6,3.3573805911282006,2.589997390577671,2.9780886670340623,0.7714339558111697,0.0,0.0,0.0,0.7352386822982728,0.19591270640951172,0.0,0.0,0.06422551239346128,0.0,0.0
48277,TX,48-40,0.0624602491675708,0.07970743387332112,53458.0,132573.0,41351.6,63123.0,15976.4,32860.8,0.7707604785497526,0.29778721281648757,0.6124988134323149,0.38635506244014745,0.10910969805314807,0.046517767569565445,0.07202069803051904,0.0955850738838225,0.04229367970853794,0.0,0.0,0.5898787837644166,0.00029417754746441583,0.011850075052989673
48279,TX,48-12,0.050888745853344554,0.18706078460497433,302955.0,272704.0,331729.7,369055.8,139927.2,219183.4,3.005903619400094,1.2679228809856966,1.9860873939608619,0.4218108900107527,0.12850196550105608,0.04349771180474067,0.0006600563248063835,0.04895051044355785,0.5753894332316357,0.13236329500117344,0.0,0.05377992255339122,0.006967261206289603,0.0
48281,TX,48-70,0.11422769386978043,0.12552354359690315,7879.0,17210.0,697.8,2372.8,525.9,603.7,0.10019182753503078,0.07551000587657307,0.08668071980925493,0.7536543422184007,0.0,0.0,0.0,0.1302730970366066,0.0,0.0,0.0,0.7699012202208019,0.0012783265543288786,0.06868099941894247
48285,TX,48-81,0.060697808535178775,0.14864475201845445,6936.0,52109.0,34770.7,36610.6,4537.5,25696.4,1.648856644222757,0.21517217148808512,1.218545495851555,0.13049780418570808,0.06039263850774339,0.0,0.0,0.0,0.0,0.0,0.032336064787272835,0.8372450056612102,0.000441382486710549,0.02711623711834808
48289,TX,48-52,0.14360629286002422,0.5789969073551163,7437.0,50032.0,63115.1,67032.8,660.8,36795.9,3.117221150831126,0.03263655981641807,1.8173298900558985,0.01046976080209015,0.0,0.0,0.0,0.0,0.0,0.0,0.0,0.8643268308282699,0.001479053405820275,0.0033978253917492803
48291,TX,48-90,0.18677064631956913,0.023058797127468583,17824.0,45147.0,23226.3,24740.600000000002,9095.0,13465.300000000001,1.2712569432234306,0.4978012812465654,0.7370031437459459,0.3915819566611987,0.0,0.0,0.16590249628989745,0.0,0.0,0.0,0.0,0.6279708507763528,0.000775245309765876,0.0038762265488293795
48293,TX,48-40,0.05849638505485616,0.07801203296425502,19779.0,51347.0,26030.199999999997,33629.6,6063.2,21559.0,1.2526929520062724,0.29178907217787153,1.0375182423609204,0.23292944349255867,0.13854752955382008,0.0,0.0,0.0,0.09128089274933297,0.012405788069410091,0.0,0.6606812472004207,0.0013048474107542798,0.004576703604884414
48297,TX,48-96,0.019461727680509334,0.04941397771668355,13822.0,27095.0,21234.000000000004,26682.7,8914.2,15617.1,1.936532817890308,0.8129716890476492,1.4242736493489085,0.41980785532636333,0.1739804391954235,0.0,0.0,0.0,0.0625945746447684,0.19457464476840747,0.0,0.5410592360214062,0.0003690717844620779,0.003284738881712493
48303,TX,48-12,0.19250187011596098,0.13329027236065222,362277.0,325991.0,615849.7999999999,632254.8,262843.6,402990.89999999997,4.66822089430314,1.9923883801762325,3.0547229853675804,0.42679822255361616,0.05517330233043243,0.0008497167099705207,0.0,0.006702639029911869,0.8107739170713302,0.07164001460163011,0.0,0.027773772895570738,0.000677932826366372,0.003779245439291269
48305,TX,48-12,0.0484727994732727,0.04048958890580635,388816.0,339939.0,764333.3,781985.3,327387.6,502114.1,5.556022452985899,2.379816313680388,3.6499223749126286,0.42833093887182455,0.03014658512262494,0.0,0.0,0.017338404831455056,0.8760895337104598,0.06537643518395947,0.0,0.0059893098467666255,0.0,0.0
48307,TX,48-70,0.40243802667103,0.008467642968174753,48892.0,48769.0,21867.5,26970.9,15518.7,18368.4,1.1079942031276504,0.7863098040506262,0.9306999300665342,0.7096696010060592,0.018454345998482644,0.0,0.0,0.570075252722016,0.11349422789066825,0.020771391662736574,0.0,0.2150751501978716,0.0,0.0
48309,TX,48-40,0.0334904445628934,0.011822270666514945,166973.0,222963.0,54967.4,84346.8,26249.9,41576.6,0.6091925720975347,0.2909223302958313,0.46078504519170205,0.4775539683521506,0.39608365513560545,0.0635621156873562,0.0,0.1605468171849141,0.05071693509685463,0.02351511237290492,0.0,0.28110045164444325,0.0007669433941954495,0.0031754147549144926
48313,TX,48-52,0.3047383090740167,0.1876742025394859,6458.0,26744.0,34101.700000000004,35923.2,208.0,19316.5,3.150880043067168,0.019218486144619504,1.784778305829532,0.006099402669075148,0.10278941070894407,0.0,0.0,0.0,0.0,0.0,0.0,0.7115240801675142,0.0,0.0605369428656895
48317,TX,48-12,0.19224387488526443,0.062376438607639625,226608.0,170206.0,335864.6,342143.9,144284.6,221067.7,4.876088393142246,2.094726456343335,3.2094649036208405,0.42959156755430616,0.0,0.0,0.0,0.0,0.8742935031667509,0.032725050820770124,0.0,0.052753721960447926,0.0,0.0
48321,TX,48-90,0.04672270371499499,0.015156134314707548,114805.0,114811.0,118800.40000000001,129155.1,45195.4,64048.6,2.5569168599221186,0.9727314070569132,1.3785049982525965,0.3804313790189258,0.28676694741793035,0.0,0.02922193866441369,0.0,0.22568395014414996,0.12630322878469832,0.10614836557472716,0.13588419228122742,0.0,0.01556471069845224
48325,TX,48-81,0.1479029004660221,0.08637406969465118,71885.0,86218.0,140360.1,150542.7,51871.3,92451.8,4.0227952461515555,1.486659093657679,2.649717843875534,0.3695587278720947,0.2848593101208564,0.0037695144865341344,0.0,0.10755294718040316,0.18020598946855645,0.06890672481384398,0.0,0.2784453362406922,0.03515507202672296,0.00771300656475446
48331,TX,48-40,0.03642642174554262,0.017733600316542968,83401.0,119711.0,47802.1,65869.9,18524.3,35865.2,0.9867227034634732,0.382375405594491,0.7403232724976133,0.3875206319387642,0.3821871006006131,0.0,0.008754416887337003,0.06677748911962977,0.11254604839989642,0.08413596077219303,0.0,0.31413988689427036,0.0008938192814361253,0.015971798748653006
48333,TX,48-30,0.03452984783456887,0.08174014826375342,10252.0,17119.0,4160.1,5762.3,1895.7,3858.5,0.6004924922259213,0.27363611872615534,0.5569578330457722,0.4556861613903512,0.0,0.0,0.0,0.07436182019977802,0.0,0.0,0.0,0.5837957824639289,0.0,0.20188095099012793
48335,TX,48-22,0.22017023471756514,0.05083311839050812,96925.0,51234.0,155245.5,160510.0,82334.8,115355.6,7.4876055936606205,3.971068462744031,5.563686134671067,0.5303522485353843,0.0,0.0,0.0,0.11242534254596558,0.7663075301557559,0.008685638443221299,0.0,0.11529453097552407,0.0,0.00046843892727485657
48337,TX,48-30,0.2665976892567684,0.2890153474737024,11598.0,41707.0,3472.6,5608.8,1161.1,3001.0,0.205744394869657,0.06879278260760201,0.17780306657946227,0.3343604215861314,0.0,0.0,0.0,0.13522909823291054,0.0,0.0,0.0,0.7915937372623301,0.001510537799410171,0.0440933176684969
48341,TX,48-11,0.29989416520637785,0.03819884217892442,172911.0,146514.0,193206.9,207235.19999999998,69374.2,99352.3,3.258559914178063,1.170040962295714,1.6756410985394061,0.3590668863275587,0.3175805725050166,0.0,0.0,0.2732435125653521,0.2310086408124821,0.1424642013732476,0.0,0.03873349987031956,0.0,0.0
48349,TX,48-40,0.031181084777935963,0.017684169388381767,71646.0,128554.0,48065.8,60055.3,17923.9,37372.4,0.9239166299395177,0.3445316479362233,0.7183690245611565,0.3729033949294509,0.20323754997899715,0.008284456337414627,0.0,0.05104469717006083,0.20887720335423246,0.04521835182102463,0.0,0.44508922320581235,0.00042783577329371313,0.007872178228604322
48353,TX,48-22,0.013754677412722563,0.009837986759323986,97276.0,82492.0,178860.7,184363.40000000002,97758.6,134714.80000000002,5.357785179530649,2.928365919688701,4.03539155836601,0.5465627720343261,0.0,0.0,0.0,0.18515734859137856,0.7372957377685109,0.019274596324492074,0.0,0.07016437957620132,0.0,0.000254570140134801
48355,TX,48-82,0.08152380317819902,,300170.0,302455.0,346036.4,425108.0,143074.6,148836.4,2.827113343258489,1.168917809633238,1.2159916482848558,0.4134669069496735,0.0820617943165099,0.0,0.0,0.00995850622406639,0.4241721909044321,0.4710022978624919,0.0,0.014501330776479146,4.6287877535501146e-05,0.0
48357,TX,48-11,0.33036435982240825,0.017438977246547152,256093.0,199320.0,193929.59999999998,212652.7,74358.4,117919.0,2.4042267602736698,0.9218523378129675,1.4618914046370997,0.383429863208092,0.11467489464178206,0.0,0.0140226771021473,0.4490166566325507,0.2213275135460566,0.20590006020469598,0.0,0.024167168372466387,0.0,0.0
48359,TX,48-11,0.34140825635325234,0.011307447583272644,52178.0,35678.0,27793.0,30879.0,10672.6,18655.2,1.9249397015294936,0.7391829402563117,1.2920568171832119,0.38400316626488684,0.0,0.0,0.0,0.6368350243847749,0.03254106171870621,0.1771680026907338,0.0,0.09078423678457313,0.0,0.0
48363,TX,48-30,0.08729192042224929,0.1354716470429016,7389.0,24915.0,4063.5,5801.8,1260.7,3711.8,0.4030153391899765,0.1250354222017481,0.3681339574271822,0.3102497846683893,0.0,0.0,0.0,0.07385109371864339,0.0,0.0,0.0,0.819466185029099,0.0008830022075055188,0.062452337949026694
48367,TX,48-30,0.25385005923168047,0.4327297343036047,5909.0,54874.0,3342.8,4829.1,1228.6,3002.6,0.1505310108919416,0.05532559530388879,0.1352113238315615,0.36753619719995206,0.00038269490104603275,0.0,0.0,0.003990961110908627,0.0,0.0,0.0,0.9280715821700624,0.0022961694062761965,0.02478405073440974
48369,TX,48-11,0.2308031033759698,0.11343258544768295,238450.0,214242.0,237544.5,259101.7,85864.7,121910.4,2.7398233907416407,0.990358073956727,1.40610692099657,0.3614678512868115,0.11493544683115356,0.11880490286685151,0.0,0.2524575013302714,0.24372905406036166,0.10461534152967206,0.0,0.11982711139739173,0.00267454560730389,0.0
48375,TX,48-11,0.4198191714272862,0.03778507489541631,22231.0,15971.0,10078.0,11598.9,4246.3,7243.099999999999,1.5592812187252474,0.6569930382092695,1.1206618173594798,0.4213435205397897,0.0,0.0,0.0,0.7061549057667021,0.0,0.07620061361217206,0.0,0.1274810594201991,0.0,0.0012522697389017595
48381,TX,48-11,0.21532377063244226,0.0056707045056792835,116564.0,99305.0,62020.1,68299.5,25587.9,44445.700000000004,1.5432758138192177,0.6367159549311394,1.105963612413795,0.4125743105864067,0.04146820401792457,0.02713861336287196,0.0,0.5633452494839132,0.08116409042847793,0.12500881123810484,0.0,0.1252706308846483,9.062987764966517e-05,0.00042293942903177083
48387,TX,48-51,0.17090095131505317,0.08752098489087856,17870.0,66479.0,75547.3,78717.7,3639.9,62919.0,2.80812653399034,0.13529669188801505,2.3387270411005847,0.04818041147731289,0.00728049459227726,0.0,0.0376058604972999,0.13562177529746236,0.0,0.0,0.0,0.7528392424675462,0.00031588922817731913,0.046691436393447555
48395,TX,48-52,0.18235745218332733,0.08318296643810899,44336.0,82635.0,149474.1,156627.5,27251.7,61986.4,4.469759121432955,0.8149139860989594,1.853593878837817,0.18231720411763644,0.23710292249047013,0.0,0.050729109941308165,0.0,0.1489562534035215,0.045331881164155624,0.0,0.45049918315483756,0.0004840563925697344,0.016736249773098566
48399,TX,48-22,0.20180148666375164,0.011088762571053783,171525.0,150214.0,220292.9,231188.90000000002,136535.3,175152.0,3.623867355173826,2.246036147778094,2.8812894786595753,0.6197898343523554,0.005106048703849175,0.0,0.0,0.36628410134874245,0.4608225598146644,0.04731250083214614,0.0,0.08830069101415314,0.0,0.0005592022048544077
48411,TX,48-70,0.2575880816815788,0.034162421336529816,23359.0,41361.0,4803.400000000001,7346.8,3964.3,4433.1,0.28697226598471565,0.23684143607511515,0.26484922187135007,0.8253112378731731,0.0,0.0,0.0,0.3639660549793284,0.0,0.0,0.0,0.33524334518024224,0.001305577718140277,0.24230555354077513
48413,TX,48-70,0.4987037037037037,0.14364197530864198,16200.0,13735.0,27909.8,31190.8,17830.3,23569.199999999997,5.021231726008221,3.2078362454852556,4.240317551420396,0.6388544525578829,0.0,0.0,0.0,0.04892610120131052,0.7233345467783036,0.07659264652348016,0.0,0.11037495449581361,0.0,0.005096468875136513
48415,TX,48-22,0.04903421608329601,0.02885010923916521,109393.0,79013.0,227676.4,235733.4,120842.4,169240.8,7.1203553431803535,3.779227133434724,5.292839462342682,0.5307638385006087,0.0,0.0,0.0,0.033690658499234305,0.8504170199840533,0.0,0.0,0.06050903015959399,0.0,0.0003670282105476314
48417,TX,48-30,0.08617678667383127,0.0872514777001612,14888.0,12211.0,2819.6,4598.7,391.8,2474.4,0.5705825350788791,0.07928579842669346,0.5007268494819048,0.1389558802667045,0.0,0.0,0.0,0.4695766112521497,0.0,0.0,0.0,0.38866595692408484,0.0,0.0
48421,TX,48-11,0.33376566107234573,0.028948665404269668,269857.0,242778.0,263091.1,284862.2,98582.8,136012.4,2.6778055106358956,1.0033998303018095,1.384367446237496,0.3747097488284477,0.43491584904727776,0.043710715138933515,0.004250797024442083,0.21884602393956618,0.16858611571064924,0.09954773496774831,0.0,0.030398141511998617,0.0,0.0
48427,TX,48-97,0.2921314889186375,0.0007734642272794883,33615.0,40229.0,29696.800000000003,44017.1,17760.4,19274.4,1.8241167049526752,1.090927046908808,1.1839240260883275,0.5980577031868753,0.15702602600114346,0.0,0.0,0.0004971537945263367,0.13423152452211093,0.40174998135673273,0.0,0.25769966939272665,0.0,0.0007705883815158219
48429,TX,48-30,0.11616090331686663,0.16767819336626677,7085.0,7959.0,2501.3,3432.9,88.5,2228.4,0.7765858658924748,0.027476851689714955,0.6918578113600091,0.03538160156718506,0.0,0.0,0.0,0.18921975122502827,0.0,0.03769317753486619,0.0,0.7395401432340747,0.0,0.0005025757004648825
48433,TX,48-22,0.13829393985518276,0.0013916371306181912,45989.0,32801.0,32024.7,34001.5,19488.3,25473.199999999997,2.412571479488897,1.468145424117118,1.919016128529434,0.608539658451133,0.0,0.0,0.0,0.1344776073900186,0.7026310173470321,0.0,0.0,0.1303313923355995,0.0,0.0
48437,TX,48-11,0.30312014155722283,0.019412761626414053,214189.0,189546.0,258441.80000000002,269956.0,94307.3,153236.3,3.3692275002406205,1.229455717432096,1.9976952489694844,0.3649073021469437,0.03261477425005012,0.0031127008747217034,0.0,0.3557817099806907,0.5296761735937451,0.0950639950196786,0.0,0.047228641068658796,0.0019362054593607884,0.0
48439,TX,48-40,0.13164815897136178,0.023232028053769727,6844.0,19632.0,6790.7,8513.6,483.7,4409.9,0.8547364068505907,0.06088267777896693,0.5550682669784293,0.07122977012679105,0.0,0.0,0.0,0.16829665851670741,0.0,0.0,0.0,0.6764466177669112,0.0008149959250203749,0.01115525672371638
48441,TX,48-22,0.0223234678912317,0.05008054239896136,83186.0,73715.0,78177.6,83429.9,53128.5,65206.7,2.62064785595706,1.7809588630914053,2.1858409384406174,0.6795872474980045,0.0,0.0,0.0,0.42662958692260733,0.24533676999253884,0.04198602726717764,0.0,0.2746388116394221,0.0,0.0004883673607813878
48445,TX,48-12,0.07924344590600292,0.06953836037796092,316329.0,269179.0,591629.6,614950.5,251090.8,387622.9,5.431139055991235,2.3050047706877477,3.5583646781475857,0.4244054050034008,0.014848855222732828,0.0,0.0003232050048480751,0.03945330059179951,0.77912467168687,0.033743345506150185,0.0,0.010275690154135353,0.015915060238725902,0.005256725078850876
48447,TX,48-30,0.28303043624122254,,86443.0,55675.0,4391.9,9900.0,1682.3,3584.8999999999996,0.19492808708857537,0.07466643614588456,0.15911056704474916,0.38304606206880853,0.0,0.0,0.0,0.817817691962281,0.04815446789402784,0.0,0.0,0.11597665020206556,0.00012572968118545127,0.0
48451,TX,48-70,0.08619788945773692,0.017375404868874726,95710.0,92756.0,224043.5,252887.7,141665.0,183495.5,5.968600902662778,3.774007489062269,4.888387330739601,0.6323102433232832,0.02886066669541593,0.0,0.0,0.1937772219586873,0.5862370089266462,0.132131614127388,0.0,0.054336107637241796,0.0,0.005530639527362111
48453,TX,48-81,0.13948743646646145,0.05848664900851886,27938.0,42351.0,57239.9,62324.2,23734.9,36494.7,3.339776469184293,1.3848602202037787,2.1293562761280156,0.4146565594978328,0.3501216027956837,0.0,0.0,0.04155746027248471,0.04106160421241529,0.13484923614554556,0.0,0.3838634270737409,0.005123845954050672,0.027460980850511203
48463,TX,48-70,0.06236406409516623,0.029828221403524348,67587.0,50121.0,53379.700000000004,71449.1,36826.0,41922.5,2.6317134795999375,1.815586835440201,2.066853285959426,0.689887728855726,0.30256778595798167,0.0,0.0,0.17214341294068355,0.21589752798228287,0.12677320883462023,0.0,0.06913269886873766,0.04497116976915864,0.009038127730891243
48467,TX,48-51,0.40407796870992563,0.24749935880995128,7798.0,76390.0,56920.299999999996,58466.2,114.7,49878.1,1.84125048366612,0.003710300727095676,1.613450311213172,0.0020150983041199713,0.0,0.0,0.0,0.0,0.0,0.0,0.0,0.8935593664092158,0.013954706113365623,0.004935200942531745
48469,TX,48-90,0.015019567201348822,0.007347368095407508,64649.0,72273.0,90314.5,97981.8,33934.7,47938.299999999996,3.08790267105507,1.1602461484197164,1.6390369720901876,0.37573922238400254,0.3462288821551617,0.0,0.0905317338425138,0.0,0.19095651211379078,0.14579441838584256,0.07597581392774619,0.12235551312384985,0.0005396206052052634,0.005963499508806885
48473,TX,48-52,0.008544761403970027,0.0562639673984488,22821.0,49002.0,88471.4,91511.40000000001,14677.1,34841.9,4.461401380746535,0.740131095533189,1.7569937942412206,0.16589654961942504,0.08977184604710012,0.0,0.029529406962981102,0.0,0.0,0.034121056283417,0.1495857311946451,0.5503856985429166,0.03899840822823558,0.018876780539569815
48481,TX,48-90,0.05396621252561565,0.003056445458524926,258143.0,247197.0,238813.40000000002,259590.1,101420.3,128890.5,2.387248886777378,1.0138271063165958,1.288427293615767,0.4246842932599259,0.28114823399960354,0.0,0.05377492445296666,0.002584982827461498,0.3262296872534861,0.07436578922883369,0.12285343268728989,0.09640893700166264,0.0013228315877619873,0.004894881410373103
48483,TX,48-21,0.33605203734286004,0.05031849280442183,29671.0,42452.0,6647.0,12513.4,3781.6,5225.9,0.3869097970913616,0.22012006750123256,0.30419014722728244,0.5689183090115841,0.02266088759069066,0.0,0.0,0.13280881937246772,0.31195232262319794,0.0,0.0,0.49262696692735325,0.0,0.0011542447941204183
48485,TX,48-21,0.38442793731316244,0.038146571247395594,110390.0,94893.0,5985.8,12436.2,3545.3,5272.6,0.15587276115057574,0.09232110997813762,0.13730073180569444,0.592285074676735,0.007260809543380439,0.0,0.0008009020686457378,0.5880939584584742,0.2137354704772744,0.05021445206706501,0.0,0.11838597156797656,0.0,0.0
48487,TX,48-21,0.12920834457122085,0.05395358654736916,170554.0,147126.0,17551.0,33374.2,9432.1,13640.9,0.2947777109504927,0.1584167766768926,0.2291056508064826,0.5374109737336904,0.0012982069790519692,0.0,0.0,0.43567418403273384,0.3405244484319563,0.01532020173184889,0.0,0.09726357000122345,6.117205660454305e-05,0.0015700827861832715
48491,TX,48-40,0.0271058184933673,0.00826284708845329,173911.0,192774.0,72354.1,110436.5,35831.9,53323.600000000006,0.9274636352004644,0.4593075476046211,0.6835231161465001,0.49522971054853837,0.5624358056584394,0.0,0.0,0.07114029900297758,0.14111861558093933,0.04653117121603536,0.0,0.16133918474483072,0.0003268075570356998,0.007781132310373805
48493,TX,48-81,0.06838655403273862,0.033649970205755546,28529.0,53513.0,43460.8,46740.5,12318.9,29071.4,2.0068763782385926,0.5688461651852565,1.342421353088885,0.283448532930825,0.13080933604918432,0.01726683235849233,0.0,0.054715676564573094,0.05553790667688225,0.11920467923682096,0.0,0.5254984770055874,0.013641545045129221,0.00239194214489937
48497,TX,48-30,0.3859026760237526,0.24917097246857406,12967.0,69072.0,3620.3,7680.900000000001,1449.9,3142.6000000000004,0.12951639050926264,0.05187023578139378,0.11242665215987868,0.4004916719608872,0.0002316423442205235,0.0,0.0,0.0625,0.0,0.013087792448459578,0.0,0.8369093120222376,0.006645239749826269,0.033342019921241604
48501,TX,48-12,0.10676879858002918,0.09843595452841522,221413.0,169756.0,280869.0,301538.6,116249.5,180779.0,4.08847059233849,1.6921862580920404,2.631510153175893,0.4138922415788143,0.043432927260303025,0.003858479229011051,0.0,0.022532340535827894,0.5775937227550131,0.11113598341148472,0.0,0.013978887344188128,0.011940667781992978,0.002285633497490516
48503,TX,48-30,0.216099780074112,0.017413310035248396,33193.0,30912.0,3956.4,8961.5,1354.3,3405.4,0.3162680289973774,0.10826048722857855,0.2722220063561998,0.34230613689212414,0.0,0.0,0.0,0.6045225155279503,0.025135869565217392,0.0,0.0,0.34970238095238093,0.0005499482401656315,0.005305383022774327
49001,UT,49-70,0.06033697632058288,0.13239981785063754,8784.0,37496.0,4324.0,21806.1,1657.3,2047.6999999999998,0.2849593741903198,0.10921904968677543,0.13494711159332048,0.38327937095282144,0.0570727544271389,0.07206101984211649,0.0,0.0,0.0,0.0,0.0,0.8496372946447621,0.00010667804565820355,0.0
49003,UT,49-10,0.19753618259456598,0.02879492121074708,132315.0,154321.0,42125.899999999994,49553.299999999996,20101.6,24892.399999999998,0.674537917013735,0.3218754113892711,0.3985877487596158,0.47717912258254425,0.06657551467395882,0.04248287660136987,0.0,0.3858645291308377,0.0,0.0,0.0,0.3923963686082905,0.00937655924987526,0.005793119536550437
49005,UT,49-10,0.18253071841735977,0.05298285244891673,58434.0,116796.0,30927.200000000004,37263.0,17368.7,20649.5,0.6543269935367064,0.36746971121346234,0.43688162048411167,0.5615994981763625,0.01656734819685606,0.0781362375423816,0.0,0.16155519024624132,0.0,0.0,0.0,0.5982139799308196,0.005188533853899106,0.000933251138737628
49013,UT,49-60,0.13003787510925513,0.19792172477420608,10297.0,59527.0,11115.3,36092.8,4970.2,7420.4,0.4614125433201712,0.2063203532797059,0.3080317792999738,0.4471494246669006,0.03578208208040049,0.055285836679153995,0.0,0.0,0.0,0.0,0.0,0.8531758697733801,0.00043677658877484165,0.00025198649352394713
49021,UT,49-70,0.20573925131565882,0.23334326283387946,10071.0,65182.0,5373.7,41186.100000000006,1811.3,2198.5,0.20371731281490388,0.06866649956298926,0.08334527648055645,0.3370675698308428,0.023104538062655333,0.05079623208861342,0.0,0.009143628609125218,0.0,0.0,0.0,0.8999570433555276,0.0002914915160627167,0.0005522997146451474
49023,UT,49-50,0.05585552038726494,0.016011915844349283,16113.0,27013.0,8606.7,11261.5,4638.6,5584.0,0.787310512225022,0.42432274181823315,0.5108045941260324,0.5389522116490642,0.027209121534076185,0.06992929330322438,0.0,0.14444896901491874,0.0,0.0,0.0,0.7055861992374042,0.0,0.0
49027,UT,49-50,0.08305040480543223,0.04043701575694263,45948.0,112567.0,37283.5,44411.0,20190.6,22615.699999999997,0.8184417715610312,0.4432210074933993,0.4964564371127391,0.5415425053978301,0.053541446427460976,0.07957927278865032,0.0,0.054163298302344384,0.0,0.0,0.0,0.6982419359137225,0.0,0.0
49035,UT,49-10,0.19543509272467904,0.023395149786019972,7010.0,6003.0,1489.7,1802.0,855.0,999.0,0.6132148705174683,0.35194919399371377,0.4112248477189708,0.5739410619587836,0.0,0.0,0.0,0.48125937031484256,0.0,0.0,0.0,0.30767949358654006,0.07912710311510911,0.009995002498750625
49037,UT,49-60,0.10222925920217461,0.011965979627008926,71369.0,44614.0,12789.0,23859.0,5883.3,9471.1,0.7083495592378127,0.32586073671622673,0.5245796786689536,0.4600281491907108,0.0,0.0,0.0,0.7776034428654682,0.0,0.0,0.0,0.15548930828887794,0.004057022459317703,0.0008741650602949746
49039,UT,49-50,0.08121722329561137,0.13766215843223847,14492.0,57963.0,16437.8,20222.6,9603.5,10461.6,0.7007692561601315,0.4094123028345535,0.4459944548689504,0.5842326832057818,0.0,0.0447871918292704,0.0,0.015268360850887635,0.0,0.0,0.0,0.8147956454979901,0.003415972258164691,0.00017252385142245915
49041,UT,49-50,0.03571749080139998,0.12465224804810195,11143.0,40129.0,14262.599999999999,16952.7,7825.7,8811.5,0.8782589184165048,0.481889053738592,0.5425924066879133,0.5486867752022774,0.05604425727030327,0.13075332054125446,0.0,0.0,0.0,0.0,0.0,0.6851155025044232,0.0015200976849659847,0.0002990356101572429
49047,UT,49-60,0.06797357766886852,0.10760707436607714,9386.0,47696.0,10532.300000000001,35919.5,4433.8,8302.3,0.5456616926422815,0.22970811815437725,0.4301289434239447,0.4209716776012836,0.05983730291848373,0.020693559208319355,0.0,0.007967125125796712,0.0,0.0,0.0,0.8727775914122777,0.0018240523314324052,0.0005870513250587051
49049,UT,49-50,0.05478252408290357,0.05324997567383478,41108.0,73397.0,23751.6,29001.4,11709.8,14483.6,0.7996441514578967,0.39423336047852264,0.4876187722955756,0.493010997153876,0.03730397700178482,0.11121707971715465,0.0,0.1783860375764677,0.0,0.0,0.0,0.4820769241249642,0.004155483194136,0.09067128084254125
49057,UT,49-10,0.07935466946484784,0.1783840503672613,7624.0,22238.0,8703.3,10223.7,5278.4,5848.7,0.9670978804403185,0.5865280355860625,0.6498989318225605,0.6064825985545713,0.004002158467488083,0.12537098659951434,0.0,0.03876247864016548,0.0,0.0,0.0,0.6868423419372246,0.06826153431063944,0.0044518391941721375
50001,VT,50-10,0.27895667550839964,0.34065934065934067,31668.0,95175.0,36391.1,39691.9,5548.8,8243.300000000001,0.9448317990553992,0.14406496881376488,0.21402298828981187,0.15247684186518135,0.006493301812450749,0.20333070659311794,0.037951142631993694,0.001155765694772787,0.0,0.0,0.0,0.3139584975045968,0.0028684003152088257,0.009414236931967428
50007,VT,50-10,0.26496223126089485,0.5616889405384466,5163.0,22188.0,5387.3,5834.0,724.5,1135.1,0.5999778355769155,0.0806867896488919,0.12641487222975456,0.13448295064317933,0.010681449432125473,0.1292590589507842,0.03263025058590229,0.0,0.0,0.0,0.0,0.5257797007391383,0.027221921759509646,0.004777357129980169
50011,VT,50-10,0.10695131656344072,0.3536209819729421,28901.0,76834.0,33908.799999999996,36520.3,4308.0,6788.6,1.0905389487848889,0.13854933797024083,0.21832777059999464,0.1270466663520974,0.07193429991930655,0.27400629929458314,0.003722310435484291,0.0,0.0,0.0,0.0,0.21693521097430826,0.003735325506937033,0.0006377385011843715
50017,VT,50-10,0.3611671866397504,0.6478252890438613,5449.0,29133.0,7101.4,7706.299999999999,880.8,1423.8999999999999,0.602338981893704,0.07470923694651399,0.12077484387845286,0.1240318810375419,0.0014759894277966566,0.1435485531871074,0.0,0.0,0.0,0.0,0.0,0.4323962516733601,0.014382315587134865,0.0038444375793773382
50019,VT,50-10,0.35600858369098715,0.17381974248927037,13980.0,52626.0,11555.8,12524.5,1450.6,2305.8,0.5426025856341484,0.06811292257748452,0.10826883832839089,0.1255300368646048,0.0012541329380914377,0.24932542849542053,0.0,0.0,0.0,0.0,0.0,0.27609926652225136,0.0010071067533158516,0.0006080644548322122
50021,VT,50-10,0.2996987951807229,0.2813253012048193,6640.0,27516.0,5725.7,6308.4,709.3,1160.0,0.5141922091388824,0.06369815637253248,0.10417293302148271,0.12388004960092215,0.04266608518680041,0.13145079226631778,0.0,0.0,0.0,0.0,0.0,0.48815234772496,0.011266172408780346,0.004433783980229685
51001,VA,51-60,0.735515922656278,0.21013974766789378,55958.0,56237.0,49260.2,94517.3,26373.3,35155.6,2.1644932183702648,1.1588428182598631,1.544737085674392,0.5353875948534517,0.3358998524103348,0.0,0.5265216850116471,0.14115262193929265,0.0,0.026939559364830983,0.0,0.008553087824741719,0.042427583263687604,0.00046232907160766043
51007,VA,51-50,0.872754337337029,0.19910686787804127,19482.0,28297.0,17307.0,29884.5,5774.4,6206.2,1.5113449613217766,0.5042532122641975,0.5419604263566886,0.33364534581383254,0.154468671590628,0.07329398876205959,0.3958016750892321,0.06180867229741669,0.0,0.005866346255786832,0.0,0.3061808672297417,0.0029685125631692404,0.0008834858818956073
51015,VA,51-40,0.7408353673837169,0.3637794557109291,43837.0,95603.0,129060.2,146710.6,45328.4,81467.2,3.3358231387329536,1.1716046121247512,2.1056853376004785,0.3512190435161266,0.20009832327437424,0.09830235452862358,0.09774797861991778,0.032488520234720666,0.0,0.0010669121261885088,0.0,0.49242178592721986,0.002123364329571248,0.001297030427915442
51019,VA,51-50,0.7427796610169491,0.8265762711864407,7375.0,52252.0,6377.1,11705.2,940.8,3219.6,0.30157998318806173,0.04449145351073818,0.15225837980779405,0.14752787317119065,0.009339355431371049,0.04240985990966853,0.012439715226211437,0.02275510985225446,0.0,0.0,0.0,0.8020745617392636,0.0006124167495981015,0.004229503176911889
51025,VA,51-90,0.7706766917293233,0.30593725693544205,15428.0,20945.0,15626.6,24232.9,7924.7,12686.3,1.8435984502434022,0.9349419988125305,1.4967070904306037,0.5071288700037117,0.04831702076867988,0.0,0.5271902602052996,0.031797565051324896,0.007543566483647649,0.0107424206254476,0.0,0.252327524468847,0.007973263308665553,0.0
51029,VA,51-50,0.5362560118386978,0.22364039955604884,5406.0,21685.0,3241.2,5697.400000000001,792.8,1525.2,0.3693419241002427,0.09034131723641627,0.173799920596597,0.24460076514871035,0.06603643071247406,0.0,0.12271155176389209,0.04173391745446161,0.0,0.0,0.0,0.6619783260318193,0.0008761816924141111,0.005072630850818538
51031,VA,51-50,0.7487359004278491,0.1719175418125243,10284.0,34312.0,10965.5,18497.8,3343.3,4723.5,0.7897044941939269,0.2407750704882181,0.3401731957799474,0.3048926177556883,0.022003963627885287,0.042929587316390766,0.134355327582187,0.05648169736535323,0.0,0.0,0.0,0.6853578922825834,0.0023898344602471438,0.0028269993005362553
51037,VA,51-80,0.8689029419851526,0.15182843002474566,18185.0,33746.0,10958.2,19670.1,6885.7,7770.0,0.8024151577056514,0.5042059874262017,0.5689589326141986,0.6283604971619426,0.05310258993658508,0.009630771054347181,0.3403366324897766,0.06024417708765483,0.0,0.005511764357257157,0.0,0.49152492147217447,0.005808095774313992,0.0030818467373910983
51043,VA,51-20,0.8856110776640578,0.16315472606863335,6644.0,20939.0,20828.1,25883.7,6796.2,11279.8,2.457966280976296,0.8020333318339697,1.3311520520909936,0.32629956645109254,0.12097043793877453,0.04651607049047232,0.09766464492096089,0.0,0.0,0.0,0.0,0.6050432207841826,0.0012417020870146617,0.018338984669755004
51047,VA,51-20,0.8751593833314014,0.29318805301186196,25881.0,51759.0,49842.799999999996,66099.9,18573.2,27201.0,2.379571496240582,0.8867129718630491,1.2986173382964055,0.37263556622019633,0.1762398809868815,0.028381537510384667,0.23661585424757048,0.010915975965532565,0.0,0.005757452810139299,0.0,0.4616588419405321,0.0013524218010394328,0.00038640622886840936
51053,VA,51-90,0.6957952964332983,0.28764380493433334,29467.0,37849.0,40763.799999999996,52666.99999999999,17000.7,23250.3,2.661352836019772,1.1099274640568677,1.517946115016522,0.417053856608069,0.14700520489312796,0.0,0.47470210573595073,0.08975138048561389,0.04169198657824513,0.0,0.0,0.19836719596290522,0.004095220481386563,0.0
51061,VA,51-20,0.6989588717418592,0.26836742228457505,27086.0,68423.0,60185.1,80447.8,20970.0,35214.0,2.1735472127997153,0.7573184235368893,1.2717315673070109,0.3484251085401536,0.11861508557064145,0.04991011794279701,0.14389898133668502,0.01439574412112886,0.0,0.0,0.0,0.5239173961971851,0.004837554623445333,0.007906698040132705
51067,VA,51-80,0.8966959431200334,0.6275426789855899,26301.0,59194.0,13844.699999999999,29705.2,4748.4,6546.8,0.577947068080965,0.19822198083567388,0.2732961974844137,0.34297601248131054,0.07872419501976552,0.1597290265905328,0.11925195121127141,0.03029023211812008,0.0,0.0009798290367266952,0.0,0.5040882521877217,0.0024326789877352436,0.0011825522857046322
51069,VA,51-20,0.8426885582349923,0.11021036428937916,9745.0,37819.0,23478.5,26789.9,7040.5,13765.2,1.5340605776929168,0.46001888950516345,0.8994037380607168,0.2998700939157101,0.10693037891007166,0.02429995504904942,0.06964753166397843,0.03389830508474576,0.0,0.0,0.0,0.5503318437822259,0.0021417805864776965,0.1212089161532563
51075,VA,51-50,0.9564771562037142,0.11826364361399111,8777.0,18685.0,9408.5,16458.3,2776.5,3285.7000000000003,1.244255275105071,0.3671865622925259,0.4345272421122105,0.2951054897167455,0.13492105967353493,0.08830612791008831,0.16382124698956382,0.12111319240032112,0.0,0.0,0.0,0.4358576398180359,0.006047631790206048,0.0017126036928017125
51081,VA,51-90,0.5597972273949927,0.21304917580522795,28998.0,29694.0,34128.1,41364.5,14156.7,20752.5,2.8400475413381714,1.1780820212218697,1.7269665349556642,0.4148106692139322,0.05442176870748299,0.0,0.38273725331716846,0.03600053882939314,0.37310567791473026,0.013975887384656834,0.0,0.01794975415908938,0.0030982690105745268,0.0
51083,VA,51-80,0.5991930442689095,0.19361254759333976,17597.0,38739.0,13948.3,23926.6,8035.0,9240.9,0.8897235324397796,0.5125304577011988,0.5894514880611086,0.5760558634385553,0.04158599860605591,0.0,0.24337231214022045,0.0774671519657193,0.0,0.001445571646144712,0.0,0.5688582565373397,0.007253672010119001,0.0012906889697720644
51085,VA,51-50,0.7479284409127608,0.13243105426422472,47066.0,57162.0,31305.3,52670.6,10724.3,11334.6,1.3532955632140324,0.46360033631928926,0.4899829706409385,0.3425713856759079,0.23263706658269478,0.011931003113956824,0.5018543787831077,0.10958328959798468,0.0,0.004076134494944194,0.0,0.1628354501242084,0.01756411602113292,0.0024316853853958926
51093,VA,51-90,0.6009699896223818,0.4030539847936125,47217.0,48833.0,80861.3,95779.2,31414.6,42642.5,4.09175401520097,1.5896456733435202,2.157801328858272,0.38849981387882704,0.21702537218684087,0.003501730387238138,0.34235045973010053,0.097741281510454,0.2726844551839944,0.0,0.0,0.04187741895849118,0.0011467655069317879,0.0005324268425040444
51097,VA,51-60,0.8402102587006562,0.14828048235819563,29107.0,30644.0,25005.3,48234.0,13001.7,17424.8,2.0163634627336218,1.0484238474812833,1.4050913232571018,0.519957768952982,0.4029173737110038,0.0,0.5072444850541705,0.0851063829787234,0.0,0.0,0.0,0.04633859809424357,0.01005090719227255,3.263281555932646e-05
51107,VA,51-20,0.6851453678601477,0.06557913433672992,21394.0,51099.0,32628.8,43393.200000000004,11356.4,19026.399999999998,1.5778688566930554,0.5491746519684761,0.9200817687130618,0.3480483499239935,0.11673418266502279,0.024501457954167402,0.1678115031605315,0.025303821992602595,0.0,0.0,0.0,0.5095990136793284,0.003835691500812149,0.021761678310730153
51109,VA,51-50,0.9416272831779282,0.3576446544897177,7829.0,21337.0,9224.9,15512.5,3132.5,3653.2,1.0683425193309526,0.3627771511674066,0.42307980483472296,0.3395700766403972,0.08956273140553968,0.013169611473028073,0.18554623424098984,0.053147115339551014,0.0,0.0,0.0,0.569995781974973,0.004030557247973005,0.0034212869663026667
51111,VA,51-80,0.6605756052992234,0.09993147555961626,8756.0,19360.0,6825.099999999999,11421.5,4168.5,4666.7,0.8711358156258007,0.5320551563253506,0.5956439481884404,0.6107602819006316,0.06213842975206611,0.0,0.20795454545454545,0.06466942148760331,0.0,0.009297520661157025,0.0,0.5166322314049587,0.001859504132231405,0.001446280991735537
51113,VA,51-20,0.9756290745141046,0.29488819837933344,16413.0,38023.0,32407.5,42996.299999999996,11699.4,18368.0,2.1061114719767406,0.7603252504896916,1.1937068739417966,0.361009025688498,0.1717907582252847,0.020645398837545695,0.20211450963890276,0.02159219419824843,0.0,0.0,0.0,0.5123477894958315,0.0014464929121847303,0.004918075901428083
51117,VA,51-90,0.6567173088977106,0.12315315046413754,33503.0,48514.0,28094.0,42896.2,13490.5,23208.2,1.430963966471234,0.6871367334548366,1.1821064258082754,0.4801914999644052,0.01747949045636311,0.0,0.41744651028569074,0.10747413117862885,0.0,0.0017314589603001195,0.0,0.3174135301150183,0.001628395926948922,0.0018345219936513172
51131,VA,51-60,0.5562287655719139,0.14303510758776897,35320.0,35665.0,28665.7,54605.7,16160.9,21710.7,1.9861064723183295,1.1197099002811475,1.5042284607932672,0.5637713364752998,0.2136828823776812,0.0,0.47421842142156173,0.25167531193046405,0.0,0.030365904948829386,0.0,0.0,0.15900743025375016,0.00019627085377821394
51137,VA,51-50,0.9390226628895184,0.3758498583569405,14120.0,32886.0,14220.499999999998,26090.1,4226.0,5044.2,1.0685282725639556,0.3175416110442866,0.3790211534381425,0.29717661123026623,0.1605850513896491,0.03347929209998175,0.2061971659672809,0.029647874475460682,0.0,0.0,0.0,0.47801496077358147,0.0004257130693912303,0.009639360214072858
51139,VA,51-20,0.7180446278859797,0.18818521862504836,7753.0,24863.0,26974.2,30149.2,8042.9,12855.5,2.6808792103815358,0.7993580310510655,1.2776669072320896,0.29817010328387866,0.1522744640630656,0.06837469331939026,0.03740497928648996,0.0,0.0,0.0,0.0,0.6438885090294816,0.0019305795760769014,0.0
51143,VA,51-80,0.5349435312534944,0.3255059823325506,26829.0,66556.0,18879.6,35986.3,5386.1,7692.900000000001,0.7009511929724584,0.19997209795064297,0.28561767370165825,0.28528676455009644,0.03613498407356211,0.06726666266001563,0.08042851132880582,0.09049522206863393,0.0,0.0,0.0,0.6072480317326763,0.0022236913276038224,0.0012019953122182825
51149,VA,51-90,0.7916469661150513,0.1422642500656685,19035.0,20066.0,24388.899999999998,32131.6,10615.4,13876.599999999999,3.00340298916802,1.3072473170669525,1.708852056447357,0.4352553825715797,0.2638293631017642,0.0,0.558905611482109,0.13415728097278978,0.0,0.013654938702282468,0.0,0.07609887371673478,0.00523273198445131,0.0002491777135453005
51153,VA,51-20,0.7884127431632365,0.11516774739216239,7094.0,12961.0,11562.6,14372.0,4043.9,5984.8,2.2044446290812796,0.7709817545830338,1.141020204463152,0.3497396779271098,0.07144510454440244,0.0,0.22999768536378365,0.06943908649023996,0.0,0.0,0.0,0.42396420029318727,0.005092199675950929,0.002777563459609598
51159,VA,51-60,0.9449498582490585,0.11153894977362164,23633.0,24962.0,23353.5,44903.6,12211.3,16796.1,2.311824183195836,1.2088285973519735,1.6626899678153415,0.5228895026441432,0.35485938626712604,0.0,0.5463504526880859,0.14417915231151351,0.0,0.0,0.0,0.04378655556445798,0.004046150148225303,0.0
51163,VA,51-40,0.8365602651316937,0.5815454386882958,5733.0,29624.0,25020.3,28968.4,8007.1,16404.3,2.087041174697177,0.6679035579076896,1.368346884013577,0.32002414039799687,0.0526937618147448,0.05606940318660546,0.018667296786389415,0.0033081285444234404,0.0,0.006852551984877127,0.0,0.6930866864704294,0.002396705374021064,0.003949500405076965
51165,VA,51-20,0.8373842592592593,0.5082209967320261,58752.0,107355.0,130747.0,149958.6,41801.2,59770.59999999999,3.0094813758732677,0.9621630545186783,1.375775409950291,0.3197105860937536,0.19895673233664013,0.19391737692701783,0.11178799310698151,0.024274602952820083,0.0,0.0,0.0,0.33089283219225935,0.004759908714079456,0.00978994923385031
51171,VA,51-20,0.7778892072588348,0.24436485195797517,20940.0,50920.0,58404.799999999996,69360.1,19060.5,28573.6,2.8342773730387862,0.9249709590445612,1.3866241806540056,0.3263516012382544,0.19681853888452475,0.061743912018853105,0.10159073055773762,0.03760801256873527,0.0,0.0,0.0,0.48403377847604084,0.0017478397486252945,0.019599371563236448
51175,VA,51-90,0.4862947154693419,0.497614811095222,91607.0,91803.0,145548.2,166608.7,53901.7,74995.4,3.9177089509993444,1.45086763398023,2.01864502524783,0.3703357375769676,0.16950426456651743,0.0,0.2624968682940645,0.03271134930231038,0.41465965164537105,0.0,0.0,0.006121804298334477,0.005500909556332582,8.714312168447654e-05
51177,VA,51-50,0.84230964038494,0.38291406381901066,5923.0,13735.0,7283.4,12533.699999999999,2286.0,2619.4,1.3103511724630157,0.4112725897589662,0.4712543401638828,0.3138644039871489,0.0758645795413178,0.0294139060793593,0.2356752821259556,0.043829632326174005,0.0,0.0,0.0,0.5720422278849654,0.01062977793957044,0.0077903167091372405
51179,VA,51-20,0.992181947405828,0.7045131485429993,5628.0,9004.0,7086.3,9485.800000000001,2772.5,3856.5,1.9447610669599888,0.7608836851596135,1.0583761701778356,0.39124790087916117,0.32107952021323855,0.0,0.288982674366948,0.0,0.0,0.0,0.0,0.3217458907152377,0.0014438027543314082,0.0
51181,VA,51-90,0.6594862188921595,0.2489073231647489,22422.0,23844.0,48737.2,62116.0,20349.1,26207.399999999998,5.050840629777525,2.1088626564391437,2.715982877982968,0.41752706351616425,0.2872840127495387,0.0,0.4661130682771347,0.11113907062573394,0.08484314712296595,0.0,0.0,0.04537829223284684,0.0023485992283173965,0.0008807247106190236
51183,VA,51-90,0.7263173773129525,0.4495675784392599,39776.0,41515.0,55602.0,74913.4,26434.7,35822.0,3.3095395448241187,1.5734449301385227,2.1321953450359623,0.4754271429085285,0.17740575695531735,0.0,0.5295676261592196,0.10564856076117066,0.1236661447669517,0.014886185716006263,0.0,0.03617969408647477,0.00024087679152113694,0.0021678911236902325
51191,VA,51-70,0.7292872828907966,0.46256737871830705,5009.0,41677.0,18808.3,24300.4,7357.7,10656.9,1.1151551566208906,0.4362423555488549,0.6318538617840618,0.3911943131489821,0.008157976821748207,0.07999616095208388,0.0,0.0,0.0,0.0,0.0,0.7933152578160616,0.006166470715262615,0.005614607577320825
51193,VA,51-60,0.8781671753760159,0.2406869414922958,27193.0,29064.0,26397.7,51125.1,13896.9,19172.1,2.244362003975981,1.1815299943954893,1.6300334035324253,0.5264435916765475,0.3014382053399394,0.001995595926231764,0.5255642719515552,0.20805807872281862,0.0,0.0,0.0,0.04290531241398293,0.06351500137627306,0.008739333883842555
51197,VA,51-70,0.8265629501584558,0.7571305099394987,6942.0,41742.0,28796.3,38227.299999999996,13348.8,16587.0,1.7046908860004153,0.7902257477190592,0.9819215568003142,0.4635595545261023,0.03543193905419002,0.11046428058071008,0.0,0.0,0.0,0.0,0.0,0.7458914282976379,0.0016530113554693116,0.0
51550,VA,51-90,0.40242609041495425,0.05007954394803129,30172.0,31592.0,45432.2,61769.2,21632.7,27790.800000000003,3.5536025297203557,1.692060200577598,2.17373266500307,0.4761534770493175,0.21356672575335528,0.0,0.732084071916941,0.13468599645479867,0.0,0.0,0.0,0.039725246897948846,0.0014877184097239807,0.0002215750822993163
51800,VA,51-90,0.5682716230060003,0.1683740670276599,54664.0,56270.0,82279.7,98876.2,32754.8,44618.6,3.6132498054920785,1.4384018746900138,1.9593915360815468,0.39809090213017306,0.2339790296783366,0.0,0.3626621645637107,0.08562288963923938,0.2567798116225342,0.0,0.0,0.021734494401990403,0.0021681180024880043,0.00012440021325750843
51810,VA,51-90,0.39681560108615155,0.33849666748950874,16204.0,16476.0,33428.8,42924.5,14011.0,17900.4,5.013617611064323,2.101355607997362,2.6846838859036457,0.41912961278897237,0.31706724933236224,0.0,0.6158048069919884,0.09638261714008255,0.0,0.0,0.0,0.031196892449623696,0.01638747268754552,0.002245690701626608
53001,WA,53-50,0.043123018160853274,0.00532934563274719,555040.0,363578.0,311776.3,351212.3,115379.4,176577.3,2.1189841394122135,0.7841748029433204,1.2001056465171736,0.37007110546888905,0.012993085390205128,0.010916502098586823,0.0,0.7535466942444262,0.0,0.0,0.0,0.05888970179713844,0.07832707149497495,0.01195341852367305
53003,WA,53-90,0.7522645923733728,0.004399208142534344,50009.0,32414.0,7815.8,11572.9,1675.9,2038.2,0.5958308880332791,0.12776081594398175,0.1553804493448437,0.21442462703753934,0.0,0.0,0.0,0.8037884864564694,0.0,0.0,0.0,0.13987783056703892,0.00043191213673104213,0.0012957364101931265
53005,WA,53-20,0.399630136292243,0.06116684399858135,315792.0,288580.0,231770.6,333350.9,124034.8,177871.9,1.984606089329607,1.0620856112413737,1.5230821159397563,0.5351619230394191,0.06388176588814194,0.0043731374315614385,0.0,0.36010118511331346,0.0,0.0,0.0,0.0377780857994317,0.3172638436482085,0.1527410076928408
53013,WA,53-90,0.4255572840495198,0.001425231250756863,107351.0,89513.0,48544.8,69547.7,18686.7,20266.2,1.3401049369641558,0.515856259075495,0.5594591938478061,0.3849372126365749,0.0,0.0,0.0,0.7699663735993655,0.0,0.0,0.0,0.03656452135444014,4.4686246690424855e-05,0.002033224224414331
53015,WA,53-10,0.030801825293350717,0.0016297262059973925,6136.0,9548.0,4121.400000000001,7052.9,3439.3,3620.7000000000003,1.0666318801621024,0.8901021559279659,0.9370490727672451,0.8344979861212208,0.0,0.0,0.0,0.030372852953498116,0.0,0.0,0.0,0.3189149560117302,0.09174696271470464,0.0016757436112274822
53017,WA,53-50,0.22730671500477448,0.008729991745836503,308935.0,184754.0,123965.20000000001,142908.30000000002,67585.7,105902.4,1.6580137931873438,0.9039474209070113,1.4164268676341694,0.5451989751962647,0.0021704536843586606,0.001704969851802938,0.0,0.8488530694869935,0.0,0.0,0.0,0.025092826136375937,9.201424597031729e-05,0.06342487848706929
53021,WA,53-50,0.0866310562744508,0.07199819440264821,212672.0,248297.0,183197.19999999998,224801.8,50790.5,73388.1,1.82318006217218,0.5054674795671338,0.7303589832197118,0.2772449578923696,0.062111100818777513,0.03418889475104411,0.0,0.25372437041124135,0.0,0.0,0.0,0.3029033778096393,0.2044084302267043,0.07496667297631465
53023,WA,53-90,0.628469617404351,0.005639802807844818,149296.0,103293.0,49313.299999999996,63269.0,24963.5,26720.3,1.1797103199543786,0.5971958593762967,0.639223366967471,0.5062224592554139,0.0,0.0,0.0,0.9286302072744523,0.0,0.0,0.0,0.016632298413251624,0.0,0.0
53025,WA,53-50,0.07179198592297532,0.10648269664053822,476237.0,568572.0,319197.8,386676.39999999997,90720.0,128000.79999999999,1.3872560402636773,0.39427548677566326,0.5563004599611366,0.28421248517377,0.07521474852789092,0.02158038032122581,0.0,0.2705286225842989,0.0,0.0,0.0,0.23249298241911315,0.16663852599143117,0.13358026775852486
53027,WA,53-10,0.0287050475729721,0.5839380745041123,6201.0,14606.0,1749.6,5870.3,1416.3,1612.1,0.29599861386755616,0.23961067490890475,0.2727362628120069,0.8094993141289438,0.0,0.19752156647952895,0.0,0.07305217034095578,0.0,0.0,0.0,0.3947692729015473,0.13371217307955635,0.00047925510064357116
53037,WA,53-20,0.13459715639810427,0.2018957345971564,8440.0,46787.0,3581.5,7389.5,2048.0,2540.3,0.18915680076188957,0.10816505038680715,0.13416585815312804,0.5718274466005864,0.0038685959775151216,0.0,0.0,0.02321157586509073,0.0,0.0,0.0,0.8627182764443114,0.021480325731506614,0.03282963216278026
53039,WA,53-20,0.4615369317051828,0.026063004653752834,100564.0,104308.0,55778.299999999996,70570.2,31751.2,47750.2,1.3213864803361188,0.7521851045020767,1.131200999552617,0.5692392919827245,0.0,0.0,0.0,0.5323273382674387,0.0,0.0,0.0,0.3300034513172527,0.005608390535721134,0.09644514322966599
53041,WA,53-10,0.14071263609369844,0.34872979214780603,6062.0,42143.0,6880.8,10104.0,5867.7,6569.5,0.4034555463064498,0.3440524516135268,0.3852024781217623,0.8527642134635507,0.0,0.01620672472296704,0.0,0.0,0.0,0.0,0.0,0.571648909664713,0.04902356263199108,0.005386422418907055
53043,WA,53-50,0.26548662736728523,0.0016740584413008465,630205.0,398485.0,240634.59999999998,276117.9,116125.7,185553.3,1.4922043396162652,0.7201095498360441,1.1506385178611835,0.48258105858426015,0.0018269194574450731,0.0,0.0,0.8628505464446592,0.0,0.0,0.0,0.06386438636335119,0.005759313399500608,7.026613297865666e-05
53047,WA,53-20,0.6030174857192692,0.09392578380499716,22933.0,65462.0,55219.299999999996,65535.200000000004,29816.6,45617.2,2.084413276534454,1.1255143926329598,1.7219540508178752,0.5399670042901666,0.005896550670618068,0.017720204087867772,0.0,0.13132809874430967,0.0,0.0,0.0,0.4433258989948367,0.0018331245608139072,0.34656747425987594
53057,WA,53-10,0.02985231513112945,0.18602512219477585,38054.0,55313.0,15712.5,41973.600000000006,8825.9,14021.1,0.7019404672143683,0.3942883926547204,0.6263788375407721,0.5617120127287192,0.0,0.14546309185905665,0.0,0.06092600292878708,0.0,0.0,0.0,0.1511217977690597,0.2493446386925316,0.009437202827545062
53061,WA,53-10,0.2222396486825596,0.3040307402760351,12752.0,26575.0,5811.8,9861.599999999999,5239.5,5622.1,0.5404052891856526,0.48719045952858436,0.5227661957277706,0.9015279259437695,0.0,0.1794920037629351,0.0,0.01019755409219191,0.0,0.0,0.0,0.18238946378174978,0.07841956726246473,0.0051552210724365
53063,WA,53-30,0.4403229351006859,0.012414649286157667,259371.0,279711.0,21659.800000000003,70901.9,10328.2,17010.2,0.19134939782498753,0.09124252535185164,0.1502733878836648,0.4768372745824061,0.0033320105394496462,0.0,0.0,0.44830914765597346,0.0,0.0,0.0,0.20735687906446296,0.007600702153293936,0.001376420662755487
53065,WA,53-30,0.07684929188060712,0.10026519212322971,17723.0,46971.0,2466.2,8142.5,1279.2,2065.8,0.12974203056658856,0.06729624746605309,0.10867775798575084,0.5186927256507988,0.0,0.0,0.0,0.0721509016201486,0.0,0.0,0.0,0.8065189159268484,0.00236316024781248,0.003981179876945349
53071,WA,53-90,0.4348431619996134,0.03761781324965608,351828.0,288684.0,232546.1,298325.6,122747.1,142985.0,1.9905291858641831,1.0506806393665147,1.2239113691469787,0.527839856269359,0.021005667096202076,0.0,0.0010322705795956825,0.6534930927935043,0.0,0.0,0.0,0.05577032326003519,0.07085948649734658,0.05336284657272312
53073,WA,53-10,0.0695032956685499,0.6038135593220338,16992.0,63958.0,14431.3,37169.9,11804.8,13554.8,0.5575615077968517,0.4560851820168851,0.5236974302997488,0.8179997644009895,0.0009068451171081022,0.19594108633790924,0.0,0.0034397573407548704,0.0,0.0,0.0,0.20807404859439008,0.030348040901841834,0.006816973638950561
53075,WA,53-90,0.19979197355252948,0.00274257570475987,889310.0,745769.0,338604.9,508453.0,159247.2,171407.2,1.1219438322208537,0.5276545432108063,0.5679458591362568,0.47030388514755694,0.0009319239603684251,0.0,0.0,0.7029026414345461,0.0,0.0,0.0,0.02669191130229334,1.8772568985838777e-05,6.570399145043572e-05
53077,WA,53-20,0.29091043781020814,0.1551892732795022,134990.0,260568.0,104144.7,159603.19999999998,54007.1,84510.79999999999,0.9876391506740466,0.5121674590677039,0.8014442860249653,0.5185775176269172,0.0635150901108348,0.14408906696140739,0.0,0.07532007000092107,0.0,0.0,0.0,0.13007736943907156,0.02468837309262841,0.3750230266187713
54003,WV,54-60,0.5508755324183625,0.2376952200662565,8452.0,30686.0,24298.6,25436.2,7229.4,13226.999999999998,1.9566951776438974,0.5821624339368849,1.065131617241151,0.29752331410040084,0.12624649677377306,0.024441113211236393,0.06296030763214495,0.013947728605878902,0.0,0.0,0.0,0.5507397510265267,0.006810923548197875,0.08502248582415434
54031,WV,54-60,0.2853330697766357,0.16781972721881794,10118.0,30232.0,21929.9,22980.3,5918.8,10937.300000000001,1.792470331118282,0.48378120264218655,0.89397515504129,0.2698963515565506,0.14745964540883832,0.08884625562318074,0.04802857898915057,0.0,0.0,0.0,0.0,0.6425641704154538,0.0007938608097380259,0.0005292405398253506
54037,WV,54-60,0.8960782076153524,0.14774240176499676,26289.0,40797.0,56971.9,57856.200000000004,17936.9,31125.7,3.450759389761305,1.086429030771478,1.885268027534512,0.314837665586017,0.26391646444591516,0.042699218079760765,0.2784763585557762,0.072971051793024,0.0,0.0,0.0,0.27504473368139815,0.0026717650807657426,0.025541093707870676
54053,WV,54-40,0.8168969096861775,0.29417871117144456,12523.0,31537.0,19704.4,21851.5,6189.9,11477.1,1.5439208797861603,0.48500415408682085,0.8992780459894104,0.3141379590345303,0.08732599803405523,0.017376415004597773,0.26229508196721313,0.005739290357358024,0.0,0.0,0.0,0.5341662174588578,0.0038684719535783366,0.0013951866062085804
54077,WV,54-20,0.726785965901085,0.09313794561082148,7097.0,40679.0,4503.6,5076.900000000001,1295.2,2195.7,0.2735720632207099,0.07867717743215727,0.1333782261332518,0.28759214850341946,0.09095602153445266,0.011480124880159296,0.02986799085523243,0.0,0.0,0.0,0.0,0.629907323188869,0.005088620664224784,0.002114112932962954
54083,WV,54-60,0.13102785782901058,0.009221902017291067,5205.0,17439.0,4559.4,5273.299999999999,1206.6,2233.7,0.64605325779081,0.17097158855340425,0.3165085673394158,0.2646400842216081,0.04094271460519525,0.017776248638109983,0.0,0.0,0.0,0.0,0.0,0.6752680772980102,0.00206433855152245,0.005562245541602156
55001,WI,55-50,0.1141371186415564,0.5016817555453481,67489.0,79147.0,60007.5,77663.0,24087.6,26020.6,1.8734981968224853,0.752040581023727,0.8123909041409684,0.4014098237720285,0.21870696299291192,0.05069048732106081,0.1283308274476607,0.006178376944167183,0.0,0.0,0.0,0.11128659330107268,0.4265733382187575,0.0
55003,WI,55-20,0.12712309578007355,0.19751357030292419,5711.0,22741.0,3487.6,4142.9,2187.2,2293.5,0.37896518552609204,0.23766276344267362,0.24921339976032003,0.627136139465535,0.07330372455037158,0.0861439690426982,0.03764126467613561,0.0,0.0,0.0,0.0,0.5298799525086848,0.0,0.000527681280506574
55005,WI,55-10,0.3269552501456136,0.06138698524035542,161386.0,195107.0,70269.9,140248.4,46900.2,47133.1,0.8899768047870943,0.5939967203578728,0.5969464271005167,0.6674294399166641,0.37447144387438686,0.08820800893868493,0.2699031813312695,0.016683153346625186,0.0,0.0,0.0,0.11509581921714751,0.04092626097474719,0.00031777434945952734
55007,WI,55-10,0.07629131209182664,0.08064516129032258,10106.0,36740.0,1309.8,2434.8,821.0,993.0,0.08809434639240424,0.055218703915226666,0.06678705601439718,0.626813253931898,0.02487751769188895,0.042133913990201416,0.03927599346761024,0.02653783342406097,0.0,0.0,0.0,0.6344039194338595,0.0009254218835057158,0.007593903102885139
55009,WI,55-60,0.23404936909359483,0.13845236612148284,112378.0,157247.0,79295.1,92760.6,36727.9,39625.2,1.2460807477393543,0.5771596113113702,0.6226891553869213,0.463179944284073,0.16320184168855367,0.24488225530534763,0.18746939528258091,0.04853510718805446,0.0,0.0,0.0,0.13988820136473193,0.0032178674314931287,0.0008966784739931446
55011,WI,55-40,0.4955526978513637,0.08862455125113862,111978.0,148173.0,87081.90000000001,99503.9,41392.4,42086.7,1.4522487982551173,0.6902934267269675,0.7018721398766407,0.47532724940544474,0.40958204261235176,0.06997226215302384,0.22684294709562472,0.0007963664095348006,0.0,0.0,0.0,0.16067704642546213,0.00033069452599326465,0.0002767035829739561
55013,WI,55-10,0.31489960199898254,0.060956997935182694,33417.0,44833.0,10412.7,20938.7,7620.1,7702.6,0.5739152422552924,0.4199959220480331,0.4245430623177097,0.7318082725902023,0.2965003457274775,0.08047643476903174,0.26232908794860926,0.007918274485312158,0.0,0.0,0.0,0.23136974996096626,0.0004460999710035019,0.0010706399304084046
55015,WI,55-60,0.19433540980598066,0.12452718615866154,98083.0,125595.0,62826.200000000004,73627.2,32514.3,34589.3,1.2360915734808253,0.6397116529032091,0.6805368184388092,0.517527719327287,0.18613798319996816,0.19144870416815957,0.23547115729129345,0.05253393845296389,0.0,0.02062184004140292,0.0,0.10410446275727538,0.022938811258409967,0.00026274931326884034
55017,WI,55-10,0.3616097165085495,0.06039795147342793,178665.0,225729.0,67653.3,135184.9,48652.9,48846.799999999996,0.7406002110500901,0.5326029625783063,0.5347255845483004,0.7191504331643837,0.35385794470360477,0.0727155128494788,0.3094418528412388,0.005391420685866681,0.0,0.0,0.0,0.1334387694979378,0.0007221048248120534,0.0012182750111859797
55019,WI,55-20,0.12624872406403143,0.07006884007140404,206711.0,296247.0,96072.79999999999,111427.1,62330.6,65379.0,0.8013619004620699,0.5199116510910591,0.5453389480717713,0.6487850879749524,0.21484099417040511,0.17181608590129183,0.2215212305947402,0.012661731595594217,0.0,0.0,0.0,0.13802671419457413,0.0006987412530759805,0.0003206783528609572
55021,WI,55-80,0.3182697808621247,0.0355296868392906,201015.0,227699.0,173920.2,186630.69999999998,67676.8,72751.3,1.8874310983291842,0.7344477349692821,0.7895176412163508,0.3891255874820751,0.5232214458561522,0.05293391714500283,0.23790179140005008,0.03072477261648053,0.0,0.0,0.0,0.0795875256369154,0.008612246869771058,0.0003645163132029565
55023,WI,55-70,0.643640311843651,0.07764052543519277,56182.0,84847.0,50228.2,56440.6,22951.1,26780.1,1.4628282109454753,0.6684196636994896,0.7799340962236537,0.4569365416240279,0.33592230721180477,0.05260056336700178,0.21893525993847748,0.007460487701391917,0.0,0.0,0.0,0.283321743844803,0.0012493075771683147,0.004702582295190166
55025,WI,55-80,0.3954645402774518,0.036874158441526354,323804.0,379235.0,276339.7,296061.2,109939.7,118072.90000000001,1.8005992849558201,0.7163550702568519,0.7693501126065493,0.39784258287897106,0.4457130802800374,0.08719923002887392,0.2555012063759938,0.027560747293894287,0.0,0.0,0.0,0.08453069996176513,0.0054319880812688705,0.0009492794705130064
55027,WI,55-80,0.24657797642585827,0.05731005184279552,275641.0,320384.0,224371.1,240415.19999999998,90988.8,97582.70000000001,1.730526688464702,0.7017773088930663,0.7526346605353563,0.4055281629407709,0.4067057031562126,0.08663978226128645,0.27563486316420294,0.03664040651218538,0.0,0.0,0.0,0.08339055633240113,0.019523446863763484,0.0002028815421494207
55029,WI,55-60,0.23151468001623596,0.05405222567988094,59128.0,83807.0,35323.1,43523.0,15914.2,17765.4,1.0415034663098344,0.4692310262561317,0.5238137558815826,0.45053237116787603,0.18340950039972795,0.11113630126361759,0.20034126027658788,0.10488384025200759,0.0,0.0,0.0,0.1788633407710573,0.026859331559416277,0.029198038350018496
55033,WI,55-40,0.4094587129131146,0.16403804283068124,184634.0,222532.0,136675.7,158602.5,67120.3,68038.90000000001,1.5176828944058318,0.7453214520019854,0.7555218278317869,0.49109168637877837,0.37495281577480993,0.0785909442237521,0.29865817051030863,0.0008717847320834757,0.0,0.0,0.0,0.1083799183937591,0.01725594521237395,0.0002471554652813977
55035,WI,55-40,0.5177250091438539,0.17235461272261768,71086.0,96761.0,61839.7,71486.5,30321.4,30809.200000000004,1.5792439782882635,0.7743389499507558,0.7867962421531601,0.49032255977955913,0.3811349613997375,0.04646500139519021,0.25405897003958205,0.00402021475594506,0.0,0.0,0.0,0.20601275307200215,0.0015915503146929032,0.0007441014458304482
55039,WI,55-60,0.23047857118728315,0.08649219914970008,207221.0,251236.0,127342.3,150589.9,63611.6,67722.59999999999,1.252486411915737,0.6256574966858546,0.6660915994104448,0.4995323627734068,0.3106123326274897,0.14988695887532041,0.22662755337610851,0.04588116352751994,0.0,0.0,0.0,0.0732140298364884,0.0401096976547947,0.0002786224904074257
55043,WI,55-70,0.4217945945945946,0.07448058968058968,254375.0,336836.0,205237.3,227627.9,86656.0,100255.70000000001,1.5056360159778366,0.6357148266936634,0.7354832319810737,0.42222344573817727,0.39416808179648255,0.08629422033274353,0.2229215404529207,0.0061513614934270685,0.0,0.0,0.0,0.17946715909225855,0.00036219406476742394,0.00021969148190810958
55045,WI,55-80,0.4022301266000515,0.06979383614536774,170932.0,216737.0,165932.30000000002,179748.09999999998,69824.3,74713.40000000001,1.8918211606335846,0.7960782094048452,0.8518196342898957,0.42079992864559823,0.4062988783641003,0.06264274212524858,0.25997868384262957,0.019456760959134803,0.0,0.0,0.0,0.16712421044860823,0.0012642050042217066,0.00025837766509640716
55047,WI,55-50,0.280260277304792,0.11483823887132084,82220.0,93360.0,62702.5,80970.1,34175.3,36900.200000000004,1.6596106663929882,0.904552328969025,0.9766750211241106,0.5450388740480843,0.4330655526992288,0.06509211653813196,0.22088688946015425,0.03607540702656384,0.0,0.0,0.0,0.0877892030848329,0.09687232219365896,0.0004605826906598115
55049,WI,55-70,0.405622310233977,0.09482147785161815,134073.0,176724.0,116655.59999999999,130758.3,50904.7,58836.5,1.6311438479369553,0.7117779878212134,0.8226848518986031,0.4363673925640947,0.35989452479572664,0.059805119847898415,0.2654591340168851,0.008550055453701818,0.0,0.0,0.0,0.16400149385482446,0.0,0.0008261469862610624
55053,WI,55-40,0.4583108643023509,0.06274883256651789,87157.0,121873.0,67165.7,77809.40000000001,33353.5,33820.0,1.3618279618955134,0.6762637615193767,0.6857223504155583,0.49658531065707645,0.36216389192027765,0.056928113692122126,0.23806749649225012,0.0024287578052562915,0.0,0.0,0.0,0.16650939912860108,0.0012143789026281457,0.0
55055,WI,55-80,0.34443504244123013,0.05928550651823254,151268.0,170763.0,128254.5,139133.0,57127.7,60988.2,1.8559276393235398,0.8266756909190973,0.882539685177455,0.44542452701464663,0.4115060053992961,0.057816974403120114,0.3498650175974889,0.02840779325732155,0.0,0.0,0.0,0.07146161639230982,0.006365547571780772,0.0003865005885349871
55057,WI,55-50,0.3423312024637208,0.06478932387662732,85724.0,106666.0,62573.4,78630.9,40589.4,43232.5,1.4495925483938206,0.9403051741439036,1.0015359537508886,0.6486686035919417,0.3811336320852005,0.06329102056887856,0.29948624678904245,0.008896930605816287,0.0,0.0,0.0,0.1270976693604335,0.0,0.00016875105469409184
55059,WI,55-90,0.20477643193674747,0.03738469592216185,55397.0,61699.0,48075.6,55564.0,28124.6,29673.8,1.9254346873146817,1.1263942708328236,1.1884399534158367,0.5850077794140894,0.4025348871132433,0.04222110569052983,0.347687969010843,0.06321010064992949,0.0,0.0,0.0,0.0788505486312582,0.01554320167263651,0.0008265936238836934
55061,WI,55-60,0.20233249206219978,0.11466050639094684,98264.0,138860.0,61527.9,71413.7,27612.9,30082.8,1.0949067550319462,0.491379532472612,0.5353321164914621,0.44878664800846446,0.16452542128762782,0.2667578856402132,0.10631571366844303,0.07183494166786691,0.0,0.0,0.0,0.10573239233760622,0.012926688751260263,0.0003816793893129771
55063,WI,55-40,0.5027202737382378,0.09502138579982891,58450.0,76670.0,44448.0,50297.1,20918.8,21286.1,1.4325472799599017,0.674207389309422,0.686045371129285,0.47063534917206623,0.41004304160688665,0.0567497065344985,0.2525759749576105,0.0010434328942219902,0.0,0.0,0.0,0.17657493152471632,0.0009390896047997914,0.0005738880918220947
55065,WI,55-70,0.4146785807235187,0.06305910930347675,195959.0,242977.0,171915.30000000002,190557.6,72066.6,82960.40000000001,1.7483628403734583,0.7329107151722847,0.8436996624647035,0.419198291251564,0.45943443206558643,0.06786239026739156,0.23324018322721904,0.006597332257785716,0.0,0.0,0.0,0.13982804956847766,0.0005021051375233047,5.350300645740132e-05
55067,WI,55-30,0.1244486707400963,0.12641120058268926,49426.0,67282.0,26642.1,38566.6,8583.4,9509.099999999999,0.9784795760510041,0.31524097548902635,0.3492389915444579,0.3221743030767094,0.11277904937427544,0.10166166285187718,0.10301417912666092,0.022071282066525966,0.0,0.0,0.0,0.19642697898397787,0.2021788888558604,0.0
55069,WI,55-20,0.04295942720763723,0.05847255369928401,19274.0,39220.0,11192.1,13342.2,7359.5,7796.7,0.705157608342341,0.4636848686658856,0.4912306291904763,0.6575620303607008,0.12692503824579296,0.12491075981642019,0.12689954105048445,0.0,0.0,0.0,0.0,0.3246302906680265,0.0023457419683834777,0.0
55071,WI,55-60,0.23276958737542047,0.07896605817483669,128131.0,175543.0,89281.79999999999,105929.4,42308.1,45705.8,1.2567868412340657,0.5955554587565997,0.6433836236285108,0.4738714945263201,0.15515286852793903,0.2307525791401537,0.1843992639979948,0.07196527346576052,0.0,0.0,0.0,0.12653310015209948,0.020268538192921393,0.00025065083768649276
55073,WI,55-20,0.1457686383469781,0.0875245779039072,201909.0,298524.0,129768.8,154217.0,83447.6,88097.40000000001,1.074170546640682,0.6907434923329256,0.7292325452313869,0.6430482519681157,0.22382455011992336,0.14990419530757995,0.20718267207996677,0.008481730112151786,0.0,0.0,0.0,0.17193927456418914,0.01041457303265399,0.0003249319987672683
55075,WI,55-30,0.12992091465446193,0.0330545180353166,57027.0,80982.0,46288.9,55947.0,17213.2,17441.600000000002,1.4124418132665866,0.5252370097392768,0.5322063200955413,0.3718645290771654,0.3019189449507298,0.154540515176212,0.1236324121409696,0.017954607196660987,0.0,0.0,0.0,0.14010520856486627,0.025968733792694675,0.00039514953940381813
55077,WI,55-50,0.2682564053353805,0.1441320410709145,62526.0,74723.0,37066.1,47655.799999999996,21373.5,22983.6,1.2257581708443315,0.7068114062321452,0.760056641929358,0.5766320168563728,0.4274185993603041,0.060530224964201115,0.21035022683778756,0.01651432624493128,0.0,0.0,0.0,0.13687887263626997,0.046170523132101224,0.00041486557017250377
55081,WI,55-40,0.5863048941007538,0.06977184795181685,100284.0,149606.0,77706.1,87762.4,36445.9,37361.200000000004,1.2834776334388793,0.6019797349313638,0.6170978154666965,0.46902238048235595,0.3272128123203615,0.11124553828055024,0.16696522866729943,0.005066641712230793,0.0,0.0,0.0,0.2182866997312942,0.001029370479793591,0.0007486330762135208
55083,WI,55-30,0.16566148571667486,0.04067063164386282,95671.0,128630.0,68426.8,85422.8,29878.9,30181.100000000002,1.314516871381282,0.573990280830233,0.5797957108449556,0.43665493636996033,0.28534556479825857,0.16727823991292856,0.18004353572261525,0.03067713597139081,0.0,0.0,0.0,0.18217367643629012,0.023423773614242402,0.0004353572261525305
55087,WI,55-60,0.16871270618540665,0.08579055109291488,160717.0,196099.0,115031.5,134531.3,60870.0,64286.9,1.4495179826638704,0.7670260720302682,0.8100826086742673,0.5291594041632075,0.2798943390838301,0.14235666678565417,0.3245656530629937,0.023702313627300495,0.0,0.0,0.0,0.09162208884288038,0.00860279756653527,0.0004589518559503108
55089,WI,55-90,0.22761849034523113,0.07806966216008131,32471.0,44724.0,26865.300000000003,31674.8,14955.2,16262.7,1.4843395502928713,0.8262924606291369,0.8985333796588119,0.5566734784275627,0.16937214918164745,0.17985868884715142,0.25436007512744835,0.060616223951346034,0.0,0.0,0.0,0.09994633753689294,0.010106430551828995,0.004494231285215991
55091,WI,55-40,0.553911508783451,0.14026842882942045,48728.0,63438.0,38335.700000000004,43754.1,18208.2,18449.600000000002,1.49326236204023,0.7092506394953246,0.718653716371357,0.47496719767736073,0.3474415965194363,0.10173712916548441,0.2660077556038967,0.0,0.0,0.0,0.0,0.1130710299820297,0.0027743623695576786,0.00044137583152053974
55093,WI,55-40,0.41697313495020394,0.11858920430417678,124809.0,153058.0,107038.4,122266.40000000001,51545.5,52261.4,1.7280876964049596,0.8321793333517864,0.8437372226873548,0.4815608230317344,0.44420415790092643,0.05463941773706699,0.27157025441335964,0.0,0.0,0.0,0.0,0.12978740085457802,0.0013393615492166369,0.0007448156907838858
55095,WI,55-10,0.24638604699884772,0.06442264045532316,114556.0,149327.0,48122.8,96040.3,33112.4,33195.9,0.7963330711303451,0.5479419149446092,0.5493236676988003,0.6880813252761685,0.36252653572361326,0.08330710454238015,0.24836097959511677,0.0037903393224266208,0.0,0.0,0.0,0.16584408713762414,0.023204109102841416,0.001131744426660952
55097,WI,55-50,0.0590507014648236,0.34960413657932743,155104.0,193272.0,124193.20000000001,162878.2,48824.9,52629.0,1.5878558747065257,0.6242443571544871,0.6728811789206635,0.39313666126647834,0.2321909019413055,0.05815638064489424,0.10829814975785422,0.0025663313878885713,0.0,0.0,0.0,0.16298791340701188,0.36879630779419675,0.0003259654787035887
55099,WI,55-20,0.023455824863174355,0.15298410216314828,7674.0,29447.0,8034.7,9091.6,4647.4,5183.1,0.6742342542446543,0.3899879613646566,0.43494138713025604,0.5784161200791567,0.023262131965904848,0.09267497537949536,0.005773083845553028,0.0,0.0,0.0,0.0,0.5252147926783713,0.000305633850646925,0.0
55101,WI,55-90,0.3329648149462944,0.01162354325357784,98593.0,105968.0,64516.8,75913.3,37881.5,40183.9,1.5044587493432748,0.883353701876833,0.9370430637870325,0.5871571435657069,0.3293824550807791,0.02119507775932357,0.4409916201117318,0.06855843273441038,0.0,0.0,0.0,0.0708138305903669,0.0362090442397705,0.002104408878151895
55103,WI,55-70,0.6088470233609646,0.05983421250941975,66350.0,102682.0,50405.4,56145.3,21465.0,24933.9,1.2130115886917918,0.5165576257954368,0.6000370922814275,0.4258472306538585,0.3414717282483785,0.08792193373716913,0.16245301026470071,0.0077131337527512125,0.0,0.0,0.0,0.25352057809547923,0.0006914551722794648,0.0035449251085876783
55105,WI,55-80,0.4482402701580784,0.04433823611905804,267399.0,286055.0,251942.5,269995.4,109362.9,116722.4,2.176376835583762,0.9447190618187222,1.008293271495449,0.43407880766444723,0.4865323102200626,0.04277848665466431,0.34995717606753945,0.018153851532048033,0.0,0.0,0.0,0.04604009718410795,0.019831850518256977,0.0002447081854888046
55107,WI,55-10,0.08111741858380639,0.037745244497560004,40164.0,63663.0,17889.9,35058.0,12565.3,12752.499999999998,0.694389294238324,0.48771708052548146,0.4949831734539726,0.7023683754520706,0.23772049699197337,0.09440334260088278,0.21434742315002434,0.0056390682185885055,0.0,0.0,0.0,0.3173585913324851,0.00017278482006817146,0.00023561566372932473
55109,WI,55-40,0.174868332376507,0.048891745500836185,160252.0,196053.0,133865.5,154638.69999999998,65525.5,66377.2,1.687241992868909,0.825884004495047,0.8366188391262734,0.48948758268560605,0.40931278786858655,0.07449006136095851,0.2911457616052802,0.0014587892049598833,0.0,0.0,0.0,0.12690956016995406,0.004544689446221175,0.00039785160135269546
55111,WI,55-70,0.4257734576185122,0.08252874397011352,137855.0,179116.0,108016.3,120399.4,44701.3,51555.5,1.4901744688454284,0.6166915177079769,0.7112508929537531,0.4138384669721144,0.38643672257084793,0.08430290984613323,0.21477701601196988,0.024894481788338283,0.0,0.0,0.0,0.16386587462873223,0.010948212331673328,0.0004466379329596463
55113,WI,55-10,0.21244784422809457,0.025938803894297636,14380.0,23941.0,5113.3,9705.9,3513.6,3558.3999999999996,0.5277657353728151,0.3626538023988272,0.3672778035223095,0.6871491991473216,0.2755941689987887,0.08662963117664257,0.16954179023432606,0.0,0.0,0.0,0.0,0.23708282862035837,0.00012530804895367778,0.0008771563426757446
55115,WI,55-30,0.16133695998431719,0.08453200682855906,122427.0,171533.0,93341.59999999999,112232.90000000001,40056.0,40460.0,1.3446515641162669,0.5770349238950392,0.5828548287595687,0.4291334196114059,0.26207785090915453,0.18587677006756717,0.17282971789684784,0.022928532702162267,0.0,0.0,0.0,0.1455754869325436,0.002040423708557537,0.00026816997312470485
55117,WI,55-60,0.16893807193019791,0.02969993615662907,117475.0,152994.0,79811.90000000001,93963.9,40095.0,42738.9,1.28906689119307,0.6475868511135073,0.6902893046777674,0.5023686943926907,0.20303410591265017,0.1597644352066094,0.2868217054263566,0.05429624691164359,0.0,0.0,0.0,0.12384799403898192,0.011908963750212427,0.0010457926454632209
55119,WI,55-20,0.06981187536743093,0.022553578109133665,74844.0,118590.0,57760.399999999994,68129.3,38289.7,39921.899999999994,1.2035505249764782,0.797840536703206,0.8318506053119172,0.6629057277996689,0.19911459650898053,0.11456277932372039,0.24192596340332237,0.006290580993338393,0.0,0.0,0.0,0.2714309806897715,0.0005649717514124294,4.2162071000927563e-05
55121,WI,55-40,0.5656204476228314,0.07587074559660972,151020.0,190208.0,119795.7,136343.2,56082.8,57049.5,1.5563047898419677,0.7285898431057969,0.7411485563178757,0.4681536983380873,0.4266487213997308,0.0733144767833109,0.23039514636608344,0.0026970474427994618,0.0,0.0,0.0,0.13791218034993272,0.006529693808882907,0.0018085464333781965
55123,WI,55-70,0.6145900314916489,0.08144960511780515,121302.0,176027.0,84155.7,94403.2,37249.0,43206.799999999996,1.1813714004747184,0.5228986663563228,0.6065338156064422,0.44262004831520624,0.32134842950229225,0.08108415186306646,0.22522113084924472,0.0054423469126895305,0.0,0.0,0.0,0.2362762530748124,0.004033472137797043,0.0011361893345907162
55127,WI,55-90,0.23681269557443005,0.041573535985695124,143168.0,158978.0,149797.4,171558.0,84821.6,87765.3,2.3283563555831344,1.3184134801453857,1.3641684972813979,0.5662421377140058,0.48255733497716663,0.054806325403514954,0.309306948131188,0.02541861138019097,0.0,0.0,0.0,0.07624954396205764,0.012259557926253948,0.0012265848104769214
55129,WI,55-10,0.30418884766360166,0.06829058450287681,18597.0,30909.0,9353.0,18382.7,6634.6,6678.0,0.7477358157372925,0.5304103542275891,0.5338800147004853,0.7093552870736662,0.2988449966029312,0.03901776181694652,0.1817270050794267,0.0,0.0,0.0,0.0,0.3305186191724093,0.0007764728719790353,0.0006147076903167362
55131,WI,55-90,0.3259922825911634,0.07306723575319181,80597.0,104175.0,48633.0,56674.7,27566.1,29562.1,1.1535854107888317,0.6538739290676292,0.7012194861982711,0.5668188267225958,0.28478041756659467,0.10422846172306216,0.26963282937365013,0.05002159827213823,0.0,0.0,0.0,0.11976961843052555,0.014283657307415407,0.0006815454763618911
55133,WI,55-90,0.5805045157271878,0.14265301262205288,54587.0,65218.0,41803.9,48825.299999999996,23521.2,25071.100000000002,1.5839137441067244,0.8911979972654007,0.9499223725507452,0.5626556373926834,0.3618632892759668,0.020316477046214237,0.3841117482903493,0.040878285136005395,0.0,0.0,0.0,0.14615596921095403,0.006286607991658744,0.0011959888374375172
55135,WI,55-50,0.22078178604844578,0.08286724191703919,96190.0,130523.0,73842.3,93664.09999999999,46047.1,49315.7,1.3979781118969734,0.8717610084779471,0.9336419528221299,0.6235870226144093,0.28962711552753156,0.13226021467480828,0.22434360227699332,0.016579453429663736,0.0,0.0,0.0,0.15178933980984194,0.014012855971744443,0.0003064593979605127
55137,WI,55-50,0.14664892861294448,0.26882192630097,77423.0,93632.0,57304.299999999996,78830.2,25758.8,27746.3,1.5123249435245305,0.6798037102845629,0.7322560711938665,0.4495090246281693,0.27851589200273413,0.07334031100478469,0.1525333219412167,0.009515977443609023,0.0,0.0,0.0,0.11012260765550239,0.3046714798359535,0.00018156185919343814
55139,WI,55-60,0.2660841359076455,0.03404069211214476,109751.0,126553.0,76945.9,88854.2,42089.4,44548.5,1.5024334446306573,0.821830951674327,0.8698469484160799,0.5469999051281486,0.3135445228481348,0.0807566790198573,0.36928401539276035,0.06511896201591429,0.0,0.0,0.0,0.08526072080472213,0.005254715415675646,0.00026076031386059595
55141,WI,55-50,0.09904498311992457,0.05616046716749293,65758.0,113541.0,37888.3,47621.3,25567.7,27201.2,0.8245834389905322,0.5564435985008097,0.5919943370557471,0.6748178197491046,0.17376982763935495,0.13603896389850362,0.16817713425106348,0.014382469768629834,0.0,0.0,0.0,0.25042936031917984,0.000361103037669212,0.0003875252111572031
56001,WY,56-40,0.8207585811419678,,12207.0,86194.0,2460.1,3061.2000000000003,1140.0,1947.0,0.07052740897827847,0.03268210488810921,0.055817594927323355,0.46339579691882443,0.0,0.0,0.0,0.09617838828688771,0.0,0.0,0.0,0.8596306007378703,0.0,0.0
56003,WY,56-10,0.10287774415759995,0.042892551342303485,62132.0,89084.0,52713.1,63733.8,25003.5,28135.399999999998,1.4621807152593993,0.6935588215071471,0.7804329340545197,0.4743318074634199,0.05058147366530465,0.04508104710161196,0.0,0.0055565533653630286,0.0,0.0,0.0,0.39756858695164116,0.0,4.490144133626689e-05
56005,WY,56-20,0.39730670161326764,0.23801346649193367,22129.0,70947.0,3037.0,18330.6,836.3,1944.5,0.10577741744059385,0.029127973067358787,0.06772610741298477,0.27537043134672373,0.0,0.0,0.0,0.04823318815453789,0.0,0.0,0.0,0.9249580672896669,0.0,0.0
56011,WY,56-20,0.49234943027672273,0.14934888768312535,36860.0,81793.0,1954.1,20196.2,725.9,1362.6999999999998,0.05903544630041541,0.021930213637721484,0.04116862119317132,0.37147535950053734,0.0,0.0,0.0,0.04424584010856675,0.0,0.0,0.0,0.9255437506877117,0.0,0.0
56013,WY,56-10,0.09920794737548665,0.1354991721483868,22347.0,107753.0,29001.2,39259.299999999996,12753.9,15199.199999999999,0.6650722104262115,0.2924797754766995,0.34855680250162313,0.4397714577327834,0.009902276502742382,0.023414661308733865,0.0,0.0,0.0,0.0,0.0,0.8410809907844793,0.00019489016547103097,0.0001670487132608837
56015,WY,56-50,0.17828200972447325,0.043786061588330635,77125.0,136490.0,46334.9,76344.3,23943.2,30377.3,0.8388602197774899,0.43347450872185755,0.549959286720091,0.5167422396508895,0.21895376950692358,0.022595061909297384,0.0,0.09993406110337753,0.0,0.0,0.0,0.5504286028280461,2.9306176276650303e-05,0.00020514323393655212
56021,WY,56-50,0.24520719331724147,0.014318391487318177,237387.0,170990.0,74667.8,101889.5,36196.3,61734.50000000001,1.0790581438864268,0.5230890999005766,0.8921531769217336,0.48476451696715317,0.10047956020819931,0.02171472015907363,0.0,0.4286741914731856,0.0,0.0,0.0,0.3361366161763846,0.0,0.0
56023,WY,56-30,0.04039408866995074,0.16529830322933772,9135.0,80829.0,948.6,8677.5,216.2,321.90000000000003,0.029000008024317146,0.006609531662299564,0.009840926189150001,0.22791482184271555,0.0,0.0,0.0,0.0,0.0,0.0,0.0,0.931435499635032,0.00011134617525887985,3.711539175295995e-05
56025,WY,56-40,0.28930051182061906,0.22410431391664637,8206.0,32424.0,5495.0,8041.2,4612.5,5093.0,0.4187774707507012,0.35152158031621644,0.3881407931816781,0.8393994540491356,0.0556686405132001,0.0,0.0,0.020817912657290896,0.0,0.0,0.0,0.8513446829509006,0.0,0.0
56027,WY,56-50,0.2665538766699726,,17141.0,28312.0,2764.8,5539.3,1262.8,1518.0,0.24131003061614115,0.11021640142580404,0.13249009927492125,0.4567418981481481,0.0,0.0,0.0,0.09875671093529245,0.0,0.0,0.0,0.8319087312800226,0.0,0.0
56029,WY,56-10,0.053462089630015634,0.03984822824387702,61408.0,101589.0,47225.1,56978.6,23000.7,25787.9,1.1487047170781317,0.559469701199129,0.6272656357220875,0.487043966026541,0.04243569677819449,0.02571144513677662,0.0010532636407485061,0.015415054779552904,0.0,0.0,0.0,0.4489364005945526,0.00015749736684089814,0.00022640246483379107
56031,WY,56-50,0.2305710134597988,0.081553770662573,36479.0,60160.0,17212.3,31274.1,10395.8,12889.3,0.706990019519164,0.42700434252931474,0.5294241012873562,0.6039750643435218,0.10980718085106383,0.07147606382978723,0.0,0.12618018617021276,0.0,0.0,0.0,0.5747340425531915,9.973404255319148e-05,6.648936170212766e-05
56033,WY,56-20,0.07192211055276382,0.08008793969849247,9552.0,71992.0,2253.3,14554.4,621.1,1074.1000000000001,0.07734228192854257,0.021318639908497666,0.03686741446742448,0.2756401721918963,0.0,0.0,0.0,0.0031531281253472606,0.0,0.0,0.0,0.924061006778531,0.00018057561951327926,5.5561729081009004e-05
56043,WY,56-10,0.10285741185331639,0.12267570493809725,21243.0,33320.0,26951.2,32821.5,15412.1,16811.5,1.998735461283874,1.1429810473319626,1.246762341097014,0.5718520882187064,0.03196278511404562,0.052791116446578634,0.0,0.0,0.0,0.0,0.0,0.463265306122449,0.0,0.0
56045,WY,56-20,0.2189255365115944,0.03355898026789572,6943.0,21581.0,764.9,6668.999999999999,137.1,529.5,0.08758208900617893,0.015698136230549265,0.0606284692492767,0.17923911622434305,0.0,0.0,0.0,0.0,0.0,0.0,0.0,0.8358278115008573,0.0,0.0
