fips,STATE_ALPHA,COUNTY_NAME,acres,acres_ever,acres_recent,acres_recent_us,acres_hay,n_crops,ops,eff_crops,cov_ever,cov_recent,cov_recent_us,hay_share
01001,AL,AUTAUGA,24447.0,9426.0,8305.0,11089.0,13337.0,40,341.0,3.6852025852780934,0.38556878144557616,0.3397144843948133,0.4535934879535321,0.5455475109420379
01003,AL,BALDWIN,66276.0,46748.0,26820.0,55991.0,9276.0,53,813.0,6.266147706759373,0.7053533707526103,0.40467137425312333,0.8448156195304485,0.13996016657613616
01005,AL,BARBOUR,42407.0,23031.0,17458.0,27573.0,14109.0,42,432.0,6.063508430996854,0.5430943004692621,0.4116773174240102,0.6501992595562054,0.3327045063315019
01007,AL,BIBB,8001.0,0.0,0.0,188.0,7813.0,25,154.0,1.6328512163186828,0.0,0.0,0.023497062867141608,0.9765029371328584
01009,AL,BLOUNT,27239.0,4741.0,1868.0,8067.0,19091.0,45,742.0,3.3353339650923055,0.1740519108631007,0.06857814163515548,0.2961562465582437,0.7008700759939792
01011,AL,BULLOCK,13256.0,0.0,0.0,2257.0,10410.0,24,184.0,2.5174251251256994,0.0,0.0,0.17026252263126132,0.7853047676523838
01013,AL,BUTLER,10358.0,5.0,0.0,19.0,9999.0,26,246.0,1.9222227198904196,0.00048271867155821587,0.0,0.0018343309519212204,0.9653407993821201
01015,AL,CALHOUN,20340.0,6113.0,3158.0,9877.0,10459.0,35,442.0,4.924417374606111,0.30054080629301866,0.1552605703048181,0.48559488692232056,0.5142084562438545
01017,AL,CHAMBERS,14309.0,10.0,0.0,114.0,14099.0,34,297.0,1.2934478406374244,0.0006988608568034105,0.0,0.00796701376755888,0.9853239220071284
01019,AL,CHEROKEE,69781.0,52072.0,39805.0,60615.0,9162.0,48,609.0,3.5050144155862144,0.7462203178515642,0.5704274802596695,0.8686461930898095,0.1312964847164701
01021,AL,CHILTON,12776.0,90.0,0.0,2062.0,10604.0,42,476.0,2.680360475902713,0.007044458359423919,0.0,0.1613963681903569,0.8299937382592361
01023,AL,CHOCTAW,5830.0,1200.0,0.0,1214.0,4616.0,10,111.0,2.637808878826848,0.2058319039451115,0.0,0.20823327615780446,0.7917667238421955
01025,AL,CLARKE,5747.0,14.0,0.0,191.0,5554.0,33,237.0,2.2170167997630905,0.00243605359317905,0.0,0.03323473116408561,0.9664172611797459
01027,AL,CLAY,14466.0,17.0,0.0,220.0,14196.0,27,285.0,1.567894970330193,0.0011751693626434398,0.0,0.015208074104797456,0.9813355454168395
01029,AL,CLEBURNE,6735.0,12.0,0.0,984.0,5746.0,24,257.0,2.2050910129983787,0.0017817371937639199,0.0,0.14610244988864143,0.8531551596139569
01031,AL,COFFEE,38843.0,23696.0,21669.0,26568.0,12054.0,39,592.0,4.822918331523115,0.6100455680560204,0.5578611332801277,0.683984244265376,0.31032618489817987
01033,AL,COLBERT,60136.0,24006.0,7053.0,53354.0,6780.0,25,358.0,4.851602720956913,0.3991951576426766,0.11728415591326327,0.8872222961287748,0.1127444459225755
01035,AL,CONECUH,20194.0,6637.0,6598.0,10309.0,9871.0,27,294.0,4.826345903389267,0.32866197880558584,0.3267307120927008,0.5104981677726057,0.4888085569971279
01037,AL,COOSA,3079.0,5.0,0.0,32.0,2293.0,31,164.0,2.410219641886827,0.0016239038648911985,0.0,0.01039298473530367,0.7447223124391036
01039,AL,COVINGTON,36221.0,19615.0,18608.0,22807.0,13412.0,38,599.0,4.626078686449623,0.5415366776179564,0.51373512603186,0.6296623505701112,0.37028243284282597
01041,AL,CRENSHAW,15227.0,3.0,0.0,1460.0,13633.0,23,271.0,1.9115257311763183,0.0001970184540618638,0.0,0.09588231431010705,0.8953175280751297
01043,AL,CULLMAN,51136.0,9129.0,0.0,14865.0,35997.0,44,1209.0,3.1173984253784464,0.17852393617021275,0.0,0.29069540050062576,0.7039463391739674
01045,AL,DALE,34586.0,26035.0,25395.0,27200.0,7177.0,28,271.0,3.6657804319720357,0.7527612328687908,0.7342566356329151,0.786445382524721,0.20751170994043833
01047,AL,DALLAS,55091.0,30037.0,17255.0,37237.0,17840.0,33,334.0,4.9836222324169155,0.5452251728957543,0.3132090541104718,0.67591802653791,0.3238278484688969
01049,AL,DE KALB,75134.0,20539.0,5288.0,37869.0,37187.0,56,1223.0,4.365037103058872,0.27336492134053825,0.07038091942396252,0.5040194851864669,0.4949423696329225
01051,AL,ELMORE,31693.0,19673.0,15758.0,25119.0,6531.0,31,307.0,4.4192879869368165,0.6207364402233931,0.4972075852711955,0.7925724923484682,0.2060707411731297
01053,AL,ESCAMBIA,42888.0,29405.0,25678.0,36680.0,6154.0,23,327.0,5.019246987878942,0.6856230180936392,0.5987222533109494,0.855250886028726,0.14349002051855997
01055,AL,ETOWAH,27502.0,7577.0,4010.0,12165.0,15325.0,43,607.0,4.180752622250659,0.27550723583739367,0.14580757763071778,0.44233146680241436,0.5572322012944513
01057,AL,FAYETTE,11361.0,3042.0,1371.0,4329.0,7023.0,37,282.0,4.167119618716136,0.26775811988381304,0.12067599683126486,0.38104040137311856,0.618167414840243
01059,AL,FRANKLIN,30736.0,6386.0,0.0,13075.0,17519.0,26,470.0,3.235428213318181,0.2077693909422176,0.0,0.4253969286829776,0.5699830817282665
01061,AL,GENEVA,61403.0,41235.0,38357.0,51984.0,9406.0,54,596.0,4.935051885681694,0.6715469928179405,0.6246763187466411,0.8466035861439994,0.1531846978160676
01063,AL,GREENE,6624.0,1045.0,1040.0,1060.0,5557.0,35,153.0,2.27567774899801,0.1577596618357488,0.1570048309178744,0.16002415458937197,0.8389190821256038
01065,AL,HALE,17300.0,1180.0,0.0,1854.0,15441.0,29,306.0,1.9379352693741956,0.06820809248554913,0.0,0.10716763005780347,0.892543352601156
01067,AL,HENRY,54749.0,41750.0,41749.0,44448.0,10300.0,33,320.0,3.518676092338193,0.7625710058631208,0.7625527406893277,0.8118504447569819,0.18813129006922502
01069,AL,HOUSTON,85178.0,65897.0,63526.0,74438.0,10486.0,45,607.0,4.413960712926222,0.7736387330061752,0.7458029068538825,0.8739111038061471,0.12310690553898894
01071,AL,JACKSON,105043.0,40733.0,5507.0,71809.0,33179.0,49,997.0,4.10065550486813,0.38777453043039517,0.05242614929124263,0.6836152813609665,0.31586112353988366
01073,AL,JEFFERSON,5911.0,6.0,0.0,83.0,5724.0,34,276.0,1.840107525160044,0.0010150566739976314,0.0,0.014041617323633904,0.9683640669937404
01075,AL,LAMAR,6411.0,5.0,0.0,7.0,6376.0,18,208.0,1.4919969366875543,0.0007799095304944627,0.0,0.0010918733426922478,0.9945406332865387
01077,AL,LAUDERDALE,94134.0,43132.0,14083.0,74909.0,19215.0,43,855.0,4.862029607463549,0.4581978881169397,0.14960588097818003,0.7957698599868273,0.20412390847090317
01079,AL,LAWRENCE,132829.0,60557.0,21569.0,111791.0,21033.0,31,792.0,5.042241489319206,0.45590194912255605,0.1623817088135874,0.8416159121878506,0.15834644542983836
01081,AL,LEE,8885.0,1880.0,0.0,2100.0,6784.0,46,250.0,2.3194524116892596,0.21159257175014068,0.0,0.23635340461451884,0.7635340461451885
01083,AL,LIMESTONE,157980.0,83137.0,26599.0,141603.0,16310.0,38,817.0,4.820300440219981,0.5262501582478795,0.1683694138498544,0.8963349791112799,0.10324091657171794
01085,AL,LOWNDES,30210.0,5124.0,0.0,12470.0,17740.0,15,236.0,3.3531295336417117,0.16961271102284012,0.0,0.41277722608407813,0.5872227739159219
01087,AL,MACON,20366.0,8353.0,7310.0,11284.0,9044.0,43,317.0,4.977919879883108,0.41014435824413237,0.3589315525876461,0.5540606893842679,0.44407345575959933
01089,AL,MADISON,145832.0,76879.0,33223.0,127283.0,18442.0,41,942.0,5.028223308688459,0.5271751056009655,0.22781694004059466,0.8728056942234901,0.12646058478248945
01091,AL,MARENGO,30537.0,10622.0,6155.0,14751.0,15726.0,35,419.0,4.870385228335906,0.3478403248518191,0.2015587647771556,0.48305334512231063,0.5149818253266529
01093,AL,MARION,26061.0,8070.0,962.0,12784.0,13267.0,20,378.0,4.2131994700205535,0.30965810981927017,0.036913395495184374,0.49054142204827134,0.5090748628218411
01095,AL,MARSHALL,46300.0,11837.0,0.0,22691.0,23581.0,51,1040.0,3.6951107045939855,0.255658747300216,0.0,0.4900863930885529,0.5093088552915767
01097,AL,MOBILE,30329.0,21947.0,21344.0,23037.0,6297.0,59,773.0,4.51214800186814,0.723630848362953,0.7037488872036665,0.7595700484684625,0.20762306703155395
01099,AL,MONROE,33204.0,21189.0,20292.0,25266.0,7820.0,26,327.0,4.850273577922501,0.6381460065052403,0.6111311890133719,0.7609324177809902,0.23551379351885315
01101,AL,MONTGOMERY,26268.0,1655.0,0.0,3319.0,22865.0,38,380.0,2.226791413906288,0.0630044160194914,0.0,0.12635145424090147,0.8704507385411908
01103,AL,MORGAN,47873.0,12699.0,1738.0,22597.0,25092.0,43,896.0,4.301908239867235,0.2652643452467988,0.03630438869508909,0.47201971883942934,0.5241367785599398
01105,AL,PERRY,36139.0,15737.0,9703.0,23939.0,12166.0,28,264.0,4.507646871901302,0.43545753894684414,0.2684911037936855,0.6624145659813497,0.33664462215335234
01107,AL,PICKENS,22174.0,4290.0,4259.0,11596.0,10573.0,46,378.0,3.5009690484426415,0.19346982953008027,0.19207179579687922,0.522954811941914,0.47681969874627944
01109,AL,PIKE,24447.0,6459.0,6442.0,10411.0,13564.0,37,470.0,4.335305868897164,0.26420419683396734,0.26350881498752404,0.4258600237247924,0.5548329038327812
01111,AL,RANDOLPH,13901.0,259.0,0.0,420.0,13366.0,38,458.0,1.6076594185756057,0.018631753111286956,0.0,0.03021365369397885,0.9615135601755269
01113,AL,RUSSELL,12498.0,783.0,743.0,1768.0,10720.0,38,174.0,2.6671654030614844,0.06265002400384062,0.059449511921907505,0.14146263402144343,0.8577372379580733
01115,AL,SAINT CLAIR,14502.0,9.0,0.0,160.0,14308.0,25,342.0,1.628430064535158,0.0006206040546131568,0.0,0.011032960970900566,0.9866225348227831
01117,AL,SHELBY,12311.0,5255.0,5246.0,5793.0,6490.0,32,378.0,3.4137453523436254,0.426854032978637,0.426122979449273,0.4705547884006173,0.5271708228413614
01119,AL,SUMTER,13044.0,417.0,0.0,420.0,12621.0,22,208.0,1.7756236957764446,0.031968721251149954,0.0,0.03219871205151794,0.9675712971481141
01121,AL,TALLADEGA,34082.0,15945.0,11196.0,21967.0,12095.0,36,400.0,4.545197208470481,0.467842262778006,0.32850184848307024,0.6445337714922833,0.35487940848541755
01123,AL,TALLAPOOSA,9098.0,903.0,0.0,4418.0,4676.0,31,199.0,3.0166562520460842,0.09925258298527148,0.0,0.48560123103978897,0.5139591118927237
01125,AL,TUSCALOOSA,21452.0,10199.0,2291.0,14129.0,7277.0,46,499.0,5.1286020024578765,0.4754335260115607,0.10679656908446765,0.6586332276710796,0.33922245012120084
01127,AL,WALKER,8483.0,9.0,0.0,609.0,7795.0,38,327.0,1.6760532740148166,0.0010609454202522692,0.0,0.07179064010373688,0.9188966167629377
01129,AL,WASHINGTON,6267.0,31.0,0.0,87.0,6149.0,35,335.0,2.0538469743493426,0.004946545396521462,0.0,0.013882240306366683,0.9811712142971118
01131,AL,WILCOX,12455.0,2524.0,2477.0,3992.0,8421.0,26,326.0,3.461220100973776,0.20264953833801685,0.19887595343235648,0.32051384985949416,0.6761140104375752
01133,AL,WINSTON,8491.0,49.0,0.0,1700.0,6777.0,28,281.0,2.1363190711624584,0.005770816158285243,0.0,0.20021198916499824,0.7981392062183489
02020,AK,ANCHORAGE,3440.0,0.0,0.0,414.0,2991.0,54,727.0,1.9249483613349154,0.0,0.0,0.12034883720930233,0.8694767441860465
02090,AK,FAIRBANKS NORTH STAR,20714.0,0.0,0.0,4659.0,16020.0,54,604.0,2.790686386270258,0.0,0.0,0.224920343728879,0.7733899777927972
02122,AK,KENAI PENINSULA,1643.0,0.0,0.0,58.0,1550.0,61,709.0,1.4457282016485156,0.0,0.0,0.03530127814972611,0.9433962264150944
04001,AZ,APACHE,4174.0,378.0,290.0,581.0,3475.0,37,1508.0,2.20927962957689,0.09056061332055582,0.06947771921418304,0.13919501677048396,0.832534738859607
04003,AZ,COCHISE,75876.0,7328.0,6310.0,51307.0,24508.0,53,703.0,3.389368542053889,0.09657862828825979,0.08316200115978702,0.6761953713954346,0.3230006853286942
04009,AZ,GRAHAM,27575.0,18054.0,18054.0,22300.0,5150.0,22,200.0,2.525739314948633,0.6547234814143246,0.6547234814143246,0.8087035358114234,0.18676337262012693
04011,AZ,GREENLEE,2989.0,4.0,0.0,0.0,2985.0,17,58.0,1.0102437886799593,0.0013382402141184342,0.0,0.0,0.9986617597858816
04012,AZ,LAPAZ,81385.0,11651.0,11268.0,13825.0,67560.0,8,114.0,1.9080053192695408,0.14315905879461818,0.13845303188548258,0.1698715979603121,0.8301284020396879
04013,AZ,MARICOPA,217521.0,28735.0,27964.0,52528.0,163960.0,81,1438.0,4.312466214708661,0.1321021878347378,0.1285577024747036,0.24148473020995673,0.7537663030236161
04015,AZ,MOHAVE,22838.0,3258.0,3184.0,3257.0,19574.0,56,255.0,1.540636198320261,0.14265697521674403,0.1394167615377879,0.14261318854540678,0.8570803047552326
04017,AZ,NAVAJO,1786.0,241.0,204.0,383.0,1390.0,34,983.0,3.683796616048878,0.1349384098544233,0.11422172452407615,0.21444568868980962,0.7782754759238522
04019,AZ,PIMA,19092.0,12125.0,12088.0,12132.0,6928.0,67,530.0,3.4144387003374175,0.6350827571757804,0.6331447726796564,0.6354494028912634,0.3628745024093861
04021,AZ,PINAL,211545.0,87103.0,87100.0,120221.0,90861.0,40,678.0,5.125795717626238,0.4117469096409747,0.4117327282611265,0.5682998889125245,0.4295114514642275
04025,AZ,YAVAPAI,1827.0,210.0,5.0,246.0,1538.0,51,442.0,2.4186690931895787,0.11494252873563218,0.002736726874657909,0.13464696223316913,0.8418171866447729
04027,AZ,YUMA,142110.0,75874.0,66852.0,78524.0,52089.0,43,669.0,6.127889516772512,0.5339103511364436,0.47042431918936034,0.5525578777003729,0.3665400042220815
05001,AR,ARKANSAS,344746.0,281532.0,280158.0,343265.0,1481.0,20,550.0,2.8406852027734977,0.8166360160814049,0.8126504731019359,0.9957040835861765,0.0042959164138235105
05003,AR,ASHLEY,106394.0,76186.0,76186.0,103431.0,2958.0,28,286.0,3.6504275321778445,0.7160742147113559,0.7160742147113559,0.9721506851890144,0.027802319679681185
05005,AR,BAXTER,12488.0,0.0,0.0,12.0,12473.0,42,325.0,1.0652550480817407,0.0,0.0,0.0009609224855861628,0.9987988468930173
05007,AR,BENTON,58678.0,1805.0,855.0,2000.0,56670.0,53,1183.0,1.2818702754239306,0.030761102968744673,0.01457104877466853,0.034084324619107674,0.9657793380824159
05009,AR,BOONE,30718.0,1.0,0.0,7.0,30703.0,20,593.0,1.073340142680776,3.255420274757471e-05,0.0,0.00022787941923302298,0.9995116869587863
05011,AR,BRADLEY,4939.0,0.0,0.0,123.0,4804.0,16,128.0,1.456291914996896,0.0,0.0,0.02490382668556388,0.9726665316865762
05013,AR,CALHOUN,2329.0,0.0,0.0,32.0,2297.0,14,95.0,1.2016991611743808,0.0,0.0,0.013739802490339202,0.9862601975096608
05015,AR,CARROLL,36479.0,0.0,0.0,30.0,36449.0,47,650.0,1.064470209844268,0.0,0.0,0.0008223909646646016,0.9991776090353354
05017,AR,CHICOT,240596.0,211079.0,209199.0,239180.0,1416.0,16,276.0,3.0265571006507868,0.8773171623800895,0.8695032336364694,0.9941146153718267,0.00588538462817337
05019,AR,CLARK,16206.0,2872.0,2872.0,2929.0,13276.0,19,220.0,1.7917998270733577,0.17721831420461556,0.17721831420461556,0.18073553005059853,0.8192027644082439
05021,AR,CLAY,203214.0,178448.0,177767.0,199133.0,4081.0,18,457.0,3.6743669521804265,0.8781284754003169,0.8747773283336778,0.9799177222041788,0.020082277795821155
05023,AR,CLEBURNE,30835.0,0.0,0.0,4.0,30831.0,18,340.0,1.0506670733677483,0.0,0.0,0.00012972271769093563,0.999870277282309
05025,AR,CLEVELAND,6352.0,3.0,0.0,32.0,6313.0,18,191.0,1.124841305960298,0.00047229219143576825,0.0,0.005037783375314861,0.993860201511335
05027,AR,COLUMBIA,7277.0,0.0,0.0,66.0,7211.0,26,156.0,1.1541594899964696,0.0,0.0,0.009069671567953828,0.9909303284320462
05029,AR,CONWAY,52864.0,18308.0,16757.0,21436.0,31428.0,23,502.0,2.63143467741929,0.3463226392251816,0.31698320217917675,0.40549334140435833,0.5945066585956417
05031,AR,CRAIGHEAD,259722.0,212879.0,210433.0,253346.0,6376.0,17,510.0,4.546285040381174,0.8196417708164884,0.810224008747815,0.9754506741823951,0.024549325817604977
05033,AR,CRAWFORD,44518.0,20560.0,16517.0,21385.0,23124.0,32,477.0,2.9586474091216854,0.46183566197942405,0.37101846444134956,0.48036749180106925,0.5194303427826946
05035,AR,CRITTENDEN,338183.0,313576.0,302666.0,335912.0,2189.0,22,380.0,2.4981478636471786,0.9272376198685327,0.8949769799191561,0.993284700886798,0.006472826842271788
05037,AR,CROSS,233071.0,206359.0,197742.0,230990.0,2081.0,17,346.0,2.9180230879179883,0.8853911469037332,0.8484195802995653,0.9910713902630529,0.00892860973694711
05039,AR,DALLAS,2171.0,0.0,0.0,0.0,2171.0,11,47.0,1.0,0.0,0.0,0.0,1.0
05041,AR,DESHA,232369.0,200288.0,196243.0,232144.0,225.0,11,290.0,3.1347380488421956,0.861939415326485,0.84453175767852,0.9990317124917696,0.0009682875082304438
05043,AR,DREW,52174.0,38325.0,37515.0,45166.0,7006.0,23,192.0,4.779456794929956,0.7345612757312071,0.7190363016061639,0.8656802238662935,0.13428144286426189
05045,AR,FAULKNER,46885.0,8000.0,7420.0,9554.0,37261.0,45,769.0,2.333821855158709,0.17063026554335076,0.15825957129145782,0.20377519462514662,0.794731790551349
05047,AR,FRANKLIN,46577.0,2001.0,650.0,2010.0,44563.0,28,528.0,1.2770177751701681,0.04296111814844236,0.013955385705391073,0.04315434656590163,0.9567597741374498
05049,AR,FULTON,24180.0,0.0,0.0,12.0,24168.0,14,333.0,1.012126815012085,0.0,0.0,0.0004962779156327543,0.9995037220843672
05051,AR,GARLAND,5440.0,0.0,0.0,27.0,5408.0,23,208.0,1.161104804749263,0.0,0.0,0.004963235294117647,0.9941176470588236
05053,AR,GRANT,13132.0,0.0,0.0,0.0,13132.0,9,138.0,1.0729930072025913,0.0,0.0,0.0,1.0
05055,AR,GREENE,166455.0,127218.0,125523.0,159533.0,6896.0,20,431.0,3.927115341500661,0.7642786338650086,0.7540957015409571,0.9584151872878556,0.04142861434021207
05057,AR,HEMPSTEAD,48515.0,1350.0,0.0,1594.0,46912.0,22,439.0,1.2773539027995133,0.027826445429248687,0.0,0.03285581778831289,0.9669586725754921
05059,AR,HOT SPRING,16344.0,1.0,0.0,45.0,16277.0,30,358.0,1.0942691378544145,6.118453255017132e-05,0.0,0.0027533039647577094,0.9959006363191385
05061,AR,HOWARD,24571.0,0.0,0.0,0.0,24571.0,14,296.0,1.129969810900139,0.0,0.0,0.0,1.0
05063,AR,INDEPENDENCE,73180.0,32103.0,30971.0,40444.0,32735.0,27,552.0,3.64528567223186,0.43868543317846403,0.42321672588138837,0.5526646624760864,0.4473216725881388
05065,AR,IZARD,23670.0,0.0,0.0,5.0,23665.0,15,313.0,1.0224207155083773,0.0,0.0,0.00021123785382340515,0.9997887621461766
05067,AR,JACKSON,242527.0,218530.0,206355.0,239197.0,3253.0,18,366.0,3.4246513372981378,0.9010543156019742,0.8508537193796979,0.9862695699860222,0.01341293959023119
05069,AR,JEFFERSON,242341.0,199180.0,184561.0,238021.0,4308.0,34,468.0,4.153844464646197,0.821899719816292,0.7615756310323057,0.9821738789556864,0.01777660404141272
05071,AR,JOHNSON,34558.0,6100.0,6099.0,7865.0,26654.0,35,504.0,2.17582638848504,0.17651484460906303,0.17648590774929104,0.2275884021066034,0.7712830603622894
05073,AR,LAFAYETTE,48975.0,22984.0,20573.0,34713.0,14262.0,11,167.0,5.132736927806878,0.4693006636038795,0.4200714650331802,0.7087901990811638,0.29120980091883614
05075,AR,LAWRENCE,169971.0,147346.0,145853.0,155867.0,14104.0,18,384.0,3.172161161617686,0.8668890575451106,0.8581052061822311,0.9170211389001653,0.08297886109983468
05077,AR,LEE,286329.0,238512.0,228087.0,284954.0,1011.0,21,398.0,3.6985899098448076,0.8329998009283027,0.7965906352482633,0.995197831864743,0.0035309032616325973
05079,AR,LINCOLN,168588.0,141582.0,135130.0,162587.0,6001.0,19,278.0,3.9561550449643543,0.8398106626806179,0.8015398486250505,0.9644043466913422,0.03559565330865779
05081,AR,LITTLE RIVER,48370.0,14618.0,11966.0,21161.0,23782.0,21,298.0,3.872023608054408,0.3022121149472814,0.24738474260905519,0.4374819102749638,0.4916683894976225
05083,AR,LOGAN,66560.0,11728.0,8988.0,15082.0,51464.0,47,780.0,2.321275905446267,0.1762019230769231,0.1350360576923077,0.22659254807692308,0.7731971153846153
05085,AR,LONOKE,299954.0,229344.0,227107.0,280162.0,19223.0,36,615.0,4.02339014217212,0.7645972382431973,0.7571394280456336,0.9340165492042113,0.06408649326230022
05087,AR,MADISON,48433.0,1.0,0.0,28.0,48393.0,45,793.0,1.0525771705607485,2.0647079470608883e-05,0.0,0.0005781182251770487,0.9991741168211756
05089,AR,MARION,16123.0,0.0,0.0,0.0,16123.0,16,253.0,1.063792766377523,0.0,0.0,0.0,1.0
05091,AR,MILLER,85309.0,57148.0,53923.0,67841.0,17465.0,21,281.0,5.3799647096442875,0.6698941495035694,0.632090400778347,0.7952384859745162,0.2047263477475999
05093,AR,MISSISSIPPI,500926.0,464074.0,450399.0,499904.0,1022.0,11,498.0,3.4086915719564606,0.9264322474776714,0.899132806043208,0.9979597784902361,0.0020402215097639173
05095,AR,MONROE,150678.0,123050.0,112532.0,150370.0,297.0,22,304.0,3.885956580854194,0.8166421109916511,0.7468376272581266,0.9979559059716747,0.0019710906701708277
05097,AR,MONTGOMERY,15525.0,0.0,0.0,15.0,15507.0,33,342.0,1.0963886469248076,0.0,0.0,0.000966183574879227,0.998840579710145
05099,AR,NEVADA,22776.0,0.0,0.0,42.0,22733.0,28,237.0,1.07773323275669,0.0,0.0,0.0018440463645943098,0.9981120477695821
05101,AR,NEWTON,9466.0,0.0,0.0,6.0,9460.0,33,238.0,1.1091642559864867,0.0,0.0,0.0006338474540460595,0.999366152545954
05103,AR,OUACHITA,3783.0,0.0,0.0,2.0,3780.0,25,101.0,1.1272178757810607,0.0,0.0,0.000528680941052075,0.9992069785884219
05105,AR,PERRY,24810.0,12704.0,12700.0,12704.0,12099.0,15,208.0,2.822927225646852,0.5120515920999597,0.5118903667875857,0.5120515920999597,0.4876662636033857
05107,AR,PHILLIPS,364822.0,318330.0,304455.0,362197.0,2625.0,17,393.0,3.136482943692464,0.8725625099363525,0.8345302640739868,0.9928047102422551,0.007195289757744873
05109,AR,PIKE,16291.0,0.0,0.0,3.0,16287.0,14,239.0,1.1037372137920478,0.0,0.0,0.00018415075808728745,0.9997544656558837
05111,AR,POINSETT,311506.0,278673.0,272617.0,309916.0,1548.0,13,466.0,3.484747730709735,0.8945991409475259,0.8751581028936842,0.9948957644475548,0.004969406688795722
05113,AR,POLK,20422.0,0.0,0.0,0.0,20422.0,14,370.0,1.1176150897224908,0.0,0.0,0.0,1.0
05115,AR,POPE,57276.0,20180.0,18980.0,20373.0,36902.0,36,492.0,2.5615264045871444,0.3523290732593058,0.3313778895174244,0.35569872197779173,0.6442838187024233
05117,AR,PRAIRIE,195484.0,167517.0,165230.0,189214.0,6270.0,13,375.0,3.266725516349796,0.8569345828814634,0.8452354156861943,0.9679257637453704,0.03207423625462953
05119,AR,PULASKI,25979.0,15448.0,15445.0,18001.0,7833.0,40,269.0,3.625157577670005,0.5946341275645713,0.5945186496785866,0.692905808537665,0.30151276030640134
05121,AR,RANDOLPH,96682.0,70228.0,70228.0,73283.0,23399.0,20,481.0,3.3435538152742494,0.7263813326162057,0.7263813326162057,0.75797976872634,0.24202023127366004
05123,AR,SAINT FRANCIS,251899.0,215583.0,210767.0,250227.0,1672.0,19,323.0,3.3066981528829897,0.8558311069118972,0.8367123331176384,0.993362419064784,0.006637580935216099
05125,AR,SALINE,18522.0,0.0,0.0,11.0,18510.0,18,254.0,1.0509186339152905,0.0,0.0,0.0005938883489903899,0.9993521218011014
05127,AR,SCOTT,27028.0,0.0,0.0,6.0,27017.0,19,335.0,1.0984660850521102,0.0,0.0,0.00022199200828770165,0.9995930146514725
05129,AR,SEARCY,21426.0,0.0,0.0,4.0,21422.0,27,323.0,1.0222131528276488,0.0,0.0,0.00018668906935498925,0.999813310930645
05131,AR,SEBASTIAN,32402.0,6830.0,6830.0,9042.0,23358.0,27,402.0,2.244562990880975,0.21078945744089872,0.21078945744089872,0.2790568483426949,0.720881427072403
05133,AR,SEVIER,26388.0,0.0,0.0,0.0,26388.0,14,289.0,1.0245732131040046,0.0,0.0,0.0,1.0
05135,AR,SHARP,18490.0,0.0,0.0,107.0,18383.0,17,268.0,1.1031294408287127,0.0,0.0,0.00578691184424013,0.9942130881557598
05137,AR,STONE,21098.0,0.0,0.0,9.0,21086.0,29,326.0,1.0225331173799033,0.0,0.0,0.0004265807185515215,0.999431225708598
05139,AR,UNION,6958.0,0.0,0.0,17.0,6940.0,22,139.0,1.1599615613169605,0.0,0.0,0.0024432308134521414,0.997413049726933
05141,AR,VAN BUREN,20906.0,0.0,0.0,1.0,20905.0,9,286.0,1.0428040994646897,0.0,0.0,4.783315794508753e-05,0.9999521668420549
05143,AR,WASHINGTON,72556.0,1278.0,1074.0,2202.0,70329.0,61,1892.0,1.2961054693003105,0.01761398092507856,0.014802359556756161,0.030348971828656486,0.9693064667291471
05145,AR,WHITE,117018.0,51648.0,50851.0,58551.0,58453.0,58,1092.0,3.082308376277311,0.44136799466748705,0.4345570766890564,0.500358919140645,0.49952144114580666
05147,AR,WOODRUFF,177046.0,159006.0,154591.0,176740.0,306.0,15,230.0,2.724977842687116,0.8981055770816624,0.8731685550647854,0.9982716356201213,0.0017283643798786756
05149,AR,YELL,62698.0,13429.0,12083.0,20638.0,42056.0,40,557.0,2.764457809773041,0.21418546046125872,0.1927174710517082,0.3291652046317267,0.6707709974799834
06001,CA,ALAMEDA,5757.0,3293.0,3104.0,3104.0,2461.0,55,252.0,2.2959365707924206,0.5719993051936773,0.5391697064443286,0.5391697064443286,0.4274795900642696
06005,CA,AMADOR,4862.0,2795.0,2794.0,2794.0,2065.0,35,326.0,2.145480800349419,0.5748663101604278,0.5746606334841629,0.5746606334841629,0.4247223364870424
06007,CA,BUTTE,165413.0,150984.0,72688.0,74297.0,6852.0,83,1834.0,4.622791680553368,0.912769854848168,0.4394334181714859,0.4491605859273455,0.04142358823067111
06009,CA,CALAVERAS,2013.0,1095.0,1092.0,1096.0,908.0,61,473.0,2.948512706172479,0.5439642324888226,0.5424739195230999,0.5444610034773969,0.45106805762543467
06011,CA,COLUSA,136424.0,126883.0,48980.0,49318.0,5505.0,50,688.0,4.702804780557239,0.9300636251685921,0.35902773705506363,0.3615053069841084,0.04035213745382044
06013,CA,CONTRA COSTA,6589.0,4765.0,3701.0,3701.0,1813.0,47,263.0,6.293670625869758,0.7231749886173926,0.5616937319775384,0.5616937319775384,0.27515556230080435
06015,CA,DEL NORTE,2879.0,0.0,0.0,0.0,2879.0,8,33.0,1.0,0.0,0.0,0.0,1.0
06017,CA,EL DORADO,4383.0,4160.0,2895.0,2934.0,105.0,71,1460.0,5.613662641072197,0.9491216062057951,0.6605065023956195,0.6694045174537988,0.023956194387405885
06019,CA,FRESNO,877396.0,741098.0,349133.0,387548.0,68995.0,104,6688.0,12.363164064459864,0.8446562327614897,0.39791952550501714,0.4417024923751647,0.07863610046090933
06021,CA,GLENN,162237.0,133108.0,50635.0,57507.0,19059.0,50,1212.0,6.883849927222933,0.8204540271331447,0.31210513014910285,0.35446291536455926,0.11747628469461344
06023,CA,HUMBOLDT,8896.0,238.0,205.0,981.0,7848.0,85,823.0,3.0219580701426474,0.02675359712230216,0.023044064748201438,0.11027428057553956,0.8821942446043165
06025,CA,IMPERIAL,697324.0,194176.0,173659.0,182269.0,453214.0,56,1170.0,5.419483785829548,0.27845879390355127,0.24903631597363635,0.26138351756142053,0.6499331731017433
06027,CA,INYO,6542.0,0.0,0.0,1.0,6541.0,30,79.0,1.0014969802223388,0.0,0.0,0.0001528584530724549,0.9998471415469276
06029,CA,KERN,711771.0,558955.0,209870.0,259783.0,86477.0,77,2080.0,9.87528352854425,0.7853017332821933,0.2948560702810314,0.3649811526460055,0.12149553718822487
06031,CA,KINGS,291537.0,157240.0,69001.0,124268.0,75062.0,49,1344.0,9.817969056914174,0.5393483502951598,0.23668007834340066,0.4262512133965843,0.25746989232927553
06033,CA,LAKE,10212.0,8843.0,8838.0,8859.0,1340.0,53,708.0,2.329453769517306,0.8659420289855072,0.8654524089306698,0.867508813160987,0.13121817469643557
06035,CA,LASSEN,61649.0,3535.0,2920.0,3567.0,54429.0,40,322.0,2.067429361744355,0.05734075167480413,0.0473649207610829,0.05785981929958312,0.8828853671592403
06037,CA,LOS ANGELES,16355.0,6581.0,6561.0,6573.0,9675.0,100,905.0,2.591364317499008,0.4023845918679303,0.40116172424335067,0.40189544481809847,0.5915622133904005
06039,CA,MADERA,253171.0,196909.0,63287.0,84687.0,33474.0,69,1330.0,4.2885327275823855,0.7777707557342666,0.24997728807801842,0.3345051368442673,0.13221893502810353
06041,CA,MARIN,7851.0,253.0,246.0,257.0,7577.0,66,402.0,2.1852730401730023,0.03222519424277162,0.031333588077951856,0.03273468347981149,0.965099987262769
06045,CA,MENDOCINO,27345.0,19354.0,19345.0,19378.0,7931.0,75,1207.0,2.8061778427461324,0.7077710733223624,0.7074419455110623,0.7086487474858292,0.29003474126897055
06047,CA,MERCED,504057.0,232557.0,64638.0,171994.0,141099.0,86,2586.0,8.214171676184796,0.46137044024782914,0.12823549717591462,0.34121934622473254,0.2799266749593796
06049,CA,MODOC,124049.0,3241.0,3239.0,5475.0,118427.0,53,444.0,1.4181978830535165,0.026126772485066386,0.026110649823859928,0.044135785052680794,0.9546791993486445
06051,CA,MONO,16726.0,0.0,0.0,0.0,16726.0,13,30.0,1.0,0.0,0.0,0.0,1.0
06053,CA,MONTEREY,412357.0,398405.0,378980.0,383021.0,6040.0,64,1840.0,7.855802009153479,0.9661652403136117,0.9190580007129744,0.9288577615997788,0.014647502043132529
06055,CA,NAPA,52988.0,52069.0,52058.0,52123.0,825.0,68,2152.0,1.1807405811849434,0.9826564505170982,0.9824488563448328,0.9836755491809467,0.015569562919906394
06057,CA,NEVADA,1036.0,517.0,439.0,455.0,462.0,72,892.0,11.411630741091361,0.49903474903474904,0.42374517374517373,0.4391891891891892,0.44594594594594594
06059,CA,ORANGE,1791.0,1789.0,1787.0,1789.0,0.0,61,240.0,3.568535829853036,0.9988833054159687,0.9977666108319375,0.9988833054159687,0.0
06061,CA,PLACER,8444.0,5082.0,4066.0,4081.0,3309.0,81,1130.0,4.603520935082858,0.6018474656560872,0.4815253434391284,0.4833017527238276,0.39187588820464236
06063,CA,PLUMAS,13005.0,17.0,13.0,13.0,12970.0,31,190.0,1.251615084770708,0.00130718954248366,0.0009996155324875047,0.0009996155324875047,0.9973087274125336
06065,CA,RIVERSIDE,173507.0,80967.0,80691.0,82668.0,89260.0,103,3007.0,8.8465414529596,0.4666497605283937,0.46505904660907055,0.47645339957465693,0.5144461030390705
06067,CA,SACRAMENTO,98746.0,50279.0,45722.0,61321.0,27304.0,90,1438.0,6.719969201362259,0.509175055192109,0.46302635043444795,0.6209973062199988,0.2765074028315071
06069,CA,SAN BENITO,36324.0,25977.0,23840.0,23851.0,6525.0,70,769.0,10.5926275843943,0.7151470102411629,0.6563153837683074,0.6566182138530999,0.17963330029732408
06071,CA,SAN BERNARDINO,13486.0,5103.0,4360.0,6026.0,6518.0,76,1053.0,8.074887929696915,0.37839240694053095,0.3232982352068812,0.44683375352217114,0.48331603144001184
06073,CA,SAN DIEGO,20888.0,18203.0,18054.0,18494.0,1251.0,101,5720.0,7.359851559348263,0.8714572960551513,0.8643240137878208,0.8853887399463807,0.05989084641899655
06077,CA,SAN JOAQUIN,498692.0,327723.0,166876.0,237697.0,94649.0,92,3878.0,9.470956853138825,0.6571651440167479,0.3346273852397873,0.47664089257497616,0.18979450241832635
06079,CA,SAN LUIS OBISPO,102824.0,85467.0,81746.0,82489.0,16441.0,101,2392.0,8.471281997540398,0.8311969968100833,0.7950089473274722,0.8022348867968567,0.1598945771415234
06081,CA,SAN MATEO,2030.0,759.0,411.0,555.0,1189.0,63,345.0,6.579410236691744,0.37389162561576356,0.20246305418719213,0.2733990147783251,0.5857142857142857
06083,CA,SANTA BARBARA,116845.0,106291.0,103277.0,103618.0,5547.0,89,2070.0,13.040827289469371,0.9096752107492833,0.8838803543155462,0.886798750481407,0.047473148187770126
06085,CA,SANTA CLARA,19751.0,16120.0,15710.0,15907.0,2768.0,66,874.0,11.11996854289971,0.8161612070274923,0.7954027644169915,0.8053769429395979,0.1401448027947952
06087,CA,SANTA CRUZ,17106.0,15687.0,12893.0,13993.0,0.0,92,1440.0,11.727724133207344,0.917046650298141,0.7537121477844031,0.8180170700339062,0.0
06089,CA,SHASTA,29760.0,1243.0,601.0,726.0,11745.0,70,712.0,2.6386021341178187,0.04176747311827957,0.02019489247311828,0.02439516129032258,0.3946572580645161
06091,CA,SIERRA,3191.0,16.0,14.0,17.0,3169.0,11,58.0,1.6428227445698662,0.005014102162331557,0.004387339392040113,0.00532748354747728,0.993105609526794
06093,CA,SISKIYOU,108330.0,5686.0,5683.0,7702.0,100292.0,53,487.0,1.6061678568218225,0.05248776885442629,0.05246007569463676,0.07109757223299179,0.9258007938705807
06095,CA,SOLANO,116641.0,37464.0,14665.0,18476.0,53764.0,79,987.0,7.225893244096543,0.32119066194562806,0.12572766008521874,0.15840056240944436,0.46093569156643033
06097,CA,SONOMA,103310.0,71637.0,71436.0,71989.0,30948.0,92,3976.0,2.799447621650495,0.6934178685509631,0.6914722679314684,0.6968250895363469,0.2995644177717549
06099,CA,STANISLAUS,375281.0,252259.0,21075.0,70594.0,70671.0,68,3772.0,4.827480298303147,0.6721869745603961,0.05615791899936314,0.18810970979079678,0.18831488937622742
06101,CA,SUTTER,135290.0,106594.0,69726.0,70138.0,3909.0,57,1154.0,7.375617215836653,0.7878926749944564,0.515381772488728,0.5184270825633823,0.02889348806268017
06103,CA,TEHAMA,56043.0,43811.0,5676.0,6420.0,7720.0,52,857.0,4.58044418995249,0.7817390218225291,0.10127937476580483,0.11455489534821477,0.1377513694841461
06107,CA,TULARE,620954.0,326443.0,222140.0,348636.0,153579.0,85,6017.0,12.119346088039817,0.5257120495237972,0.3577398647886961,0.5614522170724402,0.24732749929946501
06111,CA,VENTURA,91090.0,80742.0,73767.0,73855.0,1500.0,91,2888.0,11.613256170461927,0.8863980678449884,0.809825447359754,0.8107915248655176,0.01646723021187836
06113,CA,YOLO,151859.0,98091.0,52822.0,55909.0,31685.0,90,1515.0,9.828025669373439,0.6459347157560632,0.34783582138694447,0.3681638888705971,0.20864749537399824
06115,CA,YUBA,59109.0,49536.0,49431.0,50413.0,3735.0,65,814.0,2.3831901923431715,0.8380449677714054,0.8362685885398162,0.8528819638295353,0.06318834695224078
08001,CO,ADAMS,202362.0,159509.0,159509.0,160823.0,11517.0,53,542.0,3.728905093718656,0.7882359336239018,0.7882359336239018,0.7947292475860093,0.05691285913363181
08003,CO,ALAMOSA,44562.0,24678.0,24678.0,25719.0,18379.0,30,263.0,3.8839076056491897,0.5537902248552579,0.5537902248552579,0.5771509357748754,0.41243660517930075
08005,CO,ARAPAHOE,9454.0,7092.0,7092.0,7098.0,2355.0,35,199.0,2.4903026681702998,0.7501586629997884,0.7501586629997884,0.7507933149989422,0.24910090966786547
08007,CO,ARCHULETA,12178.0,0.0,0.0,6.0,11946.0,33,201.0,1.1875493211840782,0.0,0.0,0.0004926917392018393,0.9809492527508622
08009,CO,BACA,221677.0,199373.0,199373.0,199642.0,16179.0,12,365.0,4.046010413276655,0.8993851414445342,0.8993851414445342,0.9005986187110074,0.07298456763669664
08011,CO,BENT,45865.0,13678.0,13678.0,13678.0,32187.0,13,169.0,3.134797140295267,0.2982230458955631,0.2982230458955631,0.2982230458955631,0.701776954104437
08013,CO,BOULDER,23739.0,5721.0,5721.0,5988.0,17370.0,70,1278.0,3.783836331832692,0.24099582964741564,0.24099582964741564,0.25224314419309996,0.7317073170731707
08015,CO,CHAFFEE,8350.0,3.0,3.0,27.0,8313.0,40,319.0,1.1333447041900164,0.0003592814371257485,0.0003592814371257485,0.0032335329341317367,0.995568862275449
08017,CO,CHEYENNE,290692.0,249600.0,249600.0,250002.0,26037.0,12,380.0,4.145182785257354,0.8586407606676483,0.8586407606676483,0.8600236676619928,0.08956902838743412
08021,CO,CONEJOS,59848.0,5643.0,5643.0,6485.0,53353.0,20,373.0,1.764466050992487,0.09428886512498329,0.09428886512498329,0.10835783986098116,0.8914750701777837
08023,CO,COSTILLA,13722.0,2615.0,2615.0,2615.0,11107.0,26,124.0,1.7409549233413666,0.1905698877714619,0.1905698877714619,0.1905698877714619,0.8094301122285381
08025,CO,CROWLEY,2446.0,143.0,143.0,143.0,2303.0,15,48.0,1.2494665925885482,0.05846279640228945,0.05846279640228945,0.05846279640228945,0.9415372035977105
08027,CO,CUSTER,8076.0,0.0,0.0,0.0,8076.0,5,78.0,1.1777138017079367,0.0,0.0,0.0,1.0
08029,CO,DELTA,36883.0,4474.0,4474.0,7595.0,29238.0,64,1730.0,2.7839596023322235,0.12130249708537809,0.12130249708537809,0.20592142721579046,0.7927229346853564
08033,CO,DOLORES,26892.0,11805.0,11805.0,15216.0,4548.0,26,183.0,3.7275960554952996,0.4389781347612673,0.4389781347612673,0.5658188308790718,0.16912092815707275
08035,CO,DOUGLAS,4815.0,493.0,493.0,501.0,4265.0,45,288.0,2.4797451319892008,0.1023883696780893,0.1023883696780893,0.10404984423676013,0.885773624091381
08037,CO,EAGLE,12861.0,0.0,0.0,0.0,12859.0,14,162.0,1.3360147893321639,0.0,0.0,0.0,0.9998444910971153
08039,CO,ELBERT,67197.0,36499.0,36499.0,36513.0,16151.0,41,397.0,4.854474699644794,0.5431641293510127,0.5431641293510127,0.5433724719853565,0.24035299194904536
08041,CO,EL PASO,7554.0,34.0,34.0,92.0,7454.0,49,349.0,1.431778405460158,0.004500926661371459,0.004500926661371459,0.012178978024887478,0.986761980407731
08043,CO,FREMONT,7094.0,5.0,5.0,141.0,6941.0,48,557.0,1.743723290506277,0.00070482097547223,0.00070482097547223,0.019875951508316888,0.9784324781505498
08045,CO,GARFIELD,34040.0,8.0,8.0,43.0,33997.0,37,502.0,1.1467028516730822,0.00023501762632197415,0.00023501762632197415,0.001263219741480611,0.9987367802585194
08049,CO,GRAND,30844.0,0.0,0.0,0.0,30844.0,6,130.0,1.1569676805592173,0.0,0.0,0.0,1.0
08051,CO,GUNNISON,35195.0,1.0,1.0,8.0,35186.0,23,239.0,1.1225211241101425,2.841312686461145e-05,2.841312686461145e-05,0.0002273050149168916,0.9997442818582185
08055,CO,HUERFANO,4838.0,0.0,0.0,0.0,4735.0,15,107.0,1.8980650635661576,0.0,0.0,0.0,0.9787102108309219
08057,CO,JACKSON,77133.0,0.0,0.0,0.0,77133.0,5,79.0,1.0,0.0,0.0,0.0,1.0
08059,CO,JEFFERSON,2430.0,3.0,3.0,18.0,2008.0,54,382.0,2.3727647721005503,0.0012345679012345679,0.0012345679012345679,0.007407407407407408,0.8263374485596707
08061,CO,KIOWA,276107.0,245776.0,245776.0,245776.0,5923.0,11,265.0,3.520865426003659,0.8901476601462477,0.8901476601462477,0.8901476601462477,0.021451828457808023
08063,CO,KIT CARSON,459967.0,409808.0,409808.0,410965.0,30695.0,16,664.0,3.676768909771889,0.8909508725625969,0.8909508725625969,0.8934662704063553,0.06673304824041724
08067,CO,LA PLATA,39984.0,1181.0,1181.0,1333.0,38625.0,56,1004.0,1.7508816124810922,0.029536814725890356,0.029536814725890356,0.033338335334133655,0.9660114045618248
08069,CO,LARIMER,65128.0,27681.0,26578.0,27101.0,36421.0,61,1270.0,4.9190319676000405,0.42502456700651026,0.40808868689350203,0.4161190271465422,0.5592218400687876
08071,CO,LAS ANIMAS,19956.0,41.0,41.0,41.0,19913.0,17,169.0,1.3003397067565854,0.0020545199438765285,0.0020545199438765285,0.0020545199438765285,0.9978452595710563
08073,CO,LINCOLN,271174.0,170427.0,170427.0,170427.0,31591.0,7,326.0,4.192758245562168,0.6284783939463223,0.6284783939463223,0.6284783939463223,0.11649715680706853
08075,CO,LOGAN,268780.0,173586.0,171375.0,172934.0,58762.0,20,801.0,4.9846589233602385,0.6458293027755041,0.6376032442890096,0.6434035270481434,0.21862489768583973
08077,CO,MESA,39946.0,5079.0,5079.0,7807.0,31951.0,70,2387.0,2.76893195979116,0.12714664797476594,0.12714664797476594,0.19543884243729034,0.7998548039853802
08079,CO,MINERAL,1320.0,0.0,0.0,0.0,1230.0,2,14.0,1.282626949787145,0.0,0.0,0.0,0.9318181818181818
08081,CO,MOFFAT,38133.0,5109.0,5109.0,5109.0,30721.0,17,212.0,2.1894749515130965,0.1339784438675163,0.1339784438675163,0.1339784438675163,0.8056276715705557
08083,CO,MONTEZUMA,43088.0,7068.0,7068.0,9169.0,33905.0,72,981.0,2.3861154037399017,0.16403639064240624,0.16403639064240624,0.21279706646862234,0.786878017081322
08085,CO,MONTROSE,40903.0,8517.0,8517.0,10522.0,30170.0,59,1062.0,2.8719991659120927,0.20822433562330392,0.20822433562330392,0.2572427450309268,0.7375987091411388
08087,CO,MORGAN,150478.0,109187.0,107649.0,107986.0,26695.0,25,582.0,4.409931244786741,0.72560108454392,0.7153803213758821,0.7176198514068501,0.1774013477053124
08089,CO,OTERO,40674.0,9938.0,9938.0,11669.0,28885.0,22,390.0,3.531212100293114,0.24433298913310714,0.24433298913310714,0.2868908885282982,0.7101588238186557
08091,CO,OURAY,7311.0,0.0,0.0,0.0,7311.0,13,69.0,1.2207931604641085,0.0,0.0,0.0,1.0
08093,CO,PARK,6981.0,0.0,0.0,0.0,6953.0,10,94.0,2.0347418838723206,0.0,0.0,0.0,0.995989113307549
08095,CO,PHILLIPS,229989.0,194953.0,194953.0,197518.0,9297.0,16,406.0,3.342079986834154,0.8476622795003239,0.8476622795003239,0.8588149868037167,0.04042367243650783
08097,CO,PITKIN,4654.0,12.0,12.0,15.0,4635.0,33,154.0,1.73049549673286,0.002578427159432746,0.002578427159432746,0.0032230339492909325,0.9959174903308982
08099,CO,PROWERS,192389.0,114960.0,114960.0,115994.0,75698.0,13,355.0,4.254148511797153,0.5975393603584405,0.5975393603584405,0.6029138880081502,0.3934632437405465
08101,CO,PUEBLO,13113.0,3802.0,3802.0,6480.0,6527.0,34,352.0,5.5375503219690865,0.2899412796461527,0.2899412796461527,0.49416609471516815,0.4977503241058492
08103,CO,RIO BLANCO,20374.0,0.0,0.0,0.0,20371.0,10,199.0,1.3814236336019865,0.0,0.0,0.0,0.9998527535093747
08105,CO,RIO GRANDE,55993.0,12998.0,12998.0,13134.0,41207.0,36,493.0,2.5038416916166657,0.2321361598771275,0.2321361598771275,0.23456503491507866,0.7359312771239263
08107,CO,ROUTT,72447.0,2.0,2.0,14.0,71905.0,32,700.0,1.4347152945681645,2.7606388118210554e-05,2.7606388118210554e-05,0.00019324471682747387,0.992518668819965
08109,CO,SAGUACHE,61324.0,12407.0,12407.0,12409.0,46445.0,50,279.0,3.0820599323397198,0.20231883112647578,0.20231883112647578,0.202351444785076,0.7573706868436502
08113,CO,SAN MIGUEL,4552.0,741.0,741.0,743.0,3807.0,21,65.0,1.5710987327361285,0.16278558875219684,0.16278558875219684,0.1632249560632689,0.836335676625659
08115,CO,SEDGWICK,96438.0,84617.0,84617.0,87416.0,3579.0,11,188.0,3.323364987265,0.877423837076671,0.877423837076671,0.9064476658578569,0.037111926833820696
08117,CO,SUMMIT,2033.0,0.0,0.0,0.0,2026.0,5,46.0,1.1683567554288674,0.0,0.0,0.0,0.9965568125922283
08119,CO,TELLER,1084.0,1.0,1.0,2.0,1077.0,21,60.0,1.279728078486894,0.0009225092250922509,0.0009225092250922509,0.0018450184501845018,0.9935424354243543
08121,CO,WASHINGTON,440436.0,291574.0,289960.0,291093.0,41697.0,14,785.0,4.335287030002691,0.6620121879228764,0.6583476373411801,0.6609200882761627,0.09467209764869357
08123,CO,WELD,417009.0,261202.0,252675.0,259515.0,133253.0,68,2562.0,5.61925021569595,0.626370174264824,0.6059221743415609,0.6223246980281001,0.31954466210561405
08125,CO,YUMA,347420.0,298640.0,295112.0,309788.0,23001.0,15,784.0,3.734751237833822,0.8595935754993955,0.8494387197052559,0.8916815381958436,0.06620516953543262
09001,CT,FAIRFIELD,2328.0,0.0,0.0,339.0,1373.0,60,736.0,5.104554534820708,0.0,0.0,0.14561855670103094,0.5897766323024055
09003,CT,HARTFORD,16449.0,0.0,0.0,6843.0,6191.0,77,1874.0,8.396699748929702,0.0,0.0,0.41601313149735547,0.37637546355401547
09005,CT,LITCHFIELD,30495.0,0.0,0.0,4718.0,25095.0,75,1940.0,3.5003143722929013,0.0,0.0,0.15471388752254467,0.8229217904574521
09007,CT,MIDDLESEX,4277.0,0.0,0.0,525.0,3343.0,60,616.0,4.079795730756686,0.0,0.0,0.12274959083469722,0.7816226326864625
09009,CT,NEW HAVEN,7355.0,0.0,0.0,1639.0,5150.0,71,1345.0,5.310642803990275,0.0,0.0,0.2228416043507818,0.7002039428959891
09011,CT,NEW LONDON,22055.0,0.0,0.0,7188.0,14153.0,70,1617.0,4.016508397901305,0.0,0.0,0.3259124914985264,0.6417138970754931
09013,CT,TOLLAND,14426.0,0.0,0.0,6196.0,7424.0,54,892.0,4.85031592608161,0.0,0.0,0.42950228753639264,0.5146263690558713
09015,CT,WINDHAM,20181.0,0.0,0.0,6071.0,13444.0,66,1399.0,3.7675542030661733,0.0,0.0,0.30082751102522176,0.6661711510827015
10001,DE,KENT,168209.0,135228.0,0.0,165118.0,3036.0,61,1195.0,3.7069614493412057,0.8039284461592424,0.0,0.9816240510317522,0.018048974787318157
10003,DE,NEW CASTLE,69188.0,53719.0,0.0,65123.0,4017.0,51,442.0,3.755000688448389,0.776420766606926,0.0,0.9412470370584495,0.058059201017517485
10005,DE,SUSSEX,215071.0,180509.0,0.0,212740.0,2285.0,60,1517.0,3.750334484412248,0.8392995801386519,0.0,0.9891617186882471,0.010624398454463875
12001,FL,ALACHUA,40919.0,3532.0,2404.0,9160.0,28173.0,81,1435.0,4.40001294448387,0.08631686991373201,0.05875021383709279,0.22385688799824044,0.6885065617439331
12003,FL,BAKER,1808.0,29.0,8.0,170.0,1598.0,35,171.0,2.546130280419909,0.016039823008849558,0.004424778761061947,0.09402654867256637,0.8838495575221239
12005,FL,BAY,2661.0,22.0,22.0,30.0,2626.0,8,59.0,1.433945912731694,0.008267568583239383,0.008267568583239383,0.011273957158962795,0.9868470499812101
12007,FL,BRADFORD,6450.0,24.0,24.0,25.0,6408.0,17,228.0,1.9879452562105664,0.0037209302325581397,0.0037209302325581397,0.003875968992248062,0.9934883720930232
12009,FL,BREVARD,3825.0,253.0,201.0,230.0,3369.0,47,511.0,3.4150227165905815,0.0661437908496732,0.05254901960784314,0.06013071895424837,0.8807843137254902
12013,FL,CALHOUN,26671.0,13528.0,12913.0,24807.0,1786.0,18,127.0,2.888338171825802,0.5072175771437142,0.4841588241910689,0.930111356904503,0.06696411833077125
12015,FL,CHARLOTTE,8368.0,7200.0,7200.0,7201.0,548.0,44,160.0,3.3334908625701214,0.8604206500956023,0.8604206500956023,0.8605401529636711,0.06548757170172084
12017,FL,CITRUS,6273.0,74.0,44.0,546.0,5684.0,35,220.0,2.157187874749581,0.011796588554120834,0.007014187788936713,0.08703969392635102,0.9061055316435517
12021,FL,COLLIER,22691.0,20594.0,20426.0,21269.0,1350.0,44,280.0,3.736966911756565,0.9075845048697722,0.9001806883786523,0.9373319818430215,0.05949495394649861
12023,FL,COLUMBIA,21979.0,2201.0,1967.0,4769.0,16965.0,51,563.0,3.0692399093584264,0.1001410437235543,0.08949451749397151,0.21697984439692433,0.7718731516447518
12027,FL,DE SOTO,57684.0,47153.0,46781.0,47643.0,9912.0,44,421.0,2.94819102561582,0.8174363775050274,0.8109874488593024,0.8259309340545038,0.17183274391512376
12029,FL,DIXIE,3668.0,4.0,4.0,62.0,3606.0,17,68.0,2.1519413703605363,0.0010905125408942203,0.0010905125408942203,0.016902944383860415,0.9830970556161396
12031,FL,DUVAL,1068.0,80.0,12.0,38.0,939.0,59,432.0,3.5217270416741737,0.0749063670411985,0.011235955056179775,0.035580524344569285,0.8792134831460674
12033,FL,ESCAMBIA,43029.0,13390.0,12960.0,37480.0,5118.0,47,437.0,3.537512577684792,0.3111854795602965,0.301192219201004,0.8710404610843849,0.11894303841595204
12035,FL,FLAGLER,4118.0,1929.0,1929.0,3279.0,839.0,12,41.0,2.8537649890364087,0.46843127731908696,0.46843127731908696,0.7962603205439533,0.20373967945604662
12039,FL,GADSDEN,5769.0,133.0,90.0,371.0,5178.0,51,405.0,2.7215146877129586,0.023054255503553476,0.015600624024960999,0.06430923903622812,0.8975559022360895
12041,FL,GILCHRIST,37828.0,10326.0,10292.0,25577.0,12198.0,33,346.0,5.849745954434391,0.2729724013957915,0.2720735962778894,0.6761393676641642,0.32245955376969443
12043,FL,GLADES,25842.0,1825.0,1808.0,1824.0,3159.0,30,166.0,2.6532410309324566,0.07062146892655367,0.0699636251064159,0.07058277223125145,0.12224286045971675
12047,FL,HAMILTON,10895.0,3795.0,3618.0,5278.0,5595.0,45,266.0,4.603539772350214,0.3483249196879302,0.3320789352914181,0.48444240477283157,0.5135383203304268
12049,FL,HARDEE,53370.0,42066.0,42066.0,42642.0,10710.0,36,504.0,2.7779578825808433,0.7881956155143339,0.7881956155143339,0.7989881956155144,0.20067453625632378
12051,FL,HENDRY,205149.0,74637.0,74632.0,74637.0,1742.0,45,336.0,2.931062383061976,0.36381849290028223,0.36379412037104736,0.36381849290028223,0.008491389185421328
12053,FL,HERNANDO,10595.0,56.0,17.0,168.0,10376.0,67,473.0,1.456785541123227,0.0052855120339782916,0.001604530438886267,0.015856536101934875,0.9793298725814064
12055,FL,HIGHLANDS,12411.0,1.0,1.0,1.0,12368.0,45,393.0,1.7336966031793035,8.057368463459834e-05,8.057368463459834e-05,8.057368463459834e-05,0.9965353315607123
12057,FL,HILLSBOROUGH,34754.0,17713.0,17598.0,18763.0,15559.0,75,1128.0,5.643847386367993,0.5096679518904299,0.5063589802612649,0.5398803015480232,0.44768947459285263
12059,FL,HOLMES,20318.0,7180.0,4494.0,11654.0,8262.0,33,411.0,6.069371296190958,0.3533812383108574,0.22118318732158676,0.5735800767792105,0.40663451127079436
12061,FL,INDIAN RIVER,25062.0,23140.0,23127.0,24031.0,924.0,40,270.0,2.687256716362374,0.923310190726997,0.922791477136701,0.9588620221849813,0.03686856595642806
12063,FL,JACKSON,94118.0,39751.0,35065.0,75867.0,17871.0,50,895.0,6.076335903561742,0.42235279117703306,0.37256422788414545,0.8060838521855543,0.1898786629550139
12065,FL,JEFFERSON,13065.0,3117.0,1457.0,4987.0,7988.0,51,511.0,5.154437490548972,0.2385763490241102,0.11151932644469958,0.3817068503635668,0.6114045158821279
12067,FL,LAFAYETTE,22991.0,2774.0,2774.0,13753.0,9170.0,22,172.0,5.1506983400038395,0.12065590883389152,0.12065590883389152,0.5981905963202993,0.3988517245878822
12069,FL,LAKE,27301.0,5242.0,5172.0,5824.0,21222.0,75,1120.0,3.6740777790385146,0.19200761876854328,0.18944361012417127,0.2133255192117505,0.7773341635837515
12071,FL,LEE,17936.0,6808.0,4723.0,13716.0,3135.0,64,545.0,6.254822220569411,0.37957181088314007,0.2633251561106155,0.7647190008920607,0.17478813559322035
12073,FL,LEON,6940.0,16.0,15.0,1569.0,5365.0,52,327.0,2.7527978313718564,0.0023054755043227667,0.002161383285302594,0.2260806916426513,0.7730547550432276
12075,FL,LEVY,49902.0,22822.0,22790.0,25125.0,23981.0,32,438.0,3.947081410129158,0.45733637930343474,0.4566951224399824,0.5034868341950223,0.48056190132660015
12079,FL,MADISON,33464.0,12563.0,10523.0,20376.0,12881.0,34,377.0,4.213404712717377,0.37541836002868756,0.3144573272770739,0.6088931388955295,0.38492110925173323
12081,FL,MANATEE,23486.0,14550.0,14457.0,16206.0,7167.0,61,519.0,5.167527848895232,0.6195180107297965,0.6155582048880184,0.6900281018479094,0.3051605211615431
12083,FL,MARION,33761.0,6059.0,5828.0,6383.0,26660.0,74,1270.0,4.223403703761137,0.17946743283670508,0.17262521844732087,0.18906430496726992,0.789668552471787
12085,FL,MARTIN,8791.0,19.0,6.0,11.0,8446.0,39,193.0,1.3882930675201375,0.002161301330906609,0.0006825162097599818,0.0012512797178933,0.9607553179388011
12086,FL,MIAMI-DADE,21431.0,15335.0,11119.0,15524.0,83.0,75,3889.0,9.377495314223795,0.7155522374130932,0.5188278661751669,0.7243712379263684,0.0038728944053007326
12089,FL,NASSAU,1927.0,10.0,9.0,31.0,1893.0,30,188.0,2.2058030036257024,0.005189413596263622,0.00467047223663726,0.01608718214841723,0.9823559937727037
12091,FL,OKALOOSA,8850.0,1493.0,751.0,4746.0,3783.0,45,414.0,5.377550721042887,0.1687005649717514,0.08485875706214689,0.536271186440678,0.42745762711864405
12093,FL,OKEECHOBEE,30111.0,1358.0,1356.0,2245.0,27864.0,29,188.0,2.5403534308129117,0.04509979741622663,0.04503337650692438,0.07455747069177376,0.925376108398924
12095,FL,ORANGE,4708.0,1488.0,1484.0,1662.0,3030.0,61,475.0,3.455941864317463,0.3160577740016992,0.31520815632965166,0.3530161427357689,0.6435853865760408
12097,FL,OSCEOLA,13000.0,4.0,0.0,170.0,12789.0,30,194.0,1.9809556727028501,0.0003076923076923077,0.0,0.013076923076923076,0.9837692307692307
12099,FL,PALM BEACH,332217.0,73875.0,70147.0,90264.0,316.0,71,1080.0,3.10574035304206,0.2223697161794851,0.21114813510446484,0.2717019297627755,0.0009511855203075099
12101,FL,PASCO,21712.0,1703.0,1699.0,2076.0,19018.0,46,525.0,2.445843442292181,0.07843588798820929,0.07825165806927045,0.09561532792925571,0.8759211495946941
12103,FL,PINELLAS,1151.0,184.0,179.0,1060.0,81.0,37,125.0,3.2325101146704327,0.15986099044309296,0.15551694178974804,0.9209383145091226,0.07037358818418767
12105,FL,POLK,81031.0,59680.0,59657.0,61902.0,18833.0,75,1302.0,3.012675574651142,0.7365082499290395,0.7362244079426392,0.7639298540064914,0.23241722303809653
12107,FL,PUTNAM,7884.0,463.0,456.0,3824.0,4044.0,52,343.0,3.4985607712130764,0.05872653475393201,0.0578386605783866,0.4850329781836631,0.512937595129376
12109,FL,ST. JOHNS,8852.0,2744.0,2744.0,8516.0,216.0,28,116.0,3.4398860530884487,0.30998644374152734,0.30998644374152734,0.9620424762765477,0.024401265250790782
12111,FL,ST. LUCIE,18139.0,15065.0,15064.0,17228.0,894.0,41,194.0,2.020435018288147,0.8305309002701362,0.8304757704393847,0.9497767241854568,0.04928606869176912
12113,FL,SANTA ROSA,46533.0,19435.0,18533.0,42409.0,3719.0,45,675.0,3.7142746947995944,0.41766058496121033,0.3982764919519481,0.9113747233146369,0.07992177594395375
12115,FL,SARASOTA,7646.0,13.0,5.0,405.0,7220.0,58,374.0,2.1225065539228387,0.0017002354172116138,0.0006539366989275438,0.052968872613131046,0.9442845932513733
12119,FL,SUMTER,13457.0,382.0,328.0,834.0,12532.0,60,477.0,2.154977579076598,0.028386713234747715,0.024373931782715314,0.0619751802036115,0.9312625399420376
12121,FL,SUWANNEE,61752.0,9992.0,9463.0,17757.0,43772.0,57,718.0,3.54944282096287,0.1618085244202617,0.15324200025910092,0.28755343956471047,0.7088353413654619
12123,FL,TAYLOR,1374.0,240.0,240.0,284.0,1016.0,18,113.0,2.572309392052659,0.17467248908296942,0.17467248908296942,0.2066957787481805,0.7394468704512372
12125,FL,UNION,7004.0,302.0,2.0,482.0,6522.0,35,170.0,1.5720409357499876,0.043118218161050825,0.00028555111364934324,0.06881781838949172,0.9311821816105083
12127,FL,VOLUSIA,5677.0,537.0,484.0,537.0,5038.0,66,594.0,2.1372847607311996,0.09459221419763959,0.08525629734014445,0.09459221419763959,0.887440549586049
12129,FL,WAKULLA,1192.0,25.0,13.0,69.0,1105.0,42,247.0,2.250103704886118,0.02097315436241611,0.010906040268456376,0.057885906040268456,0.927013422818792
12131,FL,WALTON,17305.0,3824.0,2707.0,7170.0,9684.0,54,662.0,5.068465776008163,0.2209765963594337,0.15642877780988154,0.4143311181739382,0.5596070499855533
12133,FL,WASHINGTON,9594.0,2334.0,1802.0,4344.0,5148.0,32,231.0,4.6548587958772005,0.24327704815509693,0.18782572441109027,0.4527829893683552,0.5365853658536586
13001,GA,APPLING,58907.0,46253.0,40293.0,43822.0,12075.0,34,499.0,5.462510232989145,0.7851868199025582,0.6840103892576435,0.7439183798190367,0.2049841275230448
13003,GA,ATKINSON,34851.0,31778.0,30847.0,30847.0,3073.0,21,205.0,4.060346848029831,0.9118246248314252,0.8851109006915153,0.8851109006915153,0.0881753751685748
13005,GA,BACON,30527.0,22612.0,21730.0,22038.0,7281.0,33,368.0,5.462173569209749,0.7407213286598748,0.7118288728011268,0.7219183018311659,0.2385101713237462
13007,GA,BAKER,35918.0,34256.0,33958.0,34182.0,1662.0,16,159.0,3.5538991235368185,0.9537279358538894,0.9454312600924327,0.9516676875104404,0.046272064146110584
13009,GA,BALDWIN,3843.0,0.0,0.0,0.0,3843.0,16,73.0,1.1880178505476768,0.0,0.0,0.0,1.0
13011,GA,BANKS,8216.0,400.0,400.0,400.0,7508.0,22,237.0,2.0240381079603447,0.04868549172346641,0.04868549172346641,0.04868549172346641,0.9138266796494645
13013,GA,BARROW,3666.0,15.0,12.0,12.0,3649.0,34,254.0,1.4138024507956124,0.004091653027823241,0.0032733224222585926,0.0032733224222585926,0.9953627932351337
13015,GA,BARTOW,19209.0,8503.0,6018.0,8502.0,10667.0,28,314.0,3.742112700620759,0.4426570878234161,0.31329064501015147,0.44260502889270653,0.555312613878911
13017,GA,BEN HILL,12075.0,11422.0,10575.0,10575.0,653.0,21,129.0,4.032713648087193,0.9459213250517599,0.8757763975155279,0.8757763975155279,0.05407867494824017
13019,GA,BERRIEN,55166.0,51588.0,44558.0,45507.0,2351.0,37,482.0,4.945277946885728,0.9351412101656817,0.8077076460138491,0.8249102708189827,0.04261682920639524
13023,GA,BLECKLEY,13267.0,11356.0,9739.0,11356.0,1911.0,21,147.0,4.561004651513064,0.8559583930052008,0.7340770332403709,0.8559583930052008,0.14404160699479912
13025,GA,BRANTLEY,3629.0,1443.0,1443.0,1453.0,2176.0,19,137.0,3.4389930126542625,0.3976302011573436,0.3976302011573436,0.40038578120694407,0.599614218793056
13027,GA,BROOKS,100928.0,97232.0,79741.0,94667.0,3485.0,40,496.0,4.808695714364775,0.9633798351299937,0.7900780754597336,0.9379656785034877,0.03452956563094483
13029,GA,BRYAN,3780.0,649.0,357.0,653.0,3126.0,12,64.0,1.8351916772639947,0.1716931216931217,0.09444444444444444,0.17275132275132274,0.8269841269841269
13031,GA,BULLOCH,101501.0,96234.0,88744.0,95286.0,4432.0,34,568.0,3.5410348680906933,0.9481088856267426,0.8743165091969537,0.9387690761667373,0.04366459443749322
13033,GA,BURKE,97315.0,88482.0,81576.0,87632.0,7999.0,42,586.0,5.223969341527593,0.9092329034578431,0.8382674818887119,0.900498381544469,0.08219698915891692
13035,GA,BUTTS,2138.0,0.0,0.0,0.0,2138.0,24,111.0,1.4371382612409314,0.0,0.0,0.0,1.0
13037,GA,CALHOUN,61772.0,58653.0,53607.0,56107.0,3119.0,19,207.0,4.47660907006517,0.9495078676422974,0.8678203716894386,0.9082917826847116,0.050492132357702516
13043,GA,CANDLER,22883.0,16357.0,15147.0,15538.0,6522.0,27,311.0,3.9844615483245005,0.7148101210505615,0.6619324389284622,0.6790193593497356,0.28501507669448933
13045,GA,CARROLL,18186.0,3726.0,2265.0,3787.0,14368.0,57,745.0,2.507426654482611,0.2048828769383042,0.12454635433850214,0.20823710546574287,0.7900582865940834
13047,GA,CATOOSA,3920.0,99.0,53.0,154.0,3685.0,31,205.0,1.7485179262616075,0.025255102040816328,0.013520408163265307,0.039285714285714285,0.9400510204081632
13049,GA,CHARLTON,1082.0,34.0,24.0,24.0,1048.0,8,49.0,1.1719763717592138,0.031423290203327174,0.022181146025878003,0.022181146025878003,0.9685767097966729
13055,GA,CHATTOOGA,11634.0,3439.0,2785.0,3439.0,7993.0,35,269.0,2.792724756152115,0.29559910606842016,0.23938456248925563,0.29559910606842016,0.6870379920921437
13057,GA,CHEROKEE,5379.0,251.0,250.0,259.0,5118.0,52,269.0,1.3145148025325704,0.0466629485034393,0.046477040342071015,0.048150213794385575,0.9514779698828778
13061,GA,CLAY,17375.0,16690.0,14827.0,16687.0,685.0,11,60.0,3.87052683610117,0.9605755395683453,0.8533525179856115,0.9604028776978417,0.03942446043165468
13065,GA,CLINCH,6764.0,6700.0,6638.0,6638.0,64.0,9,101.0,1.5819386343174358,0.9905381431105854,0.9813719692489651,0.9813719692489651,0.009461856889414548
13069,GA,COFFEE,80044.0,75767.0,73144.0,74755.0,3761.0,37,453.0,3.883149248336162,0.9465668882114837,0.913797411423717,0.9339238418869622,0.04698665733846385
13071,GA,COLQUITT,115619.0,107504.0,96201.0,104185.0,4531.0,37,493.0,6.3907651053733,0.9298125740578971,0.8320518253920204,0.9011062195659882,0.03918906062152414
13073,GA,COLUMBIA,2318.0,13.0,8.0,14.0,2296.0,37,247.0,1.2410750524390577,0.0056082830025884385,0.003451251078515962,0.0060396893874029335,0.9905090595340811
13075,GA,COOK,38765.0,37638.0,33875.0,36928.0,1042.0,21,253.0,4.204250855275987,0.9709273829485361,0.8738552818263898,0.9526118921707726,0.02687991745130917
13077,GA,COWETA,10736.0,579.0,90.0,598.0,10134.0,30,253.0,1.5617457438893805,0.05393070044709389,0.00838301043219076,0.055700447093889716,0.9439269746646796
13079,GA,CRAWFORD,4774.0,2536.0,10.0,92.0,2237.0,23,117.0,2.6881495328590237,0.5312107247591119,0.0020946795140343527,0.019271051529116047,0.46857980728948473
13081,GA,CRISP,75710.0,70161.0,64100.0,69128.0,3515.0,15,195.0,3.7846681047796658,0.9267071721040814,0.846651697265883,0.9130630035662396,0.04642715625412759
13083,GA,DADE,4390.0,315.0,314.0,324.0,4065.0,39,165.0,1.8985455680979069,0.07175398633257403,0.07152619589977222,0.07380410022779044,0.9259681093394078
13085,GA,DAWSON,2273.0,261.0,261.0,266.0,2003.0,21,116.0,2.0019009354046036,0.11482622085349758,0.11482622085349758,0.11702595688517378,0.8812142542894853
13087,GA,DECATUR,101444.0,95844.0,91025.0,96288.0,2761.0,32,323.0,5.664612528084032,0.9447971294507315,0.8972930878119948,0.949173928472852,0.027216986711880446
13091,GA,DODGE,17970.0,13935.0,13574.0,13581.0,3214.0,48,379.0,4.550384347280974,0.7754590984974958,0.755370061213133,0.7557595993322204,0.1788536449638286
13093,GA,DOOLY,137294.0,134018.0,122295.0,131509.0,3262.0,36,401.0,2.849885036509036,0.976138797034102,0.8907526913047912,0.9578641455562515,0.023759232013052283
13095,GA,DOUGHERTY,11263.0,10794.0,1472.0,1490.0,451.0,23,107.0,1.7535418068468123,0.9583592293349906,0.13069342093580752,0.13229157418094648,0.04004261741987037
13097,GA,DOUGLAS,1626.0,4.0,4.0,11.0,1614.0,30,168.0,1.5021520001295292,0.0024600246002460025,0.0024600246002460025,0.006765067650676507,0.992619926199262
13099,GA,EARLY,57429.0,53062.0,49880.0,53333.0,4044.0,30,351.0,4.3125661753685325,0.9239582789183165,0.8685507322084661,0.9286771491755037,0.07041738494488847
13101,GA,ECHOLS,5618.0,3881.0,3259.0,3802.0,1737.0,22,88.0,5.724530079818612,0.6908152367390531,0.5800996796012816,0.6767532929868281,0.30918476326094696
13103,GA,EFFINGHAM,16673.0,12100.0,11659.0,12069.0,4569.0,30,152.0,4.403653374211164,0.7257242247945781,0.6992742757752054,0.7238649313260961,0.2740358663707791
13105,GA,ELBERT,15618.0,5899.0,331.0,5882.0,9719.0,22,274.0,3.8741154472648502,0.3777052119349469,0.02119349468561916,0.37661672429248305,0.6222947880650531
13107,GA,EMANUEL,34476.0,30986.0,23261.0,29419.0,3250.0,41,353.0,5.1447391384513015,0.8987701589511544,0.6747012414433229,0.8533182503770739,0.0942684766214178
13109,GA,EVANS,15703.0,11260.0,10329.0,10452.0,4443.0,17,151.0,5.489376220637623,0.7170604343119149,0.6577724001783098,0.6656052983506336,0.2829395656880851
13111,GA,FANNIN,2528.0,34.0,33.0,36.0,2487.0,28,184.0,1.7454734397140805,0.013449367088607595,0.01305379746835443,0.014240506329113924,0.9837816455696202
13115,GA,FLOYD,17051.0,8627.0,6788.0,8632.0,8413.0,50,467.0,3.2151548008288096,0.5059527300451586,0.39809981819248136,0.5062459679784177,0.49340214650167147
13117,GA,FORSYTH,3187.0,14.0,12.0,19.0,3101.0,35,187.0,1.504527997321487,0.004392845936617509,0.0037652965171007216,0.005961719485409476,0.9730153749607782
13119,GA,FRANKLIN,14976.0,3846.0,1916.0,3850.0,11126.0,21,413.0,3.3200330383214443,0.2568108974358974,0.12793803418803418,0.25707799145299143,0.7429220085470085
13123,GA,GILMER,5343.0,1793.0,585.0,1808.0,3530.0,31,222.0,3.738161498681186,0.33557926258656184,0.10948905109489052,0.33838667415309753,0.6606775219913906
13125,GA,GLASCOCK,3230.0,558.0,160.0,558.0,2522.0,14,54.0,3.551050938478712,0.17275541795665636,0.04953560371517028,0.17275541795665636,0.7808049535603715
13129,GA,GORDON,18547.0,2562.0,2561.0,2562.0,15960.0,42,452.0,1.8370777694663476,0.13813554752790208,0.13808163045236427,0.13813554752790208,0.8605165255836523
13131,GA,GRADY,34357.0,28410.0,25276.0,26854.0,5787.0,41,354.0,5.367745912660193,0.8269057251797305,0.7356870506738074,0.7816165555781937,0.16843729079954595
13133,GA,GREENE,5375.0,45.0,0.0,15.0,5302.0,22,160.0,1.6357887957979333,0.008372093023255815,0.0,0.0027906976744186047,0.9864186046511628
13137,GA,HABERSHAM,6826.0,1537.0,1132.0,1552.0,5274.0,42,312.0,2.5339106320558376,0.22516847348373864,0.16583650747143275,0.22736595370641663,0.7726340462935833
13139,GA,HALL,9222.0,849.0,846.0,905.0,8289.0,24,346.0,1.921352442350653,0.09206245933636956,0.09173715029277814,0.09813489481674258,0.8988288874430709
13141,GA,HANCOCK,4249.0,169.0,127.0,241.0,3801.0,27,148.0,2.4642059080608387,0.03977406448576135,0.029889385737820663,0.056719228053659684,0.8945634266886326
13143,GA,HARALSON,4891.0,113.0,107.0,116.0,4715.0,37,274.0,1.7424361558816253,0.023103659783275405,0.021876916785933346,0.02371703128194643,0.964015538744633
13145,GA,HARRIS,3642.0,23.0,22.0,22.0,3615.0,34,182.0,1.4603098976642215,0.006315211422295442,0.0060406370126304225,0.0060406370126304225,0.9925864909390445
13147,GA,HART,28375.0,19311.0,7807.0,19277.0,9064.0,27,401.0,5.218676283261039,0.6805638766519824,0.275136563876652,0.6793656387665198,0.31943612334801763
13149,GA,HEARD,4274.0,79.0,61.0,61.0,4180.0,26,195.0,1.7059971824633593,0.018483855872718766,0.014272344408048667,0.014272344408048667,0.9780065512400562
13151,GA,HENRY,2807.0,855.0,12.0,832.0,1852.0,42,223.0,2.8977733694779717,0.30459565372283576,0.004275026718916993,0.2964018525115782,0.6597791236195226
13153,GA,HOUSTON,20394.0,15603.0,9517.0,12210.0,4780.0,42,272.0,4.834248944206954,0.7650779641070903,0.46665685986074334,0.598705501618123,0.2343826615671276
13155,GA,IRWIN,60675.0,57981.0,52010.0,56322.0,1752.0,26,357.0,4.3087216283157,0.9555995055624228,0.8571899464359292,0.9282571075401731,0.02887515451174289
13157,GA,JACKSON,12720.0,84.0,65.0,75.0,12516.0,41,437.0,1.704993495999692,0.006603773584905661,0.005110062893081761,0.00589622641509434,0.9839622641509433
13159,GA,JASPER,7663.0,933.0,833.0,934.0,6728.0,33,262.0,2.1071781933767944,0.12175388229153074,0.1087041628604985,0.12188437948584105,0.8779851233198486
13161,GA,JEFF DAVIS,25340.0,24427.0,24306.0,24330.0,888.0,19,149.0,3.061410425745364,0.9639700078926599,0.9591949486977112,0.9601420678768745,0.03504340962904499
13163,GA,JEFFERSON,70681.0,62517.0,44528.0,60587.0,6205.0,33,377.0,6.6431182109082645,0.8844951259885967,0.6299854274840481,0.8571893436708592,0.08778879755521286
13165,GA,JENKINS,24392.0,20473.0,19941.0,19969.0,2518.0,27,276.0,4.094885757706412,0.8393325680551,0.8175221384060347,0.8186700557559856,0.10323056739914727
13167,GA,JOHNSON,20071.0,14122.0,9745.0,14084.0,4603.0,26,181.0,6.923206498308433,0.7036022121468786,0.4855263813462209,0.7017089332868317,0.22933585770514672
13169,GA,JONES,3573.0,62.0,2.0,2.0,3506.0,21,115.0,1.1062533482269856,0.017352364959417856,0.000559753708368318,0.000559753708368318,0.9812482507696614
13171,GA,LAMAR,11271.0,6878.0,2.0,6656.0,3987.0,39,151.0,3.8761979316399926,0.6102386656019874,0.00017744654422855114,0.5905420991926182,0.35373968591961674
13173,GA,LANIER,17473.0,16450.0,16450.0,16937.0,515.0,26,151.0,3.6775765095516633,0.9414525267555657,0.9414525267555657,0.9693241000400619,0.029474045670463
13175,GA,LAURENS,37774.0,29578.0,21572.0,29830.0,7552.0,49,576.0,7.1598687956258615,0.7830253613596654,0.5710806374755123,0.7896966167204956,0.19992587494043523
13177,GA,LEE,45627.0,44152.0,33371.0,44510.0,1115.0,30,196.0,5.267161789445747,0.9676726499660289,0.7313871172770509,0.9755188813641046,0.024437284940934095
13181,GA,LINCOLN,3573.0,5.0,5.0,5.0,3568.0,15,84.0,1.8472039852196294,0.001399384270920795,0.001399384270920795,0.001399384270920795,0.9986006157290792
13183,GA,LONG,4045.0,3553.0,2659.0,3553.0,492.0,11,82.0,5.735227047889337,0.8783683559950556,0.657354758961681,0.8783683559950556,0.12163164400494438
13185,GA,LOWNDES,21367.0,17275.0,13689.0,15042.0,4047.0,37,359.0,6.347654302653961,0.8084897271493424,0.6406608321243038,0.7039827771797632,0.1894042214630037
13187,GA,LUMPKIN,6650.0,654.0,647.0,756.0,5861.0,54,355.0,2.1699937747951146,0.09834586466165414,0.09729323308270676,0.11368421052631579,0.8813533834586467
13189,GA,MCDUFFIE,6461.0,618.0,413.0,604.0,5824.0,21,170.0,2.4682406535390746,0.09565082804519424,0.06392199349945829,0.09348398080792447,0.9014084507042254
13193,GA,MACON,59598.0,55902.0,41538.0,46869.0,3696.0,24,223.0,5.7391411830794405,0.937984496124031,0.696969696969697,0.7864190073492399,0.06201550387596899
13195,GA,MADISON,15722.0,3039.0,206.0,3024.0,12663.0,63,566.0,2.3704246818752157,0.1932960183182801,0.013102658694822541,0.1923419412288513,0.8054318788958148
13197,GA,MARION,11702.0,6014.0,4195.0,6014.0,5688.0,14,124.0,4.853211585549469,0.5139292428644676,0.35848572893522473,0.5139292428644676,0.4860707571355324
13199,GA,MERIWETHER,11075.0,391.0,391.0,423.0,10584.0,24,233.0,1.4625701252554557,0.03530474040632054,0.03530474040632054,0.0381941309255079,0.9556659142212189
13201,GA,MILLER,79833.0,76714.0,76345.0,76714.0,3119.0,14,287.0,3.4901491149435295,0.9609309433442311,0.9563087946087457,0.9609309433442311,0.039069056655768916
13205,GA,MITCHELL,121295.0,116116.0,98828.0,99858.0,4315.0,41,518.0,5.080201200062668,0.9573024444536048,0.8147738983470052,0.8232655921513665,0.035574425986231915
13207,GA,MONROE,11546.0,6701.0,223.0,6694.0,4845.0,26,176.0,2.635307992135399,0.5803741555517062,0.019314048155205266,0.5797678849818119,0.41962584444829376
13209,GA,MONTGOMERY,9286.0,8296.0,6851.0,6997.0,984.0,28,166.0,5.592913771242343,0.8933878957570536,0.7377772991600259,0.7534998923110058,0.1059659702778376
13211,GA,MORGAN,20602.0,4904.0,3055.0,4832.0,15657.0,42,430.0,2.9122403622981734,0.23803514221920202,0.14828657411901758,0.23454033588971945,0.7599747597320649
13213,GA,MURRAY,10402.0,3903.0,1630.0,3903.0,6496.0,12,160.0,3.1199870684329274,0.375216304556816,0.15670063449336666,0.375216304556816,0.6244952893674294
13217,GA,NEWTON,4932.0,203.0,113.0,117.0,4605.0,47,255.0,2.0251752692262452,0.04115977291159773,0.022911597729115978,0.023722627737226276,0.933698296836983
13219,GA,OCONEE,4266.0,3.0,2.0,36.0,4229.0,34,175.0,1.2247745030917403,0.0007032348804500703,0.00046882325363338024,0.008438818565400843,0.9913267698077824
13221,GA,OGLETHORPE,11127.0,1771.0,53.0,1710.0,9333.0,58,419.0,2.666069773978438,0.1591623977711872,0.00476318864024445,0.15368023726071717,0.8387705581019143
13223,GA,PAULDING,2766.0,51.0,42.0,80.0,2674.0,42,270.0,1.3596754274722453,0.01843817787418655,0.015184381778741865,0.028922631959508314,0.9667389732465654
13225,GA,PEACH,21878.0,20966.0,2977.0,5576.0,909.0,33,192.0,2.9260804569389047,0.9583142883261724,0.13607276716336045,0.25486790383033187,0.04154858762226894
13227,GA,PICKENS,5769.0,40.0,40.0,41.0,5639.0,22,145.0,1.2861824360933976,0.006933610677760444,0.006933610677760444,0.007106950944704455,0.9774657652972786
13229,GA,PIERCE,35704.0,33145.0,29268.0,31289.0,2554.0,25,331.0,5.419851371812034,0.9283273582791844,0.8197400851445216,0.8763443871835088,0.07153260138920009
13231,GA,PIKE,5116.0,85.0,29.0,86.0,4950.0,49,293.0,1.2436426094435786,0.016614542611415168,0.005668491008600469,0.016810007818608287,0.9675527756059421
13233,GA,POLK,15403.0,7404.0,6339.0,7431.0,7971.0,36,236.0,3.733716960517906,0.4806855807310264,0.4115432058689866,0.48243848600921896,0.5174965915730702
13235,GA,PULASKI,28755.0,26167.0,20797.0,23547.0,2588.0,21,104.0,4.6506849812825815,0.9099982611719701,0.7232481307598678,0.8188836724047992,0.0900017388280299
13237,GA,PUTNAM,12610.0,4657.0,2694.0,4657.0,7953.0,14,129.0,3.92206128003725,0.36931007137192706,0.21363996827914353,0.36931007137192706,0.6306899286280729
13241,GA,RABUN,1208.0,0.0,0.0,41.0,1157.0,24,108.0,1.7289672788389743,0.0,0.0,0.03394039735099338,0.9577814569536424
13243,GA,RANDOLPH,48671.0,46024.0,30087.0,44229.0,2210.0,14,211.0,6.310431483467161,0.9456144315917075,0.6181709847753282,0.9087341538082225,0.045406915822563745
13245,GA,RICHMOND,4352.0,2292.0,987.0,2292.0,2000.0,28,107.0,5.319573982765017,0.5266544117647058,0.22679227941176472,0.5266544117647058,0.45955882352941174
13247,GA,ROCKDALE,1504.0,48.0,7.0,8.0,1452.0,14,56.0,1.1928421722746447,0.031914893617021274,0.004654255319148936,0.005319148936170213,0.9654255319148937
13249,GA,SCHLEY,2542.0,812.0,625.0,625.0,1730.0,17,70.0,2.519088705610685,0.31943351691581434,0.24586939417781276,0.24586939417781276,0.6805664830841857
13251,GA,SCREVEN,69250.0,64236.0,61040.0,63745.0,3515.0,31,425.0,3.8779446952861965,0.9275956678700361,0.8814440433212997,0.9205054151624549,0.05075812274368231
13253,GA,SEMINOLE,47710.0,45565.0,43039.0,45431.0,2145.0,20,121.0,3.9526631962909735,0.9550408719346049,0.9020959966464054,0.9522322364284217,0.04495912806539509
13255,GA,SPALDING,1832.0,10.0,10.0,18.0,1770.0,33,134.0,1.2053767817459249,0.0054585152838427945,0.0054585152838427945,0.009825327510917031,0.9661572052401747
13257,GA,STEPHENS,3412.0,19.0,14.0,18.0,3388.0,25,159.0,1.4752752552988178,0.005568581477139508,0.004103165298944901,0.005275498241500586,0.9929660023446659
13259,GA,STEWART,15309.0,14064.0,14064.0,14580.0,729.0,27,101.0,2.9802745832776227,0.9186752890456594,0.9186752890456594,0.9523809523809523,0.047619047619047616
13261,GA,SUMTER,60761.0,56978.0,42972.0,51280.0,3535.0,27,325.0,6.7618500091661495,0.9377396685373842,0.7072299665904116,0.843962410098583,0.05817876598475996
13265,GA,TALIAFERRO,1144.0,3.0,3.0,3.0,1141.0,24,79.0,1.0213103603713654,0.0026223776223776225,0.0026223776223776225,0.0026223776223776225,0.9973776223776224
13267,GA,TATTNALL,45586.0,38311.0,32569.0,36126.0,6061.0,42,539.0,7.86481880729681,0.8404115298556575,0.7144518053788443,0.7924801474136797,0.13295748694774712
13269,GA,TAYLOR,14442.0,8262.0,3509.0,8262.0,6180.0,29,164.0,4.168559819740952,0.5720814291649357,0.2429718875502008,0.5720814291649357,0.4279185708350644
13271,GA,TELFAIR,20115.0,17847.0,14886.0,17454.0,2268.0,30,160.0,4.467026888418443,0.887248322147651,0.7400447427293065,0.867710663683818,0.11275167785234899
13273,GA,TERRELL,87913.0,86537.0,76732.0,84175.0,1073.0,28,298.0,4.227721924493533,0.9843481623878152,0.8728174445190131,0.9574806911378294,0.012205248370548155
13275,GA,THOMAS,70636.0,65436.0,58932.0,65997.0,4468.0,56,494.0,4.151643770071954,0.9263831474035903,0.834305453309927,0.9343252732317798,0.06325386488476131
13277,GA,TIFT,40903.0,37712.0,36021.0,36579.0,2291.0,34,337.0,4.684077408890786,0.9219861623841772,0.8806444515072244,0.8942864826540841,0.0560105615725008
13279,GA,TOOMBS,22832.0,18741.0,14768.0,17503.0,4072.0,40,298.0,7.223801460612395,0.8208216538192011,0.6468114926419061,0.7665995094604064,0.17834618079887876
13281,GA,TOWNS,1498.0,18.0,18.0,18.0,1480.0,10,68.0,1.2014553657390268,0.012016021361815754,0.012016021361815754,0.012016021361815754,0.9879839786381842
13283,GA,TREUTLEN,10645.0,8543.0,7693.0,8543.0,1625.0,22,151.0,5.041063112426538,0.802536402066698,0.7226867073743541,0.802536402066698,0.15265382808830436
13285,GA,TROUP,6218.0,31.0,27.0,47.0,6167.0,36,233.0,1.1701686868888634,0.004985525892569958,0.004342232229012544,0.007558700546799614,0.991798005789643
13287,GA,TURNER,39480.0,36021.0,34538.0,36721.0,1716.0,24,202.0,4.338662827271558,0.9123860182370821,0.874822695035461,0.9301165146909828,0.04346504559270517
13289,GA,TWIGGS,16173.0,14597.0,13647.0,14598.0,959.0,50,120.0,4.389677744880871,0.9025536387806838,0.8438137636802078,0.902615470228158,0.05929635812774377
13291,GA,UNION,8390.0,1617.0,1613.0,1615.0,6739.0,32,231.0,2.127543537217198,0.19272943980929677,0.19225268176400476,0.19249106078665076,0.8032181168057211
13293,GA,UPSON,4870.0,145.0,6.0,148.0,4721.0,42,216.0,1.601724259482534,0.029774127310061602,0.0012320328542094457,0.030390143737166326,0.9694045174537987
13295,GA,WALKER,23794.0,7819.0,4813.0,8136.0,15540.0,49,570.0,3.4175591858738423,0.3286122551903841,0.2022778851811381,0.3419349415819114,0.6531058249978986
13297,GA,WALTON,12642.0,1114.0,772.0,1117.0,11510.0,45,393.0,2.234589761925742,0.08811896851763962,0.06106628697990824,0.0883562727416548,0.9104572061382693
13299,GA,WARE,7758.0,6578.0,4770.0,6578.0,1150.0,32,197.0,6.058376721448614,0.8478989430265532,0.6148491879350348,0.8478989430265532,0.1482340809486981
13301,GA,WARREN,4794.0,2458.0,1825.0,2335.0,2336.0,28,91.0,3.505303536567298,0.5127242386316229,0.3806841885690446,0.4870671672924489,0.48727576136837714
13303,GA,WASHINGTON,20739.0,15431.0,12436.0,15830.0,4865.0,34,308.0,6.687048213410749,0.7440570905058103,0.5996431843386856,0.7632962052172236,0.23458218814793386
13305,GA,WAYNE,16939.0,14664.0,14182.0,14205.0,2233.0,45,416.0,5.038275668180758,0.8656945510360706,0.8372395064643722,0.838597319794557,0.1318259637522876
13307,GA,WEBSTER,35167.0,34551.0,32999.0,34551.0,326.0,18,106.0,3.593885088010224,0.9824835783547076,0.9383512952483862,0.9824835783547076,0.0092700543122814
13309,GA,WHEELER,1798.0,466.0,438.0,493.0,1277.0,16,114.0,3.3284715527058744,0.25917686318131256,0.2436040044493882,0.27419354838709675,0.7102335928809789
13311,GA,WHITE,3902.0,62.0,50.0,223.0,3677.0,37,274.0,1.7406487713625423,0.015889287544848796,0.012813941568426449,0.05715017939518196,0.942337262942081
13313,GA,WHITFIELD,6044.0,881.0,880.0,886.0,5137.0,22,220.0,2.079477712829255,0.1457643944407677,0.14559894109861019,0.14659166115155525,0.849933818663137
13315,GA,WILCOX,38806.0,35787.0,34870.0,36239.0,1639.0,41,287.0,4.058790022841897,0.9222027521517291,0.8985723857135495,0.933850435499665,0.04223573674174097
13317,GA,WILKES,8057.0,667.0,665.0,672.0,7376.0,42,276.0,1.9845825309375482,0.08278515576517315,0.08253692441355343,0.08340573414422242,0.9154772247734889
13319,GA,WILKINSON,1433.0,0.0,0.0,2.0,1431.0,29,80.0,1.6734426937952598,0.0,0.0,0.0013956734124214933,0.9986043265875785
13321,GA,WORTH,101560.0,97474.0,94348.0,96592.0,4027.0,43,402.0,3.317455458827917,0.959767625049232,0.9289877904686885,0.9510831035840882,0.039651437573847974
15001,HI,HAWAII,9612.0,0.0,0.0,924.0,0.0,95,5465.0,7.94432640523193,0.0,0.0,0.09612983770287141,0.0
15003,HI,HONOLULU,4588.0,0.0,0.0,2167.0,0.0,77,2312.0,18.97694973825572,0.0,0.0,0.47231909328683525,0.0
15007,HI,KAUAI,1169.0,0.0,0.0,305.0,0.0,70,1388.0,18.480735435446253,0.0,0.0,0.2609067579127459,0.0
15009,HI,MAUI & KALAWAO,1609.0,0.0,0.0,440.0,19.0,93,2955.0,24.056769892225912,0.0,0.0,0.27346177750155376,0.011808576755748913
16001,ID,ADA,34436.0,6922.0,6166.0,16868.0,15952.0,67,952.0,5.1748093341856976,0.20101057033337205,0.17905680102218607,0.48983621791148796,0.4632361482169822
16003,ID,ADAMS,13966.0,0.0,0.0,0.0,13962.0,15,148.0,1.1727196496480838,0.0,0.0,0.0,0.999713590147501
16005,ID,BANNOCK,57022.0,28957.0,28957.0,28996.0,28023.0,56,762.0,2.575260635166656,0.5078215425625198,0.5078215425625198,0.5085054891094665,0.4914418996176914
16007,ID,BEAR LAKE,61831.0,10657.0,10657.0,10774.0,51057.0,8,315.0,2.126542362444801,0.1723569083469457,0.1723569083469457,0.17424916304119292,0.825750836958807
16009,ID,BENEWAH,51235.0,32024.0,32024.0,32247.0,11059.0,30,202.0,3.0298916189598275,0.6250414755538206,0.6250414755538206,0.6293939689665268,0.2158485410364009
16011,ID,BINGHAM,322837.0,231502.0,215243.0,224892.0,81307.0,62,963.0,4.606788514409929,0.717086331492363,0.6667234548704145,0.6966116027592872,0.25185155357037764
16013,ID,BLAINE,51587.0,15386.0,15386.0,15414.0,33381.0,33,202.0,2.297717727555433,0.298253435943164,0.298253435943164,0.29879620834706416,0.6470816290926008
16017,ID,BONNER,18478.0,757.0,757.0,833.0,17342.0,55,706.0,2.5134885788860037,0.040967637190172095,0.040967637190172095,0.045080636432514344,0.9385214850092002
16019,ID,BONNEVILLE,183879.0,129277.0,129277.0,136309.0,46670.0,42,828.0,4.2986861279916875,0.7030547262058201,0.7030547262058201,0.7412972661369706,0.25380821083429866
16021,ID,BOUNDARY,38463.0,18416.0,18416.0,19190.0,12005.0,42,310.0,3.90520342584493,0.47879780568338404,0.47879780568338404,0.498921041000442,0.3121181395106986
16023,ID,BUTTE,56389.0,12998.0,12998.0,14232.0,42157.0,9,156.0,2.2792497521686084,0.23050594974197094,0.23050594974197094,0.25238965046374295,0.747610349536257
16025,ID,CAMAS,75508.0,16703.0,16703.0,17645.0,57863.0,9,132.0,2.19698179542652,0.2212083487842348,0.2212083487842348,0.23368384806907877,0.7663161519309212
16027,ID,CANYON,191707.0,56565.0,43390.0,111646.0,49756.0,80,2499.0,8.488944573468581,0.2950596483174845,0.22633497994335106,0.5823783169107023,0.259541905094754
16029,ID,CARIBOU,134276.0,98790.0,98790.0,99099.0,32318.0,30,389.0,3.586437574806416,0.7357234353123417,0.7357234353123417,0.7380246656141083,0.24068336858411035
16031,ID,CASSIA,308270.0,169163.0,128948.0,173836.0,88591.0,29,759.0,7.647947168840368,0.5487494728646966,0.4182956499172803,0.5639082622376488,0.28738119181237226
16033,ID,CLARK,52201.0,12056.0,12056.0,13574.0,38627.0,6,56.0,2.269227245317845,0.23095343001091934,0.23095343001091934,0.26003333269477596,0.7399666673052241
16035,ID,CLEARWATER,10599.0,2883.0,2883.0,2887.0,7687.0,29,194.0,2.5920934015887274,0.2720067930936881,0.2720067930936881,0.27238418718747054,0.7252570997263893
16037,ID,CUSTER,30297.0,610.0,610.0,610.0,29687.0,18,170.0,1.2207915013673007,0.020134006667326797,0.020134006667326797,0.020134006667326797,0.9798659933326732
16039,ID,ELMORE,81436.0,21458.0,19750.0,36673.0,42504.0,17,210.0,5.250959885802895,0.2634952600815364,0.242521734859276,0.4503290927845179,0.5219313325801856
16041,ID,FRANKLIN,74016.0,15093.0,15093.0,21400.0,48138.0,31,684.0,3.476766160672387,0.20391536964980544,0.20391536964980544,0.28912667531344577,0.6503728923476005
16043,ID,FREMONT,165392.0,132162.0,132162.0,132697.0,31645.0,20,488.0,3.829290758890526,0.7990833897649221,0.7990833897649221,0.8023181290509819,0.19133331721002225
16045,ID,GEM,19199.0,3477.0,3477.0,7654.0,11344.0,56,733.0,3.7767224309511938,0.18110318245741966,0.18110318245741966,0.39866659721860515,0.5908641075055993
16047,ID,GOODING,134915.0,20383.0,18497.0,77718.0,55090.0,22,572.0,4.57688876126757,0.15108030982470444,0.1371011377534003,0.5760515880369121,0.4083311714783382
16049,ID,IDAHO,119187.0,63602.0,63602.0,65296.0,35610.0,47,684.0,4.181228021753046,0.5336320236267378,0.5336320236267378,0.5478449830937938,0.29877419517229226
16051,ID,JEFFERSON,173445.0,83721.0,83721.0,93085.0,79759.0,45,768.0,4.8574669584344825,0.4826948023869238,0.4826948023869238,0.5366830983885381,0.45985182622733434
16053,ID,JEROME,139346.0,57585.0,40055.0,74951.0,46446.0,25,643.0,7.200076733902718,0.4132519053291806,0.2874499447418656,0.5378769394169908,0.3333141963170812
16055,ID,KOOTENAI,33344.0,9525.0,9525.0,9592.0,22703.0,53,839.0,2.934189427248459,0.28565858925143955,0.28565858925143955,0.2876679462571977,0.6808721209213052
16057,ID,LATAH,175506.0,97515.0,97515.0,104653.0,30380.0,62,1031.0,4.847190673558775,0.5556220300160678,0.5556220300160678,0.5962930042277756,0.17309949517395418
16059,ID,LEMHI,33193.0,386.0,386.0,400.0,32778.0,41,262.0,1.397797970657094,0.011628957912812942,0.011628957912812942,0.012050733588407194,0.9874973639020276
16061,ID,LEWIS,132495.0,85330.0,85330.0,87939.0,7948.0,15,315.0,4.42842887618029,0.6440243028038793,0.6440243028038793,0.6637156119098834,0.05998716932714442
16063,ID,LINCOLN,51795.0,10727.0,8358.0,18975.0,30451.0,13,219.0,4.263203420758698,0.2071049329085819,0.16136692730958588,0.3663481030987547,0.5879138913022492
16065,ID,MADISON,123600.0,108180.0,108180.0,108974.0,14626.0,29,501.0,3.871047647892903,0.875242718446602,0.875242718446602,0.8816666666666667,0.11833333333333333
16067,ID,MINIDOKA,239690.0,172853.0,119414.0,146383.0,39868.0,20,537.0,6.62549829088981,0.7211523217489257,0.4982018440485627,0.6107180107639034,0.16633151153573367
16069,ID,NEZ PERCE,162865.0,98797.0,98797.0,111808.0,12231.0,46,520.0,4.380485082367187,0.6066189789089123,0.6066189789089123,0.6865072299143462,0.07509900838117459
16071,ID,ONEIDA,82146.0,31823.0,31823.0,31823.0,37215.0,36,359.0,3.614730906126888,0.38739561268960143,0.38739561268960143,0.38739561268960143,0.4530348404061062
16073,ID,OWYHEE,102289.0,18316.0,14926.0,42756.0,55194.0,33,483.0,4.052153772667584,0.17906128713742436,0.14591989363470168,0.4179921594697377,0.5395888120912317
16075,ID,PAYETTE,53775.0,13655.0,9856.0,24108.0,23513.0,56,701.0,6.389803118231028,0.25392840539284056,0.18328219432821943,0.4483124128312413,0.4372477917247792
16077,ID,POWER,195036.0,159453.0,145864.0,153327.0,17318.0,22,295.0,4.431295293378946,0.8175567587522303,0.747882442215796,0.7861471728296314,0.0887938636969585
16081,ID,TETON,62356.0,43546.0,43546.0,43552.0,18801.0,34,290.0,3.229351176541216,0.6983449868497017,0.6983449868497017,0.6984412085444865,0.3015106806081211
16083,ID,TWIN FALLS,226741.0,68995.0,60652.0,130488.0,86907.0,55,1601.0,6.561593975791266,0.3042899166890858,0.26749463043737126,0.5754936248847804,0.3832875395274785
16085,ID,VALLEY,4603.0,1238.0,1238.0,1245.0,3357.0,14,82.0,1.8180528497040327,0.2689550293286987,0.2689550293286987,0.2704757766673908,0.729306973712796
16087,ID,WASHINGTON,47452.0,8303.0,7587.0,12883.0,33852.0,32,452.0,2.732275459644227,0.1749768186799292,0.15988788670656665,0.2714954058838405,0.7133945882154599
17001,IL,ADAMS,303794.0,283841.0,283841.0,283899.0,19781.0,30,1985.0,2.651564605085427,0.9343206251604705,0.9343206251604705,0.934511544006794,0.06511320170905284
17003,IL,ALEXANDER,41744.0,39738.0,39738.0,39738.0,2006.0,8,123.0,2.0448819390543456,0.9519451897278651,0.9519451897278651,0.9519451897278651,0.048054810272134915
17005,IL,BOND,131972.0,127273.0,127273.0,127391.0,4581.0,29,744.0,2.7292306865133305,0.9643939623556512,0.9643939623556512,0.96528809141333,0.0347119085866699
17007,IL,BOONE,116311.0,111636.0,111636.0,111638.0,4673.0,49,650.0,2.4970420890986817,0.9598060372621678,0.9598060372621678,0.9598232325403444,0.04017676745965558
17009,IL,BROWN,73834.0,67456.0,67456.0,67456.0,6378.0,8,483.0,2.7207343808363063,0.9136170328033155,0.9136170328033155,0.9136170328033155,0.08638296719668445
17011,IL,BUREAU,398049.0,394091.0,394091.0,394095.0,3912.0,28,1541.0,2.166866569399971,0.9900565005815867,0.9900565005815867,0.9900665495956528,0.009827935756653075
17013,IL,CALHOUN,48137.0,44835.0,44835.0,44836.0,3301.0,32,512.0,2.73452830263531,0.9314041174148784,0.9314041174148784,0.931424891455637,0.06857510854436297
17015,IL,CARROLL,208541.0,200928.0,200926.0,200930.0,7031.0,50,946.0,2.32482067887614,0.9634939891915738,0.9634843987513246,0.963503579631823,0.03371519269592071
17017,IL,CASS,117107.0,114036.0,114036.0,114037.0,2842.0,16,431.0,2.276329656993264,0.9737761192755343,0.9737761192755343,0.9737846584747283,0.02426840410906265
17019,IL,CHAMPAIGN,511676.0,507814.0,507814.0,507843.0,3813.0,66,1998.0,2.151507713536974,0.9924522549425808,0.9924522549425808,0.9925089314331725,0.007451981331936616
17021,IL,CHRISTIAN,323728.0,320157.0,320157.0,320933.0,2785.0,23,1103.0,2.237560911063075,0.9889691345821183,0.9889691345821183,0.991366208669006,0.008602901201008253
17023,IL,CLARK,199919.0,196749.0,196749.0,196895.0,3024.0,25,903.0,2.3742488223334375,0.9841435781491504,0.9841435781491504,0.9848738739189372,0.01512612608106283
17025,IL,CLAY,179722.0,176538.0,176538.0,176540.0,3180.0,34,798.0,2.6444977885273304,0.9822837493462124,0.9822837493462124,0.9822948776443619,0.01769399405748879
17027,IL,CLINTON,259563.0,249458.0,249458.0,250145.0,8650.0,22,1545.0,3.1034510593275924,0.9610691816630259,0.9610691816630259,0.9637159379418484,0.03332524281195702
17029,IL,COLES,176082.0,174406.0,174406.0,174444.0,1636.0,29,808.0,2.1658499303308565,0.9904817073863313,0.9904817073863313,0.990697515930078,0.009291125725514248
17031,IL,COOK,1632.0,12.0,6.0,126.0,1481.0,53,357.0,1.700291901532598,0.007352941176470588,0.003676470588235294,0.07720588235294118,0.9074754901960784
17033,IL,CRAWFORD,197979.0,195837.0,195837.0,195837.0,2142.0,14,711.0,2.4318372423734145,0.9891806706771931,0.9891806706771931,0.9891806706771931,0.010819329322806964
17035,IL,CUMBERLAND,119806.0,116570.0,116570.0,116577.0,3156.0,39,859.0,2.3818137566443425,0.9729896666277148,0.9729896666277148,0.9730480944193112,0.026342587182611888
17037,IL,DE KALB,336472.0,332190.0,332190.0,332302.0,4093.0,47,1310.0,2.3617333983599953,0.9872738296202953,0.9872738296202953,0.987606695356523,0.01216445944982049
17039,IL,DE WITT,165266.0,163696.0,163693.0,163696.0,1534.0,30,617.0,2.1055369760859084,0.9905001633729866,0.9904820108189222,0.9905001633729866,0.009282005978241139
17041,IL,DOUGLAS,202599.0,200349.0,200349.0,200359.0,2240.0,23,759.0,2.1748709111737785,0.9888943183332592,0.9888943183332592,0.9889436769184448,0.01105632308155519
17045,IL,EDGAR,295868.0,293054.0,293054.0,293055.0,2712.0,40,1049.0,2.160415044106747,0.9904890018521774,0.9904890018521774,0.990492381737802,0.00916624981410629
17047,IL,EDWARDS,98071.0,95366.0,95366.0,95845.0,2226.0,8,411.0,2.57703016831885,0.9724179421031701,0.9724179421031701,0.9773021586401689,0.022697841359831144
17049,IL,EFFINGHAM,226142.0,219126.0,219126.0,219130.0,7012.0,12,1793.0,2.5441384439661126,0.9689752456421187,0.9689752456421187,0.968992933643463,0.031007066356537043
17051,IL,FAYETTE,251817.0,244697.0,244697.0,244834.0,6980.0,27,1518.0,2.632453840479445,0.9717254990727393,0.9717254990727393,0.9722695449473229,0.027718541639365095
17053,IL,FORD,244465.0,242188.0,242188.0,242188.0,1824.0,28,810.0,2.1874152444052553,0.9906857832409547,0.9906857832409547,0.9906857832409547,0.007461190763503978
17055,IL,FRANKLIN,141958.0,137510.0,137510.0,137523.0,4426.0,45,686.0,2.616214854539503,0.968666788768509,0.968666788768509,0.9687583651502557,0.031178235816227334
17057,IL,FULTON,275592.0,262907.0,262907.0,262933.0,12656.0,40,1631.0,2.430459751646778,0.9539718134053238,0.9539718134053238,0.9540661557664954,0.04592295857644634
17059,IL,GALLATIN,158594.0,156796.0,156796.0,156798.0,1796.0,11,228.0,2.3809103189598044,0.9886628750141871,0.9886628750141871,0.9886754858317465,0.011324514168253528
17061,IL,GREENE,223066.0,218331.0,218331.0,218359.0,4707.0,24,938.0,2.301259810954759,0.9787730985448253,0.9787730985448253,0.9788986219325222,0.021101378067477788
17063,IL,GRUNDY,178534.0,177503.0,177503.0,177503.0,1023.0,16,671.0,2.1147881894365432,0.9942251895997402,0.9942251895997402,0.9942251895997402,0.005730001008211321
17065,IL,HAMILTON,181363.0,178464.0,178464.0,178692.0,2671.0,11,536.0,2.5645810390183925,0.9840154827610924,0.9840154827610924,0.9852726300292783,0.014727369970721702
17067,IL,HANCOCK,316486.0,303556.0,303556.0,305335.0,10779.0,38,1627.0,2.464253095157222,0.9591451122640496,0.9591451122640496,0.9647662139873485,0.03405837856966817
17069,IL,HARDIN,11413.0,8033.0,8033.0,8033.0,3380.0,4,78.0,2.588371799445888,0.7038464908437746,0.7038464908437746,0.7038464908437746,0.29615350915622535
17071,IL,HENDERSON,151075.0,146968.0,146968.0,146968.0,4065.0,19,650.0,2.2511757054564403,0.972814827072646,0.972814827072646,0.972814827072646,0.026907165315240775
17073,IL,HENRY,393391.0,386272.0,386272.0,387764.0,5480.0,54,1830.0,2.2236418597115164,0.9819035005884731,0.9819035005884731,0.9856961648843009,0.013930161086552565
17075,IL,IROQUOIS,608526.0,602287.0,602286.0,602301.0,5385.0,49,2448.0,2.2078895673617254,0.989747356727568,0.9897457134124097,0.9897703631397837,0.008849252127271473
17077,IL,JACKSON,239885.0,230118.0,230116.0,230256.0,9620.0,66,1289.0,2.594981719684907,0.9592846572315902,0.959276319903287,0.9598599328845071,0.04010254913812868
17079,IL,JASPER,205512.0,201558.0,201558.0,201558.0,3954.0,13,1094.0,2.427177754062989,0.9807602475767838,0.9807602475767838,0.9807602475767838,0.019239752423216162
17081,IL,JEFFERSON,176266.0,160983.0,160983.0,160983.0,15274.0,23,1135.0,3.063448159000426,0.9132958142806894,0.9132958142806894,0.9132958142806894,0.08665312652468428
17083,IL,JERSEY,120845.0,117474.0,117474.0,117511.0,2949.0,41,596.0,2.5244969828774164,0.9721047622988125,0.9721047622988125,0.9724109396334147,0.02440316107410319
17085,IL,JO DAVIESS,182757.0,151814.0,151814.0,151942.0,28948.0,48,1457.0,3.18665678558867,0.8306877438347094,0.8306877438347094,0.8313881274041487,0.15839612162598424
17087,IL,JOHNSON,37722.0,25793.0,25793.0,25823.0,11857.0,21,449.0,3.2246998895526198,0.6837654419171836,0.6837654419171836,0.6845607337893007,0.3143258575897354
17089,IL,KANE,133109.0,127393.0,127391.0,127452.0,5623.0,58,987.0,2.584442871762016,0.9570577496638094,0.9570427243837757,0.9575009954248023,0.04224357481462561
17091,IL,KANKAKEE,294672.0,291856.0,291856.0,291862.0,2795.0,47,1090.0,2.1775378889222683,0.9904436118803279,0.9904436118803279,0.9904639735027421,0.009485122441222783
17093,IL,KENDALL,117278.0,115065.0,115065.0,115067.0,2211.0,46,599.0,2.275034487248801,0.981130305769198,0.981130305769198,0.9811473592660175,0.018852640733982504
17095,IL,KNOX,351942.0,341070.0,341064.0,341097.0,10837.0,49,1561.0,2.303376762618549,0.9691085462945599,0.9690914980309255,0.9691852634809145,0.0307920055009064
17097,IL,LAKE,20509.0,17019.0,17019.0,17062.0,3389.0,44,281.0,3.4144744569681817,0.8298308059876152,0.8298308059876152,0.8319274464869082,0.16524452679311522
17099,IL,LA SALLE,555154.0,548557.0,548555.0,549473.0,5638.0,54,2687.0,2.229499691203472,0.9881168108308686,0.9881132082269064,0.9897668034455305,0.010155740569283478
17101,IL,LAWRENCE,178534.0,177668.0,177668.0,177692.0,842.0,17,447.0,2.4919668821962024,0.995149383310742,0.995149383310742,0.9952838114868876,0.004716188513112348
17103,IL,LEE,333456.0,330854.0,330854.0,330872.0,2583.0,38,1222.0,2.1012078065466393,0.9921968715512691,0.9921968715512691,0.9922508516865793,0.007746149417014538
17105,IL,LIVINGSTON,561900.0,558370.0,558367.0,558378.0,3096.0,40,2311.0,2.204704397613018,0.9937177433707065,0.9937124043424097,0.9937319807794981,0.005509877202349173
17107,IL,LOGAN,345276.0,343718.0,343718.0,343725.0,1542.0,35,1007.0,2.1217527512530627,0.9954876678367451,0.9954876678367451,0.9955079414729087,0.004465992423452542
17109,IL,MCDONOUGH,223361.0,215715.0,215715.0,215754.0,7307.0,43,1016.0,2.3186446413676642,0.9657684197330778,0.9657684197330778,0.9659430249685487,0.032713857835521866
17111,IL,MCHENRY,154866.0,144825.0,144801.0,145282.0,8917.0,69,1442.0,2.909790598069216,0.93516330246794,0.935008329781876,0.9381142406984102,0.05757881006805884
17113,IL,MCLEAN,559630.0,554806.0,554804.0,554823.0,4782.0,63,2254.0,2.1403916933703138,0.9913800189410861,0.9913764451512607,0.9914103961546021,0.008544931472580097
17115,IL,MACON,245703.0,243301.0,243301.0,243312.0,1987.0,50,892.0,2.2356968615498385,0.9902239695893009,0.9902239695893009,0.9902687390874348,0.008086999344737346
17117,IL,MACOUPIN,369952.0,361184.0,361184.0,361196.0,8677.0,43,1679.0,2.449740549740608,0.9762996280598564,0.9762996280598564,0.9763320647002854,0.023454394083556786
17119,IL,MADISON,233401.0,226463.0,226457.0,226536.0,5540.0,53,1494.0,2.9253602289509875,0.970274334728643,0.9702486278979096,0.9705871011692323,0.023735973710481105
17121,IL,MARION,188693.0,182317.0,182317.0,182319.0,6374.0,25,996.0,2.7451511275871425,0.9662096633155443,0.9662096633155443,0.9662202625428606,0.03377973745713937
17123,IL,MARSHALL,179815.0,177313.0,177313.0,177412.0,2403.0,21,721.0,2.22647889618208,0.986085699190835,0.986085699190835,0.9866362650501904,0.013363734949809527
17125,IL,MASON,262368.0,239088.0,239088.0,239088.0,3115.0,31,914.0,3.3958212053123,0.911269667032565,0.911269667032565,0.911269667032565,0.011872636906939871
17127,IL,MASSAC,91476.0,86600.0,86600.0,86600.0,4327.0,16,385.0,2.7082037758874056,0.9466964012418558,0.9466964012418558,0.9466964012418558,0.04730202457475185
17129,IL,MENARD,126649.0,124711.0,124711.0,124713.0,1935.0,17,461.0,2.2633222865418974,0.9846978657549605,0.9846978657549605,0.984713657431168,0.015278446730728232
17131,IL,MERCER,204713.0,200420.0,200420.0,200420.0,4233.0,44,882.0,2.1939069937997906,0.9790291774337732,0.9790291774337732,0.9790291774337732,0.02067772930883725
17133,IL,MONROE,164883.0,159600.0,159600.0,159850.0,5033.0,36,863.0,3.0346279034111805,0.9679590982696822,0.9679590982696822,0.9694753249273728,0.030524675072627256
17135,IL,MONTGOMERY,313568.0,307872.0,307872.0,308188.0,3981.0,14,1203.0,2.4226883353424067,0.9818348811103174,0.9818348811103174,0.9828426370037759,0.012695810797020105
17137,IL,MORGAN,237933.0,231004.0,231004.0,231006.0,6927.0,40,1105.0,2.383671155271537,0.9708783565121274,0.9708783565121274,0.9708867622397902,0.02911323776020981
17139,IL,MOULTRIE,164643.0,162199.0,162194.0,162202.0,2436.0,26,740.0,2.2273667116455376,0.9851557612531355,0.9851253925159285,0.9851739824954598,0.014795648767332957
17141,IL,OGLE,314665.0,305844.0,305664.0,305844.0,8171.0,28,1345.0,2.4132724144372166,0.9719670125371427,0.971394975608981,0.9719670125371427,0.025967298555606755
17143,IL,PEORIA,213850.0,207434.0,207434.0,207435.0,6281.0,35,1378.0,2.42403876970222,0.9699976619125555,0.9699976619125555,0.9700023380874445,0.029371054477437455
17145,IL,PERRY,154786.0,150293.0,150293.0,150293.0,4493.0,11,735.0,2.9978861958722023,0.9709728269998579,0.9709728269998579,0.9709728269998579,0.029027173000142133
17147,IL,PIATT,220224.0,219273.0,219271.0,219273.0,948.0,27,580.0,2.138013026611136,0.9956816695727986,0.9956725879104912,0.9956816695727986,0.004304707933740192
17149,IL,PIKE,292827.0,282548.0,282548.0,282573.0,10254.0,12,1288.0,2.4804585873700105,0.9648973626065902,0.9648973626065902,0.9649827372475899,0.03501726275241013
17151,IL,POPE,28228.0,20308.0,20308.0,20308.0,7920.0,33,260.0,2.685746218216511,0.7194275187756837,0.7194275187756837,0.7194275187756837,0.2805724812243163
17153,IL,PULASKI,83592.0,81339.0,81339.0,81339.0,2253.0,8,170.0,2.4806963165510956,0.9730476600631639,0.9730476600631639,0.9730476600631639,0.026952339936836062
17155,IL,PUTNAM,37277.0,36792.0,36792.0,36792.0,360.0,22,229.0,2.1970692342758467,0.9869892963489552,0.9869892963489552,0.9869892963489552,0.009657429514177644
17157,IL,RANDOLPH,210890.0,201693.0,201693.0,201723.0,9099.0,22,1158.0,3.112644213466234,0.9563895869884774,0.9563895869884774,0.9565318412442505,0.04314571577599696
17159,IL,RICHLAND,189234.0,186651.0,186651.0,186651.0,2583.0,28,796.0,2.4765744011303545,0.9863502330448016,0.9863502330448016,0.9863502330448016,0.013649766955198326
17161,IL,ROCK ISLAND,111318.0,104979.0,104977.0,105340.0,5716.0,57,883.0,2.538408549082418,0.9430550315312888,0.943037064984998,0.9462979931367793,0.05134838929912503
17163,IL,ST CLAIR,254978.0,249627.0,249618.0,249653.0,5296.0,53,1327.0,2.7692557092347445,0.9790138757069238,0.9789785785440313,0.9791158452886132,0.020770419408733302
17165,IL,SALINE,109782.0,101382.0,101382.0,101856.0,7926.0,9,392.0,2.59615399721604,0.9234847242717386,0.9234847242717386,0.9278023719735475,0.07219762802645242
17167,IL,SANGAMON,421799.0,416801.0,416801.0,416813.0,4967.0,44,1281.0,2.1687551962876306,0.9881507542692135,0.9881507542692135,0.9881792038387952,0.01177575100936702
17169,IL,SCHUYLER,125852.0,117909.0,117909.0,117909.0,7943.0,13,667.0,2.536253414126288,0.9368861837714141,0.9368861837714141,0.9368861837714141,0.06311381622858596
17171,IL,SCOTT,84328.0,82922.0,82922.0,82952.0,1376.0,13,370.0,2.1764123135198616,0.9833270088226923,0.9833270088226923,0.983682762546248,0.016317237453752017
17173,IL,SHELBY,306850.0,298512.0,298512.0,298514.0,8336.0,30,1760.0,2.398318396935378,0.9728271142251914,0.9728271142251914,0.9728336320677856,0.027166367932214438
17175,IL,STARK,148792.0,146497.0,146497.0,146497.0,1755.0,12,507.0,2.285360468970424,0.984575783644282,0.984575783644282,0.984575783644282,0.011794988977902038
17177,IL,STEPHENSON,251083.0,231984.0,231968.0,232020.0,18853.0,57,1616.0,2.7086915390890107,0.9239335199913973,0.9238697960435394,0.9240768988740775,0.07508672431028783
17179,IL,TAZEWELL,303647.0,298875.0,298875.0,298890.0,3192.0,33,1416.0,2.514118800820516,0.984284382852457,0.984284382852457,0.9843337823196013,0.010512206608331385
17181,IL,UNION,71308.0,58302.0,58302.0,58381.0,12896.0,46,554.0,3.052473850942214,0.8176081225107982,0.8176081225107982,0.8187159925955012,0.18084927357379257
17183,IL,VERMILION,406982.0,402705.0,402696.0,402711.0,4180.0,42,1382.0,2.2423137643655897,0.9894909357170587,0.989468821716931,0.9895056783838105,0.010270724503786409
17185,IL,WABASH,110055.0,108622.0,108622.0,108622.0,733.0,7,278.0,2.393311207807528,0.9869792376539003,0.9869792376539003,0.9869792376539003,0.006660306210531098
17187,IL,WARREN,239665.0,236131.0,236131.0,236131.0,3534.0,20,998.0,2.1625128679967407,0.985254417624601,0.985254417624601,0.985254417624601,0.014745582375398995
17189,IL,WASHINGTON,331473.0,322823.0,322823.0,322975.0,8140.0,37,1349.0,3.1392073094426607,0.9739043602344686,0.9739043602344686,0.9743629194534699,0.024557052912303565
17191,IL,WAYNE,233734.0,226250.0,226250.0,226704.0,7030.0,25,958.0,2.5977764983116423,0.9679806960048603,0.9679806960048603,0.9699230749484457,0.03007692505155433
17193,IL,WHITE,213789.0,211915.0,211915.0,211915.0,1874.0,18,530.0,2.306176068730705,0.9912343478850643,0.9912343478850643,0.9912343478850643,0.008765652114935754
17195,IL,WHITESIDE,291160.0,284468.0,283695.0,284482.0,5815.0,50,1387.0,2.1279798180335985,0.9770160736364886,0.9743611759857124,0.9770641571644456,0.01997183679076796
17197,IL,WILL,222173.0,216283.0,216278.0,216397.0,5639.0,65,1482.0,2.439886921310624,0.973489127841817,0.9734666228569628,0.9740022414964915,0.02538112191850495
17199,IL,WILLIAMSON,60216.0,51697.0,51697.0,51723.0,8484.0,41,569.0,3.1908691198740216,0.8585259731632788,0.8585259731632788,0.8589577520924672,0.14089278597050617
17201,IL,WINNEBAGO,127104.0,120459.0,120446.0,120593.0,6472.0,57,1044.0,2.6517781764532393,0.9477199773413897,0.9476176988922457,0.9487742321248741,0.050918932527693854
17203,IL,WOODFORD,234564.0,229430.0,229428.0,229454.0,5104.0,46,1474.0,2.4846829860899486,0.978112583346123,0.9781040568885251,0.9782149008372981,0.021759519789908085
18001,IN,ADAMS,188065.0,178716.0,172492.0,179112.0,7881.0,49,2013.0,2.7186519489049203,0.9502884640948608,0.9171935235158057,0.9523941190545822,0.04190572408475793
18003,IN,ALLEN,294843.0,284167.0,266177.0,284337.0,10473.0,35,2186.0,2.7517874627639167,0.9637908988851694,0.9027753753692643,0.9643674769283992,0.03552059909850327
18005,IN,BARTHOLOMEW,114851.0,110263.0,105111.0,111585.0,3193.0,47,766.0,2.8455211394401676,0.9600525898773193,0.9151944693559482,0.9715631557409165,0.02780123812591967
18007,IN,BENTON,201227.0,197727.0,195534.0,197727.0,2748.0,24,573.0,2.3071777616830476,0.9826067078473565,0.9717085679357144,0.9826067078473565,0.013656219095846979
18009,IN,BLACKFORD,68637.0,67548.0,66601.0,67548.0,1089.0,17,275.0,2.2456665597587775,0.9841339219371475,0.9703366988650436,0.9841339219371475,0.0158660780628524
18011,IN,BOONE,191366.0,188348.0,185621.0,188355.0,3009.0,45,737.0,2.2985779646941564,0.9842291734163854,0.9699789931335765,0.9842657525370233,0.015723796285651577
18013,IN,BROWN,5699.0,4221.0,4221.0,4231.0,1419.0,29,189.0,3.447813263610644,0.7406562554834182,0.7406562554834182,0.742410949289349,0.24899105106158975
18015,IN,CARROLL,172874.0,170113.0,165152.0,170126.0,1709.0,44,764.0,2.4256984705418705,0.9840288302463066,0.9553316288163634,0.9841040295243935,0.009885812788504922
18017,IN,CASS,194681.0,190596.0,187427.0,190596.0,4080.0,17,814.0,2.355208345179468,0.9790169559433124,0.9627390448990913,0.9790169559433124,0.020957361016226545
18019,IN,CLARK,63339.0,56937.0,51620.0,56957.0,6377.0,45,595.0,3.3189189332491527,0.8989248330412543,0.8149797123415273,0.8992405942626186,0.10068046543204029
18021,IN,CLAY,150021.0,145426.0,144917.0,145426.0,4297.0,20,643.0,2.3276655057521585,0.969370954733004,0.9659780963998373,0.969370954733004,0.028642656694729405
18023,IN,CLINTON,195815.0,194457.0,193075.0,194457.0,1358.0,23,739.0,2.159149229626952,0.9930648826698669,0.9860072006741056,0.9930648826698669,0.006935117330133034
18025,IN,CRAWFORD,23268.0,16889.0,16137.0,16899.0,6367.0,30,347.0,3.7262093888025793,0.7258466563520715,0.693527591542032,0.7262764311500773,0.2736376138903215
18027,IN,DAVIESS,146349.0,137596.0,136151.0,137635.0,8694.0,35,1439.0,2.6087087119667975,0.940190913501288,0.9303172553280172,0.9404573997772449,0.0594059405940594
18029,IN,DEARBORN,17236.0,9553.0,9161.0,9556.0,7656.0,28,506.0,3.879680351745461,0.5542469250406127,0.5315038291947087,0.5544209793455558,0.44418658621489904
18031,IN,DECATUR,146348.0,142045.0,137038.0,142045.0,4303.0,16,834.0,2.582775658568497,0.9705974799792276,0.9363845081586356,0.9705974799792276,0.029402520020772406
18033,IN,DE KALB,156871.0,150758.0,143825.0,150902.0,5290.0,23,973.0,2.6381440459122367,0.9610316757080659,0.916836126498843,0.961949627400858,0.03372197538104557
18035,IN,DELAWARE,143627.0,139393.0,137765.0,139399.0,2185.0,35,669.0,2.41575609874562,0.9705208630689216,0.9591859469319836,0.9705626379441191,0.01521301705111156
18037,IN,DUBOIS,111850.0,98267.0,94326.0,98354.0,13464.0,31,975.0,3.212955180220117,0.8785605721949039,0.8433258828788556,0.8793383996423781,0.12037550290567725
18039,IN,ELKHART,157860.0,138616.0,136582.0,138747.0,19096.0,62,2142.0,3.090728538509879,0.8780945141264411,0.8652096794628151,0.8789243633599392,0.12096794628151526
18041,IN,FAYETTE,76288.0,73584.0,71821.0,73584.0,2704.0,16,418.0,2.5103396232266566,0.9645553691275168,0.9414455746644296,0.9645553691275168,0.03544463087248322
18043,IN,FLOYD,7799.0,5332.0,5304.0,5335.0,2464.0,19,245.0,3.578518578727343,0.6836773945377612,0.68008719066547,0.6840620592383639,0.3159379407616361
18045,IN,FOUNTAIN,161857.0,158635.0,158187.0,158635.0,3221.0,13,482.0,2.23433678423703,0.9800935393588167,0.97732566401206,0.9800935393588167,0.01990028234799854
18047,IN,FRANKLIN,92101.0,81133.0,78327.0,81184.0,10917.0,24,952.0,3.1234999342591605,0.8809133451319747,0.8504467921086634,0.8814670850479365,0.1185329149520635
18049,IN,FULTON,151047.0,146091.0,144865.0,146105.0,4914.0,31,872.0,2.367370112044745,0.967189020635961,0.959072341721451,0.9672817070183453,0.032532920216886134
18051,IN,GIBSON,232860.0,229289.0,213990.0,229966.0,2894.0,34,900.0,2.6794584930956553,0.9846646053422657,0.9189641844885339,0.9875719316327407,0.012428068367259298
18053,IN,GRANT,145524.0,143821.0,142706.0,143826.0,1698.0,39,672.0,2.1850229425152703,0.988297462961436,0.9806354965503972,0.9883318215552074,0.011668178444792612
18055,IN,GREENE,137403.0,124297.0,123940.0,124304.0,13098.0,42,862.0,2.7026275396961132,0.904616347532441,0.9020181509865142,0.9046672925627534,0.09532542957577346
18057,IN,HAMILTON,110070.0,108473.0,107475.0,108555.0,1494.0,57,736.0,2.2757836903453614,0.9854910511492686,0.9764240937585174,0.9862360316162442,0.01357318070318888
18059,IN,HANCOCK,165174.0,162573.0,160172.0,162575.0,2599.0,40,692.0,2.2868470208262357,0.9842529695956991,0.9697167835131437,0.9842650780389165,0.015734921961083465
18061,IN,HARRISON,88366.0,68239.0,65145.0,68300.0,16233.0,60,1163.0,3.971551548329495,0.7722314012176629,0.7372179344996944,0.7729217119706675,0.1837018762872598
18063,IN,HENDRICKS,103543.0,99441.0,98856.0,99487.0,4045.0,44,687.0,2.435419277643752,0.9603836087422617,0.9547337821001902,0.9608278686149716,0.03906589532851086
18065,IN,HENRY,155957.0,151529.0,146656.0,151753.0,4204.0,42,840.0,2.5528212529992804,0.9716075584936874,0.9403617663843239,0.9730438518309534,0.026956148169046595
18067,IN,HOWARD,129732.0,127994.0,126313.0,127997.0,1672.0,22,616.0,2.2734447743373623,0.9866031511115222,0.9736456695341165,0.9866262757068418,0.012888107791446984
18069,IN,HUNTINGTON,200164.0,196389.0,191470.0,196389.0,3607.0,32,865.0,2.397969153567397,0.9811404648188485,0.9565656161947204,0.9811404648188485,0.018020223416798226
18071,IN,JACKSON,125609.0,119027.0,116539.0,119043.0,6560.0,46,830.0,2.665842962573859,0.9475992962287734,0.9277917983583979,0.9477266756363,0.0522255570858776
18073,IN,JASPER,276906.0,266593.0,265038.0,267358.0,4314.0,40,839.0,2.4505844792197045,0.9627563144171668,0.9571406903425711,0.9655189847818393,0.015579294056466816
18075,IN,JAY,174348.0,168562.0,162235.0,168584.0,3996.0,18,1132.0,2.6415803466192296,0.9668134994379058,0.9305240094523597,0.9669396838506894,0.022919677885608093
18077,IN,JEFFERSON,50720.0,42920.0,40775.0,42948.0,7576.0,35,620.0,3.3045911503024517,0.8462145110410094,0.8039235015772871,0.8467665615141956,0.1493690851735016
18079,IN,JENNINGS,77850.0,72876.0,70452.0,72886.0,4939.0,39,521.0,2.6650334300251055,0.9361078998073218,0.904971098265896,0.9362363519588953,0.06344251766217084
18081,IN,JOHNSON,112753.0,109494.0,106716.0,109544.0,3180.0,39,674.0,2.5097052614715363,0.9710961127420114,0.946458187365303,0.9715395599230175,0.028203240711998794
18083,IN,KNOX,292049.0,287329.0,275271.0,287564.0,4485.0,38,779.0,2.8032249022023845,0.9838383284996696,0.9425507363490373,0.9846429879917411,0.015357012008258888
18085,IN,KOSCIUSKO,246707.0,223647.0,219140.0,223661.0,11531.0,43,1322.0,3.0301109937969932,0.9065287973182763,0.8882601628652612,0.9065855447960536,0.04673965473213164
18087,IN,LAGRANGE,125193.0,92712.0,89232.0,93118.0,31732.0,42,2826.0,4.015557742934672,0.7405525868059716,0.7127555054995087,0.7437955796250589,0.25346465057950524
18089,IN,LAKE,100561.0,97702.0,97006.0,97731.0,2812.0,32,510.0,2.3565838078620924,0.9715694951323077,0.9646483229084835,0.9718578773083004,0.027963126858324798
18091,IN,LA PORTE,253394.0,245710.0,238499.0,246031.0,5555.0,57,1162.0,2.5947378351781167,0.9696756829285619,0.9412180241047539,0.9709424848260022,0.021922381745424123
18093,IN,LAWRENCE,47104.0,29648.0,29645.0,29667.0,17401.0,41,720.0,3.3755167088644584,0.6294157608695652,0.6293520720108695,0.6298191236413043,0.36941661005434784
18095,IN,MADISON,180128.0,177482.0,175856.0,177492.0,2632.0,46,993.0,2.235882814182572,0.9853104459051342,0.9762835317107834,0.9853659619825902,0.01461183158642743
18097,IN,MARION,12442.0,11604.0,11207.0,11639.0,790.0,42,322.0,2.6076450066556447,0.9326474843272786,0.9007394309596528,0.935460536891175,0.0634946150136634
18099,IN,MARSHALL,175807.0,166605.0,164878.0,166670.0,9097.0,43,1243.0,2.5616915460383343,0.9476585118908804,0.937835239779986,0.9480282355082562,0.051744242265666325
18101,IN,MARTIN,33293.0,29115.0,28311.0,29115.0,4178.0,8,222.0,3.003451139752589,0.8745081548673895,0.8503589343105157,0.8745081548673895,0.12549184513261047
18103,IN,MIAMI,173138.0,165471.0,161861.0,165471.0,5557.0,24,869.0,2.6533331317605215,0.9557174046136607,0.934866984717393,0.9557174046136607,0.032095784865252
18105,IN,MONROE,17573.0,9913.0,9766.0,9959.0,7586.0,71,705.0,3.8501609666390686,0.5641040232174358,0.5557389176577704,0.5667216752973311,0.4316849712627326
18107,IN,MONTGOMERY,213992.0,211005.0,207313.0,211018.0,2966.0,25,752.0,2.308038586159107,0.9860415342629631,0.968788552843097,0.9861022841975401,0.013860331227335602
18109,IN,MORGAN,103348.0,99445.0,98840.0,99446.0,3902.0,28,540.0,2.3901904447048747,0.9622343925378334,0.9563803847195882,0.962244068583814,0.03775593141618609
18111,IN,NEWTON,156377.0,150127.0,148568.0,150819.0,5558.0,12,519.0,2.4616893815884575,0.9600324855957079,0.9500629888027011,0.964457688790551,0.03554231120944896
18113,IN,NOBLE,131782.0,120133.0,118240.0,120216.0,11526.0,36,1264.0,2.799614765991588,0.9116040126876205,0.8972393801884931,0.9122338407369747,0.08746262767297507
18115,IN,OHIO,6925.0,3617.0,3617.0,3633.0,3292.0,9,134.0,3.324287901519853,0.5223104693140794,0.5223104693140794,0.5246209386281588,0.47537906137184116
18117,IN,ORANGE,55049.0,47934.0,46172.0,48005.0,7042.0,42,453.0,3.168099430184268,0.8707515122890516,0.8387436647350542,0.8720412723210231,0.12792239641047068
18119,IN,OWEN,40537.0,32892.0,32479.0,32893.0,7643.0,34,482.0,3.1300965198929385,0.8114068628660236,0.8012186397612058,0.8114315316871007,0.1885437994918223
18121,IN,PARKE,122733.0,116192.0,112601.0,116250.0,6440.0,43,932.0,2.7866247980094974,0.946705450041961,0.9174468154449089,0.9471780205812618,0.05247162539822216
18123,IN,PERRY,31894.0,23856.0,23397.0,23856.0,8013.0,16,463.0,3.3347338905528585,0.747977676051922,0.733586254467925,0.747977676051922,0.2512384774565749
18125,IN,PIKE,62226.0,60636.0,58665.0,61063.0,1163.0,8,240.0,2.526593889813772,0.9744479799440748,0.9427731173464469,0.9813100633175843,0.01868993668241571
18127,IN,PORTER,94474.0,91194.0,90195.0,91231.0,3201.0,41,648.0,2.4188572837193765,0.9652814530982069,0.9547071151851303,0.9656730952431357,0.033882337997755994
18129,IN,POSEY,234366.0,231751.0,214614.0,231756.0,2610.0,21,757.0,2.595045441187167,0.9888422382086138,0.9157215637080464,0.9888635723611787,0.01113642763882133
18131,IN,PULASKI,222046.0,194592.0,193533.0,194592.0,1838.0,34,618.0,2.792439361530627,0.876358952649451,0.8715896706087928,0.876358952649451,0.008277564108337913
18133,IN,PUTNAM,131634.0,125181.0,121690.0,125211.0,6395.0,38,778.0,2.6614450516583954,0.9509777109257487,0.9244572071045475,0.9512056155704454,0.04858167342783779
18135,IN,RANDOLPH,216814.0,213035.0,210304.0,213044.0,3770.0,17,985.0,2.3042815597523507,0.9825703137251285,0.9699742636545611,0.9826118239597074,0.0173881760402926
18137,IN,RIPLEY,133362.0,125932.0,120573.0,125959.0,7365.0,43,1165.0,2.7955612219928874,0.9442869782996656,0.9041031178296666,0.9444894347715241,0.05522562649030458
18139,IN,RUSH,167011.0,163834.0,160171.0,163834.0,3110.0,20,775.0,2.387041832802459,0.9809773008963482,0.9590446138278317,0.9809773008963482,0.01862152792331044
18141,IN,ST. JOSEPH,138044.0,132816.0,130305.0,132853.0,5105.0,59,861.0,2.5111147554674798,0.9621280171539509,0.9439381646431573,0.9623960476369853,0.03698096259163745
18143,IN,SCOTT,27495.0,25028.0,25028.0,25029.0,2422.0,45,317.0,2.6373538002628183,0.9102745953809783,0.9102745953809783,0.9103109656301146,0.08808874340789234
18145,IN,SHELBY,196153.0,193258.0,188797.0,193266.0,2852.0,31,890.0,2.3616068156750316,0.9852411128048003,0.9624986617589331,0.9852818972944589,0.014539670563284783
18147,IN,SPENCER,122847.0,114568.0,113901.0,114568.0,8246.0,21,727.0,2.56325294439424,0.9326072268757072,0.9271777088573592,0.9326072268757072,0.06712414629579884
18149,IN,STARKE,74605.0,70723.0,70161.0,70726.0,1706.0,38,383.0,2.56185054595462,0.9479659540245292,0.940432946853428,0.9480061658065814,0.022867100060317672
18151,IN,STEUBEN,73625.0,68283.0,66763.0,68285.0,5326.0,13,466.0,2.775490492221902,0.9274431239388795,0.9067979626485568,0.9274702886247878,0.07233955857385399
18153,IN,SULLIVAN,146417.0,143663.0,143273.0,143663.0,2754.0,22,507.0,2.220719662171943,0.9811907087291776,0.9785270836036799,0.9811907087291776,0.018809291270822377
18155,IN,SWITZERLAND,24841.0,18757.0,18757.0,18757.0,5943.0,21,313.0,3.293896286658606,0.7550823235779558,0.7550823235779558,0.7550823235779558,0.2392415764260698
18157,IN,TIPPECANOE,200326.0,197385.0,195483.0,197416.0,2785.0,54,917.0,2.2602924975418435,0.9853189301438655,0.9758244062178649,0.9854736779050148,0.013902339187124987
18159,IN,TIPTON,155343.0,154936.0,153877.0,154936.0,407.0,15,610.0,2.11069056196846,0.9973799913739274,0.9905628190520332,0.9973799913739274,0.0026200086260726265
18161,IN,UNION,59694.0,58143.0,57649.0,58143.0,1551.0,5,243.0,2.321102818186453,0.974017489194894,0.9657419506148022,0.974017489194894,0.02598251080510604
18163,IN,VANDERBURGH,49818.0,49380.0,46039.0,49380.0,413.0,23,325.0,2.5532437842533438,0.9912079971094785,0.924143883736802,0.9912079971094785,0.00829017624151913
18165,IN,VERMILLION,80279.0,78813.0,78190.0,78813.0,1466.0,8,293.0,2.269072233361578,0.9817386863314191,0.9739782508501601,0.9817386863314191,0.018261313668580824
18167,IN,VIGO,83470.0,81878.0,81193.0,81883.0,1522.0,46,548.0,2.280428623033201,0.9809272792620103,0.9727207379896969,0.9809871810231221,0.018234096082424822
18169,IN,WABASH,156674.0,152353.0,148242.0,152355.0,4319.0,35,763.0,2.5046306968978524,0.9724204398943028,0.9461812425801346,0.9724332052542222,0.027566794745777858
18171,IN,WARREN,160053.0,156115.0,156115.0,156115.0,3938.0,13,372.0,2.2413925373385046,0.9753956501908743,0.9753956501908743,0.9753956501908743,0.024604349809125726
18173,IN,WARRICK,106017.0,101877.0,97504.0,101877.0,4140.0,23,428.0,2.6587339730938138,0.9609496590169501,0.9197015572974145,0.9609496590169501,0.03905034098304989
18175,IN,WASHINGTON,123099.0,103518.0,102191.0,103521.0,18572.0,36,841.0,3.2345965703569695,0.8409329076596885,0.8301529663116678,0.8409572782882071,0.15087043761525276
18177,IN,WAYNE,120504.0,112926.0,110869.0,113148.0,7330.0,37,1055.0,2.7297587363168985,0.9371141206930891,0.9200441479121025,0.9389563831905995,0.06082785633671911
18179,IN,WELLS,187739.0,185859.0,182200.0,185859.0,1880.0,24,793.0,2.277115641013308,0.989986097720772,0.970496274082636,0.989986097720772,0.010013902279228078
18181,IN,WHITE,269823.0,252971.0,249402.0,252982.0,3852.0,34,842.0,2.6681176912879034,0.9375442419660296,0.9243170522898344,0.9375850094321092,0.014276025394425235
18183,IN,WHITLEY,136966.0,131420.0,126246.0,131426.0,5428.0,27,888.0,2.6624115840476854,0.9595081991151089,0.92173240074179,0.959552005607231,0.0396302732064892
19001,IA,ADAIR,235133.0,211108.0,211108.0,211112.0,24015.0,45,1215.0,2.7437322023342157,0.8978237848366669,0.8978237848366669,0.8978407964853934,0.10213368604151693
19003,IA,ADAMS,154796.0,140576.0,140576.0,140579.0,14217.0,8,709.0,2.6146848922905774,0.9081371611669552,0.9081371611669552,0.9081565415127005,0.09184345848729941
19005,IA,ALLAMAKEE,157334.0,122639.0,122639.0,122641.0,34624.0,47,1365.0,3.311168438990003,0.7794818666022602,0.7794818666022602,0.7794945784128033,0.2200668641234571
19007,IA,APPANOOSE,104087.0,74499.0,74499.0,74635.0,29452.0,23,752.0,3.0759273796272613,0.7157377962665847,0.7157377962665847,0.7170443955537195,0.28295560444628054
19009,IA,AUDUBON,204880.0,200298.0,200298.0,200299.0,4581.0,19,810.0,2.217744474910496,0.9776356891839125,0.9776356891839125,0.9776405700898086,0.022359429910191332
19011,IA,BENTON,320866.0,310682.0,310682.0,310682.0,10184.0,23,1644.0,2.2741472299205197,0.9682608939557323,0.9682608939557323,0.9682608939557323,0.031739106044267704
19013,IA,BLACK HAWK,254803.0,250328.0,250328.0,250406.0,4395.0,42,1368.0,2.16029144407844,0.9824374124323497,0.9824374124323497,0.9827435312771042,0.017248619521748176
19015,IA,BOONE,292301.0,286110.0,286110.0,286522.0,5777.0,50,1254.0,2.1648410694077183,0.9788197782422914,0.9788197782422914,0.9802292841967698,0.01976387354131529
19017,IA,BREMER,206307.0,200988.0,200988.0,201052.0,5254.0,53,1461.0,2.1815259932933326,0.9742180342887057,0.9742180342887057,0.9745282515862282,0.02546690126849792
19019,IA,BUCHANAN,316493.0,309335.0,309335.0,309428.0,6948.0,30,1538.0,2.0953470122362794,0.9773833860464528,0.9773833860464528,0.9776772314079616,0.02195309216949506
19021,IA,BUENA VISTA,287466.0,284039.0,284039.0,284183.0,3283.0,15,1164.0,2.126579831044288,0.9880785901637064,0.9880785901637064,0.9885795189691998,0.011420481030800164
19023,IA,BUTLER,266769.0,260776.0,260776.0,260782.0,5978.0,23,1162.0,2.1958692091818803,0.9775348709932563,0.9775348709932563,0.9775573623621935,0.022408900584400735
19025,IA,CALHOUN,274466.0,270821.0,270821.0,270821.0,1836.0,37,1078.0,2.1421740044998057,0.9867196665525056,0.9867196665525056,0.9867196665525056,0.006689353143923109
19027,IA,CARROLL,297875.0,292836.0,292836.0,292873.0,5001.0,32,1644.0,2.1448160996775156,0.9830835081829626,0.9830835081829626,0.9832077213596307,0.016788921527486362
19029,IA,CASS,235395.0,222226.0,222226.0,222287.0,13104.0,37,1134.0,2.441824194319058,0.9440557361031457,0.9440557361031457,0.9443148749973449,0.0556681322882814
19031,IA,CEDAR,321699.0,311216.0,311216.0,312038.0,9626.0,62,1429.0,2.283808522372856,0.9674136382146044,0.9674136382146044,0.9699688217868255,0.029922380859126078
19033,IA,CERRO GORDO,299791.0,296777.0,296777.0,296795.0,2996.0,17,1023.0,2.063908790694654,0.9899463292760623,0.9899463292760623,0.9900063711052033,0.009993628894796708
19035,IA,CHEROKEE,269227.0,264649.0,264649.0,264651.0,4567.0,37,1381.0,2.1682219257508493,0.9829957619406672,0.9829957619406672,0.9830031906160972,0.01696338034446768
19037,IA,CHICKASAW,230246.0,221874.0,221874.0,222063.0,8087.0,31,1458.0,2.254665602899637,0.9636388905779036,0.9636388905779036,0.9644597517437871,0.03512330290211339
19039,IA,CLARKE,65361.0,42607.0,42607.0,42607.0,22724.0,27,699.0,3.3621831416111125,0.6518719113844648,0.6518719113844648,0.6518719113844648,0.3476690993099861
19041,IA,CLAY,255920.0,251586.0,251586.0,251592.0,4327.0,23,1023.0,2.1563902568511946,0.9830650203188497,0.9830650203188497,0.983088465145358,0.01690762738355736
19043,IA,CLAYTON,257334.0,224751.0,224751.0,224763.0,32353.0,47,1963.0,2.7297807726872874,0.8733824523770664,0.8733824523770664,0.8734290843806104,0.12572376755500633
19045,IA,CLINTON,291179.0,277566.0,277566.0,277978.0,12968.0,30,1723.0,2.363381577899195,0.9532486889507829,0.9532486889507829,0.9546636261543586,0.04453617877662881
19047,IA,CRAWFORD,366100.0,356334.0,356334.0,356990.0,9072.0,12,1483.0,2.228031237955262,0.973324228352909,0.973324228352909,0.9751160885004098,0.024780114722753346
19049,IA,DALLAS,238169.0,232132.0,232132.0,232158.0,6008.0,50,1180.0,2.1830274424397493,0.9746524526701628,0.9746524526701628,0.9747616188504801,0.025225785051790954
19051,IA,DAVIS,105142.0,77492.0,77492.0,78839.0,26302.0,31,1090.0,3.5207454609381625,0.7370223126818969,0.7370223126818969,0.7498335584257481,0.25015693062715183
19053,IA,DECATUR,101687.0,73400.0,73400.0,73977.0,27658.0,26,760.0,3.222238905599962,0.7218228485450451,0.7218228485450451,0.7274971235261144,0.27199150333867655
19055,IA,DELAWARE,280015.0,261222.0,261222.0,261248.0,18765.0,42,2174.0,2.2529914968130837,0.9328857382640215,0.9328857382640215,0.9329785904326554,0.06701426709283431
19057,IA,DES MOINES,112985.0,108964.0,108964.0,109217.0,3738.0,37,892.0,2.3130679041922626,0.964411205027216,0.964411205027216,0.9666504403239368,0.033084037704120016
19059,IA,DICKINSON,140217.0,137298.0,137298.0,137301.0,2916.0,35,615.0,2.211952771581377,0.9791822674853976,0.9791822674853976,0.979203662893943,0.02079633710605704
19061,IA,DUBUQUE,234674.0,202443.0,202443.0,202922.0,31462.0,59,2433.0,2.580460872480597,0.862656280627594,0.862656280627594,0.8646974100241186,0.13406683313873713
19063,IA,EMMET,190692.0,188838.0,188838.0,188838.0,1854.0,17,582.0,2.08751205815873,0.9902775155748537,0.9902775155748537,0.9902775155748537,0.009722484425146309
19065,IA,FAYETTE,327575.0,309898.0,309898.0,309952.0,17432.0,26,1823.0,2.4071256002771673,0.9460367854689765,0.9460367854689765,0.9462016332137678,0.053215294207433414
19067,IA,FLOYD,254555.0,247948.0,247948.0,248228.0,6119.0,38,1304.0,2.199022380207647,0.9740449018876078,0.9740449018876078,0.9751448606391546,0.024038027145410618
19069,IA,FRANKLIN,303286.0,300538.0,300538.0,300538.0,2747.0,14,1097.0,2.058900224601862,0.9909392454646769,0.9909392454646769,0.9909392454646769,0.00905745731751548
19071,IA,FREMONT,223694.0,219405.0,219405.0,219405.0,4289.0,24,656.0,2.1756408536438414,0.9808264861820165,0.9808264861820165,0.9808264861820165,0.019173513817983497
19073,IA,GREENE,273999.0,268749.0,268749.0,268773.0,5226.0,13,1018.0,2.199677569495675,0.9808393461290005,0.9808393461290005,0.9809269376895536,0.01907306231044639
19075,IA,GRUNDY,300506.0,298349.0,298349.0,298356.0,2068.0,13,992.0,2.0879042332152613,0.9928221067133435,0.9928221067133435,0.9928454007573893,0.006881726155218199
19077,IA,GUTHRIE,195464.0,180829.0,180829.0,181058.0,14297.0,29,1115.0,2.5981093301970057,0.9251268775835959,0.9251268775835959,0.9262984488192199,0.07314390373674948
19079,IA,HAMILTON,332533.0,331037.0,331037.0,331037.0,1496.0,12,926.0,2.014701169234921,0.9955011983773039,0.9955011983773039,0.9955011983773039,0.004498801622696094
19081,IA,HANCOCK,309739.0,306317.0,306317.0,306331.0,3408.0,21,1209.0,2.08722180248744,0.988951988609765,0.988951988609765,0.9889971879550202,0.011002812044979805
19083,IA,HARDIN,290910.0,285101.0,285101.0,285103.0,5795.0,49,1178.0,2.0999535702504195,0.9800316249011722,0.9800316249011722,0.9800384998796878,0.01992025024921797
19085,IA,HARRISON,300156.0,294775.0,294775.0,294789.0,5367.0,28,1023.0,2.141929939395482,0.982072655552446,0.982072655552446,0.9821192979650581,0.01788070203494183
19087,IA,HENRY,162202.0,155152.0,155152.0,155313.0,6859.0,48,1014.0,2.3594629388624844,0.9565356777351697,0.9565356777351697,0.9575282672223524,0.04228677821481856
19089,IA,HOWARD,234409.0,226859.0,226859.0,226983.0,7306.0,36,1127.0,2.2805876369042233,0.9677913390697456,0.9677913390697456,0.9683203289976068,0.031167745265753447
19091,IA,HUMBOLDT,203234.0,201850.0,201850.0,201850.0,1384.0,19,793.0,2.0959544930806873,0.9931901158270762,0.9931901158270762,0.9931901158270762,0.0068098841729238215
19093,IA,IDA,177621.0,173500.0,173500.0,173500.0,4121.0,11,673.0,2.2052855237770586,0.9767989145427624,0.9767989145427624,0.9767989145427624,0.0232010854572376
19095,IA,IOWA,249988.0,237364.0,237364.0,237485.0,12503.0,23,1323.0,2.408885766186267,0.9495015760756517,0.9495015760756517,0.9499855993087668,0.05001440069123318
19097,IA,JACKSON,176117.0,145652.0,145652.0,145672.0,30385.0,28,1590.0,2.9050391554481503,0.8270184025392211,0.8270184025392211,0.8271319634106872,0.1725273539749144
19099,IA,JASPER,356396.0,342280.0,342280.0,342280.0,14012.0,19,1684.0,2.3148092169384102,0.9603923725294335,0.9603923725294335,0.9603923725294335,0.03931581723700603
19101,IA,JEFFERSON,138305.0,127382.0,127382.0,127845.0,10390.0,48,896.0,2.6414314758963053,0.9210223780774376,0.9210223780774376,0.9243700516973355,0.07512382054155671
19103,IA,JOHNSON,203636.0,188707.0,188707.0,189263.0,14323.0,66,2093.0,2.636936657771323,0.9266878155139563,0.9266878155139563,0.9294181775324599,0.07033628631479699
19105,IA,JONES,241118.0,226406.0,226406.0,226736.0,14365.0,40,1493.0,2.4099834710736485,0.9389842317869259,0.9389842317869259,0.940352856277839,0.05957663882414419
19107,IA,KEOKUK,179367.0,168470.0,168470.0,169167.0,10200.0,15,1147.0,2.507121307256549,0.9392474646952895,0.9392474646952895,0.9431333522888826,0.05686664771111743
19109,IA,KOSSUTH,524206.0,519947.0,519947.0,520734.0,3253.0,45,1956.0,2.1122427522431426,0.9918753314536651,0.9918753314536651,0.9933766496377379,0.0062055756706333
19111,IA,LEE,141915.0,130684.0,130684.0,131507.0,10396.0,51,1105.0,2.643907362690926,0.9208610788147835,0.9208610788147835,0.9266603248423352,0.07325511749991193
19113,IA,LINN,277748.0,265055.0,265055.0,265419.0,12093.0,61,2169.0,2.387473800419397,0.9543003009922664,0.9543003009922664,0.9556108414822069,0.04353946743090859
19115,IA,LOUISA,140190.0,137804.0,137804.0,137804.0,2286.0,24,692.0,2.1619857582206063,0.9829802411013624,0.9829802411013624,0.9829802411013624,0.016306441258292316
19117,IA,LUCAS,72360.0,51774.0,51774.0,52241.0,20119.0,21,612.0,3.3423187664159215,0.7155058043117745,0.7155058043117745,0.7219596462133776,0.27804035378662245
19119,IA,LYON,275292.0,265223.0,265223.0,266346.0,8945.0,36,1779.0,2.3269016454302656,0.9634242912979673,0.9634242912979673,0.967503596181509,0.03249277131191607
19121,IA,MADISON,180535.0,158935.0,158935.0,158994.0,21456.0,33,1237.0,2.7355356241819684,0.8803556097155676,0.8803556097155676,0.8806824161519927,0.1188467610158695
19123,IA,MAHASKA,226158.0,218247.0,218247.0,218247.0,7911.0,10,1224.0,2.284832982680955,0.9650200302443425,0.9650200302443425,0.9650200302443425,0.03497996975565755
19125,IA,MARION,149619.0,135177.0,135177.0,135235.0,14298.0,57,1166.0,2.6904543126644094,0.9034748260581879,0.9034748260581879,0.9038624773591589,0.09556272933250456
19127,IA,MARSHALL,285200.0,277390.0,277390.0,277416.0,7751.0,53,1305.0,2.2429116455973284,0.9726157082748949,0.9726157082748949,0.9727068723702664,0.02717741935483871
19129,IA,MILLS,181019.0,176434.0,176434.0,176798.0,4221.0,26,586.0,2.2435559009235133,0.9746711671150542,0.9746711671150542,0.9766820057563018,0.023317994243698174
19131,IA,MITCHELL,227040.0,220547.0,220547.0,220712.0,5968.0,47,1312.0,2.239382456515378,0.9714015151515152,0.9714015151515152,0.9721282593375616,0.0262861169837914
19133,IA,MONONA,340169.0,335472.0,335472.0,335664.0,4505.0,14,908.0,2.139290831937472,0.9861921574276316,0.9861921574276316,0.9867565827573941,0.013243417242605882
19135,IA,MONROE,83824.0,62461.0,62461.0,62671.0,21064.0,26,677.0,3.31805317297864,0.7451445886619584,0.7451445886619584,0.7476498377552968,0.2512884138194312
19137,IA,MONTGOMERY,187675.0,179087.0,179087.0,179102.0,8573.0,19,780.0,2.3827832189989047,0.9542400426268816,0.9542400426268816,0.9543199680298389,0.04568003197016118
19139,IA,MUSCATINE,156550.0,149423.0,149423.0,149797.0,6605.0,24,1009.0,2.3973036035229587,0.9544746087511977,0.9544746087511977,0.9568636218460556,0.042190993292877677
19141,IA,O BRIEN,241413.0,237765.0,237765.0,237765.0,3539.0,14,1386.0,2.1624714639560056,0.9848889662114302,0.9848889662114302,0.9848889662114302,0.014659525377672287
19143,IA,OSCEOLA,178992.0,177284.0,177284.0,177284.0,1708.0,9,777.0,2.100634629061365,0.9904576740859927,0.9904576740859927,0.9904576740859927,0.00954232591400733
19145,IA,PAGE,220786.0,208307.0,208307.0,208581.0,12205.0,20,991.0,2.435209994917651,0.943479206109083,0.943479206109083,0.9447202268259763,0.055279773174023716
19147,IA,PALO ALTO,313940.0,309962.0,309962.0,310320.0,3616.0,18,1022.0,2.2102146346006175,0.9873287889405619,0.9873287889405619,0.9884691342294706,0.01151812448238517
19149,IA,PLYMOUTH,462720.0,453194.0,453194.0,453425.0,9197.0,23,2070.0,2.222554036284615,0.9794130359612725,0.9794130359612725,0.9799122579529738,0.01987595089903181
19151,IA,POCAHONTAS,290658.0,288224.0,288224.0,288229.0,2417.0,15,1155.0,2.111430238391438,0.9916258971024365,0.9916258971024365,0.991643099450213,0.008315614915123616
19153,IA,POLK,152784.0,147066.0,147066.0,147146.0,5592.0,53,1061.0,2.3152493435922294,0.962574615142947,0.962574615142947,0.9630982301811708,0.036600691171850455
19155,IA,POTTAWATTAMIE,486555.0,477287.0,477287.0,477385.0,9168.0,42,1839.0,2.1864259340639123,0.9809517937334936,0.9809517937334936,0.9811532098118404,0.018842679655948453
19157,IA,POWESHIEK,226940.0,216073.0,216073.0,216073.0,10867.0,29,1140.0,2.3828923820609513,0.9521150965012779,0.9521150965012779,0.9521150965012779,0.04788490349872213
19159,IA,RINGGOLD,155125.0,118576.0,118576.0,118699.0,36286.0,9,808.0,3.131463452027176,0.7643900080580177,0.7643900080580177,0.7651829170024174,0.23391458501208703
19161,IA,SAC,301637.0,296221.0,296221.0,296295.0,4537.0,38,1279.0,2.202004573137158,0.9820446430643456,0.9820446430643456,0.9822899710579273,0.015041258201082758
19163,IA,SCOTT,178294.0,173408.0,173408.0,173945.0,4306.0,31,1035.0,2.252885937958302,0.9725958248735235,0.9725958248735235,0.975607704129135,0.02415112118186815
19165,IA,SHELBY,298436.0,293108.0,293108.0,293112.0,5125.0,32,1397.0,2.173413461135297,0.9821469259740782,0.9821469259740782,0.9821603291828064,0.0171728611829672
19167,IA,SIOUX,436113.0,426811.0,426811.0,426843.0,9257.0,47,2517.0,2.1687480060624598,0.9786706656302381,0.9786706656302381,0.9787440411086118,0.021226150103298917
19169,IA,STORY,262496.0,256770.0,256770.0,256862.0,5174.0,65,1656.0,2.204421176906344,0.9781863342679508,0.9781863342679508,0.9785368157990979,0.0197107765451664
19171,IA,TAMA,286778.0,275375.0,275375.0,275390.0,11385.0,39,1638.0,2.3383064955750523,0.9602375356547573,0.9602375356547573,0.9602898409222465,0.03969969802425569
19173,IA,TAYLOR,196796.0,179588.0,179588.0,179596.0,17200.0,14,816.0,2.5831279056713825,0.9125591983576902,0.9125591983576902,0.9125998495904388,0.08740015040956117
19175,IA,UNION,126148.0,104552.0,104552.0,104552.0,21596.0,7,668.0,2.9948035898022183,0.8288042616609063,0.8288042616609063,0.8288042616609063,0.17119573833909377
19177,IA,VAN BUREN,111435.0,91927.0,91927.0,92771.0,18664.0,27,868.0,3.231432308154679,0.8249383048413873,0.8249383048413873,0.8325122268587068,0.16748777314129312
19179,IA,WAPELLO,127475.0,112447.0,112447.0,112447.0,15028.0,19,781.0,2.7699447523771035,0.8821102176897431,0.8821102176897431,0.8821102176897431,0.11788978231025692
19181,IA,WARREN,188729.0,162601.0,162601.0,162915.0,25690.0,60,1708.0,2.874428073475805,0.8615581071271505,0.8615581071271505,0.8632218683933047,0.13612110486464718
19183,IA,WASHINGTON,220925.0,211121.0,211121.0,211481.0,9244.0,28,1557.0,2.4274458484306867,0.9556229489645808,0.9556229489645808,0.9572524612425031,0.04184225415865113
19185,IA,WAYNE,186772.0,161592.0,161592.0,161870.0,24902.0,18,747.0,2.8361405661396293,0.8651832180412482,0.8651832180412482,0.8666716638468293,0.13332833615317072
19187,IA,WEBSTER,314777.0,311759.0,311759.0,311923.0,2852.0,45,1332.0,2.108861362662169,0.9904122601079495,0.9904122601079495,0.9909332638661655,0.009060382429465939
19189,IA,WINNEBAGO,169098.0,167800.0,167800.0,167800.0,1273.0,17,648.0,2.070695590097288,0.9923239778116831,0.9923239778116831,0.9923239778116831,0.0075281789258299925
19191,IA,WINNESHIEK,273651.0,236996.0,236996.0,237451.0,35569.0,62,2241.0,2.9140353811933735,0.8660520151579932,0.8660520151579932,0.8677147169204571,0.1299794263496205
19193,IA,WOODBURY,382131.0,371887.0,371887.0,372045.0,9889.0,37,1391.0,2.2421078865105195,0.97319243924204,0.97319243924204,0.9736059100151518,0.025878559970271976
19195,IA,WORTH,136897.0,134378.0,134378.0,134407.0,2490.0,16,687.0,2.182618859982395,0.98159930458666,0.98159930458666,0.9818111426839157,0.018188857316084356
19197,IA,WRIGHT,336293.0,334347.0,334347.0,334352.0,1941.0,30,1010.0,2.0501724769073655,0.9942133794042695,0.9942133794042695,0.9942282473914117,0.0057717526085883444
20001,KS,ALLEN,141949.0,116024.0,116024.0,116028.0,25920.0,24,574.0,3.8307014551952197,0.8173639828389069,0.8173639828389069,0.8173921619736666,0.18260079324264347
20003,KS,ANDERSON,156700.0,128415.0,128415.0,128415.0,27912.0,11,754.0,3.5507434959866284,0.8194958519463944,0.8194958519463944,0.8194958519463944,0.1781238034460753
20005,KS,ATCHISON,133506.0,118794.0,118764.0,118815.0,14687.0,33,810.0,2.809392734665988,0.8898027054963822,0.8895779964945396,0.889960001797672,0.1100100370020823
20007,KS,BARBER,182170.0,145384.0,145384.0,152830.0,29127.0,14,427.0,3.7994008763121765,0.7980677389251798,0.7980677389251798,0.8389416479112917,0.15988911456331997
20009,KS,BARTON,334279.0,276501.0,276501.0,276501.0,56193.0,20,969.0,4.855189738466926,0.8271563574140164,0.8271563574140164,0.8271563574140164,0.16810209435830548
20011,KS,BOURBON,115644.0,64651.0,64651.0,64651.0,50593.0,27,723.0,4.268816598783827,0.5590519179551036,0.5590519179551036,0.5590519179551036,0.4374891909653765
20013,KS,BROWN,265388.0,252129.0,252129.0,252129.0,12870.0,21,794.0,2.5254585229048594,0.9500391879060093,0.9500391879060093,0.9500391879060093,0.0484950336865269
20015,KS,BUTLER,307895.0,217533.0,217527.0,220546.0,87067.0,42,1637.0,4.894785480738519,0.7065168320368957,0.7064973448740642,0.7163026356387729,0.28278146770814727
20017,KS,CHASE,68466.0,48889.0,48880.0,48889.0,19577.0,8,289.0,4.838166537749141,0.7140624543569071,0.7139310022492916,0.7140624543569071,0.2859375456430929
20019,KS,CHAUTAUQUA,48490.0,35171.0,35167.0,35209.0,13281.0,15,237.0,4.419429995069357,0.7253248092390183,0.7252423180037121,0.7261084759744277,0.27389152402557226
20021,KS,CHEROKEE,218664.0,197002.0,196912.0,196942.0,20177.0,17,748.0,3.981922898272143,0.9009347674971646,0.900523177111916,0.9006603739069988,0.0922739911462335
20023,KS,CHEYENNE,206702.0,196433.0,196433.0,196433.0,10269.0,33,502.0,3.434908127942904,0.9503197840369227,0.9503197840369227,0.9503197840369227,0.04968021596307728
20025,KS,CLARK,86232.0,73529.0,73529.0,73529.0,12703.0,7,195.0,2.9414169002140027,0.8526880972260877,0.8526880972260877,0.8526880972260877,0.14731190277391223
20027,KS,CLAY,232343.0,214148.0,214148.0,214148.0,17849.0,28,880.0,4.385542563481095,0.921689054544359,0.921689054544359,0.921689054544359,0.07682176781740789
20029,KS,CLOUD,220551.0,206399.0,206399.0,206399.0,14152.0,16,771.0,4.366506932841047,0.9358334353505539,0.9358334353505539,0.9358334353505539,0.06416656464944616
20031,KS,COFFEY,159243.0,119490.0,119490.0,119492.0,39751.0,28,764.0,3.95905409506432,0.7503626533034419,0.7503626533034419,0.7503752127252061,0.24962478727479387
20033,KS,COMANCHE,95533.0,77124.0,77124.0,79561.0,15972.0,8,229.0,3.6489033694071997,0.8073021887724661,0.8073021887724661,0.8328116985753614,0.1671883014246386
20035,KS,COWLEY,241264.0,203048.0,203048.0,208753.0,32417.0,38,1136.0,4.8664450639080865,0.8416009019165727,0.8416009019165727,0.865247198090059,0.13436318721400622
20037,KS,CRAWFORD,205601.0,178149.0,178148.0,178155.0,27284.0,25,865.0,3.8820372065483526,0.8664792486417867,0.8664743848522137,0.8665084313792248,0.13270363470994792
20039,KS,DECATUR,186797.0,170671.0,170671.0,170671.0,15759.0,13,513.0,3.7482051398749348,0.9136709904334652,0.9136709904334652,0.9136709904334652,0.08436430991932418
20041,KS,DICKINSON,296762.0,259413.0,259401.0,259418.0,37341.0,18,1446.0,4.314708384101687,0.8741449376941792,0.87410450125016,0.8741617862125205,0.12582810467647476
20043,KS,DONIPHAN,117741.0,114184.0,114181.0,114184.0,3554.0,14,460.0,2.235402008968123,0.9697896229860457,0.9697641433315498,0.9697896229860457,0.030184897359458472
20045,KS,DOUGLAS,139772.0,114623.0,114497.0,114841.0,24842.0,66,1299.0,3.484710538546302,0.8200712589073634,0.8191697908021636,0.8216309418195347,0.17773230689980826
20047,KS,EDWARDS,198695.0,187554.0,187554.0,187554.0,8529.0,14,420.0,4.273309833696183,0.94392913762299,0.94392913762299,0.94392913762299,0.042925086187372605
20049,KS,ELK,38517.0,20341.0,20339.0,20342.0,18175.0,16,216.0,4.707564123575313,0.5281044733494301,0.5280525482254589,0.5281304359114157,0.47186956408858427
20051,KS,ELLIS,191295.0,170310.0,169449.0,169599.0,20835.0,13,757.0,3.465906567219035,0.890300321492982,0.8857994197443739,0.88658354896887,0.10891554928252176
20053,KS,ELLSWORTH,112294.0,92994.0,92994.0,92994.0,19300.0,7,487.0,4.063512994681719,0.8281297308849983,0.8281297308849983,0.8281297308849983,0.1718702691150017
20055,KS,FINNEY,429344.0,366879.0,364183.0,364183.0,62465.0,35,811.0,4.387957617856749,0.8545106022210628,0.8482312551240963,0.8482312551240963,0.14548939777893716
20057,KS,FORD,312612.0,296256.0,296256.0,296256.0,16356.0,15,698.0,3.6437109862453503,0.9476795516486891,0.9476795516486891,0.9476795516486891,0.05232044835131089
20059,KS,FRANKLIN,143083.0,109185.0,109185.0,109216.0,33827.0,42,964.0,3.605906709697737,0.7630885569913965,0.7630885569913965,0.7633052144559451,0.23641522752528252
20061,KS,GEARY,58907.0,41159.0,41159.0,41163.0,17743.0,36,322.0,5.084862018439257,0.6987115283412837,0.6987115283412837,0.6987794319860119,0.3012035921028061
20063,KS,GOVE,250137.0,233790.0,230161.0,231880.0,14628.0,11,545.0,3.8865536790233577,0.9346478129984769,0.9201397634096515,0.9270119974254108,0.0584799529857638
20065,KS,GRAHAM,136516.0,124204.0,124204.0,124204.0,12312.0,10,405.0,4.22011423632838,0.9098127691992147,0.9098127691992147,0.9098127691992147,0.09018723080078525
20067,KS,GRANT,158239.0,142262.0,140428.0,140428.0,15977.0,12,338.0,4.109788193220837,0.8990324761910781,0.8874424130587276,0.8874424130587276,0.10096752380892195
20069,KS,GRAY,291907.0,265419.0,265419.0,265419.0,26488.0,12,617.0,4.291036008402626,0.9092587707728832,0.9092587707728832,0.9092587707728832,0.09074122922711686
20071,KS,GREELEY,266469.0,262706.0,262706.0,262706.0,3763.0,8,392.0,2.985900435564169,0.9858782822767377,0.9858782822767377,0.9858782822767377,0.014121717723262369
20073,KS,GREENWOOD,131787.0,76758.0,76758.0,76758.0,55029.0,29,577.0,3.9362369294159905,0.5824398461153224,0.5824398461153224,0.5824398461153224,0.41756015388467754
20075,KS,HAMILTON,225773.0,210820.0,210820.0,210820.0,14953.0,7,291.0,3.2785957230066463,0.9337697598915725,0.9337697598915725,0.9337697598915725,0.06623024010842748
20077,KS,HARPER,242631.0,204999.0,204195.0,214797.0,24505.0,12,533.0,2.7931886876067016,0.844900280673121,0.841586606822706,0.8852825896113852,0.10099698719454644
20079,KS,HARVEY,310249.0,287317.0,287281.0,292728.0,16685.0,36,1257.0,4.28930485699212,0.9260851767451306,0.925969140915845,0.9435260065302387,0.053779383656353444
20081,KS,HASKELL,201752.0,184074.0,184074.0,187566.0,11689.0,10,328.0,4.313471410859122,0.9123775724652048,0.9123775724652048,0.9296859510686387,0.057937467782227685
20083,KS,HODGEMAN,173638.0,161619.0,161619.0,161619.0,12019.0,9,518.0,3.2427148220861675,0.9307812805952614,0.9307812805952614,0.9307812805952614,0.06921871940473859
20085,KS,JACKSON,112578.0,71042.0,71041.0,71047.0,41381.0,18,999.0,4.119780622366057,0.631046918580895,0.6310380358506991,0.6310913322318747,0.36757625823873225
20087,KS,JEFFERSON,91822.0,62547.0,62518.0,62571.0,29236.0,56,911.0,3.500263539927581,0.6811766243383939,0.6808607958876958,0.681437999607937,0.31839864084859837
20089,KS,JEWELL,259129.0,239340.0,239340.0,239340.0,19789.0,19,884.0,4.351519814476412,0.9236326308518151,0.9236326308518151,0.9236326308518151,0.07636736914818489
20091,KS,JOHNSON,27167.0,16882.0,16874.0,16908.0,10236.0,41,515.0,3.9420533493951453,0.6214156881510656,0.6211212132366474,0.6223727316229248,0.37678065299812274
20093,KS,KEARNY,276232.0,233361.0,232750.0,232750.0,42871.0,17,395.0,4.278962018762586,0.8448007471980075,0.8425888383677489,0.8425888383677489,0.15519925280199254
20095,KS,KINGMAN,207075.0,169351.0,168615.0,173875.0,31257.0,12,766.0,3.9691535102001256,0.8178244597368103,0.814270191959435,0.8396716165640469,0.15094530967040928
20097,KS,KIOWA,114528.0,99964.0,99964.0,101413.0,13111.0,13,365.0,5.076724351870976,0.8728345906677843,0.8728345906677843,0.8854865185806091,0.11447855546241967
20099,KS,LABETTE,200933.0,161878.0,161868.0,161890.0,38238.0,32,1054.0,4.591449500277925,0.8056317279889317,0.8055819601558728,0.8056914493886022,0.19030224005016597
20101,KS,LANE,165550.0,156624.0,156624.0,156624.0,3660.0,12,354.0,3.3838361150926635,0.9460827544548475,0.9460827544548475,0.9460827544548475,0.022108124433705828
20103,KS,LEAVENWORTH,85732.0,59369.0,59269.0,59418.0,26266.0,64,1317.0,3.688842118695578,0.692495217655018,0.691328792049643,0.6930667662016516,0.3063733495077684
20105,KS,LINCOLN,117101.0,99305.0,99064.0,99064.0,17796.0,24,526.0,4.476128367897088,0.8480286248622984,0.8459705724118496,0.8459705724118496,0.15197137513770165
20107,KS,LINN,127771.0,97353.0,97350.0,97364.0,30407.0,33,669.0,3.115084205102958,0.7619334590791338,0.7619099795728295,0.7620195506022494,0.23798044939775068
20109,KS,LOGAN,175023.0,167822.0,167822.0,167822.0,7201.0,8,353.0,3.256102868057989,0.9588568359587025,0.9588568359587025,0.9588568359587025,0.04114316404129743
20111,KS,LYON,204685.0,140498.0,140452.0,140501.0,62942.0,27,1039.0,4.091506902530212,0.6864108263917728,0.6861860908224833,0.686425483059335,0.3075066565698512
20113,KS,MCPHERSON,463382.0,438434.0,437986.0,437993.0,24940.0,35,1873.0,4.051913671704792,0.9461610507097815,0.9451942457842557,0.9452093521112171,0.05382168491654833
20115,KS,MARION,337317.0,293195.0,293193.0,293195.0,43437.0,39,1662.0,4.690940459241541,0.8691972239762598,0.8691912948354219,0.8691972239762598,0.12877204528677771
20117,KS,MARSHALL,283596.0,259647.0,259647.0,259647.0,23421.0,19,1397.0,3.2684150173663133,0.9155524055346338,0.9155524055346338,0.9155524055346338,0.08258579105488088
20119,KS,MEADE,238874.0,228019.0,228019.0,229907.0,8967.0,13,539.0,4.255455691805094,0.9545576328943293,0.9545576328943293,0.9624613813139982,0.03753861868600183
20121,KS,MIAMI,137700.0,98291.0,98235.0,98312.0,39331.0,58,1290.0,3.661589506976663,0.7138053740014524,0.7133986928104575,0.7139578794480755,0.28562817719680467
20123,KS,MITCHELL,280701.0,260099.0,260099.0,260711.0,19550.0,11,805.0,4.665197378310359,0.9266051777514152,0.9266051777514152,0.9287854336108529,0.0696470621764796
20125,KS,MONTGOMERY,174279.0,142022.0,142015.0,142024.0,32251.0,25,819.0,4.263617726474809,0.8149117220089627,0.8148715565271777,0.8149231978609012,0.18505385043522168
20127,KS,MORRIS,149839.0,114221.0,114071.0,114071.0,35523.0,18,699.0,4.890960033125958,0.7622915262381623,0.7612904517515466,0.7612904517515466,0.23707445992031448
20129,KS,MORTON,154031.0,146966.0,146966.0,149293.0,4738.0,8,206.0,3.3130502181319996,0.9541326096694821,0.9541326096694821,0.9692399581902345,0.030760041809765565
20131,KS,NEMAHA,279419.0,252579.0,252579.0,252579.0,26044.0,19,1508.0,2.9088957587443045,0.903943539988333,0.903943539988333,0.903943539988333,0.09320769167451032
20133,KS,NEOSHO,153566.0,128334.0,128324.0,128351.0,25097.0,45,790.0,4.165282078544378,0.8356927965825769,0.835627678001641,0.8358034981701679,0.16342810257478868
20135,KS,NESS,232177.0,219120.0,217970.0,217970.0,13057.0,8,604.0,3.1993099503377453,0.943762732742692,0.9388096150781516,0.9388096150781516,0.056237267257308
20137,KS,NORTON,162981.0,147055.0,147055.0,147055.0,15926.0,8,466.0,4.482730887671043,0.9022830882127365,0.9022830882127365,0.9022830882127365,0.09771691178726355
20139,KS,OSAGE,166785.0,125987.0,125987.0,125998.0,40787.0,35,956.0,3.6956356193657527,0.7553856761699194,0.7553856761699194,0.7554516293431663,0.24454837065683366
20141,KS,OSBORNE,207883.0,184417.0,184417.0,184417.0,20190.0,10,666.0,4.936140167900186,0.8871191968559238,0.8871191968559238,0.8871191968559238,0.09712193878287306
20143,KS,OTTAWA,220508.0,191672.0,189969.0,189969.0,28836.0,12,709.0,5.011479620567523,0.8692292343134943,0.8615061585067209,0.8615061585067209,0.1307707656865057
20145,KS,PAWNEE,245951.0,226327.0,226327.0,226327.0,19624.0,8,484.0,4.2848091898810505,0.9202117494948181,0.9202117494948181,0.9202117494948181,0.07978825050518193
20147,KS,PHILLIPS,207566.0,184136.0,184136.0,184293.0,23273.0,9,726.0,4.885805262552976,0.8871202412726554,0.8871202412726554,0.8878766271932783,0.11212337280672172
20149,KS,POTTAWATOMIE,138608.0,95364.0,95364.0,95455.0,42962.0,27,907.0,4.0530964415938335,0.6880122359459772,0.6880122359459772,0.6886687637077225,0.3099532494516911
20151,KS,PRATT,318519.0,276974.0,276974.0,297989.0,19964.0,11,671.0,4.790742620947438,0.8695682204201319,0.8695682204201319,0.9355454462685114,0.06267757967342608
20153,KS,RAWLINS,189555.0,178429.0,178429.0,178429.0,10413.0,9,425.0,3.5847495773554177,0.9413046345387882,0.9413046345387882,0.9413046345387882,0.05493392419086809
20155,KS,RENO,481936.0,421679.0,415273.0,423863.0,48491.0,51,2000.0,5.113450971021875,0.8749688755353408,0.8616766541615484,0.8795005975897214,0.10061709438597656
20157,KS,REPUBLIC,208630.0,195877.0,195877.0,195877.0,12723.0,32,867.0,3.5237796804520256,0.9388726453530173,0.9388726453530173,0.9388726453530173,0.06098355941139817
20159,KS,RICE,277277.0,252834.0,251778.0,253532.0,20061.0,13,707.0,4.726849026338318,0.9118462764672151,0.9080378105648864,0.9143636147246256,0.07235003263884131
20161,KS,RILEY,75459.0,61312.0,61299.0,61354.0,14105.0,39,625.0,4.124461489918488,0.812520706608887,0.8123484276229476,0.8130773002557681,0.18692269974423198
20163,KS,ROOKS,242716.0,208325.0,208325.0,208325.0,34391.0,10,716.0,4.807383933975994,0.8583076517411296,0.8583076517411296,0.8583076517411296,0.14169234825887045
20165,KS,RUSH,156401.0,144077.0,144077.0,144077.0,12324.0,11,611.0,3.4119819026752802,0.9212025498558193,0.9212025498558193,0.9212025498558193,0.07879745014418066
20167,KS,RUSSELL,149772.0,130399.0,128919.0,128928.0,19364.0,14,591.0,4.405206508119846,0.8706500547498865,0.8607683679192373,0.8608284592580723,0.12928985391127848
20169,KS,SALINE,197834.0,168755.0,168755.0,168755.0,29079.0,11,792.0,4.313429595152718,0.8530131322219638,0.8530131322219638,0.8530131322219638,0.14698686777803613
20171,KS,SCOTT,246797.0,234230.0,234230.0,234230.0,12567.0,7,347.0,3.6087342560111217,0.9490796079368874,0.9490796079368874,0.9490796079368874,0.0509203920631126
20173,KS,SEDGWICK,387541.0,345353.0,345342.0,350508.0,36872.0,53,2020.0,4.525392834810846,0.8911392601040922,0.8911108760105383,0.9044410784923401,0.09514348159291533
20175,KS,SEWARD,170362.0,141966.0,141966.0,149196.0,19953.0,11,273.0,5.273152963815427,0.8333196370082531,0.8333196370082531,0.8757586785785563,0.11712118899754641
20177,KS,SHAWNEE,92036.0,66079.0,66074.0,66168.0,25845.0,48,899.0,3.8185064587589808,0.7179690555869442,0.7179147290190795,0.7189360684949367,0.2808140292928854
20179,KS,SHERIDAN,200697.0,189544.0,189544.0,189544.0,11153.0,19,535.0,3.4615788198743567,0.9444286660986462,0.9444286660986462,0.9444286660986462,0.055571333901353784
20181,KS,SHERMAN,305209.0,276826.0,276826.0,278669.0,4976.0,9,452.0,3.868560454819403,0.9070047082491014,0.9070047082491014,0.9130431933527517,0.016303582135520252
20183,KS,SMITH,316188.0,300045.0,299950.0,299950.0,16143.0,22,1035.0,4.510282480996479,0.9489449314964514,0.9486444773362683,0.9486444773362683,0.051055068503548524
20185,KS,STAFFORD,247090.0,219354.0,219354.0,219406.0,22852.0,27,659.0,4.31359193827074,0.8877494030515197,0.8877494030515197,0.8879598526852563,0.09248451981059533
20187,KS,STANTON,210020.0,204870.0,204870.0,204870.0,5150.0,6,279.0,3.249666180409078,0.9754785258546805,0.9754785258546805,0.9754785258546805,0.024521474145319494
20189,KS,STEVENS,245232.0,225171.0,223854.0,235396.0,7782.0,12,343.0,4.210077157789064,0.9181958308866706,0.9128254061460168,0.9598910419521106,0.03173321589352124
20191,KS,SUMNER,655540.0,593512.0,593512.0,627638.0,26532.0,25,1559.0,4.15722703643429,0.9053787716996674,0.9053787716996674,0.9574366171400678,0.04047350276108247
20193,KS,THOMAS,342977.0,329523.0,328750.0,328750.0,13454.0,23,681.0,3.3751082615762593,0.9607728798140983,0.9585190843700889,0.9585190843700889,0.03922712018590168
20195,KS,TREGO,152948.0,136943.0,136943.0,138042.0,14326.0,13,489.0,3.653031163692093,0.8953565917828281,0.8953565917828281,0.9025420404320422,0.09366582106336795
20197,KS,WABAUNSEE,85106.0,50993.0,50993.0,50993.0,34113.0,26,680.0,4.064322207361123,0.5991704462670082,0.5991704462670082,0.5991704462670082,0.4008295537329918
20199,KS,WALLACE,223164.0,212637.0,211681.0,212640.0,8848.0,16,390.0,3.5166607391074662,0.9528284131849223,0.9485445681203062,0.9528418562133677,0.03964797189510853
20201,KS,WASHINGTON,248526.0,223068.0,223068.0,223068.0,25098.0,9,1205.0,3.789669390236505,0.8975640375654861,0.8975640375654861,0.8975640375654861,0.1009874218391637
20203,KS,WICHITA,253497.0,252169.0,252169.0,252169.0,1328.0,8,405.0,2.8976905947351104,0.9947612792261842,0.9947612792261842,0.9947612792261842,0.0052387207738158635
20205,KS,WILSON,200092.0,172947.0,172947.0,172959.0,27133.0,31,609.0,3.964824022604264,0.8643374047937948,0.8643374047937948,0.864397377206485,0.13560262279351498
20207,KS,WOODSON,129222.0,98336.0,98336.0,98336.0,30886.0,8,333.0,4.160997358824792,0.7609849715992633,0.7609849715992633,0.7609849715992633,0.2390150284007367
20209,KS,WYANDOTTE,3993.0,3208.0,3172.0,3250.0,731.0,47,302.0,1.8748710837993445,0.8034059604307539,0.7943901828199349,0.813924367643376,0.18307037315301777
21001,KY,ADAIR,49166.0,19515.0,19515.0,19549.0,29613.0,44,1056.0,3.323674049275725,0.39692063621201645,0.39692063621201645,0.3976121710124883,0.602306471952162
21003,KY,ALLEN,38396.0,8095.0,8095.0,8431.0,28926.0,58,1122.0,3.1331408219848202,0.2108292530471924,0.2108292530471924,0.21958016460047922,0.7533597249713512
21005,KY,ANDERSON,15614.0,1465.0,1465.0,1497.0,14009.0,46,529.0,2.243055885640431,0.09382605354169335,0.09382605354169335,0.09587549634943,0.8972076341744588
21007,KY,BALLARD,74326.0,71306.0,71306.0,71328.0,2998.0,24,403.0,3.109102441353946,0.9593681887899255,0.9593681887899255,0.9596641821166214,0.04033581788337863
21009,KY,BARREN,110720.0,45220.0,45220.0,45338.0,60538.0,38,1558.0,3.93177307801809,0.40841763005780346,0.40841763005780346,0.40948338150289015,0.5467666184971098
21011,KY,BATH,34356.0,8811.0,8811.0,8838.0,25424.0,35,644.0,3.118486287071897,0.2564617534055187,0.2564617534055187,0.2572476423332169,0.7400162999185004
21013,KY,BELL,1352.0,0.0,0.0,7.0,1345.0,26,99.0,1.4738842913143428,0.0,0.0,0.005177514792899409,0.9948224852071006
21015,KY,BOONE,21720.0,3733.0,3733.0,3868.0,17801.0,47,731.0,2.7193291915759388,0.17186924493554329,0.17186924493554329,0.17808471454880295,0.8195672191528545
21017,KY,BOURBON,57601.0,20912.0,20912.0,20974.0,35981.0,56,858.0,3.5888772512530642,0.36304925261714205,0.36304925261714205,0.36412562281904826,0.6246592941094773
21019,KY,BOYD,2442.0,69.0,69.0,69.0,2373.0,15,127.0,1.3284846989378556,0.028255528255528257,0.028255528255528257,0.028255528255528257,0.9717444717444718
21021,KY,BOYLE,43387.0,21197.0,21197.0,21214.0,21507.0,36,466.0,4.915253193392332,0.4885564800516284,0.4885564800516284,0.48894830248692006,0.49570147740106485
21023,KY,BRACKEN,22452.0,1996.0,1996.0,2006.0,19993.0,44,604.0,2.32002087221723,0.08890076607874577,0.08890076607874577,0.08934616069837877,0.8904774630322466
21025,KY,BREATHITT,2145.0,253.0,253.0,271.0,1871.0,43,213.0,2.8234739106654723,0.11794871794871795,0.11794871794871795,0.12634032634032635,0.8722610722610723
21027,KY,BRECKINRIDGE,91938.0,60198.0,60198.0,60299.0,30116.0,52,1295.0,3.9355646927109684,0.6547673432095543,0.6547673432095543,0.6558659096347539,0.32756857882486023
21029,KY,BULLITT,10654.0,4589.0,4589.0,4630.0,6021.0,33,371.0,3.1928605804902412,0.43073024216256806,0.43073024216256806,0.4345785620424254,0.5651398535761216
21031,KY,BUTLER,64702.0,48957.0,48957.0,48979.0,15722.0,45,651.0,3.3937656776192746,0.7566535810330438,0.7566535810330438,0.7569936014342679,0.24299094309294922
21033,KY,CALDWELL,84738.0,71731.0,71731.0,72346.0,11976.0,33,438.0,4.03086875492485,0.8465033397059171,0.8465033397059171,0.853761004508013,0.14132974580471572
21035,KY,CALLOWAY,102867.0,91507.0,91507.0,91514.0,9123.0,32,792.0,3.5848432449450764,0.8895661388005872,0.8895661388005872,0.889634187834777,0.08868733413047916
21037,KY,CAMPBELL,8841.0,397.0,397.0,418.0,8370.0,48,524.0,1.8144376117751535,0.0449044225766316,0.0449044225766316,0.04727971948874562,0.9467254835425857
21039,KY,CARLISLE,108593.0,106802.0,106802.0,106802.0,1791.0,8,243.0,2.872670394601913,0.9835072242225558,0.9835072242225558,0.9835072242225558,0.016492775777444218
21041,KY,CARROLL,8929.0,1546.0,1546.0,1547.0,7381.0,16,161.0,2.252558548984894,0.17314368910292305,0.17314368910292305,0.1732556837271811,0.8266323216485608
21043,KY,CARTER,12523.0,532.0,532.0,571.0,11918.0,31,553.0,1.7614435913784594,0.042481833426495245,0.042481833426495245,0.04559610317016689,0.9516888924379142
21045,KY,CASEY,55980.0,19442.0,19442.0,19503.0,36363.0,46,1038.0,3.0110434984869032,0.34730260807431224,0.34730260807431224,0.34839228295819935,0.6495712754555198
21047,KY,CHRISTIAN,254401.0,231850.0,231850.0,232171.0,15264.0,48,1315.0,3.9683749159732713,0.9113564805169792,0.9113564805169792,0.9126182680099528,0.05999976415187047
21049,KY,CLARK,39544.0,7805.0,7805.0,7851.0,31220.0,55,805.0,2.2132801774011557,0.1973750758648594,0.1973750758648594,0.19853833704228202,0.7895003034594376
21051,KY,CLAY,5296.0,674.0,674.0,738.0,4558.0,36,250.0,2.2862427454125798,0.12726586102719034,0.12726586102719034,0.13935045317220543,0.8606495468277946
21053,KY,CLINTON,16935.0,3563.0,3563.0,3565.0,13370.0,21,346.0,2.566326387425873,0.21039267788603483,0.21039267788603483,0.21051077649837616,0.7894892235016239
21055,KY,CRITTENDEN,76227.0,61897.0,61897.0,61923.0,13040.0,39,423.0,3.9454231066220298,0.8120088682487833,0.8120088682487833,0.8123499547404462,0.17106799428024191
21057,KY,CUMBERLAND,19254.0,3720.0,3720.0,3747.0,15503.0,41,430.0,2.3431347013767154,0.19320660641944531,0.19320660641944531,0.19460891243378,0.8051833385270594
21059,KY,DAVIESS,219101.0,207295.0,207295.0,207354.0,10760.0,40,1087.0,2.6750065310791866,0.9461161747322011,0.9461161747322011,0.946385456935386,0.0491097712926915
21061,KY,EDMONSON,33423.0,23393.0,23393.0,23414.0,10009.0,26,438.0,3.430387745189589,0.6999072494988481,0.6999072494988481,0.7005355593453609,0.299464440654639
21063,KY,ELLIOTT,6147.0,112.0,112.0,150.0,5989.0,41,403.0,1.471102805943518,0.018220270050431104,0.018220270050431104,0.02440214738897023,0.9742964047502847
21065,KY,ESTILL,7898.0,653.0,653.0,676.0,7218.0,34,343.0,1.8528811835638732,0.0826791592808306,0.0826791592808306,0.08559128893390731,0.9139022537351228
21067,KY,FAYETTE,23427.0,5312.0,5312.0,5428.0,17587.0,60,589.0,3.0484169233300085,0.22674691595167967,0.22674691595167967,0.23169846758014256,0.750714986980834
21069,KY,FLEMING,54413.0,13998.0,13998.0,14019.0,40343.0,39,916.0,2.872459857418934,0.25725470016356383,0.25725470016356383,0.25764063734769266,0.7414220866337089
21073,KY,FRANKLIN,17187.0,3324.0,3324.0,3359.0,13785.0,51,500.0,2.347835236364126,0.19340198987606913,0.19340198987606913,0.19543841275382556,0.8020596962820736
21075,KY,FULTON,84623.0,84231.0,84231.0,84231.0,392.0,14,168.0,2.447040456961443,0.9953676896352056,0.9953676896352056,0.9953676896352056,0.004632310364794441
21077,KY,GALLATIN,7824.0,2806.0,2806.0,2814.0,4290.0,26,166.0,4.3569509989083635,0.358640081799591,0.358640081799591,0.35966257668711654,0.5483128834355828
21079,KY,GARRARD,35125.0,6426.0,6426.0,6443.0,27641.0,42,702.0,2.8234108885206726,0.18294661921708186,0.18294661921708186,0.1834306049822064,0.786932384341637
21081,KY,GRANT,23381.0,568.0,568.0,581.0,22549.0,32,655.0,1.6481629381012683,0.024293229545357342,0.024293229545357342,0.024849236559599676,0.9644155510884906
21083,KY,GRAVES,193654.0,181873.0,181873.0,181914.0,10566.0,41,1063.0,3.195141340832302,0.9391646957976597,0.9391646957976597,0.9393764136036437,0.05456122775672075
21085,KY,GRAYSON,78067.0,39957.0,39957.0,39973.0,37985.0,35,1140.0,3.4255548622870218,0.511829582281886,0.511829582281886,0.512034534438367,0.48656922899560634
21087,KY,GREEN,66399.0,41598.0,41598.0,41620.0,22861.0,33,800.0,4.038488741371299,0.626485338634618,0.626485338634618,0.6268166689257368,0.3442973538758114
21089,KY,GREENUP,11769.0,4114.0,4114.0,4187.0,7578.0,30,448.0,2.9050309875822045,0.34956240972045205,0.34956240972045205,0.35576514572181156,0.6438949783329085
21091,KY,HANCOCK,22206.0,18386.0,18386.0,18408.0,3798.0,16,227.0,2.8644163551134327,0.8279744213275692,0.8279744213275692,0.8289651445555255,0.17103485544447447
21093,KY,HARDIN,90065.0,61303.0,61303.0,61372.0,28398.0,53,1201.0,3.65058766526986,0.6806528618220175,0.6806528618220175,0.6814189751845889,0.31530561261311274
21097,KY,HARRISON,51359.0,10447.0,10447.0,10473.0,40006.0,56,1104.0,2.8298690397936346,0.20341128137230086,0.20341128137230086,0.20391752175860123,0.7789481882435406
21099,KY,HART,49382.0,18877.0,18877.0,18922.0,30116.0,39,962.0,3.1921177305585946,0.38226479283949616,0.38226479283949616,0.38317605605281274,0.6098578429387226
21101,KY,HENDERSON,154479.0,150653.0,150653.0,150674.0,3689.0,35,534.0,2.433267835482894,0.9752328795499712,0.9752328795499712,0.9753688203574596,0.02388026851546165
21103,KY,HENRY,48455.0,13838.0,13838.0,13899.0,34091.0,59,957.0,3.0699927210694926,0.2855845629965948,0.2855845629965948,0.28684346300691366,0.703560004127541
21105,KY,HICKMAN,97935.0,96522.0,96522.0,96534.0,1182.0,27,242.0,2.9133479988966617,0.9855720631030785,0.9855720631030785,0.9856945933527339,0.012069229591055292
21107,KY,HOPKINS,138093.0,127941.0,127941.0,128008.0,9186.0,47,570.0,2.844514282779143,0.9264843257804523,0.9264843257804523,0.9269695060575119,0.06652038843388151
21109,KY,JACKSON,14335.0,0.0,0.0,22.0,14305.0,44,407.0,1.2148566464579176,0.0,0.0,0.0015347052668294385,0.9979072200906871
21111,KY,JEFFERSON,3517.0,653.0,653.0,676.0,2831.0,56,257.0,2.5908621544833856,0.18566960477679842,0.18566960477679842,0.1922092692635769,0.8049473983508673
21113,KY,JESSAMINE,24924.0,5770.0,5770.0,5784.0,19136.0,46,489.0,2.629265884085719,0.23150377146525436,0.23150377146525436,0.23206547905633124,0.767774033060504
21115,KY,JOHNSON,2099.0,84.0,84.0,92.0,1976.0,29,188.0,1.723957399274948,0.04001905669366365,0.04001905669366365,0.04383039542639352,0.9414006669842783
21117,KY,KENTON,8431.0,452.0,452.0,503.0,7918.0,46,441.0,1.7399305534964051,0.053611671213379196,0.053611671213379196,0.0596607757086941,0.9391531253706559
21121,KY,KNOX,6576.0,204.0,204.0,233.0,6342.0,32,263.0,1.5101968971371176,0.03102189781021898,0.03102189781021898,0.03543187347931873,0.9644160583941606
21123,KY,LARUE,68409.0,56455.0,56455.0,56477.0,11927.0,47,686.0,3.419211180438607,0.8252569106404128,0.8252569106404128,0.8255785057521671,0.17434840444970692
21125,KY,LAUREL,24223.0,854.0,854.0,1240.0,22943.0,43,819.0,1.8646103713761302,0.03525574866862073,0.03525574866862073,0.051191016802212774,0.9471576600751352
21127,KY,LAWRENCE,5323.0,35.0,35.0,41.0,5282.0,28,183.0,2.0810452270858204,0.006575239526582754,0.006575239526582754,0.007702423445425512,0.9922975765545745
21129,KY,LEE,3728.0,35.0,35.0,37.0,3686.0,31,116.0,1.1869183620185464,0.009388412017167383,0.009388412017167383,0.00992489270386266,0.9887339055793991
21135,KY,LEWIS,25489.0,10991.0,10991.0,11008.0,14399.0,27,516.0,3.1902772290660986,0.43120561810977287,0.43120561810977287,0.43187257248224725,0.5649103534858174
21137,KY,LINCOLN,56664.0,24170.0,24170.0,24278.0,32242.0,51,1160.0,3.787910015512737,0.42654948468163206,0.42654948468163206,0.4284554567273754,0.5690032472116335
21139,KY,LIVINGSTON,62753.0,51964.0,51964.0,51964.0,10789.0,21,257.0,3.2417058647293304,0.8280719646869472,0.8280719646869472,0.8280719646869472,0.17192803531305276
21141,KY,LOGAN,216372.0,193934.0,193934.0,195131.0,20094.0,37,919.0,3.995279916336064,0.8962989665945686,0.8962989665945686,0.9018311056883516,0.09286783872220065
21143,KY,LYON,17621.0,11678.0,11678.0,11679.0,5914.0,39,146.0,3.7011705725606765,0.6627319675387322,0.6627319675387322,0.6627887180069235,0.33562226888371827
21145,KY,MCCRACKEN,41011.0,38941.0,38941.0,38990.0,1941.0,51,417.0,3.1549655158028918,0.949525736997391,0.949525736997391,0.9507205383921387,0.0473287654531711
21147,KY,MCCREARY,1907.0,0.0,0.0,14.0,1893.0,36,135.0,1.3082432834130042,0.0,0.0,0.007341373885684321,0.9926586261143157
21149,KY,MCLEAN,95409.0,91436.0,91436.0,91436.0,3647.0,21,422.0,2.8408222236022804,0.9583582261631503,0.9583582261631503,0.9583582261631503,0.0382249054072467
21151,KY,MADISON,42384.0,3643.0,3643.0,3728.0,38563.0,68,1065.0,2.0150854001425924,0.08595224613061532,0.08595224613061532,0.08795771989429974,0.9098480558701397
21153,KY,MAGOFFIN,5218.0,112.0,112.0,154.0,5048.0,27,315.0,1.4831984270452518,0.021464162514373324,0.021464162514373324,0.02951322345726332,0.9674204676121119
21155,KY,MARION,78195.0,46305.0,46305.0,46308.0,31487.0,41,1084.0,4.048546074306978,0.5921734126222904,0.5921734126222904,0.5922117782466909,0.4026728051665708
21157,KY,MARSHALL,46745.0,36958.0,36958.0,36971.0,9178.0,40,560.0,4.0759964436815155,0.7906300139052305,0.7906300139052305,0.7909081185153493,0.19634185474382287
21159,KY,MARTIN,1510.0,0.0,0.0,0.0,1510.0,5,13.0,1.6463501060178514,0.0,0.0,0.0,1.0
21161,KY,MASON,42408.0,17876.0,17876.0,17887.0,23698.0,51,672.0,3.251756995170165,0.4215242407093001,0.4215242407093001,0.42178362573099415,0.5588096585549897
21163,KY,MEADE,58878.0,44733.0,44733.0,44770.0,14106.0,43,719.0,3.5745101752260386,0.7597574645877917,0.7597574645877917,0.7603858826726452,0.23958014878222766
21165,KY,MENIFEE,4832.0,57.0,57.0,91.0,4740.0,37,241.0,1.6978755056486723,0.01179635761589404,0.01179635761589404,0.01883278145695364,0.9809602649006622
21167,KY,MERCER,54796.0,23485.0,23485.0,23544.0,31039.0,45,788.0,3.855823549328942,0.42858967807869186,0.42858967807869186,0.4296663990072268,0.5664464559456894
21169,KY,METCALFE,45955.0,18257.0,18257.0,18288.0,27013.0,28,740.0,3.707854954346479,0.39727994777499726,0.39727994777499726,0.39795452072679793,0.5878141660319878
21171,KY,MONROE,49345.0,17222.0,17222.0,17222.0,30391.0,21,673.0,3.773837572555732,0.3490120579592664,0.3490120579592664,0.3490120579592664,0.6158881345627724
21173,KY,MONTGOMERY,21455.0,2909.0,2909.0,2918.0,18370.0,31,475.0,2.260199789236154,0.13558611046376137,0.13558611046376137,0.13600559310184107,0.85621067350268
21175,KY,MORGAN,15525.0,173.0,173.0,183.0,15342.0,38,488.0,1.367715341002351,0.011143317230273751,0.011143317230273751,0.01178743961352657,0.9882125603864734
21177,KY,MUHLENBERG,59914.0,44259.0,44259.0,44267.0,15263.0,31,509.0,3.9001856941494473,0.7387088159695564,0.7387088159695564,0.7388423406883199,0.25474847281102914
21179,KY,NELSON,85136.0,54311.0,54311.0,54335.0,30149.0,47,1220.0,4.137291712524868,0.6379322495771471,0.6379322495771471,0.6382141514752866,0.3541275136252584
21181,KY,NICHOLAS,25495.0,6112.0,6112.0,6129.0,18411.0,37,496.0,3.3654381540145595,0.23973328103549715,0.23973328103549715,0.24040007844675426,0.7221415963914493
21183,KY,OHIO,68807.0,55495.0,55495.0,55505.0,13302.0,27,688.0,3.105963095442402,0.8065313122211403,0.8065313122211403,0.806676646271455,0.19332335372854506
21185,KY,OLDHAM,17303.0,7125.0,7125.0,7200.0,10066.0,61,606.0,3.3624416598627462,0.41177830434028784,0.41177830434028784,0.41611281280702767,0.581748829682714
21187,KY,OWEN,34255.0,3967.0,3967.0,4005.0,29573.0,54,662.0,2.383929127530126,0.11580791125383155,0.11580791125383155,0.1169172383593636,0.8633192234710261
21189,KY,OWSLEY,1778.0,9.0,9.0,34.0,1741.0,41,144.0,1.156744876115518,0.005061867266591676,0.005061867266591676,0.019122609673790775,0.9791901012373453
21191,KY,PENDLETON,22587.0,2323.0,2323.0,2338.0,20160.0,48,804.0,2.0487301022049462,0.10284677026608226,0.10284677026608226,0.10351086908398636,0.8925488112631159
21195,KY,PIKE,3103.0,260.0,260.0,269.0,2834.0,38,121.0,2.2958717708597516,0.0837898807605543,0.0837898807605543,0.0866902997099581,0.9133097002900419
21197,KY,POWELL,7314.0,4705.0,4705.0,4708.0,2606.0,24,151.0,3.342551302071177,0.6432868471424665,0.6432868471424665,0.6436970194148209,0.3563029805851791
21199,KY,PULASKI,78505.0,34284.0,34284.0,34425.0,44011.0,46,1525.0,3.578631276377493,0.4367110375135342,0.4367110375135342,0.43850710145850585,0.5606139736322527
21201,KY,ROBERTSON,6314.0,152.0,152.0,158.0,6155.0,18,199.0,1.4703066160296099,0.024073487488121634,0.024073487488121634,0.025023756731073803,0.9748178650617675
21203,KY,ROCKCASTLE,21623.0,3177.0,3177.0,3192.0,18426.0,38,526.0,1.9363518608541497,0.14692688341118254,0.14692688341118254,0.1476205891874393,0.8521481755538084
21205,KY,ROWAN,6607.0,390.0,390.0,439.0,6167.0,35,293.0,1.6728903291044148,0.05902830331466626,0.05902830331466626,0.06644467988497049,0.9334039654911458
21207,KY,RUSSELL,43772.0,23220.0,23220.0,23228.0,20542.0,32,568.0,3.586212871798,0.5304761034451247,0.5304761034451247,0.5306588686831765,0.4692954400073106
21209,KY,SCOTT,29774.0,7665.0,7665.0,7936.0,20969.0,56,819.0,3.2381352868148627,0.25743937663733457,0.25743937663733457,0.2665412776247733,0.70427218378451
21211,KY,SHELBY,90468.0,56467.0,56467.0,56507.0,33219.0,52,1282.0,3.8910035897207447,0.624165450767122,0.624165450767122,0.624607596056064,0.36719060883406285
21213,KY,SIMPSON,112802.0,105429.0,105429.0,105440.0,7214.0,52,539.0,3.6030689164688026,0.9346376837290119,0.9346376837290119,0.9347351997305012,0.06395276679491499
21215,KY,SPENCER,22307.0,9648.0,9648.0,9671.0,12575.0,44,581.0,3.2486286258194514,0.43250997444748285,0.43250997444748285,0.4335410409288564,0.5637243914466311
21217,KY,TAYLOR,36823.0,20975.0,20975.0,21068.0,15237.0,45,709.0,4.0093036491089125,0.5696168155772208,0.5696168155772208,0.5721424109931293,0.41379029410965973
21219,KY,TODD,151249.0,137234.0,137234.0,137924.0,11141.0,47,941.0,4.0275229053940045,0.9073382303354072,0.9073382303354072,0.9119002439685552,0.0736599911404373
21221,KY,TRIGG,62671.0,51329.0,51329.0,51563.0,9388.0,47,508.0,4.477375701775755,0.8190231526543378,0.8190231526543378,0.8227569370203124,0.14979815225542914
21223,KY,TRIMBLE,14367.0,6538.0,6538.0,6620.0,7744.0,45,479.0,3.9436748395969987,0.4550706480128071,0.4550706480128071,0.46077817220018097,0.5390130159393054
21225,KY,UNION,188275.0,182374.0,182374.0,182374.0,5896.0,18,364.0,2.5624602209002467,0.9686575487983003,0.9686575487983003,0.9686575487983003,0.031315894303545345
21227,KY,WARREN,135945.0,103362.0,103362.0,103457.0,32271.0,63,1331.0,4.279841927834591,0.7603221891206002,0.7603221891206002,0.761021001140167,0.2373827650888227
21229,KY,WASHINGTON,55729.0,17075.0,17075.0,17086.0,38522.0,54,997.0,3.1374648363374127,0.30639343968131494,0.30639343968131494,0.30659082344919164,0.6912379551041647
21231,KY,WAYNE,34248.0,16697.0,16697.0,16742.0,17441.0,35,716.0,3.771442896816178,0.4875321186638636,0.4875321186638636,0.4888460640037374,0.5092560149497781
21233,KY,WEBSTER,130521.0,121900.0,121900.0,121900.0,8508.0,13,388.0,2.8506720684031976,0.9339493261620735,0.9339493261620735,0.9339493261620735,0.06518491277265727
21235,KY,WHITLEY,12683.0,285.0,285.0,342.0,12315.0,45,431.0,1.50224677204514,0.022471024205629582,0.022471024205629582,0.0269652290467555,0.9709847827800994
21237,KY,WOLFE,6178.0,74.0,74.0,90.0,6087.0,25,250.0,1.5454537656557223,0.011977986403366786,0.011977986403366786,0.014567821301392036,0.9852703140174813
21239,KY,WOODFORD,26807.0,8809.0,8809.0,8856.0,17164.0,60,652.0,3.7195862926106056,0.3286081993509158,0.3286081993509158,0.33036147274965494,0.6402805237437983
22001,LA,ACADIA,142794.0,127560.0,127560.0,127560.0,5899.0,16,427.0,2.469984909840062,0.8933148451615615,0.8933148451615615,0.8933148451615615,0.041311259576732914
22003,LA,ALLEN,27002.0,24471.0,24471.0,24485.0,2513.0,28,214.0,1.8923512216715646,0.9062662025035183,0.9062662025035183,0.9067846826161026,0.09306718020887342
22005,LA,ASCENSION,17685.0,3724.0,3724.0,3734.0,3046.0,32,202.0,2.8230954716035765,0.21057393271133729,0.21057393271133729,0.21113938365846763,0.1722363584959005
22007,LA,ASSUMPTION,46759.0,5527.0,5527.0,5527.0,208.0,8,59.0,1.4788920841229627,0.11820184349536987,0.11820184349536987,0.11820184349536987,0.004448341495754828
22009,LA,AVOYELLES,173269.0,105730.0,103275.0,134710.0,15788.0,39,828.0,5.023606831853364,0.6102072499985571,0.5960385296850562,0.7774616347990696,0.09111843434197693
22011,LA,BEAUREGARD,24664.0,6305.0,4942.0,7121.0,17383.0,41,562.0,3.446283255777282,0.2556357444048005,0.200373013298735,0.2887204022056439,0.7047924099902693
22013,LA,BIENVILLE,2612.0,0.0,0.0,131.0,2479.0,13,90.0,1.2793822487583193,0.0,0.0,0.0501531393568147,0.9490811638591118
22015,LA,BOSSIER,13286.0,2390.0,2390.0,2396.0,10781.0,35,252.0,2.0326005220224443,0.17988860454613878,0.17988860454613878,0.180340207737468,0.8114556676200512
22017,LA,CADDO,65660.0,34504.0,32384.0,46483.0,18847.0,47,487.0,4.792356516798382,0.5254949741090466,0.493207432226622,0.7079348157173317,0.287039293329272
22019,LA,CALCASIEU,13873.0,5654.0,5654.0,5702.0,8129.0,23,303.0,2.5306095679292895,0.4075542420529085,0.4075542420529085,0.4110142002450804,0.5859583363367693
22021,LA,CALDWELL,12911.0,4571.0,3830.0,10064.0,2847.0,14,113.0,4.5143101939292665,0.3540391913871892,0.29664627062195026,0.7794903570598715,0.22050964294012856
22023,LA,CAMERON,4774.0,1827.0,1827.0,1827.0,2947.0,4,87.0,2.712327405625535,0.38269794721407624,0.38269794721407624,0.38269794721407624,0.6173020527859238
22025,LA,CATAHOULA,179846.0,139973.0,139451.0,176422.0,3033.0,32,395.0,3.0983206208046177,0.7782936512349454,0.7753911679992883,0.9809614892741568,0.016864428455456337
22027,LA,CLAIBORNE,6599.0,0.0,0.0,2.0,6597.0,28,145.0,1.1564105227697172,0.0,0.0,0.00030307622367025305,0.9996969237763298
22029,LA,CONCORDIA,184047.0,169327.0,169327.0,181969.0,1673.0,12,221.0,1.985992989827782,0.9200204295641874,0.9200204295641874,0.9887094057496183,0.009090069384450712
22031,LA,DE SOTO,28832.0,0.0,0.0,25.0,28804.0,18,356.0,1.2175023392935245,0.0,0.0,0.0008670921198668147,0.9990288568257492
22033,LA,EAST BATON ROUGE,9056.0,1544.0,1389.0,1820.0,7191.0,45,288.0,2.412968432122684,0.1704946996466431,0.15337897526501768,0.20097173144876326,0.7940591872791519
22035,LA,EAST CARROLL,163904.0,130054.0,130054.0,163751.0,153.0,9,331.0,1.9712103034375557,0.7934766692698165,0.7934766692698165,0.9990665267473643,0.0009334732526356892
22037,LA,EAST FELICIANA,22278.0,4155.0,4155.0,6038.0,16238.0,26,253.0,2.6168184779709542,0.18650686776191758,0.18650686776191758,0.2710297154143101,0.7288805099201006
22039,LA,EVANGELINE,67736.0,57198.0,57198.0,57524.0,8102.0,8,264.0,2.7954234835353646,0.844425416322192,0.844425416322192,0.8492382189677572,0.11961143262076296
22041,LA,FRANKLIN,158526.0,79366.0,77734.0,143238.0,11804.0,35,626.0,3.5903589343744136,0.5006497356900446,0.4903548944652612,0.9035615608796034,0.07446097170180285
22043,LA,GRANT,13682.0,8577.0,8577.0,10491.0,2534.0,19,132.0,3.49881952971908,0.6268820347902353,0.6268820347902353,0.7667738634702529,0.1852068411051016
22045,LA,IBERIA,74256.0,6005.0,6005.0,6009.0,2134.0,28,234.0,1.5239113692277149,0.08086888601594484,0.08086888601594484,0.08092275371687137,0.028738418444300796
22047,LA,IBERVILLE,43542.0,10279.0,10279.0,10279.0,2197.0,9,79.0,2.106319990177419,0.2360709200312342,0.2360709200312342,0.2360709200312342,0.050457029994028756
22049,LA,JACKSON,4669.0,0.0,0.0,26.0,4640.0,17,115.0,1.0816959121330578,0.0,0.0,0.00556864424930392,0.9937888198757764
22053,LA,JEFFERSON DAVIS,102331.0,95571.0,95571.0,95597.0,6703.0,21,317.0,1.8073785314078419,0.9339398618209536,0.9339398618209536,0.9341939392754883,0.06550312222102785
22055,LA,LAFAYETTE,15082.0,1376.0,1376.0,1411.0,6024.0,60,487.0,3.153902241772586,0.09123458427264289,0.09123458427264289,0.09355523140167087,0.3994165230075587
22057,LA,LAFOURCHE,27149.0,0.0,0.0,24.0,7111.0,38,243.0,1.9664832433184716,0.0,0.0,0.0008840104607904527,0.2619249327783712
22059,LA,LA SALLE,3747.0,960.0,960.0,1315.0,2420.0,18,133.0,3.4092768670348987,0.2562049639711769,0.2562049639711769,0.35094742460635175,0.6458500133440085
22061,LA,LINCOLN,9005.0,0.0,0.0,31.0,8974.0,22,181.0,1.139103520526609,0.0,0.0,0.003442531926707385,0.9965574680732926
22063,LA,LIVINGSTON,3359.0,0.0,0.0,81.0,3270.0,29,259.0,2.160444043903961,0.0,0.0,0.024114319738017267,0.9735040190532896
22065,LA,MADISON,175050.0,135829.0,134812.0,172462.0,2366.0,8,257.0,3.027190901475514,0.7759440159954298,0.7701342473578977,0.9852156526706656,0.013516138246215366
22067,LA,MOREHOUSE,187484.0,129536.0,128882.0,182298.0,5186.0,16,336.0,3.682193540015628,0.6909176249706641,0.6874293273025965,0.9723389729256896,0.02766102707431034
22069,LA,NATCHITOCHES,62714.0,24377.0,22812.0,40926.0,21782.0,22,299.0,3.6958187796664683,0.3887010874764805,0.3637465318748605,0.6525815607360398,0.3473227668463182
22073,LA,OUACHITA,45302.0,29913.0,26532.0,39391.0,5902.0,38,280.0,4.653480944005666,0.6603019734228069,0.585669506865039,0.8695201094874399,0.13028122378702928
22077,LA,POINTE COUPEE,133470.0,60160.0,57259.0,67096.0,6247.0,39,475.0,3.2612070024788564,0.4507379935566045,0.4290027721585375,0.5027047276541545,0.04680452536150446
22079,LA,RAPIDES,91466.0,52395.0,50205.0,66644.0,12451.0,57,614.0,6.611532112036924,0.5728358078411651,0.5488924846391009,0.7286204709946865,0.13612708547438393
22081,LA,RED RIVER,25214.0,10196.0,10196.0,16111.0,9099.0,21,178.0,5.0303466623450825,0.4043785198699135,0.4043785198699135,0.6389704132624733,0.36087094471325454
22083,LA,RICHLAND,130855.0,77845.0,77845.0,121519.0,9313.0,24,429.0,4.145834040549478,0.5948951129112376,0.5948951129112376,0.9286538535019678,0.07117037942761072
22085,LA,SABINE,15142.0,0.0,0.0,1.0,15131.0,20,217.0,1.2768719876913794,0.0,0.0,6.60414740457007e-05,0.9992735437854973
22089,LA,SAINT CHARLES,3425.0,0.0,0.0,0.0,965.0,24,48.0,2.2024916253990945,0.0,0.0,0.0,0.28175182481751826
22091,LA,SAINT HELENA,5729.0,0.0,0.0,23.0,5701.0,21,211.0,1.2526198045981114,0.0,0.0,0.004014662244719846,0.9951125850933845
22093,LA,SAINT JAMES,29156.0,5218.0,5218.0,5263.0,840.0,26,113.0,1.8430294848942577,0.17896830840993277,0.17896830840993277,0.1805117300041158,0.028810536424749622
22095,LA,ST. JOHN THE BAPTIST,11113.0,0.0,0.0,0.0,0.0,12,20.0,1.0,0.0,0.0,0.0,0.0
22097,LA,SAINT LANDRY,151504.0,99545.0,98149.0,108788.0,16888.0,47,797.0,4.526459208756088,0.6570453585383884,0.647831080367515,0.7180536487485479,0.11146900411870314
22099,LA,SAINT MARTIN,56278.0,11986.0,11986.0,12096.0,2270.0,35,347.0,2.4010757546703507,0.21297842851558335,0.21297842851558335,0.21493301112335192,0.04033547745122428
22101,LA,SAINT MARY,44432.0,5081.0,5081.0,5081.0,674.0,5,63.0,1.5407300927472785,0.1143545192653943,0.1143545192653943,0.1143545192653943,0.015169247389268996
22103,LA,SAINT TAMMANY,9219.0,0.0,0.0,2684.0,6457.0,49,525.0,2.751072055838467,0.0,0.0,0.29113786744766246,0.7004013450482699
22105,LA,TANGIPAHOA,22175.0,1050.0,1050.0,2587.0,19525.0,59,827.0,2.215215997413936,0.04735062006764374,0.04735062006764374,0.11666290868094702,0.8804960541149943
22107,LA,TENSAS,176644.0,124737.0,123875.0,176494.0,150.0,8,246.0,3.2444213259093773,0.7061490908267476,0.7012692194470234,0.9991508344466837,0.0008491655533162746
22109,LA,TERREBONNE,5388.0,0.0,0.0,35.0,1150.0,22,95.0,1.9989860160516026,0.0,0.0,0.006495916852264291,0.21343726800296955
22111,LA,UNION,13125.0,0.0,0.0,2.0,13121.0,16,188.0,1.1238524786444017,0.0,0.0,0.00015238095238095237,0.9996952380952381
22113,LA,VERMILION,124983.0,72988.0,72988.0,73002.0,11641.0,29,540.0,3.240672456429713,0.5839834217453573,0.5839834217453573,0.5840954369794292,0.09314066713072978
22115,LA,VERNON,6714.0,0.0,0.0,70.0,6635.0,24,249.0,1.6343577491820467,0.0,0.0,0.010425975573428656,0.9882335418528448
22117,LA,WASHINGTON,22301.0,3039.0,3039.0,7582.0,14686.0,34,588.0,3.1972939539358736,0.13627191605757588,0.13627191605757588,0.3399847540469037,0.6585354916819873
22119,LA,WEBSTER,4992.0,0.0,0.0,1.0,4955.0,17,167.0,1.2254622555794408,0.0,0.0,0.00020032051282051281,0.9925881410256411
22121,LA,WEST BATON ROUGE,27128.0,9487.0,9487.0,9490.0,732.0,12,96.0,2.174442928592027,0.3497124741964022,0.3497124741964022,0.34982306104393984,0.026983190799174286
22123,LA,WEST CARROLL,58590.0,32771.0,32771.0,54064.0,4415.0,34,367.0,2.9524747822388875,0.5593275302952723,0.5593275302952723,0.9227513227513228,0.07535415599931729
22125,LA,WEST FELICIANA,2698.0,0.0,0.0,5.0,2690.0,22,107.0,1.1463804677839446,0.0,0.0,0.0018532246108228317,0.9970348406226834
22127,LA,WINN,1702.0,0.0,0.0,21.0,1681.0,12,80.0,1.6722925042407077,0.0,0.0,0.012338425381903642,0.9876615746180963
23001,ME,ANDROSCOGGIN,11479.0,0.0,0.0,851.0,10361.0,60,1232.0,2.61674203989777,0.0,0.0,0.07413537764613642,0.9026047565118913
23003,ME,AROOSTOOK,68892.0,0.0,0.0,38774.0,27545.0,60,1096.0,5.717847728458977,0.0,0.0,0.5628229692852581,0.399828717412762
23005,ME,CUMBERLAND,15289.0,15.0,15.0,1948.0,12878.0,66,1298.0,3.6602591476292403,0.0009810975210935967,0.0009810975210935967,0.1274118647393551,0.8423049251095559
23007,ME,FRANKLIN,8204.0,1.0,1.0,530.0,7568.0,57,601.0,2.773061136834639,0.00012189176011701609,0.00012189176011701609,0.06460263286201853,0.9224768405655778
23009,ME,HANCOCK,6333.0,7.0,7.0,3798.0,2158.0,64,1292.0,3.538451951022633,0.0011053213327017212,0.0011053213327017212,0.5997157745144481,0.3407547765671877
23011,ME,KENNEBEC,30109.0,20.0,20.0,6112.0,23786.0,65,993.0,3.367577427874227,0.0006642532133249194,0.0006642532133249194,0.2029957819920954,0.7899963466073268
23013,ME,KNOX,6373.0,10.0,10.0,1871.0,4456.0,45,516.0,3.5590413667552423,0.0015691197238349285,0.0015691197238349285,0.29358230032951516,0.6991997489408441
23015,ME,LINCOLN,3965.0,0.0,0.0,464.0,3398.0,56,470.0,3.1912152989249005,0.0,0.0,0.11702395964691047,0.8569987389659521
23017,ME,OXFORD,13727.0,1856.0,1856.0,5115.0,8478.0,48,766.0,4.6340697184544535,0.13520798426458805,0.13520798426458805,0.37262329715159903,0.617614919501712
23019,ME,PENOBSCOT,29254.0,3288.0,3288.0,10693.0,18200.0,63,1092.0,5.405705987690282,0.11239488616941273,0.11239488616941273,0.3655226635673754,0.6221371436384768
23021,ME,PISCATAQUIS,6142.0,0.0,0.0,1312.0,4736.0,51,302.0,3.1199078537691736,0.0,0.0,0.21361120156300878,0.7710843373493976
23023,ME,SAGADAHOC,3836.0,7.0,7.0,293.0,3520.0,56,435.0,2.8454159085380275,0.0018248175182481751,0.0018248175182481751,0.07638164754953077,0.9176225234619395
23025,ME,SOMERSET,22383.0,15.0,15.0,3980.0,18164.0,52,715.0,3.16666526410655,0.0006701514542286557,0.0006701514542286557,0.17781351918866997,0.8115087343072868
23027,ME,WALDO,16651.0,14.0,14.0,2226.0,14090.0,69,1234.0,3.409755809255269,0.000840790342922347,0.000840790342922347,0.13368566452465316,0.8461954236982764
23029,ME,WASHINGTON,19525.0,4.0,4.0,18185.0,1281.0,39,416.0,1.4006875131807395,0.00020486555697823302,0.00020486555697823302,0.9313700384122919,0.06560819462227913
23031,ME,YORK,10514.0,19.0,19.0,1518.0,8666.0,70,1863.0,4.104181299400537,0.0018071143237587978,0.0018071143237587978,0.14437892334030816,0.8242343541944075
24001,MD,ALLEGANY,9911.0,486.0,0.0,1303.0,8573.0,44,383.0,2.290559189393788,0.04903642417515892,0.0,0.13147008374533348,0.864998486530118
24003,MD,ANNE ARUNDEL,21614.0,8113.0,0.0,15774.0,5701.0,59,567.0,4.479097775466513,0.37535856389377253,0.0,0.7298047561765523,0.2637642268899787
24005,MD,BALTIMORE,42391.0,14241.0,0.0,34714.0,7501.0,79,1165.0,4.316075320181158,0.3359439503668232,0.0,0.8189002382581209,0.17694793706211223
24009,MD,CALVERT,15940.0,5730.0,0.0,13965.0,1801.0,55,378.0,4.567514771713165,0.3594730238393977,0.0,0.8760978670012547,0.1129861982434128
24011,MD,CAROLINE,105216.0,43765.0,0.0,101359.0,2849.0,52,934.0,4.5103307240708626,0.41595384732360097,0.0,0.9633420772506083,0.027077630778588806
24013,MD,CARROLL,84026.0,29450.0,0.0,63911.0,19522.0,70,1631.0,4.869299839346067,0.35048675409992147,0.0,0.7606098112488991,0.23233284935615167
24015,MD,CECIL,59497.0,18734.0,0.0,48227.0,10836.0,64,913.0,4.5981365656893765,0.314873018807671,0.0,0.8105786846395616,0.18212682992419785
24017,MD,CHARLES,24791.0,10172.0,0.0,17932.0,6781.0,67,593.0,4.611084978833228,0.41031019321527973,0.0,0.7233270138356662,0.2735266830704691
24019,MD,DORCHESTER,100730.0,50381.0,0.0,99832.0,887.0,32,494.0,3.9350561393857006,0.5001588404646083,0.0,0.9910850789238559,0.008805718256725902
24021,MD,FREDERICK,135917.0,43960.0,0.0,97035.0,37181.0,79,2314.0,5.004592580370798,0.32343268318164764,0.0,0.7139283533332843,0.2735566559002921
24023,MD,GARRETT,38246.0,3861.0,0.0,14149.0,23943.0,45,1062.0,3.7503771723549306,0.10095173351461591,0.0,0.36994718401924387,0.6260262511112273
24025,MD,HARFORD,40850.0,12295.0,0.0,31816.0,8507.0,76,908.0,4.914205115011891,0.3009791921664627,0.0,0.7788494492044064,0.20824969400244797
24027,MD,HOWARD,17224.0,5433.0,0.0,12938.0,4138.0,57,370.0,4.951558992564745,0.31543195541105434,0.0,0.7511611704598236,0.2402461681374826
24029,MD,KENT,118397.0,53010.0,0.0,114126.0,4036.0,47,660.0,3.455514224516401,0.44773093912852524,0.0,0.963926450839126,0.03408870157183037
24031,MD,MONTGOMERY,44318.0,18003.0,0.0,36823.0,7455.0,68,785.0,4.089718523317123,0.406223205018277,0.0,0.8308813574619793,0.1682160747326143
24033,MD,PRINCE GEORGES,18057.0,7369.0,0.0,14140.0,3851.0,64,623.0,4.377503483347117,0.40809658304258734,0.0,0.7830758154732237,0.21326909231876834
24035,MD,QUEEN ANNES,136260.0,60314.0,0.0,134167.0,2058.0,51,716.0,3.1723087519772784,0.44263907236166156,0.0,0.984639659474534,0.015103478643769265
24037,MD,ST MARYS,33791.0,16245.0,0.0,28644.0,4858.0,72,1096.0,4.631633126787573,0.4807493119469681,0.0,0.847681335266787,0.14376609156284217
24039,MD,SOMERSET,45296.0,21402.0,0.0,44779.0,496.0,37,291.0,2.989112906097167,0.4724920522783469,0.0,0.9885861886259273,0.01095019427764041
24041,MD,TALBOT,84358.0,39627.0,0.0,83423.0,935.0,29,408.0,3.0583072185752553,0.4697479788520354,0.0,0.9889162853552715,0.01108371464472842
24043,MD,WASHINGTON,82624.0,20452.0,0.0,56659.0,25883.0,59,1587.0,5.788873709761145,0.24753098373353988,0.0,0.6857450619674671,0.31326249031758324
24045,MD,WICOMICO,40919.0,17005.0,0.0,38186.0,1653.0,57,508.0,3.9764636946572183,0.4155771157652924,0.0,0.9332095114738874,0.040396881644223954
24047,MD,WORCESTER,71417.0,35360.0,0.0,70602.0,803.0,44,389.0,2.615563855890907,0.49512020947393476,0.0,0.9885881512805075,0.01124382149908285
25003,MA,BERKSHIRE,17296.0,0.0,0.0,3819.0,13187.0,63,1407.0,3.887692923074012,0.0,0.0,0.22080249768732654,0.7624306197964847
25005,MA,BRISTOL,9407.0,0.0,0.0,2536.0,5709.0,72,921.0,6.4097359255056645,0.0,0.0,0.26958647815456577,0.606888487296694
25009,MA,ESSEX,6591.0,0.0,0.0,2029.0,4157.0,70,1479.0,7.494527307164528,0.0,0.0,0.30784402973752084,0.6307085419511455
25011,MA,FRANKLIN,15522.0,0.0,0.0,5108.0,9900.0,76,1624.0,6.8932410385731275,0.0,0.0,0.3290813039556758,0.6378044066486278
25013,MA,HAMPDEN,8119.0,0.0,0.0,2447.0,4436.0,69,1150.0,8.033129309669917,0.0,0.0,0.3013917970193374,0.5463727059982757
25015,MA,HAMPSHIRE,16392.0,0.0,0.0,7997.0,7552.0,74,1626.0,8.694841602534805,0.0,0.0,0.48785993167398733,0.46071254270375794
25017,MA,MIDDLESEX,8879.0,0.0,0.0,2596.0,5495.0,71,2228.0,6.339980254272014,0.0,0.0,0.29237526748507714,0.6188759995494988
25021,MA,NORFOLK,1330.0,0.0,0.0,325.0,778.0,59,586.0,6.714803746077113,0.0,0.0,0.24436090225563908,0.5849624060150376
25023,MA,PLYMOUTH,14319.0,0.0,0.0,1348.0,2673.0,54,1193.0,3.1657881639823637,0.0,0.0,0.09414065228018717,0.18667504714016342
25027,MA,WORCESTER,28893.0,0.0,0.0,5223.0,22533.0,74,3855.0,4.4604254878859555,0.0,0.0,0.18077042882359048,0.7798774789741459
26001,MI,ALCONA,14758.0,7063.0,6877.0,6883.0,7692.0,30,248.0,4.31035536439073,0.47858788453720014,0.46598455075213446,0.4663911099064914,0.5212088358856214
26003,MI,ALGER,7328.0,932.0,918.0,918.0,6396.0,30,120.0,2.3820172068570695,0.12718340611353712,0.12527292576419213,0.12527292576419213,0.8728165938864629
26005,MI,ALLEGAN,155405.0,129460.0,126228.0,127134.0,25227.0,71,1649.0,4.664925925518136,0.8330491296933819,0.8122518580483253,0.8180817863003121,0.16233068434091566
26007,MI,ALPENA,37805.0,20513.0,20280.0,20300.0,17084.0,33,487.0,5.553599945948532,0.5426001851606931,0.5364369792355509,0.5369660097870652,0.4518978971035577
26009,MI,ANTRIM,17223.0,9046.0,8709.0,8909.0,8019.0,68,768.0,5.936490827471062,0.5252278929338675,0.5056610346629508,0.517273413458747,0.4655983278174534
26011,MI,ARENAC,60151.0,53589.0,51090.0,51090.0,6562.0,27,477.0,5.355957141292072,0.890907881830726,0.8493624378647071,0.8493624378647071,0.109092118169274
26013,MI,BARAGA,4578.0,418.0,418.0,421.0,4155.0,23,79.0,1.6880117416246299,0.09130624726955003,0.09130624726955003,0.09196155526430756,0.9076015727391874
26015,MI,BARRY,98278.0,73232.0,73160.0,73201.0,24944.0,49,964.0,4.003444601629243,0.7451515089847168,0.7444188933433729,0.7448360772502493,0.2538106188567126
26017,MI,BAY,165890.0,160304.0,148591.0,148622.0,5586.0,37,1185.0,4.95658304200731,0.96632708421243,0.8957200554584364,0.8959069262764483,0.033672915787570076
26019,MI,BENZIE,4539.0,3575.0,3406.0,3439.0,833.0,56,289.0,5.525709037119166,0.7876184181537783,0.7503855474774179,0.757655871337299,0.18352059925093633
26021,MI,BERRIEN,109135.0,103644.0,97624.0,103848.0,3867.0,67,1732.0,5.035438815933765,0.9496861685068951,0.8945251294268567,0.9515554130205709,0.03543317909011774
26023,MI,BRANCH,174936.0,165729.0,165694.0,166172.0,8454.0,49,1139.0,2.6750211069803953,0.9473693236383591,0.9471692504687429,0.9499016783280743,0.04832624502675264
26025,MI,CALHOUN,151315.0,140225.0,139913.0,139966.0,10567.0,55,1259.0,2.911878379408028,0.9267091828305191,0.9246472590291775,0.9249975217262003,0.06983445131018075
26027,MI,CASS,127432.0,120014.0,119943.0,119970.0,7414.0,53,946.0,2.9372887676050126,0.9417885617427334,0.9412314018456902,0.9414432795530165,0.05818004896729236
26029,MI,CHARLEVOIX,9331.0,3610.0,3442.0,3604.0,5523.0,41,266.0,4.106524584179978,0.3868824348944379,0.36887793376915656,0.3862394169971064,0.5918979744936234
26031,MI,CHEBOYGAN,16979.0,680.0,41.0,44.0,16099.0,37,271.0,1.5167116374241199,0.04004947287826138,0.0024147476294245833,0.0025914364803580896,0.9481712703928382
26033,MI,CHIPPEWA,37880.0,1636.0,1405.0,1597.0,36059.0,42,401.0,1.962999665063596,0.04318901795142555,0.03709081309398099,0.042159450897571275,0.9519271383315734
26035,MI,CLARE,20339.0,8979.0,8534.0,8542.0,11249.0,25,430.0,4.578992471516381,0.44146713211072325,0.41958798367668027,0.4199813166822361,0.5530753724371896
26037,MI,CLINTON,197793.0,168882.0,168689.0,168695.0,28723.0,65,1506.0,3.9041359074317925,0.8538320365230316,0.8528562689276162,0.8528866036715151,0.14521747483480205
26041,MI,DELTA,24486.0,4398.0,3979.0,4740.0,18488.0,41,351.0,3.867031294424562,0.17961283999019848,0.16250102099158703,0.1935800049007596,0.7550436984399248
26043,MI,DICKINSON,6242.0,880.0,815.0,815.0,5362.0,26,139.0,2.169649465147215,0.14098045498237743,0.1305671259211791,0.1305671259211791,0.8590195450176226
26045,MI,EATON,157518.0,143232.0,142755.0,142860.0,14258.0,47,1416.0,3.4067754627260634,0.9093056031691616,0.9062773778234868,0.9069439683083838,0.09051663936819919
26047,MI,EMMET,9483.0,1912.0,1364.0,1664.0,7358.0,51,660.0,3.206281765466642,0.2016239586628704,0.14383633871137824,0.17547189707898345,0.7759147948961299
26049,MI,GENESEE,94938.0,86086.0,85892.0,85923.0,8756.0,61,1339.0,3.1434349685995495,0.9067602013945943,0.9047167625186964,0.9050432914112368,0.0922286123575386
26051,MI,GLADWIN,28255.0,17089.0,16794.0,16806.0,11163.0,42,557.0,4.53267853149531,0.6048133073792249,0.5943726774022297,0.5947973809945143,0.39508051672270394
26053,MI,GOGEBIC,1144.0,2.0,1.0,1.0,1142.0,34,110.0,1.6663971185849422,0.0017482517482517483,0.0008741258741258741,0.0008741258741258741,0.9982517482517482
26055,MI,GRAND TRAVERSE,23172.0,15125.0,14958.0,16107.0,6800.0,58,848.0,7.4132094394625225,0.652727429656482,0.6455204557224237,0.6951061626100467,0.29345762126704644
26057,MI,GRATIOT,264833.0,245998.0,236884.0,236997.0,18721.0,51,1297.0,3.872492932627537,0.9288797090996967,0.894465568867928,0.8948922528536851,0.07068983095007042
26059,MI,HILLSDALE,224771.0,200950.0,200837.0,201366.0,23179.0,53,1911.0,3.363680837861968,0.8940210258440813,0.893518291950474,0.8958717984081577,0.10312273380462782
26061,MI,HOUGHTON,8073.0,1138.0,882.0,1259.0,5944.0,55,330.0,3.2754950855035516,0.1409637061810975,0.10925306577480491,0.15595193856063422,0.7362814319336058
26063,MI,HURON,401212.0,370373.0,317521.0,317540.0,27304.0,45,2194.0,6.18559705733669,0.9231353997387914,0.7914045442309802,0.7914519007407556,0.06805379699510483
26065,MI,INGHAM,153067.0,141669.0,141130.0,141155.0,11364.0,59,1311.0,3.4025568666661665,0.9255358764462621,0.9220145426512573,0.922177869821712,0.07424199860191942
26067,MI,IONIA,183835.0,159008.0,158676.0,158957.0,24421.0,53,1588.0,4.0227986612650914,0.864949547148258,0.863143579840618,0.8646721244594338,0.13284195066227866
26069,MI,IOSCO,15714.0,6471.0,6450.0,6455.0,9242.0,31,316.0,4.321585274169283,0.4117983963344788,0.41046200840015273,0.4107801960035637,0.588137966144839
26071,MI,IRON,4558.0,497.0,237.0,253.0,4058.0,22,112.0,2.136119149078255,0.10903905221588416,0.05199648968845985,0.055506801228609036,0.8903027643703378
26073,MI,ISABELLA,150925.0,122573.0,122209.0,123069.0,27168.0,33,1240.0,4.386182573950477,0.8121451051846944,0.8097333112473083,0.815431505714759,0.18000993871128043
26075,MI,JACKSON,127402.0,113204.0,112985.0,113043.0,14098.0,69,1460.0,3.337703912141519,0.8885574794744195,0.8868385111693694,0.8872937630492457,0.11065760349131097
26077,MI,KALAMAZOO,112157.0,97487.0,97395.0,97413.0,14517.0,61,891.0,3.3168242928485925,0.8692012090194995,0.8683809303030573,0.8685414196171438,0.12943463181076525
26079,MI,KALKASKA,6492.0,3011.0,2697.0,2735.0,2955.0,48,334.0,4.913642448186057,0.46380160197165743,0.4154343807763401,0.4212877387553913,0.4551756007393715
26081,MI,KENT,97336.0,79539.0,79186.0,79305.0,17590.0,68,1564.0,5.3772054072984385,0.8171591189282486,0.8135325059587408,0.814755075203419,0.18071422700747924
26085,MI,LAKE,6032.0,788.0,665.0,676.0,5236.0,18,110.0,2.501553944287441,0.1306366047745358,0.11024535809018568,0.11206896551724138,0.8680371352785146
26087,MI,LAPEER,112085.0,93977.0,90296.0,91229.0,17755.0,66,1714.0,4.629640214147772,0.8384440380068698,0.8056028906633359,0.8139269304545658,0.15840656644510862
26089,MI,LEELANAU,21923.0,17449.0,15899.0,17280.0,3996.0,70,1083.0,5.115412096543275,0.7959220909547051,0.7252200884915385,0.7882132919764631,0.18227432376955707
26091,MI,LENAWEE,265047.0,250018.0,249586.0,250036.0,14683.0,59,1658.0,3.1221088282227787,0.9432968492380597,0.9416669496353477,0.943364761721506,0.05539772191347195
26093,MI,LIVINGSTON,63666.0,52478.0,52340.0,52387.0,11166.0,63,873.0,3.965425495926892,0.8242704112084943,0.8221028492444947,0.8228410768699149,0.17538403543492603
26095,MI,LUCE,1658.0,88.0,0.0,0.0,1570.0,12,26.0,1.230566464293845,0.05307599517490953,0.0,0.0,0.9469240048250904
26097,MI,MACKINAC,6867.0,43.0,19.0,33.0,6811.0,24,142.0,2.0600209018794726,0.006261831949905344,0.002766855977865152,0.004805591961555264,0.9918450560652395
26099,MI,MACOMB,61083.0,55349.0,54957.0,55201.0,5681.0,59,807.0,3.3919351983360637,0.9061277278457182,0.8997102303423211,0.9037047951148437,0.09300460029795524
26101,MI,MANISTEE,12968.0,7973.0,7312.0,7399.0,4697.0,57,401.0,6.337213763318896,0.6148210980876002,0.5638494756323257,0.5705582973473164,0.3621992597162246
26103,MI,MARQUETTE,4753.0,107.0,88.0,106.0,4632.0,52,486.0,1.5639343984252125,0.022512097622554177,0.018514622343782875,0.02230170418682937,0.9745423942772985
26105,MI,MASON,46769.0,34936.0,33752.0,33767.0,11544.0,42,635.0,7.234416991082027,0.7469905279137891,0.7216746135260536,0.7219953387927901,0.2468301652804208
26107,MI,MECOSTA,57451.0,34206.0,34118.0,34207.0,22785.0,47,915.0,3.9856640415584343,0.5953943360428887,0.5938625959513324,0.5954117421802928,0.3965988407512489
26109,MI,MENOMINEE,45832.0,20335.0,19825.0,20695.0,24203.0,32,423.0,4.357669847454025,0.4436856344911852,0.43255803805201604,0.4515404084482458,0.5280808168964916
26111,MI,MIDLAND,60914.0,53972.0,50503.0,50512.0,6786.0,48,759.0,4.192187804542738,0.8860360508257543,0.8290869094132711,0.8292346586991496,0.11140296155235249
26113,MI,MISSAUKEE,80973.0,44122.0,33559.0,33575.0,36296.0,39,475.0,3.7886998411238246,0.5448976819433639,0.4144467909056105,0.41464438763538464,0.4482481814925963
26115,MI,MONROE,177893.0,172112.0,170826.0,171965.0,5702.0,63,1868.0,2.9458453014687125,0.9675029371588539,0.9602738724963883,0.9666765977300962,0.032052975665147025
26117,MI,MONTCALM,181471.0,159739.0,156043.0,158669.0,20470.0,57,1333.0,5.998585326363391,0.8802453284546842,0.8598784378771264,0.8743490695483025,0.11280039234919079
26119,MI,MONTMORENCY,9224.0,4586.0,4557.0,4557.0,4638.0,12,110.0,3.988807376328105,0.49718126626192544,0.4940372940156115,0.4940372940156115,0.5028187337380746
26121,MI,MUSKEGON,41495.0,30389.0,30134.0,30161.0,11099.0,58,596.0,5.583418316169021,0.7323532955777805,0.7262079768646825,0.7268586576695988,0.26747800939872274
26123,MI,NEWAYGO,71401.0,46353.0,45992.0,46023.0,23545.0,59,1085.0,5.59583631662011,0.6491925883390989,0.6441366367417823,0.6445708043304715,0.3297572863125166
26125,MI,OAKLAND,12709.0,7185.0,6829.0,6906.0,5496.0,73,761.0,4.824724986555812,0.5653473916122433,0.5373357463215045,0.54339444488158,0.43244944527500195
26127,MI,OCEANA,65689.0,53728.0,51281.0,51793.0,9409.0,56,879.0,10.70242420365409,0.8179147193594057,0.7806634291890575,0.788457732649302,0.1432355493309382
26129,MI,OGEMAW,45496.0,29530.0,29400.0,29400.0,15864.0,12,358.0,4.8027082116646875,0.6490680499384561,0.6462106558818358,0.6462106558818358,0.348689994724811
26131,MI,ONTONAGON,9500.0,161.0,161.0,161.0,9339.0,9,104.0,1.381999950259332,0.01694736842105263,0.01694736842105263,0.01694736842105263,0.9830526315789474
26133,MI,OSCEOLA,48621.0,17604.0,17599.0,17609.0,30880.0,38,626.0,3.3780181936921334,0.36206577404825074,0.36196293782521954,0.36216861027128194,0.6351165134406943
26135,MI,OSCODA,5485.0,1209.0,1194.0,1271.0,4206.0,18,152.0,3.189642027781471,0.22041932543299908,0.21768459434822243,0.23172288058340929,0.7668185961713765
26137,MI,OTSEGO,12453.0,3040.0,2980.0,3107.0,9207.0,25,198.0,2.6998131247936987,0.2441178832409861,0.2392997671243877,0.249498112904521,0.739339918092026
26139,MI,OTTAWA,99023.0,80607.0,78699.0,79810.0,17963.0,62,1607.0,5.7656516150261234,0.8140230047564707,0.7947547539460529,0.8059743695909031,0.18140230047564707
26141,MI,PRESQUE ISLE,31598.0,21598.0,21485.0,21555.0,9767.0,26,396.0,5.47040147913938,0.6835242736882081,0.6799480979808848,0.6821634280650674,0.30910184188872714
26143,MI,ROSCOMMON,1332.0,0.0,0.0,0.0,1332.0,16,47.0,1.695230366575411,0.0,0.0,0.0,1.0
26145,MI,SAGINAW,249255.0,243810.0,231709.0,231744.0,5299.0,61,2122.0,3.538440366976251,0.9781549016067882,0.9296062265551343,0.9297466450021062,0.021259352871557242
26147,MI,ST CLAIR,137122.0,125447.0,123098.0,123153.0,11669.0,55,1442.0,3.149963027353469,0.9148568428115109,0.8977261125129447,0.8981272151806421,0.0850994005338312
26149,MI,ST JOSEPH,194063.0,181683.0,181641.0,181652.0,11904.0,54,1176.0,3.4226688813362562,0.9362062835264837,0.9359898589633263,0.9360465415870104,0.061340904757733315
26151,MI,SANILAC,418330.0,376858.0,347011.0,347078.0,40340.0,51,2756.0,5.6191777379289105,0.9008629550833074,0.82951497621495,0.8296751368536801,0.09643104725934071
26153,MI,SCHOOLCRAFT,3055.0,312.0,300.0,301.0,2742.0,13,57.0,2.1204960511518536,0.10212765957446808,0.09819967266775777,0.09852700490998363,0.8975450081833061
26155,MI,SHIAWASSEE,173304.0,157493.0,156597.0,156603.0,15800.0,51,1470.0,3.4251453088824007,0.9087672529197248,0.9035971472095278,0.9036317684531229,0.09116927480035082
26157,MI,TUSCOLA,279979.0,260871.0,244323.0,244396.0,18004.0,56,2079.0,5.611750680681908,0.9317520242589623,0.8726475914264998,0.8729083252672521,0.06430482286171463
26159,MI,VAN BUREN,81189.0,74423.0,70466.0,73856.0,6620.0,62,1104.0,5.176526938746062,0.916663587431795,0.8679254578822254,0.909679882742736,0.08153813940312112
26161,MI,WASHTENAW,133054.0,109334.0,107986.0,108191.0,23327.0,76,2446.0,4.199081538146008,0.8217265170532265,0.8115952921370271,0.8131360199618201,0.17531979497046313
26163,MI,WAYNE,4717.0,3985.0,3922.0,3980.0,617.0,62,814.0,5.823364594902757,0.844816620733517,0.8314606741573034,0.8437566249735001,0.13080347678609286
26165,MI,WEXFORD,17774.0,10250.0,7839.0,7853.0,7329.0,34,326.0,3.52461630174424,0.5766850455721841,0.44103747046247327,0.4418251378417914,0.412343873073028
27001,MN,AITKIN,48587.0,6751.0,6751.0,6779.0,37652.0,51,731.0,2.905862227572845,0.13894663181509456,0.13894663181509456,0.13952291765287012,0.7749397987115895
27003,MN,ANOKA,12840.0,8067.0,8067.0,8310.0,3794.0,54,482.0,4.032395408266219,0.6282710280373832,0.6282710280373832,0.647196261682243,0.29548286604361373
27005,MN,BECKER,239377.0,193764.0,188261.0,195957.0,37605.0,34,1089.0,4.791506877761082,0.809451200407725,0.7864623585390409,0.8186124815667336,0.1570952931985947
27007,MN,BELTRAMI,73222.0,33443.0,33443.0,33472.0,33416.0,54,781.0,5.55664178392644,0.4567343148234137,0.4567343148234137,0.4571303706536287,0.456365573188386
27009,MN,BENTON,92889.0,74770.0,74770.0,74782.0,17152.0,37,1075.0,3.8274192488543353,0.8049392285415926,0.8049392285415926,0.8050684149899342,0.18465049682954926
27011,MN,BIG STONE,212777.0,206807.0,206807.0,206807.0,5970.0,19,600.0,2.370854606972267,0.971942456186524,0.971942456186524,0.971942456186524,0.02805754381347608
27013,MN,BLUE EARTH,437095.0,433878.0,433878.0,434101.0,2958.0,28,1420.0,2.133831695659771,0.9926400439263776,0.9926400439263776,0.9931502304990906,0.006767407542982647
27015,MN,BROWN,260244.0,252336.0,252336.0,252738.0,7450.0,20,1620.0,2.5266074533841993,0.9696131322912344,0.9696131322912344,0.9711578364919076,0.02862698083337176
27017,MN,CARLTON,30650.0,1407.0,1407.0,1478.0,29090.0,53,661.0,1.963243936007284,0.04590538336052202,0.04590538336052202,0.048221859706362155,0.9491027732463295
27019,MN,CARVER,130577.0,116089.0,116089.0,116223.0,14348.0,55,1053.0,2.907349254825373,0.889046309840171,0.889046309840171,0.8900725242577177,0.1098815258429892
27021,MN,CASS,39764.0,5656.0,5656.0,5674.0,34032.0,43,619.0,2.2092547830866778,0.14223921134694698,0.14223921134694698,0.14269188210441605,0.8558495121215169
27023,MN,CHIPPEWA,315400.0,299805.0,270179.0,281113.0,4661.0,41,993.0,3.16442690722122,0.9505548509828788,0.8566233354470514,0.891290424857324,0.014778059606848446
27025,MN,CHISAGO,52305.0,42014.0,42014.0,42193.0,9499.0,57,975.0,3.41070558771137,0.8032501672880222,0.8032501672880222,0.8066724022559985,0.18160787687601568
27027,MN,CLAY,475835.0,450040.0,410482.0,411269.0,16193.0,48,1257.0,4.388073201142109,0.9457900322590814,0.8626561728330199,0.8643101074952452,0.034030703920476635
27029,MN,CLEARWATER,62217.0,23459.0,23459.0,23822.0,31728.0,42,514.0,5.124069493422304,0.37705128823311956,0.37705128823311956,0.3828857064789366,0.509957085683977
27033,MN,COTTONWOOD,350881.0,347250.0,347250.0,347254.0,3627.0,28,1093.0,2.179486038663119,0.9896517622783793,0.9896517622783793,0.9896631621546906,0.010336837845309378
27035,MN,CROW WING,37450.0,17237.0,17237.0,17290.0,17576.0,49,544.0,5.533713451483972,0.46026702269692926,0.46026702269692926,0.4616822429906542,0.46931909212283046
27037,MN,DAKOTA,168599.0,156948.0,156948.0,159429.0,8926.0,65,1853.0,3.304927374431204,0.930895201039152,0.930895201039152,0.9456105908101472,0.05294218826920682
27039,MN,DODGE,255082.0,248271.0,248271.0,248280.0,6792.0,25,880.0,2.3786632250508957,0.9732987823523416,0.9732987823523416,0.9733340651241561,0.026626731796049897
27041,MN,DOUGLAS,176045.0,161999.0,158219.0,158543.0,13311.0,49,1390.0,3.475421981341424,0.920213581754665,0.8987417989718538,0.9005822374960948,0.07561134937089949
27043,MN,FARIBAULT,355865.0,353597.0,353597.0,353597.0,2095.0,18,1196.0,2.2281561546796262,0.9936267966785157,0.9936267966785157,0.9936267966785157,0.005887063914686749
27045,MN,FILLMORE,349209.0,311869.0,311869.0,312167.0,36557.0,59,2400.0,2.9457528303797615,0.8930726298577643,0.8930726298577643,0.8939259870163713,0.10468515988992265
27047,MN,FREEBORN,312519.0,307465.0,307465.0,307493.0,4734.0,29,1300.0,2.359943987863434,0.9838281832464586,0.9838281832464586,0.9839177777991098,0.015147879008956255
27049,MN,GOODHUE,344535.0,315062.0,315062.0,315319.0,28837.0,50,2355.0,2.914668089033942,0.91445571567475,0.91445571567475,0.9152016485988361,0.08369831802284239
27051,MN,GRANT,281622.0,271093.0,262756.0,266555.0,2560.0,20,592.0,2.971328965983897,0.9626130060861723,0.9330094949968397,0.9464992081584536,0.009090198919118535
27053,MN,HENNEPIN,17806.0,12179.0,12179.0,12490.0,5251.0,61,914.0,4.218443039010531,0.6839829271032236,0.6839829271032236,0.7014489497922048,0.2949005953049534
27055,MN,HOUSTON,117630.0,87232.0,87232.0,87240.0,30390.0,41,1195.0,3.529882211589021,0.7415795290317096,0.7415795290317096,0.7416475388931395,0.2583524611068605
27057,MN,HUBBARD,39217.0,17577.0,17577.0,26521.0,12479.0,41,396.0,4.868787551361712,0.44819848535074075,0.44819848535074075,0.6762628451946859,0.3182038401713543
27059,MN,ISANTI,64132.0,49349.0,49349.0,49457.0,13289.0,43,922.0,3.682469191806838,0.7694910497099732,0.7694910497099732,0.7711750764049149,0.20721324767666688
27061,MN,ITASCA,36079.0,7686.0,7686.0,7718.0,27779.0,52,619.0,3.0051180100693995,0.2130325119875828,0.2130325119875828,0.2139194545303362,0.7699492779733363
27063,MN,JACKSON,349169.0,345135.0,345135.0,345135.0,4034.0,11,1269.0,2.1410436764334793,0.9884468552477453,0.9884468552477453,0.9884468552477453,0.011553144752254638
27065,MN,KANABEC,53554.0,32395.0,32395.0,32431.0,20775.0,58,847.0,4.429028150723274,0.60490346192628,0.60490346192628,0.6055756806214289,0.3879262053254659
27067,MN,KANDIYOHI,396658.0,368874.0,351433.0,362284.0,16933.0,33,1447.0,3.4967620600496603,0.9299547721210716,0.8859849038718492,0.9133409637521492,0.04268916799862854
27069,MN,KITTSON,413387.0,361086.0,331000.0,331000.0,13504.0,17,803.0,4.568241975756807,0.8734817495470346,0.8007024894348395,0.8007024894348395,0.03266672633633859
27071,MN,KOOCHICHING,23587.0,8736.0,8736.0,8736.0,13527.0,21,191.0,3.6224529491262683,0.3703735108322381,0.3703735108322381,0.3703735108322381,0.5734938737440115
27073,MN,LAC QUI PARLE,339247.0,332066.0,332066.0,334027.0,5156.0,23,1064.0,2.303236610670739,0.9788325320489201,0.9788325320489201,0.9846129811022647,0.01519836579247569
27077,MN,LAKE OF THE WOODS,51669.0,39781.0,39781.0,39781.0,7218.0,18,221.0,5.5336244372961385,0.7699200681259556,0.7699200681259556,0.7699200681259556,0.13969691691342973
27079,MN,LE SUEUR,160141.0,155080.0,155080.0,155116.0,4865.0,39,1023.0,2.5745044124814913,0.9683966004958131,0.9683966004958131,0.9686214023891445,0.03037947808493765
27081,MN,LINCOLN,153822.0,148119.0,148119.0,148161.0,5661.0,11,762.0,2.5838834832687847,0.9629246791746304,0.9629246791746304,0.9631977220423606,0.03680227795763935
27083,MN,LYON,360731.0,353014.0,353014.0,353014.0,7446.0,11,1355.0,2.3067025017197507,0.9786073278980736,0.9786073278980736,0.9786073278980736,0.020641419783716954
27085,MN,MCLEOD,217359.0,206852.0,206852.0,208920.0,8429.0,60,1299.0,2.660774600690885,0.9516606167676517,0.9516606167676517,0.9611748305798241,0.038779162583559915
27087,MN,MAHNOMEN,169862.0,151592.0,148733.0,158304.0,7371.0,20,540.0,4.8763187415455445,0.8924421000576939,0.8756107899353593,0.9319565294179981,0.043394049287068324
27089,MN,MARSHALL,634503.0,573623.0,524088.0,534840.0,23000.0,23,1623.0,4.865428203253302,0.9040508870722439,0.8259819102510154,0.8429274566077701,0.036248843583087866
27091,MN,MARTIN,421390.0,418762.0,418762.0,418762.0,2328.0,19,1224.0,2.1577776113227825,0.9937634969980303,0.9937634969980303,0.9937634969980303,0.005524573435534778
27093,MN,MEEKER,244331.0,225207.0,225207.0,225273.0,18518.0,56,1282.0,2.9052737047160884,0.9217291297461231,0.9217291297461231,0.9219992551088483,0.07579062828703685
27095,MN,MILLE LACS,55307.0,35916.0,35916.0,35948.0,19148.0,48,853.0,3.975910022521188,0.6493933860090043,0.6493933860090043,0.6499719746144249,0.34621295676858266
27097,MN,MORRISON,190240.0,127950.0,127950.0,130558.0,58421.0,51,2474.0,4.2064779018822245,0.672571488645921,0.672571488645921,0.686280487804878,0.30709104289318756
27099,MN,MOWER,334551.0,326702.0,326702.0,326705.0,6952.0,45,1482.0,2.6653818198575085,0.976538704113872,0.976538704113872,0.9765476713565345,0.020780090330024422
27101,MN,MURRAY,299349.0,288041.0,288041.0,288059.0,11087.0,38,1398.0,2.4250064028286435,0.9622246942531961,0.9622246942531961,0.9622848247363446,0.037037037037037035
27103,MN,NICOLLET,253424.0,248370.0,248370.0,248385.0,4667.0,46,1185.0,2.3355923306008695,0.9800571374455458,0.9800571374455458,0.9801163267883073,0.018415777511206516
27105,MN,NOBLES,335493.0,327211.0,327211.0,327211.0,7822.0,23,1487.0,2.295517016290144,0.9753139409764138,0.9753139409764138,0.9753139409764138,0.023314942487622694
27107,MN,NORMAN,428025.0,408940.0,369882.0,374656.0,9084.0,21,951.0,4.545772429068405,0.9554114829741254,0.864159803749781,0.8753133578646107,0.02122305940073594
27109,MN,OLMSTED,235891.0,214866.0,214866.0,215482.0,20123.0,58,1897.0,3.091854315881165,0.9108698509057149,0.9108698509057149,0.9134812264986795,0.08530634911887269
27111,MN,OTTER TAIL,465193.0,370563.0,369585.0,384855.0,76709.0,65,3456.0,4.488826814066952,0.7965790542849956,0.7944767010681588,0.8273017865703052,0.16489715021507204
27113,MN,PENNINGTON,183153.0,162783.0,162783.0,164583.0,13969.0,32,456.0,4.067712006243396,0.8887815105403679,0.8887815105403679,0.8986093593880526,0.07626956697405994
27115,MN,PINE,75972.0,28651.0,28651.0,28687.0,46639.0,47,1001.0,3.5957272307692567,0.37712578318327805,0.37712578318327805,0.3775996419733586,0.6138972252935292
27117,MN,PIPESTONE,182076.0,168920.0,168920.0,168921.0,11250.0,41,940.0,2.7728474319496037,0.9277444583580483,0.9277444583580483,0.9277499505700916,0.061787385487378894
27119,MN,POLK,898645.0,807579.0,710834.0,766738.0,19834.0,37,2048.0,5.184173608944605,0.8986629870527294,0.7910064597254756,0.8532156747102583,0.022071006904840065
27121,MN,POPE,218536.0,195245.0,194827.0,199876.0,17746.0,25,1010.0,3.3808538853931105,0.8934225939890911,0.8915098656514259,0.9146136105721712,0.08120401215360398
27125,MN,RED LAKE,150297.0,139157.0,139157.0,141165.0,7187.0,12,474.0,3.8685639953097324,0.9258800907536411,0.9258800907536411,0.9392403041976886,0.04781865240157821
27127,MN,REDWOOD,507306.0,502548.0,495647.0,495659.0,4329.0,26,2042.0,2.3214099835674173,0.9906210452862769,0.9770178156773229,0.9770414700397787,0.008533311255928374
27129,MN,RENVILLE,573114.0,558212.0,523090.0,533545.0,4378.0,41,1859.0,3.3446035648581187,0.9739981923317176,0.9127154457926346,0.9309578897043171,0.007638968861343467
27131,MN,RICE,197412.0,185185.0,185185.0,185475.0,11707.0,55,1637.0,2.620268743291285,0.9380635422365409,0.9380635422365409,0.9395325512126922,0.059302372702773894
27133,MN,ROCK,234370.0,225752.0,225752.0,225767.0,8603.0,17,960.0,2.3499261624017413,0.9632290822204207,0.9632290822204207,0.9632930835857831,0.036706916414216834
27135,MN,ROSEAU,308392.0,247262.0,247262.0,247263.0,31398.0,38,1073.0,5.126409292578775,0.8017782562452982,0.8017782562452982,0.801781498871566,0.101811979558484
27137,MN,ST. LOUIS,64048.0,2936.0,2936.0,3045.0,60773.0,68,1381.0,1.8170269392133114,0.04584061953534849,0.04584061953534849,0.04754246814888834,0.9488664751436423
27139,MN,SCOTT,81407.0,73554.0,73554.0,73696.0,7436.0,53,945.0,2.938638456281057,0.9035340941196703,0.9035340941196703,0.9052784158610439,0.09134349625953542
27141,MN,SHERBURNE,55074.0,49164.0,49164.0,49231.0,4555.0,52,589.0,4.003038887536251,0.8926898354940626,0.8926898354940626,0.893906380506228,0.08270690343900933
27143,MN,SIBLEY,334353.0,325982.0,319933.0,319934.0,8230.0,29,1467.0,2.7082678436855825,0.9749635863892353,0.9568719287698929,0.9568749196208798,0.02461470362162146
27145,MN,STEARNS,462964.0,359924.0,349630.0,353426.0,94481.0,58,4938.0,4.530709516115423,0.7774340985476192,0.7551991083539973,0.7633984499874721,0.20407850286415358
27147,MN,STEELE,215227.0,211087.0,211087.0,211093.0,4132.0,33,888.0,2.3945279849259795,0.9807644951609231,0.9807644951609231,0.9807923727041682,0.019198334781416828
27149,MN,STEVENS,283618.0,258913.0,248029.0,261898.0,10836.0,13,698.0,3.4606915119337036,0.9128933988674908,0.8745178373728043,0.9234181187371746,0.03820631976813883
27151,MN,SWIFT,303088.0,287370.0,279114.0,286776.0,8056.0,17,982.0,2.908815204560622,0.9481404740537401,0.9209008604761654,0.9461806472047722,0.02657973921765296
27153,MN,TODD,174579.0,122807.0,122807.0,126877.0,46340.0,47,2395.0,4.649892550190434,0.7034465771942788,0.7034465771942788,0.7267598050166401,0.2654385693582848
27155,MN,TRAVERSE,258534.0,249261.0,245013.0,246875.0,6499.0,13,509.0,2.7710526218122618,0.9641323771728283,0.9477012694655248,0.9549034169586978,0.025137892888362847
27157,MN,WABASHA,170576.0,136240.0,136240.0,136262.0,33949.0,54,1604.0,3.896686546354929,0.7987055623299878,0.7987055623299878,0.7988345370978333,0.19902565425382235
27159,MN,WADENA,70886.0,45615.0,45615.0,49070.0,20387.0,30,634.0,5.886299818523047,0.643498010890726,0.643498010890726,0.6922382416838304,0.287602629574246
27161,MN,WASECA,234690.0,232361.0,232361.0,232385.0,2290.0,41,1020.0,2.2519612709598635,0.9900762708253441,0.9900762708253441,0.9901785333844646,0.009757552516085049
27163,MN,WASHINGTON,32815.0,25912.0,25912.0,26554.0,5832.0,65,1161.0,4.423697366309103,0.7896388846564071,0.7896388846564071,0.8092031083346031,0.17772360201127532
27165,MN,WATONWAN,240980.0,239748.0,239748.0,239765.0,1139.0,18,750.0,2.2006743457532516,0.9948875425346502,0.9948875425346502,0.9949580878081169,0.004726533322267408
27167,MN,WILKIN,357634.0,347026.0,313879.0,315460.0,5135.0,14,678.0,4.021679446867668,0.9703383906451848,0.8776542498755712,0.8820749705005676,0.014358254528372583
27169,MN,WINONA,199446.0,154763.0,154763.0,155097.0,44315.0,50,1861.0,3.5812137298686846,0.7759644214474093,0.7759644214474093,0.777639060196745,0.2221904675952388
27171,MN,WRIGHT,171082.0,150403.0,150403.0,151173.0,19125.0,60,1906.0,3.3287239706278426,0.8791281373844122,0.8791281373844122,0.8836289030990987,0.11178849908231141
27173,MN,YELLOW MEDICINE,316250.0,307038.0,304569.0,305331.0,7049.0,23,1224.0,2.5176941648228848,0.9708711462450593,0.9630640316205533,0.9654735177865613,0.022289328063241107
28001,MS,ADAMS,12173.0,9090.0,8350.0,10035.0,2138.0,7,48.0,2.6838890856254687,0.7467345765218105,0.6859443029655795,0.8243653988334839,0.17563460116651605
28003,MS,ALCORN,32571.0,20252.0,20252.0,23862.0,8689.0,29,296.0,3.5493170418123614,0.6217801111418133,0.6217801111418133,0.7326149028276688,0.26677105400509654
28005,MS,AMITE,9013.0,0.0,0.0,23.0,8981.0,25,231.0,1.359657334882271,0.0,0.0,0.0025518695218018418,0.9964495728392322
28007,MS,ATTALA,13318.0,2568.0,2243.0,4626.0,8659.0,38,357.0,3.22275663184523,0.19282174500675778,0.16841868148370626,0.3473494518696501,0.6501726986033939
28009,MS,BENTON,27226.0,20246.0,19616.0,23594.0,3632.0,17,171.0,2.406379036339346,0.7436274149709836,0.7204877690442959,0.8665981047528099,0.13340189524719018
28011,MS,BOLIVAR,399009.0,379529.0,375276.0,397888.0,1080.0,20,515.0,1.9570811561291852,0.9511790460866798,0.9405201386434893,0.9971905395617643,0.002706705863777509
28013,MS,CALHOUN,86245.0,49830.0,49264.0,62197.0,9919.0,29,449.0,4.470656472395839,0.577772624499971,0.5712099252130558,0.7211664444315613,0.1150095657719288
28015,MS,CARROLL,31909.0,13411.0,12592.0,23944.0,7938.0,23,337.0,4.551220468237731,0.42028894669215583,0.39462220690087435,0.7503839042276473,0.2487699395154972
28017,MS,CHICKASAW,64934.0,34382.0,33892.0,43998.0,15276.0,18,317.0,4.093433050011614,0.529491483660332,0.5219453599039025,0.677580312317122,0.23525425816983397
28019,MS,CHOCTAW,4170.0,0.0,0.0,31.0,4137.0,9,112.0,1.185332639815008,0.0,0.0,0.007434052757793765,0.9920863309352518
28021,MS,CLAIBORNE,4946.0,2831.0,2831.0,2831.0,2115.0,12,75.0,2.176035973528587,0.5723817226041246,0.5723817226041246,0.5723817226041246,0.42761827739587543
28023,MS,CLARKE,15106.0,5009.0,5009.0,8487.0,6619.0,29,202.0,3.3511196470360973,0.3315900966503376,0.3315900966503376,0.5618297365285317,0.4381702634714683
28025,MS,CLAY,34060.0,14760.0,14074.0,22781.0,11278.0,12,262.0,4.42271974364539,0.43335290663534937,0.41321197886083383,0.6688490898414563,0.33112155020551964
28027,MS,COAHOMA,208312.0,181767.0,175172.0,208208.0,100.0,14,301.0,3.0090220170744333,0.8725709512654096,0.8409117093590384,0.9995007488766849,0.00048004915703368025
28029,MS,COPIAH,9112.0,1023.0,1023.0,1089.0,7931.0,27,253.0,2.0345130251720724,0.11226953467954345,0.11226953467954345,0.11951273046532046,0.8703906935908692
28031,MS,COVINGTON,16045.0,4589.0,4589.0,5998.0,10007.0,20,274.0,3.6941694018129327,0.28600810221252726,0.28600810221252726,0.37382362106575256,0.6236833904643191
28033,MS,DE SOTO,67321.0,55183.0,52350.0,63016.0,4303.0,31,299.0,3.2610598433639506,0.8196996479553186,0.7776176824467848,0.9360526433059521,0.06391764828211108
28035,MS,FORREST,2382.0,0.0,0.0,129.0,2245.0,30,174.0,1.5687045199260023,0.0,0.0,0.05415617128463476,0.9424853064651554
28037,MS,FRANKLIN,5604.0,1625.0,1625.0,1639.0,3962.0,19,165.0,2.7865492826236755,0.28997144896502497,0.28997144896502497,0.29246966452533907,0.7069950035688793
28039,MS,GEORGE,13164.0,3560.0,3050.0,7752.0,5062.0,41,371.0,6.493923040312894,0.27043451838347005,0.23169249468246733,0.5888787602552416,0.38453357642054087
28041,MS,GREENE,5139.0,0.0,0.0,852.0,4255.0,36,347.0,2.418906243324089,0.0,0.0,0.16579100992410975,0.8279820976843744
28043,MS,GRENADA,17807.0,9008.0,9008.0,12319.0,5488.0,8,115.0,4.2557152233457485,0.5058684786881563,0.5058684786881563,0.6918065929128995,0.3081934070871006
28045,MS,HANCOCK,2930.0,0.0,0.0,36.0,2884.0,45,216.0,1.499814354989024,0.0,0.0,0.012286689419795221,0.9843003412969283
28047,MS,HARRISON,2760.0,0.0,0.0,125.0,2540.0,40,252.0,2.528770220631532,0.0,0.0,0.04528985507246377,0.9202898550724637
28049,MS,HINDS,48720.0,21791.0,21571.0,36192.0,11660.0,50,530.0,4.758251976309454,0.4472701149425287,0.4427545155993432,0.7428571428571429,0.23932676518883417
28051,MS,HOLMES,122140.0,82972.0,75689.0,113962.0,8166.0,18,316.0,4.092833339760062,0.6793188144751924,0.6196905190764697,0.933044047813984,0.06685770427378418
28053,MS,HUMPHREYS,150340.0,126822.0,125211.0,150340.0,0.0,7,195.0,2.1432740970537414,0.8435679127311427,0.8328522016762007,1.0,0.0
28055,MS,ISSAQUENA,79248.0,62257.0,60369.0,79162.0,86.0,6,115.0,2.2731124195181804,0.7855971128608924,0.7617731677771048,0.9989147991116495,0.0010852008883504947
28057,MS,ITAWAMBA,27971.0,21428.0,21428.0,22731.0,5240.0,19,190.0,3.107684674267245,0.7660791534088878,0.7660791534088878,0.8126631153694899,0.18733688463051018
28059,MS,JACKSON,2554.0,0.0,0.0,267.0,2177.0,42,297.0,2.6134114307315017,0.0,0.0,0.10454189506656225,0.8523884103367267
28061,MS,JASPER,6165.0,0.0,0.0,66.0,6097.0,19,174.0,1.7883943078639208,0.0,0.0,0.01070559610705596,0.9889699918896999
28063,MS,JEFFERSON,12646.0,7665.0,7665.0,9288.0,3354.0,15,102.0,4.020810946368639,0.6061205124149929,0.6061205124149929,0.7344614897991459,0.2652222046496916
28065,MS,JEFFERSON DAVIS,6933.0,0.0,0.0,984.0,5887.0,32,294.0,2.1202517756111616,0.0,0.0,0.14192990047598442,0.8491273618923987
28067,MS,JONES,11584.0,615.0,0.0,668.0,10853.0,35,424.0,1.9516530683482467,0.053090469613259667,0.0,0.05766574585635359,0.9368957182320442
28069,MS,KEMPER,11192.0,0.0,0.0,11.0,11179.0,14,232.0,1.3056002830782696,0.0,0.0,0.000982844889206576,0.9988384560400286
28071,MS,LAFAYETTE,13745.0,6699.0,6699.0,7802.0,5919.0,22,228.0,2.9421790265904226,0.48737722808293926,0.48737722808293926,0.5676245907602765,0.4306293197526373
28073,MS,LAMAR,6522.0,0.0,0.0,104.0,6415.0,28,281.0,1.333820256203566,0.0,0.0,0.015946028825513645,0.9835939895737504
28075,MS,LAUDERDALE,5272.0,0.0,0.0,121.0,5146.0,21,248.0,1.4850465429572732,0.0,0.0,0.02295144157814871,0.9761001517450683
28077,MS,LAWRENCE,13498.0,6000.0,6000.0,6004.0,7494.0,20,174.0,2.3318295998275493,0.44451029782189955,0.44451029782189955,0.44480663802044745,0.5551933619795525
28079,MS,LEAKE,15029.0,3414.0,3414.0,3910.0,11115.0,24,299.0,2.4160260902325548,0.22716082241000732,0.22716082241000732,0.2601636835451461,0.7395701643489254
28081,MS,LEE,62816.0,50898.0,49588.0,53855.0,8946.0,31,346.0,2.931029356155948,0.8102712684666327,0.7894167091186959,0.8573452623535405,0.14241594498217014
28083,MS,LEFLORE,235746.0,184201.0,180308.0,234976.0,763.0,14,302.0,2.936003134780681,0.7813536602954027,0.7648401245408194,0.996733772789358,0.0032365342359997624
28085,MS,LINCOLN,9060.0,0.0,0.0,53.0,9000.0,19,343.0,1.354008835633618,0.0,0.0,0.005849889624724062,0.9933774834437086
28087,MS,LOWNDES,43272.0,23611.0,22926.0,33981.0,9291.0,27,313.0,4.555799616586145,0.5456415233869477,0.5298114254021076,0.7852884082085413,0.21471159179145868
28089,MS,MADISON,48730.0,26909.0,26044.0,40415.0,8302.0,32,332.0,4.58826708273055,0.552206033244408,0.53445516109173,0.8293658936999795,0.17036733018674327
28091,MS,MARION,7323.0,0.0,0.0,7.0,7284.0,25,202.0,1.4990036784216079,0.0,0.0,0.0009558923938276663,0.9946743138058173
28093,MS,MARSHALL,48694.0,28111.0,25780.0,34861.0,13826.0,36,364.0,3.7237180167451642,0.5772990512178092,0.5294286770443998,0.7159198258512343,0.28393641927136815
28095,MS,MONROE,57323.0,33091.0,32066.0,49131.0,8191.0,24,408.0,4.643005154124174,0.5772726479772518,0.5593915182387523,0.8570905221289884,0.1428920328663887
28097,MS,MONTGOMERY,24291.0,14117.0,14117.0,16380.0,7908.0,22,229.0,3.6172474054256765,0.5811617471491499,0.5811617471491499,0.6743238236383846,0.3255526738298135
28099,MS,NESHOBA,16672.0,0.0,0.0,15.0,16657.0,22,327.0,1.2908746704177554,0.0,0.0,0.0008997120921305183,0.9991002879078695
28101,MS,NEWTON,16524.0,4445.0,4445.0,5330.0,11127.0,29,317.0,2.6024112641328268,0.2690026627935125,0.2690026627935125,0.32256112321471797,0.6733841684822077
28103,MS,NOXUBEE,96649.0,58465.0,57165.0,96190.0,454.0,26,464.0,3.002179965615368,0.6049208993367753,0.5914701652370951,0.995250856190959,0.004697410216349885
28105,MS,OKTIBBEHA,13181.0,976.0,976.0,988.0,12105.0,37,285.0,1.640288166436287,0.0740459752674304,0.0740459752674304,0.07495637660268568,0.9183673469387755
28107,MS,PANOLA,69495.0,53959.0,47959.0,58049.0,11438.0,27,318.0,4.972474409949389,0.7764443485142816,0.6901072019569753,0.8352975034175121,0.1645873803870782
28109,MS,PEARL RIVER,19232.0,60.0,60.0,957.0,17936.0,48,526.0,1.637125805291185,0.003119800332778702,0.003119800332778702,0.0497608153078203,0.93261231281198
28111,MS,PERRY,3654.0,0.0,0.0,543.0,3107.0,25,252.0,2.4404276193660333,0.0,0.0,0.14860426929392448,0.8503010399562124
28113,MS,PIKE,10305.0,726.0,726.0,783.0,9365.0,27,249.0,1.845540462850165,0.07045123726346433,0.07045123726346433,0.07598253275109171,0.9087821445900048
28115,MS,PONTOTOC,64521.0,50931.0,50221.0,53638.0,10515.0,33,483.0,2.912291923984578,0.7893709024968615,0.778366733311635,0.8313262348692674,0.16297019575022087
28117,MS,PRENTISS,51809.0,41097.0,41097.0,45681.0,6128.0,13,254.0,2.802598712756479,0.7932405566600398,0.7932405566600398,0.8817193923835627,0.1182806076164373
28119,MS,QUITMAN,102217.0,93198.0,89638.0,102209.0,0.0,19,216.0,2.926107871642769,0.9117661445747772,0.8769382783685689,0.9999217351321209,0.0
28121,MS,RANKIN,30843.0,17105.0,15375.0,19434.0,11375.0,37,456.0,3.80556696503622,0.5545828875271537,0.49849236455597706,0.630094348798755,0.36880329410238955
28123,MS,SCOTT,20056.0,2935.0,2935.0,3087.0,16951.0,27,366.0,1.9674240374873904,0.1463402473075389,0.1463402473075389,0.15391902672516952,0.8451834862385321
28125,MS,SHARKEY,146498.0,117569.0,115254.0,146498.0,0.0,5,141.0,2.1711632039515614,0.8025297273682918,0.7867274638561619,1.0,0.0
28127,MS,SIMPSON,10129.0,0.0,0.0,869.0,9257.0,23,259.0,1.9145746630489655,0.0,0.0,0.08579326685753776,0.9139105538552671
28129,MS,SMITH,15226.0,700.0,700.0,1188.0,14025.0,20,339.0,1.9431668323930846,0.04597399185603573,0.04597399185603573,0.07802443189281492,0.9211217654012873
28131,MS,STONE,5555.0,0.0,0.0,599.0,4908.0,36,327.0,2.1122019927957987,0.0,0.0,0.10783078307830783,0.8835283528352835
28133,MS,SUNFLOWER,334071.0,292364.0,286541.0,333934.0,137.0,26,367.0,1.967501658669063,0.8751552813623451,0.8577248548961149,0.9995899075346258,0.00041009246537412707
28135,MS,TALLAHATCHIE,180028.0,137818.0,131019.0,172589.0,4922.0,24,314.0,3.5194202924937934,0.7655364721043393,0.7277701246472771,0.9586786499877796,0.02734019152576266
28137,MS,TATE,46796.0,18437.0,17167.0,26024.0,20772.0,21,306.0,4.031449786022707,0.3939866655269681,0.3668475938114369,0.5561159073425079,0.44388409265749207
28139,MS,TIPPAH,17893.0,9433.0,9433.0,10766.0,7123.0,10,234.0,2.8048025799042575,0.5271894036774157,0.5271894036774157,0.6016878108757615,0.39808863801486616
28141,MS,TISHOMINGO,4480.0,1440.0,1440.0,1484.0,2995.0,15,123.0,2.567450598098459,0.32142857142857145,0.32142857142857145,0.33125,0.6685267857142857
28143,MS,TUNICA,187527.0,175733.0,174243.0,185927.0,1600.0,12,168.0,3.118023951866702,0.9371077231545324,0.9291622006431074,0.991467895289745,0.008532104710255057
28145,MS,UNION,55575.0,42131.0,42131.0,43409.0,12154.0,17,353.0,1.982485767616425,0.7580926675663517,0.7580926675663517,0.7810886189833558,0.21869545659019343
28147,MS,WALTHALL,16623.0,0.0,0.0,1314.0,15262.0,29,306.0,1.7942422728694887,0.0,0.0,0.07904710341093665,0.9181254887806052
28149,MS,WARREN,46371.0,40107.0,38439.0,44362.0,1963.0,24,177.0,2.723837164030612,0.8649155722326454,0.8289448146470855,0.9566755083996463,0.042332492290440144
28151,MS,WASHINGTON,351397.0,291721.0,288012.0,350062.0,1224.0,12,394.0,2.0474644051766453,0.8301749872651161,0.8196199739895332,0.9962008782089773,0.0034832397544657468
28153,MS,WAYNE,11564.0,0.0,0.0,1967.0,9597.0,33,326.0,2.115282936555201,0.0,0.0,0.17009685230024213,0.8299031476997578
28155,MS,WEBSTER,16675.0,9421.0,9421.0,11498.0,3031.0,15,134.0,4.629886836465489,0.5649775112443778,0.5649775112443778,0.6895352323838081,0.18176911544227886
28157,MS,WILKINSON,4509.0,1960.0,1960.0,2140.0,2369.0,19,78.0,3.0474442636935066,0.4346861831891772,0.4346861831891772,0.4746063428698159,0.525393657130184
28159,MS,WINSTON,11905.0,0.0,0.0,64.0,11823.0,39,290.0,1.2653905684224735,0.0,0.0,0.005375892482150357,0.9931121377572448
28161,MS,YALOBUSHA,29435.0,18476.0,18476.0,19457.0,7325.0,29,212.0,4.236964656770861,0.6276881263801597,0.6276881263801597,0.6610157975199592,0.24885340580941057
28163,MS,YAZOO,153891.0,113341.0,107159.0,145606.0,8282.0,21,414.0,3.886229608001646,0.7365018097224659,0.696330519653521,0.9461631934291154,0.05381731225347811
29001,MO,ADAIR,104094.0,63132.0,63132.0,63172.0,40756.0,37,864.0,3.212076798258328,0.606490287624647,0.606490287624647,0.6068745556900493,0.39153073183853054
29003,MO,ANDREW,106493.0,94416.0,94416.0,94416.0,12077.0,37,756.0,2.7676417759471117,0.8865934850177946,0.8865934850177946,0.8865934850177946,0.1134065149822054
29005,MO,ATCHISON,238962.0,233791.0,233791.0,233791.0,4186.0,11,614.0,2.2188116266733675,0.9783605761585524,0.9783605761585524,0.9783605761585524,0.017517429549468118
29007,MO,AUDRAIN,261730.0,245247.0,245247.0,245894.0,15836.0,28,1303.0,3.033547345018854,0.937022886180415,0.937022886180415,0.9394948993237305,0.060505100676269435
29009,MO,BARRY,80926.0,22971.0,22971.0,23228.0,56443.0,33,872.0,3.473246856861058,0.2838519140943578,0.2838519140943578,0.2870276548945951,0.6974643501470479
29011,MO,BARTON,262277.0,218910.0,218910.0,218963.0,42381.0,40,1242.0,3.760675520460332,0.8346519138163088,0.8346519138163088,0.8348539902469526,0.16158870202114559
29013,MO,BATES,229935.0,185822.0,185822.0,185893.0,44041.0,27,1138.0,3.3722821858368426,0.8081501293843912,0.8081501293843912,0.8084589123013025,0.19153673864352969
29015,MO,BENTON,65173.0,27094.0,27094.0,27101.0,38065.0,31,621.0,3.526348590800204,0.4157243030089147,0.4157243030089147,0.41583170945023246,0.5840608841084498
29017,MO,BOLLINGER,54154.0,27169.0,27169.0,27169.0,26885.0,32,554.0,3.6730771744506443,0.5016988588100602,0.5016988588100602,0.5016988588100602,0.4964545555268309
29019,MO,BOONE,111288.0,85079.0,85079.0,85298.0,25779.0,62,1196.0,3.585557815794867,0.7644939256703328,0.7644939256703328,0.7664617928258213,0.2316422255768816
29021,MO,BUCHANAN,92654.0,82260.0,82260.0,82651.0,9954.0,31,780.0,2.926861818296976,0.8878191983076823,0.8878191983076823,0.8920391996028234,0.10743195113001058
29023,MO,BUTLER,200448.0,193778.0,193778.0,193783.0,6665.0,12,443.0,3.227080620121672,0.9667245370370371,0.9667245370370371,0.9667494811621967,0.03325051883780332
29025,MO,CALDWELL,120796.0,93411.0,93411.0,93441.0,27355.0,19,794.0,3.5237807151638476,0.773295473360045,0.773295473360045,0.7735438259545018,0.2264561740454982
29027,MO,CALLAWAY,113849.0,78991.0,78991.0,79120.0,34685.0,54,1125.0,3.76698691432726,0.6938225193018823,0.6938225193018823,0.6949555990829959,0.30465792409243825
29029,MO,CAMDEN,25951.0,2246.0,2246.0,2256.0,23691.0,30,364.0,1.734865699396773,0.0865477245578205,0.0865477245578205,0.08693306616315363,0.9129127971947131
29031,MO,CAPE GIRARDEAU,178790.0,148765.0,148765.0,148991.0,29799.0,27,1253.0,3.341703133504689,0.83206555176464,0.83206555176464,0.8333296045640136,0.16667039543598636
29033,MO,CARROLL,256249.0,231801.0,231801.0,231805.0,24444.0,33,1103.0,2.7176262214502076,0.9045927984109207,0.9045927984109207,0.9046084082279345,0.09539159177206545
29035,MO,CARTER,5029.0,0.0,0.0,0.0,5029.0,33,119.0,1.0,0.0,0.0,0.0,1.0
29037,MO,CASS,157782.0,120251.0,120251.0,120612.0,37170.0,50,1191.0,3.1967159039800097,0.7621338302214448,0.7621338302214448,0.7644217971631745,0.23557820283682548
29039,MO,CEDAR,56765.0,18401.0,18401.0,18401.0,37376.0,19,525.0,2.974577111544321,0.3241610147097683,0.3241610147097683,0.3241610147097683,0.6584338941249009
29041,MO,CHARITON,228879.0,191992.0,191992.0,191992.0,36887.0,24,1142.0,2.8686849988247065,0.838836240983227,0.838836240983227,0.838836240983227,0.16116375901677304
29043,MO,CHRISTIAN,47351.0,2344.0,2344.0,2597.0,44361.0,43,752.0,1.9103341583989508,0.04950265041920973,0.04950265041920973,0.05484572659500327,0.9368545542860763
29045,MO,CLARK,116900.0,104092.0,104092.0,104302.0,12598.0,13,636.0,2.8512993255283634,0.8904362703165098,0.8904362703165098,0.8922326775021385,0.10776732249786142
29047,MO,CLAY,43604.0,32405.0,32405.0,32423.0,11143.0,52,548.0,3.4688532160053738,0.7431657646087515,0.7431657646087515,0.7435785707733236,0.2555499495459132
29049,MO,CLINTON,121719.0,101008.0,101008.0,101023.0,20684.0,35,685.0,3.0628803794330928,0.8298457923578078,0.8298457923578078,0.8299690270212539,0.16993238524798923
29051,MO,COLE,46369.0,15517.0,15517.0,15517.0,30577.0,27,901.0,3.2319300230491734,0.33464167870775735,0.33464167870775735,0.33464167870775735,0.6594276348422438
29053,MO,COOPER,155601.0,126133.0,126133.0,126142.0,28718.0,37,1007.0,3.6524520315544198,0.8106181836877655,0.8106181836877655,0.8106760239330082,0.18456179587534785
29055,MO,CRAWFORD,31207.0,1707.0,1707.0,1717.0,29489.0,33,416.0,1.6680851039529283,0.054699266190277825,0.054699266190277825,0.055019707116992986,0.9449482487903355
29057,MO,DADE,130689.0,77014.0,77014.0,77016.0,49891.0,27,659.0,4.48296187253712,0.5892921362930316,0.5892921362930316,0.5893074397998301,0.3817536288440496
29059,MO,DALLAS,41922.0,6879.0,6879.0,6937.0,33063.0,36,738.0,2.6072435824645064,0.16409045369972808,0.16409045369972808,0.16547397547826917,0.788678975239731
29061,MO,DAVIESS,186480.0,157732.0,157732.0,158072.0,28335.0,43,1043.0,2.863471721159648,0.8458386958386959,0.8458386958386959,0.8476619476619477,0.15194658944658945
29063,MO,DE KALB,108937.0,84839.0,84839.0,84848.0,24089.0,24,691.0,3.184185532167685,0.7787895756262794,0.7787895756262794,0.7788721921844736,0.2211278078155264
29065,MO,DENT,21306.0,125.0,125.0,151.0,21074.0,41,448.0,1.3790713250071727,0.005866891955317751,0.005866891955317751,0.007087205482023843,0.9891110485309302
29067,MO,DOUGLAS,45313.0,426.0,426.0,758.0,44555.0,21,600.0,1.486344811860253,0.009401275572131617,0.009401275572131617,0.016728091276234192,0.9832719087237658
29069,MO,DUNKLIN,292099.0,280356.0,280356.0,290948.0,1151.0,19,527.0,4.206101442547396,0.9597978767472672,0.9597978767472672,0.9960595551508221,0.003940444849177847
29071,MO,FRANKLIN,114429.0,69487.0,69487.0,69517.0,44825.0,46,1542.0,3.932159213844783,0.6072499104248049,0.6072499104248049,0.6075120817275341,0.3917276214945512
29073,MO,GASCONADE,51446.0,19169.0,19169.0,19201.0,32242.0,41,822.0,3.7332898270029604,0.37260428410372043,0.37260428410372043,0.37322629553318043,0.6267153908953077
29075,MO,GENTRY,118941.0,89092.0,89092.0,89280.0,29463.0,30,675.0,3.2500741221681833,0.7490436434871071,0.7490436434871071,0.7506242590864378,0.24771105001639468
29077,MO,GREENE,60488.0,6488.0,6488.0,6666.0,53799.0,68,1228.0,2.1318458024669353,0.10726094431953445,0.10726094431953445,0.11020367676233303,0.889416082528766
29079,MO,GRUNDY,123856.0,105132.0,105132.0,105132.0,18718.0,27,516.0,2.812276401608158,0.8488244412866555,0.8488244412866555,0.8488244412866555,0.15112711535977263
29081,MO,HARRISON,191475.0,154039.0,154039.0,154218.0,37257.0,15,798.0,3.0212840409053374,0.8044862253557906,0.8044862253557906,0.8054210732471602,0.1945789267528398
29083,MO,HENRY,188045.0,133448.0,133448.0,133457.0,54581.0,32,972.0,3.461331953092384,0.7096599218272223,0.7096599218272223,0.709707782711585,0.2902549921561328
29085,MO,HICKORY,50217.0,16917.0,16917.0,17122.0,32636.0,37,406.0,3.029792993691164,0.33687794969830936,0.33687794969830936,0.34096023259055697,0.6498994364458252
29087,MO,HOLT,169633.0,166696.0,166696.0,166703.0,2924.0,19,582.0,2.212089802672702,0.982686151869035,0.982686151869035,0.9827274174246756,0.017237212099060914
29089,MO,HOWARD,99664.0,81739.0,81739.0,81796.0,17751.0,22,635.0,3.365709037203032,0.8201456895167764,0.8201456895167764,0.8207176111735431,0.1781084443730936
29091,MO,HOWELL,51691.0,3841.0,3841.0,3899.0,46611.0,38,819.0,1.9955791314905031,0.07430693931245284,0.07430693931245284,0.07542899150722562,0.9017237043199009
29093,MO,IRON,10304.0,0.0,0.0,8.0,10286.0,13,175.0,1.331556382836456,0.0,0.0,0.0007763975155279503,0.9982531055900621
29095,MO,JACKSON,48247.0,38151.0,38151.0,38187.0,10028.0,56,651.0,3.1944298133020594,0.7907434659149791,0.7907434659149791,0.7914896262980081,0.20784712002818828
29097,MO,JASPER,149351.0,110744.0,110744.0,110840.0,38511.0,20,985.0,3.98628273095353,0.741501563431112,0.741501563431112,0.7421443445306694,0.25785565546933065
29099,MO,JEFFERSON,35553.0,16747.0,16747.0,16832.0,18712.0,54,747.0,3.584068203812313,0.47104323123224484,0.47104323123224484,0.47343402807076757,0.5263128287345653
29101,MO,JOHNSON,204408.0,135305.0,135305.0,135364.0,68505.0,51,1753.0,3.513137039070175,0.6619359320574537,0.6619359320574537,0.6622245704669093,0.3351385464365387
29103,MO,KNOX,126046.0,104035.0,104035.0,104155.0,21891.0,15,648.0,3.3219046975013966,0.8253732764228933,0.8253732764228933,0.8263253098075306,0.17367469019246942
29105,MO,LACLEDE,58912.0,3956.0,3956.0,3978.0,54530.0,31,805.0,1.7209871186305299,0.06715100488864748,0.06715100488864748,0.06752444323737099,0.9256178707224335
29107,MO,LAFAYETTE,213215.0,192231.0,192231.0,192537.0,20567.0,52,1603.0,2.8982822642715638,0.9015829092699857,0.9015829092699857,0.9030180803414394,0.09646131838754309
29109,MO,LAWRENCE,101068.0,32400.0,32400.0,32838.0,67156.0,45,1336.0,3.6699753909150146,0.3205762456959671,0.3205762456959671,0.3249099616100051,0.6644635295048879
29111,MO,LEWIS,155228.0,142502.0,142502.0,142602.0,12626.0,34,678.0,2.7490342879436036,0.9180173680006184,0.9180173680006184,0.9186615816734094,0.08133841832659057
29113,MO,LINCOLN,124205.0,108781.0,108781.0,108888.0,15311.0,44,1204.0,3.2106340582885866,0.8758182037760155,0.8758182037760155,0.8766796827824966,0.12327200998349502
29115,MO,LINN,159367.0,114475.0,114475.0,114483.0,44884.0,28,1025.0,3.4746523125907975,0.7183105661774395,0.7183105661774395,0.7183607647756436,0.28163923522435635
29117,MO,LIVINGSTON,186123.0,170319.0,170319.0,170343.0,15780.0,16,887.0,2.4936112067223806,0.9150884092777357,0.9150884092777357,0.9152173562644058,0.0847826437355942
29119,MO,MCDONALD,32031.0,300.0,300.0,312.0,31671.0,42,555.0,1.3418576816176304,0.009365926758452749,0.009365926758452749,0.00974056382879086,0.9887608878898567
29121,MO,MACON,189867.0,138696.0,138696.0,138716.0,51140.0,37,1157.0,3.0640680347242197,0.7304902905718214,0.7304902905718214,0.7305956274655416,0.26934643724291213
29123,MO,MADISON,19872.0,2228.0,2228.0,2228.0,17619.0,7,243.0,1.625739571537153,0.11211755233494364,0.11211755233494364,0.11211755233494364,0.8866243961352657
29125,MO,MARIES,40556.0,5422.0,5422.0,5702.0,34734.0,32,675.0,2.2841514332187676,0.1336916855705691,0.1336916855705691,0.1405957194989644,0.8564454088174376
29127,MO,MARION,129841.0,118767.0,118767.0,118921.0,10917.0,21,627.0,2.953735618659176,0.9147110696929321,0.9147110696929321,0.9158971357275437,0.08407975908996387
29129,MO,MERCER,81597.0,64628.0,64628.0,64632.0,16965.0,12,371.0,3.1514966149005255,0.7920389229996201,0.7920389229996201,0.792087944409721,0.20791205559027906
29131,MO,MILLER,58043.0,10647.0,10647.0,10713.0,46994.0,25,714.0,2.3744362001166737,0.18343297210688628,0.18343297210688628,0.18457006012783625,0.8096411281291457
29133,MO,MISSISSIPPI,270735.0,270695.0,270695.0,270695.0,0.0,11,326.0,2.4033208020077272,0.9998522540491624,0.9998522540491624,0.9998522540491624,0.0
29135,MO,MONITEAU,68176.0,30892.0,30892.0,31091.0,36594.0,51,1072.0,3.92182423878156,0.45312133302041774,0.45312133302041774,0.45604024876789484,0.5367578033325511
29137,MO,MONROE,169666.0,151062.0,151062.0,151139.0,18527.0,23,852.0,2.8986783183009295,0.8903492744568741,0.8903492744568741,0.8908031072813646,0.10919689271863543
29139,MO,MONTGOMERY,123216.0,108421.0,108421.0,108436.0,14366.0,44,920.0,3.3248661350841355,0.8799263082716531,0.8799263082716531,0.8800480457083496,0.11659200103882612
29141,MO,MORGAN,70578.0,25023.0,25023.0,25712.0,44422.0,38,1047.0,3.706155362619668,0.35454390886678566,0.35454390886678566,0.3643061577262036,0.6294029300915299
29143,MO,NEW MADRID,340068.0,338997.0,338997.0,338997.0,342.0,11,438.0,3.24302829468398,0.9968506298740252,0.9968506298740252,0.9968506298740252,0.001005681216697837
29145,MO,NEWTON,74432.0,19143.0,19143.0,19174.0,55022.0,53,1054.0,3.1508941859329123,0.2571877687016337,0.2571877687016337,0.2576042562338779,0.7392250644883921
29147,MO,NODAWAY,235030.0,204010.0,204010.0,204281.0,30688.0,19,1313.0,2.8744306694694877,0.8680168489129048,0.8680168489129048,0.8691698932051227,0.13057056545972853
29149,MO,OREGON,25316.0,0.0,0.0,2.0,25312.0,39,393.0,1.1976853521169126,0.0,0.0,7.900142202559646e-05,0.9998419971559488
29151,MO,OSAGE,83507.0,31101.0,31101.0,31155.0,52343.0,29,1243.0,3.537250600481304,0.3724358437017256,0.3724358437017256,0.37308249607817306,0.6268097285257523
29153,MO,OZARK,24101.0,205.0,205.0,222.0,23876.0,28,398.0,1.2835854227437544,0.008505871125679432,0.008505871125679432,0.009211236048296751,0.9906642877888884
29155,MO,PEMISCOT,307225.0,307177.0,307177.0,307183.0,0.0,18,474.0,3.1763417889976977,0.9998437627146228,0.9998437627146228,0.999863292375295,0.0
29157,MO,PERRY,99399.0,77991.0,77991.0,78112.0,21283.0,17,881.0,3.834120756238428,0.7846255998551294,0.7846255998551294,0.7858429159247075,0.21411684222175273
29159,MO,PETTIS,201422.0,153996.0,153996.0,154002.0,45582.0,35,1325.0,3.6774919893481233,0.7645440915093684,0.7645440915093684,0.7645738797152247,0.22630099989077657
29161,MO,PHELPS,21645.0,210.0,210.0,365.0,21273.0,45,569.0,1.4368064577469184,0.009702009702009701,0.009702009702009701,0.016863016863016864,0.9828135828135828
29163,MO,PIKE,175076.0,148563.0,148563.0,148563.0,26513.0,25,1007.0,3.00527342003368,0.8485629098220202,0.8485629098220202,0.8485629098220202,0.15143709017797985
29165,MO,PLATTE,99120.0,86420.0,86420.0,86534.0,12546.0,39,551.0,2.8492218855661386,0.8718724778046812,0.8718724778046812,0.8730225988700565,0.12657384987893464
29167,MO,POLK,88712.0,18144.0,18144.0,18486.0,69266.0,39,1175.0,2.838263879912978,0.20452700874740734,0.20452700874740734,0.20838218053927315,0.7807962846063666
29169,MO,PULASKI,19703.0,2910.0,2910.0,2924.0,16779.0,35,364.0,2.1106766887320396,0.14769324468355072,0.14769324468355072,0.14840379637618636,0.8515962036238136
29171,MO,PUTNAM,109751.0,66064.0,66064.0,66068.0,43683.0,13,604.0,3.2453928764301754,0.6019444014177547,0.6019444014177547,0.6019808475549198,0.39801915244508024
29173,MO,RALLS,126133.0,115097.0,115097.0,115247.0,10886.0,24,598.0,2.698846055706043,0.9125050541888324,0.9125050541888324,0.913694275090579,0.08630572490942101
29175,MO,RANDOLPH,94606.0,75943.0,75943.0,75970.0,18527.0,25,733.0,3.371402370875355,0.8027292137919371,0.8027292137919371,0.803014607952984,0.19583324524871573
29177,MO,RAY,149054.0,120885.0,120885.0,120921.0,28130.0,28,1011.0,3.060892938854516,0.8110148000053672,0.8110148000053672,0.8112563232117219,0.18872354985441517
29179,MO,REYNOLDS,9860.0,0.0,0.0,0.0,9860.0,3,147.0,1.275363921613897,0.0,0.0,0.0,1.0
29181,MO,RIPLEY,27125.0,14514.0,14514.0,14527.0,12596.0,23,220.0,3.577943576479133,0.5350783410138249,0.5350783410138249,0.535557603686636,0.46436866359447004
29183,MO,ST CHARLES,121335.0,114250.0,114250.0,114517.0,6760.0,51,781.0,2.673311965875878,0.9416079449458112,0.9416079449458112,0.9438084641694482,0.05571352041867557
29185,MO,ST CLAIR,105183.0,64242.0,64242.0,64345.0,40817.0,46,711.0,3.668020132340614,0.6107640968597587,0.6107640968597587,0.6117433425553559,0.3880570054096194
29186,MO,STE GENEVIEVE,70833.0,47910.0,47910.0,48020.0,22784.0,31,609.0,3.738909415372337,0.6763796535513108,0.6763796535513108,0.6779326020357743,0.3216579842728672
29187,MO,ST FRANCOIS,23823.0,4755.0,4755.0,4809.0,19012.0,36,497.0,2.615170111009228,0.19959702808210553,0.19959702808210553,0.20186374512026192,0.7980523023968434
29189,MO,ST LOUIS,11345.0,10072.0,10072.0,10267.0,1020.0,55,432.0,3.33741983102775,0.8877919788453063,0.8877919788453063,0.9049801674746585,0.08990744821507272
29195,MO,SALINE,325213.0,308471.0,308471.0,309195.0,16018.0,22,1245.0,2.631045683628109,0.9485198931162039,0.9485198931162039,0.9507461263848617,0.04925387361513839
29197,MO,SCHUYLER,56900.0,31455.0,31455.0,31455.0,25445.0,20,442.0,3.1973569983965646,0.5528119507908612,0.5528119507908612,0.5528119507908612,0.44718804920913885
29199,MO,SCOTLAND,119929.0,93364.0,93364.0,94108.0,25821.0,24,883.0,3.416492037219751,0.7784939422491641,0.7784939422491641,0.7846976127542129,0.2153023872457871
29201,MO,SCOTT,178039.0,175059.0,175059.0,175132.0,2907.0,17,498.0,2.904404707823928,0.9832620942602464,0.9832620942602464,0.9836721167834014,0.016327883216598612
29203,MO,SHANNON,15834.0,0.0,0.0,0.0,15834.0,12,222.0,1.3507032127667156,0.0,0.0,0.0,1.0
29205,MO,SHELBY,169461.0,155687.0,155687.0,155875.0,13586.0,18,626.0,2.4974287891543367,0.918718761248901,0.918718761248901,0.9198281610518054,0.08017183894819457
29207,MO,STODDARD,369734.0,354310.0,354310.0,355899.0,9517.0,28,783.0,4.7104869366783415,0.9582835227487869,0.9582835227487869,0.9625812070299188,0.02574012668567132
29209,MO,STONE,14614.0,224.0,224.0,234.0,14327.0,20,322.0,1.4648973299685633,0.015327767893800465,0.015327767893800465,0.01601204324620227,0.9803612973860681
29211,MO,SULLIVAN,112976.0,58910.0,58910.0,58910.0,54066.0,14,568.0,3.124876516375722,0.5214381815606854,0.5214381815606854,0.5214381815606854,0.47856181843931456
29213,MO,TANEY,10795.0,0.0,0.0,2.0,10792.0,31,220.0,1.1842153445386523,0.0,0.0,0.00018527095877721167,0.9997220935618342
29215,MO,TEXAS,63090.0,2237.0,2237.0,2265.0,60805.0,45,935.0,1.6167592230619934,0.03545728324615628,0.03545728324615628,0.03590109367570138,0.9637818988746235
29217,MO,VERNON,273267.0,217152.0,217152.0,217321.0,55576.0,47,1541.0,3.6245225231983325,0.7946513849092646,0.7946513849092646,0.7952698276776925,0.20337618519616346
29219,MO,WARREN,58624.0,49350.0,49350.0,49503.0,9040.0,29,641.0,3.265906446261329,0.841805403930131,0.841805403930131,0.8444152565502183,0.15420305676855894
29221,MO,WASHINGTON,10623.0,748.0,748.0,776.0,9847.0,13,215.0,1.622211726861622,0.07041325425962534,0.07041325425962534,0.07304904452602842,0.9269509554739715
29223,MO,WAYNE,12339.0,2165.0,2165.0,2170.0,10169.0,19,225.0,2.1721234324077483,0.17545992381878597,0.17545992381878597,0.17586514304238593,0.824134856957614
29225,MO,WEBSTER,62002.0,4495.0,4495.0,4740.0,56985.0,55,1209.0,1.9054917949801995,0.0724976613657624,0.0724976613657624,0.07644914680171608,0.9190832553788587
29227,MO,WORTH,54784.0,39920.0,39920.0,39920.0,14858.0,13,364.0,3.15275624846126,0.728679906542056,0.728679906542056,0.728679906542056,0.27121057242990654
29229,MO,WRIGHT,52909.0,562.0,562.0,674.0,51975.0,50,888.0,1.4529478913352472,0.010622011378026423,0.010622011378026423,0.012738853503184714,0.9823470487062692
30001,MT,BEAVERHEAD,102410.0,9903.0,9903.0,9903.0,92506.0,20,282.0,1.7860257430533,0.09669954106044332,0.09669954106044332,0.09669954106044332,0.9032906942681379
30003,MT,BIG HORN,186434.0,102980.0,96176.0,100593.0,73557.0,30,416.0,3.5688584304896627,0.552367057510969,0.5158715684907259,0.5395635989143611,0.3945471319609084
30005,MT,BLAINE,285046.0,196060.0,196060.0,205531.0,65823.0,24,402.0,3.1626516872461607,0.687818808192362,0.687818808192362,0.7210450243118655,0.23092062333798755
30007,MT,BROADWATER,58521.0,26443.0,26443.0,28784.0,29737.0,21,217.0,2.781024873552369,0.45185488969771537,0.45185488969771537,0.4918576237589925,0.5081423762410076
30009,MT,CARBON,71289.0,15418.0,13497.0,21875.0,47493.0,27,580.0,3.092958278912808,0.21627460056951284,0.18932794680806295,0.3068495840873066,0.6662037621512436
30011,MT,CARTER,144841.0,25272.0,25272.0,29878.0,114410.0,11,228.0,2.037456569445205,0.1744809825947073,0.1744809825947073,0.20628137060638907,0.7899006496779227
30013,MT,CASCADE,252932.0,143260.0,143260.0,149624.0,90088.0,39,733.0,4.012601068469549,0.5663972925529391,0.5663972925529391,0.5915582053674505,0.35617478215488746
30015,MT,CHOUTEAU,805093.0,630524.0,630524.0,668290.0,49886.0,23,966.0,3.5273237887314255,0.7831691494026156,0.7831691494026156,0.8300780158317114,0.06196302787379843
30017,MT,CUSTER,96259.0,10555.0,10555.0,21528.0,74127.0,17,309.0,2.453159339187145,0.10965208448041222,0.10965208448041222,0.22364662005630642,0.770078641997112
30019,MT,DANIELS,399009.0,243904.0,243904.0,284450.0,34310.0,16,338.0,3.5556837035192315,0.6112744324062865,0.6112744324062865,0.712891187918067,0.08598803535759846
30021,MT,DAWSON,292884.0,190723.0,190723.0,221021.0,46326.0,21,522.0,3.9341878604089495,0.6511895494461971,0.6511895494461971,0.7546366479561875,0.15817183594870324
30023,MT,DEER LODGE,4584.0,0.0,0.0,0.0,4584.0,4,49.0,1.0,0.0,0.0,0.0,1.0
30025,MT,FALLON,119467.0,27416.0,27416.0,34377.0,82081.0,10,226.0,2.4864802996163684,0.22948596683603004,0.22948596683603004,0.28775310336745713,0.6870600249441269
30027,MT,FERGUS,431317.0,218136.0,218136.0,223101.0,198815.0,27,833.0,3.0876395838108155,0.5057440351296146,0.5057440351296146,0.5172552901925962,0.4609486757999337
30029,MT,FLATHEAD,60577.0,17586.0,17586.0,20608.0,31925.0,62,1060.0,4.709382320335565,0.29030820278323455,0.29030820278323455,0.34019512356174786,0.5270152037902174
30031,MT,GALLATIN,162229.0,82629.0,82629.0,93990.0,66249.0,63,1056.0,4.176994954895881,0.5093355688563697,0.5093355688563697,0.5793662045626861,0.4083671846587232
30033,MT,GARFIELD,186432.0,95378.0,95378.0,112317.0,70256.0,13,204.0,3.4711433576818216,0.5115967215928596,0.5115967215928596,0.602455587023687,0.3768451767936835
30035,MT,GLACIER,261866.0,169070.0,169070.0,188861.0,53548.0,23,333.0,4.695509519443467,0.6456355540620011,0.6456355540620011,0.7212123757952541,0.20448626396706712
30037,MT,GOLDEN VALLEY,56379.0,34266.0,34266.0,35869.0,20509.0,22,143.0,2.759466568054986,0.6077794923641782,0.6077794923641782,0.6362120647758918,0.36377019812341477
30039,MT,GRANITE,18536.0,0.0,0.0,0.0,18536.0,6,79.0,1.2826598485383554,0.0,0.0,0.0,1.0
30041,MT,HILL,782197.0,607754.0,607754.0,656425.0,24554.0,36,909.0,3.185718155755799,0.7769832919328507,0.7769832919328507,0.8392067471493754,0.03139106900179878
30043,MT,JEFFERSON,26203.0,0.0,0.0,0.0,26191.0,10,168.0,1.2091335363099793,0.0,0.0,0.0,0.9995420371713163
30045,MT,JUDITH BASIN,152031.0,78905.0,78905.0,81848.0,64084.0,14,308.0,4.126354716307677,0.5190059921989594,0.5190059921989594,0.53836388631266,0.4215192954068578
30047,MT,LAKE,63987.0,10838.0,10838.0,16074.0,46998.0,63,1114.0,3.2352088259192313,0.16937815493772174,0.16937815493772174,0.2512072764780346,0.7344929438792255
30049,MT,LEWIS AND CLARK,64651.0,19672.0,19672.0,19675.0,43240.0,34,443.0,2.9714846076847197,0.3042799028630648,0.3042799028630648,0.3043263058576047,0.6688218279686315
30051,MT,LIBERTY,412581.0,293726.0,293726.0,312046.0,10320.0,23,447.0,3.681642914796124,0.7119232344678984,0.7119232344678984,0.7563266364665363,0.025013270121503412
30053,MT,LINCOLN,6092.0,0.0,0.0,10.0,6078.0,48,266.0,1.3597577613304628,0.0,0.0,0.0016414970453053185,0.9977019041365726
30055,MT,MCCONE,372740.0,238579.0,238579.0,275550.0,53066.0,14,467.0,4.078719832365512,0.6400681440145947,0.6400681440145947,0.7392552449428557,0.14236733379835811
30057,MT,MADISON,72183.0,7590.0,7590.0,8278.0,63904.0,24,397.0,1.9556458084213277,0.10514941191139188,0.10514941191139188,0.11468074200296469,0.8853054043195766
30059,MT,MEAGHER,47352.0,9939.0,9939.0,9939.0,37413.0,11,95.0,2.0710475465065343,0.20989609731373543,0.20989609731373543,0.20989609731373543,0.7901039026862646
30061,MT,MINERAL,2143.0,242.0,242.0,244.0,1898.0,13,54.0,1.439876490312814,0.11292580494633692,0.11292580494633692,0.1138590760615959,0.8856742883807747
30063,MT,MISSOULA,15907.0,0.0,0.0,59.0,15818.0,60,638.0,1.4178216090616256,0.0,0.0,0.003709058904884642,0.9944049789400893
30065,MT,MUSSELSHELL,59452.0,16543.0,16543.0,17563.0,41889.0,12,161.0,2.7569044452324616,0.27825809056045214,0.27825809056045214,0.29541478840072666,0.7045852115992733
30067,MT,PARK,59169.0,6875.0,6875.0,6884.0,51751.0,39,368.0,1.8713148575082228,0.11619260085517755,0.11619260085517755,0.11634470753266068,0.8746302962700062
30069,MT,PETROLEUM,45749.0,19857.0,19857.0,20817.0,24932.0,8,85.0,2.259244690586944,0.4340422741480688,0.4340422741480688,0.4550263393735382,0.5449736606264618
30071,MT,PHILLIPS,254325.0,148647.0,148647.0,163335.0,76248.0,18,426.0,3.840671720722766,0.584476555588322,0.584476555588322,0.642229430846358,0.29980536714833383
30073,MT,PONDERA,281455.0,236162.0,236162.0,241691.0,21340.0,34,524.0,3.3060459361240735,0.8390755182888916,0.8390755182888916,0.8587198664084845,0.07582029098790215
30075,MT,POWDER RIVER,130750.0,4781.0,4781.0,4781.0,125629.0,9,286.0,1.3689947837026575,0.036565965583173994,0.036565965583173994,0.036565965583173994,0.9608336520076481
30077,MT,POWELL,54588.0,0.0,0.0,0.0,54588.0,22,165.0,1.3247470061530113,0.0,0.0,0.0,1.0
30079,MT,PRAIRIE,42914.0,8525.0,8525.0,11730.0,31184.0,19,143.0,3.544066870124482,0.19865312019387613,0.19865312019387613,0.2733373724192571,0.7266626275807428
30081,MT,RAVALLI,35457.0,831.0,831.0,1417.0,33993.0,70,1257.0,1.9019118604269227,0.023436838988070058,0.023436838988070058,0.0399638999351327,0.958710550808021
30083,MT,RICHLAND,249605.0,159497.0,151406.0,172680.0,58676.0,18,622.0,4.220156938016622,0.6389976162336491,0.6065824001923038,0.6918130646421345,0.2350754191622764
30085,MT,ROOSEVELT,601052.0,392075.0,390325.0,439445.0,47525.0,16,486.0,4.069504697000827,0.6523146083866288,0.6494030466581926,0.7311264250014974,0.07906969779653009
30087,MT,ROSEBUD,101669.0,34510.0,33610.0,41384.0,55948.0,18,256.0,4.002355304463978,0.33943483264318525,0.3305825767933195,0.40704639565649314,0.5502955669869872
30089,MT,SANDERS,20797.0,230.0,230.0,263.0,20435.0,33,341.0,1.2944737614174227,0.011059287397220754,0.011059287397220754,0.012646054719430687,0.9825936433139395
30091,MT,SHERIDAN,596931.0,334806.0,334806.0,408385.0,40571.0,20,726.0,4.5364193527679015,0.560878895550742,0.560878895550742,0.6841410481278406,0.06796597931754256
30093,MT,SILVER BOW,3364.0,0.0,0.0,0.0,3364.0,3,41.0,1.0,0.0,0.0,0.0,1.0
30095,MT,STILLWATER,85897.0,32318.0,32318.0,35440.0,47009.0,30,370.0,3.5693466389261603,0.3762413122693458,0.3762413122693458,0.41258716835279463,0.5472717324237167
30097,MT,SWEET GRASS,40364.0,763.0,763.0,763.0,39601.0,5,153.0,1.3301266508081782,0.018902982856010307,0.018902982856010307,0.018902982856010307,0.9810970171439897
30099,MT,TETON,311541.0,223246.0,223246.0,227035.0,59292.0,36,582.0,3.9966021301954626,0.7165862599144254,0.7165862599144254,0.7287483830378666,0.19031844925708014
30101,MT,TOOLE,512841.0,406003.0,406003.0,440262.0,21676.0,15,561.0,3.952845210291663,0.7916742226148066,0.7916742226148066,0.8584766038596758,0.04226651145286746
30103,MT,TREASURE,44966.0,26470.0,18800.0,26643.0,8366.0,12,160.0,7.445035629630109,0.5886669928390339,0.4180936707734733,0.5925143441711516,0.18605168349419562
30105,MT,VALLEY,553563.0,348381.0,348381.0,392918.0,78984.0,17,623.0,3.800216791606998,0.6293430016095729,0.6293430016095729,0.7097981620881454,0.14268294665647813
30107,MT,WHEATLAND,51277.0,29191.0,29191.0,29191.0,22086.0,22,98.0,3.370152688994205,0.5692805741365524,0.5692805741365524,0.5692805741365524,0.4307194258634475
30109,MT,WIBAUX,75293.0,26088.0,26088.0,30343.0,37151.0,19,152.0,4.145075994811412,0.34648639315739843,0.34648639315739843,0.40299895076567543,0.49341904293891864
30111,MT,YELLOWSTONE,156839.0,80280.0,75801.0,86172.0,64658.0,57,959.0,4.301149994719067,0.5118624831833919,0.48330453522401956,0.5494296699162836,0.4122571554269027
31001,NE,ADAMS,276536.0,264848.0,264848.0,264852.0,4166.0,13,708.0,2.4839879815042383,0.9577342552145109,0.9577342552145109,0.9577487198773397,0.015064946336100905
31003,NE,ANTELOPE,368607.0,335092.0,335092.0,337699.0,20231.0,19,1123.0,2.8180438913514605,0.909076604622267,0.909076604622267,0.9161491778506649,0.054885013035563625
31005,NE,ARTHUR,26394.0,7170.0,7170.0,7170.0,19224.0,7,67.0,2.222713474463647,0.27165264832916575,0.27165264832916575,0.27165264832916575,0.7283473516708343
31007,NE,BANNER,87561.0,61071.0,61071.0,65088.0,11697.0,13,185.0,4.754178637957304,0.6974680508445541,0.6974680508445541,0.7433446397368692,0.1335868708671669
31009,NE,BLAINE,19229.0,1378.0,1378.0,1378.0,17851.0,4,53.0,1.9309576627568215,0.0716625929585522,0.0716625929585522,0.0716625929585522,0.9283374070414478
31011,NE,BOONE,300907.0,279473.0,279473.0,279473.0,20920.0,21,911.0,2.4630818385651905,0.9287686893292612,0.9287686893292612,0.9287686893292612,0.06952314170158887
31013,NE,BOX BUTTE,255225.0,175441.0,162310.0,187812.0,21999.0,16,713.0,6.045562318428228,0.6873973944558722,0.6359486727397394,0.7358683514545988,0.08619453423449897
31015,NE,BOYD,70182.0,49925.0,49925.0,49925.0,20257.0,8,345.0,3.5468247289387254,0.7113647373970534,0.7113647373970534,0.7113647373970534,0.28863526260294664
31017,NE,BROWN,92450.0,47186.0,47186.0,47186.0,45264.0,17,296.0,2.9277311429682578,0.5103948080043267,0.5103948080043267,0.5103948080043267,0.4896051919956733
31019,NE,BUFFALO,351787.0,324775.0,324775.0,324862.0,26389.0,34,1411.0,2.544457847333646,0.9232148999252389,0.9232148999252389,0.9234622086660393,0.0750141420802929
31021,NE,BURT,197206.0,191267.0,191267.0,191270.0,5933.0,26,760.0,2.256972606438411,0.9698842834396519,0.9698842834396519,0.9698994959585409,0.030085291522570307
31023,NE,BUTLER,296775.0,284668.0,284668.0,284676.0,11768.0,55,1166.0,2.408902174049185,0.9592047847696066,0.9592047847696066,0.9592317412180945,0.03965293572571814
31025,NE,CASS,256773.0,251892.0,251892.0,251936.0,4834.0,28,984.0,2.2150361477732776,0.980990992043556,0.980990992043556,0.981162349623987,0.018825966904620035
31027,NE,CEDAR,344814.0,322990.0,322990.0,322990.0,21539.0,15,1301.0,2.4988278941162836,0.9367079062915079,0.9367079062915079,0.9367079062915079,0.06246556114310904
31029,NE,CHASE,234575.0,197628.0,197628.0,215859.0,11582.0,13,430.0,4.082981459477944,0.8424938718959821,0.8424938718959821,0.920213151444101,0.049374400511563464
31031,NE,CHERRY,350362.0,38596.0,38596.0,38622.0,311010.0,18,484.0,1.7346970177709318,0.11016034843961388,0.11016034843961388,0.11023455740063134,0.887681883309263
31033,NE,CHEYENNE,265410.0,189177.0,189177.0,194915.0,14254.0,20,795.0,4.562685888991586,0.712772691307788,0.712772691307788,0.734392072642327,0.05370558758147771
31035,NE,CLAY,290211.0,284040.0,284040.0,284040.0,6171.0,7,712.0,2.2403494026731936,0.9787361609311845,0.9787361609311845,0.9787361609311845,0.02126383906881545
31037,NE,COLFAX,184196.0,174594.0,174594.0,174594.0,9602.0,23,766.0,2.4090566482358575,0.9478707463788573,0.9478707463788573,0.9478707463788573,0.05212925362114269
31039,NE,CUMING,297223.0,282459.0,282459.0,282460.0,14733.0,15,1374.0,2.370630354891782,0.9503268589577523,0.9503268589577523,0.9503302234349293,0.0495688422497586
31041,NE,CUSTER,492992.0,389722.0,389722.0,389741.0,102683.0,22,1404.0,3.042534617202967,0.7905239841620147,0.7905239841620147,0.7905625243411658,0.20828532714526807
31043,NE,DAKOTA,144505.0,142032.0,142032.0,142032.0,2470.0,11,280.0,2.1565142501663686,0.982886405314695,0.982886405314695,0.982886405314695,0.017092834157987614
31045,NE,DAWES,111639.0,30825.0,30825.0,31131.0,79120.0,25,432.0,2.694731603269613,0.27611318625211617,0.27611318625211617,0.27885416386746564,0.7087129049884001
31047,NE,DAWSON,329353.0,294510.0,294510.0,294522.0,34460.0,31,1024.0,2.529321121127486,0.8942077345583614,0.8942077345583614,0.8942441696295464,0.10462937941965005
31049,NE,DEUEL,120540.0,99484.0,99484.0,103722.0,6883.0,13,238.0,4.834852544168338,0.8253193960511034,0.8253193960511034,0.8604778496764559,0.05710137713622034
31051,NE,DIXON,183765.0,175984.0,175984.0,175984.0,7781.0,7,657.0,2.3702373578987266,0.9576578782684406,0.9576578782684406,0.9576578782684406,0.04234212173155933
31053,NE,DODGE,302465.0,296965.0,296965.0,296966.0,5475.0,31,1067.0,2.1972291927312244,0.9818160778933099,0.9818160778933099,0.9818193840609657,0.018101267915295986
31055,NE,DOUGLAS,41177.0,38377.0,38377.0,38631.0,2494.0,50,387.0,2.664240659891919,0.9320008742744736,0.9320008742744736,0.9381693663938606,0.060567792699808144
31057,NE,DUNDY,110309.0,89519.0,89519.0,89519.0,19644.0,12,335.0,4.12118925094915,0.8115294309621155,0.8115294309621155,0.8115294309621155,0.17808157086003862
31059,NE,FILLMORE,327807.0,323638.0,323638.0,323638.0,4051.0,8,799.0,2.2078040041278983,0.9872821507777442,0.9872821507777442,0.9872821507777442,0.012357881314309944
31061,NE,FRANKLIN,130899.0,123354.0,123354.0,123354.0,7545.0,9,405.0,2.5993356156538705,0.9423601402608117,0.9423601402608117,0.9423601402608117,0.057639859739188226
31063,NE,FRONTIER,181216.0,165482.0,165482.0,165482.0,15335.0,20,527.0,3.631860047266496,0.9131754370475014,0.9131754370475014,0.9131754370475014,0.08462277061628112
31065,NE,FURNAS,228343.0,219687.0,219687.0,219687.0,8656.0,10,561.0,3.231255903484237,0.9620921158082358,0.9620921158082358,0.9620921158082358,0.03790788419176414
31067,NE,GAGE,422536.0,403374.0,403374.0,403376.0,18868.0,27,1856.0,2.5910592600163698,0.9546500179866331,0.9546500179866331,0.9546547513111309,0.04465418331219115
31069,NE,GARDEN,110051.0,68480.0,68480.0,71718.0,36891.0,14,295.0,4.985449392591596,0.6222569535942427,0.6222569535942427,0.6516796757866807,0.3352173083388611
31071,NE,GARFIELD,49182.0,13867.0,13867.0,13868.0,35314.0,7,142.0,2.36635968059723,0.2819527469399374,0.2819527469399374,0.2819730795819609,0.7180269204180392
31073,NE,GOSPER,124036.0,118401.0,118401.0,118402.0,5634.0,20,362.0,2.9306436655519352,0.9545696410719469,0.9545696410719469,0.9545777032474443,0.04542229675255571
31075,NE,GRANT,41912.0,0.0,0.0,0.0,41912.0,2,46.0,1.0,0.0,0.0,0.0,1.0
31077,NE,GREELEY,65999.0,59639.0,59639.0,59639.0,6360.0,6,305.0,2.597977672316006,0.9036349035591449,0.9036349035591449,0.9036349035591449,0.09636509644085517
31079,NE,HALL,227517.0,214456.0,214456.0,214456.0,12548.0,23,728.0,2.1500313418025714,0.9425933007203857,0.9425933007203857,0.9425933007203857,0.05515192271346756
31081,NE,HAMILTON,273253.0,262824.0,262824.0,262833.0,4700.0,12,773.0,2.2577617803154864,0.9618339048427648,0.9618339048427648,0.9618668413521535,0.01720017712522827
31083,NE,HARLAN,155793.0,150517.0,150517.0,150643.0,5150.0,20,546.0,3.093081695479781,0.9661345503328134,0.9661345503328134,0.9669433158100813,0.033056684189918674
31085,NE,HAYES,89924.0,77324.0,77324.0,78705.0,11219.0,9,250.0,3.5724101051705586,0.8598816778613051,0.8598816778613051,0.8752390907877764,0.12476090921222366
31087,NE,HITCHCOCK,81468.0,75362.0,75362.0,75362.0,5866.0,11,283.0,3.666087968433242,0.9250503265085678,0.9250503265085678,0.9250503265085678,0.07200373152648892
31089,NE,HOLT,579191.0,325204.0,325204.0,325359.0,246535.0,28,1582.0,3.480035743201022,0.5614797191254698,0.5614797191254698,0.5617473337810843,0.42565405885105256
31091,NE,HOOKER,6847.0,0.0,0.0,0.0,6847.0,6,22.0,1.0,0.0,0.0,0.0,1.0
31093,NE,HOWARD,127141.0,111966.0,111966.0,111999.0,14305.0,26,686.0,2.7752563124324188,0.880644324018216,0.880644324018216,0.880903878371257,0.11251287940160924
31095,NE,JEFFERSON,211044.0,200013.0,200013.0,200014.0,10472.0,22,895.0,2.697793774543768,0.9477312787854666,0.9477312787854666,0.9477360171338678,0.04961998445821724
31097,NE,JOHNSON,70633.0,61887.0,61887.0,61887.0,8746.0,25,522.0,3.147450601291556,0.8761768578426514,0.8761768578426514,0.8761768578426514,0.12382314215734855
31099,NE,KEARNEY,257231.0,253922.0,253922.0,253928.0,3303.0,13,530.0,2.1890230352039013,0.987136076133903,0.987136076133903,0.9871594014718288,0.012840598528171177
31101,NE,KEITH,146275.0,124458.0,124458.0,125740.0,16122.0,18,362.0,3.7446591912618996,0.8508494274482994,0.8508494274482994,0.8596137412408136,0.11021705691334814
31103,NE,KEYA PAHA,74641.0,30432.0,30432.0,32645.0,41075.0,12,193.0,3.1641950809120374,0.40771157942685654,0.40771157942685654,0.43736016398494126,0.5503007730335875
31105,NE,KIMBALL,160729.0,114363.0,114363.0,116009.0,16241.0,13,383.0,4.080822665895592,0.7115268557634279,0.7115268557634279,0.7217676959353944,0.10104585980128042
31107,NE,KNOX,242433.0,194021.0,194021.0,194021.0,47759.0,27,1389.0,3.2700968565500084,0.8003077138838359,0.8003077138838359,0.8003077138838359,0.1969987584198521
31109,NE,LANCASTER,331347.0,305361.0,305361.0,305522.0,25702.0,72,2427.0,2.7252907075250445,0.9215746634193157,0.9215746634193157,0.9220605588703081,0.07756822907707026
31111,NE,LINCOLN,375722.0,287357.0,287357.0,288019.0,68862.0,22,1001.0,3.639275325625791,0.7648128137292999,0.7648128137292999,0.766574754738876,0.1832791265882754
31113,NE,LOGAN,24218.0,7784.0,7784.0,7784.0,16052.0,6,79.0,2.9804846133302965,0.32141382442811134,0.32141382442811134,0.32141382442811134,0.6628127838797588
31115,NE,LOUP,18059.0,8485.0,8485.0,8485.0,9574.0,7,109.0,2.868413589340487,0.46984882883880613,0.46984882883880613,0.46984882883880613,0.5301511711611938
31117,NE,MCPHERSON,17183.0,308.0,308.0,308.0,16875.0,7,62.0,1.29422715571141,0.017924693010533666,0.017924693010533666,0.017924693010533666,0.9820753069894663
31119,NE,MADISON,247774.0,233416.0,233416.0,233426.0,14088.0,21,1009.0,2.4642127736152637,0.9420520312865757,0.9420520312865757,0.9420923906463148,0.05685826600046817
31121,NE,MERRICK,153736.0,135021.0,135021.0,135649.0,11585.0,20,676.0,3.129496469923655,0.8782653379819951,0.8782653379819951,0.8823502627881563,0.07535645522193891
31123,NE,MORRILL,165972.0,108044.0,100845.0,110664.0,47869.0,18,500.0,4.0114883677049855,0.6509772732750102,0.60760248716651,0.6667630684693804,0.28841611838141373
31125,NE,NANCE,82266.0,75324.0,75324.0,75324.0,6942.0,9,385.0,2.591501645225904,0.9156151994748742,0.9156151994748742,0.9156151994748742,0.08438480052512581
31127,NE,NEMAHA,196021.0,192871.0,192871.0,192871.0,3008.0,14,559.0,2.2521771486469984,0.9839302931828733,0.9839302931828733,0.9839302931828733,0.01534529463679912
31129,NE,NUCKOLLS,207675.0,199384.0,199384.0,199384.0,8291.0,9,667.0,2.6764568167326273,0.9600770434573251,0.9600770434573251,0.9600770434573251,0.03992295654267485
31131,NE,OTOE,287373.0,277959.0,277959.0,278044.0,9328.0,36,1329.0,2.3778422107167394,0.9672411813218361,0.9672411813218361,0.9675369641546004,0.032459556047367014
31133,NE,PAWNEE,130665.0,119993.0,119993.0,119993.0,10672.0,11,470.0,2.6405784751860177,0.918325488845521,0.918325488845521,0.918325488845521,0.08167451115447902
31135,NE,PERKINS,280777.0,258468.0,258468.0,262359.0,9083.0,19,601.0,3.54559872998904,0.9205454862755853,0.9205454862755853,0.9344034589727791,0.03234951580791874
31137,NE,PHELPS,235240.0,232068.0,232068.0,232462.0,2778.0,12,535.0,2.0741900581646946,0.9865158986566911,0.9865158986566911,0.9881907838802925,0.011809216119707533
31139,NE,PIERCE,196518.0,186288.0,186288.0,186288.0,10230.0,16,766.0,2.5184245023011185,0.9479436998137575,0.9479436998137575,0.9479436998137575,0.05205630018624248
31141,NE,PLATTE,356339.0,343751.0,343751.0,343855.0,12338.0,27,1425.0,2.3395270604043845,0.9646740884382569,0.9646740884382569,0.9649659453497933,0.034624332447472775
31143,NE,POLK,181776.0,174825.0,174825.0,174831.0,6945.0,9,677.0,2.400210032215599,0.961760628465804,0.961760628465804,0.9617936361235807,0.038206363876419326
31145,NE,RED WILLOW,144690.0,128962.0,128962.0,128981.0,15556.0,16,397.0,4.049112313224304,0.8912986384684498,0.8912986384684498,0.8914299536941046,0.10751261317299053
31147,NE,RICHARDSON,233753.0,224490.0,224490.0,224502.0,9251.0,10,1077.0,2.4444532590574592,0.9603727010990233,0.9603727010990233,0.9604240373385582,0.039575962661441776
31149,NE,ROCK,148838.0,56484.0,56484.0,56484.0,92354.0,6,210.0,2.829633053389053,0.37949985890699955,0.37949985890699955,0.37949985890699955,0.6205001410930004
31151,NE,SALINE,234613.0,226145.0,226145.0,226145.0,8468.0,9,1021.0,2.425642996757854,0.9639065183941213,0.9639065183941213,0.9639065183941213,0.036093481605878615
31153,NE,SARPY,50297.0,48037.0,48037.0,48083.0,2193.0,42,441.0,2.3796486561776704,0.9550669025985645,0.9550669025985645,0.9559814700677973,0.043601010000596456
31155,NE,SAUNDERS,403220.0,388244.0,388244.0,388284.0,14071.0,41,1892.0,2.447192091449871,0.9628589851693864,0.9628589851693864,0.962958186597887,0.03489658251078816
31157,NE,SCOTTS BLUFF,169799.0,107477.0,94901.0,118750.0,38091.0,35,907.0,3.861836109532834,0.6329660363135237,0.5589019958892573,0.6993562977402694,0.22432994305031242
31159,NE,SEWARD,290692.0,273719.0,273719.0,273737.0,15895.0,42,1431.0,2.5722249743943784,0.9416117402611699,0.9416117402611699,0.9416736614698719,0.05467986735101069
31161,NE,SHERIDAN,178541.0,64355.0,63268.0,72142.0,94804.0,28,671.0,4.8450826877345685,0.36044942058126705,0.354361183145608,0.40406405251454847,0.5309928811869542
31163,NE,SHERMAN,115150.0,100685.0,100685.0,100685.0,14225.0,8,409.0,2.599895648341051,0.8743812418584455,0.8743812418584455,0.8743812418584455,0.12353452019105514
31165,NE,SIOUX,47910.0,14409.0,14409.0,15820.0,32090.0,10,222.0,2.427198834043361,0.3007514088916719,0.3007514088916719,0.3302024629513671,0.6697975370486329
31167,NE,STANTON,153349.0,139012.0,139012.0,139020.0,14324.0,25,784.0,2.591039598561789,0.9065073785939263,0.9065073785939263,0.9065595471767015,0.09340784745906397
31169,NE,THAYER,246921.0,238744.0,238744.0,238762.0,8159.0,33,864.0,2.5444993816017916,0.9668841451314388,0.9668841451314388,0.9669570429408596,0.03304295705914037
31171,NE,THOMAS,7008.0,0.0,0.0,0.0,7008.0,6,40.0,1.2874879715427037,0.0,0.0,0.0,1.0
31173,NE,THURSTON,134548.0,130654.0,130654.0,131152.0,3396.0,15,410.0,2.287711561931021,0.9710586556470553,0.9710586556470553,0.9747599369741654,0.025240063025834647
31175,NE,VALLEY,103009.0,85088.0,85088.0,85093.0,17293.0,16,465.0,3.0961121427665637,0.8260249104447184,0.8260249104447184,0.8260734498927278,0.16787853488530127
31177,NE,WASHINGTON,181525.0,164666.0,164666.0,164710.0,16671.0,37,929.0,2.718151406272634,0.9071257402561631,0.9071257402561631,0.9073681311114171,0.09183858972593306
31179,NE,WAYNE,225387.0,214950.0,214950.0,214950.0,10437.0,9,695.0,2.4291963839616977,0.9536929814053162,0.9536929814053162,0.9536929814053162,0.04630701859468381
31181,NE,WEBSTER,195462.0,180079.0,180079.0,180079.0,15383.0,8,574.0,3.165951206567379,0.9212992806785973,0.9212992806785973,0.9212992806785973,0.07870071932140263
31183,NE,WHEELER,84981.0,47385.0,47385.0,47385.0,37330.0,10,200.0,2.9344072304513196,0.5575952271684259,0.5575952271684259,0.5575952271684259,0.4392746613949
31185,NE,YORK,319117.0,316090.0,316090.0,316090.0,3027.0,21,808.0,2.0893861864307928,0.9905144508127113,0.9905144508127113,0.9905144508127113,0.009485549187288675
32001,NV,CHURCHILL,34335.0,0.0,0.0,4649.0,29681.0,52,519.0,2.258346037999531,0.0,0.0,0.13540119411679044,0.8644531818843746
32005,NV,DOUGLAS,18868.0,0.0,0.0,1.0,18867.0,15,151.0,1.2627870547672375,0.0,0.0,5.2999788000847996e-05,0.9999470002119991
32007,NV,ELKO,90868.0,0.0,0.0,0.0,90868.0,35,254.0,1.1405961132445595,0.0,0.0,0.0,1.0
32009,NV,ESMERALDA,9981.0,0.0,0.0,0.0,9981.0,4,17.0,1.0,0.0,0.0,0.0,1.0
32011,NV,EUREKA,36903.0,0.0,0.0,216.0,36686.0,7,89.0,1.0964217461608263,0.0,0.0,0.005853182668075766,0.9941197192640164
32013,NV,HUMBOLDT,96015.0,0.0,0.0,8165.0,85199.0,16,156.0,1.7994767547560957,0.0,0.0,0.08503879602145498,0.8873509347497787
32015,NV,LANDER,37407.0,0.0,0.0,0.0,37407.0,9,62.0,1.3426361407894996,0.0,0.0,0.0,1.0
32017,NV,LINCOLN,14449.0,0.0,0.0,0.0,14449.0,10,74.0,1.191932632298391,0.0,0.0,0.0,1.0
32019,NV,LYON,40826.0,0.0,0.0,2651.0,38175.0,34,246.0,1.5409714012312212,0.0,0.0,0.06493411061578407,0.935065889384216
32021,NV,MINERAL,2441.0,0.0,0.0,0.0,2441.0,1,54.0,1.0,0.0,0.0,0.0,1.0
32023,NV,NYE,9564.0,0.0,0.0,23.0,9540.0,33,130.0,1.0197041076210545,0.0,0.0,0.0024048515265579257,0.9974905897114178
32027,NV,PERSHING,40762.0,0.0,0.0,1201.0,39561.0,6,82.0,1.1891512031415714,0.0,0.0,0.029463716206270547,0.9705362837937295
32031,NV,WASHOE,7017.0,0.0,0.0,37.0,6972.0,47,243.0,1.0507387593477842,0.0,0.0,0.005272908650420407,0.993587002992732
32033,NV,WHITE PINE,25331.0,0.0,0.0,38.0,25291.0,32,150.0,1.1433766415581161,0.0,0.0,0.0015001381706209783,0.99842090718882
33001,NH,BELKNAP,4267.0,0.0,0.0,427.0,3599.0,51,452.0,3.4015421686329512,0.0,0.0,0.10007030700726506,0.8434497304898055
33003,NH,CARROLL,3131.0,0.0,0.0,675.0,2431.0,54,510.0,3.6630276953584637,0.0,0.0,0.2155860747365059,0.7764292558288087
33005,NH,CHESHIRE,8288.0,0.0,0.0,1560.0,6709.0,59,654.0,3.350253799916854,0.0,0.0,0.18822393822393824,0.8094835907335908
33007,NH,COOS,10946.0,0.0,0.0,2028.0,8069.0,40,278.0,3.581540366985328,0.0,0.0,0.18527315914489312,0.7371642609172301
33009,NH,GRAFTON,15304.0,0.0,0.0,2734.0,11228.0,53,903.0,3.8072772193011155,0.0,0.0,0.17864610559330893,0.7336644014636696
33011,NH,HILLSBOROUGH,8781.0,0.0,0.0,1461.0,7152.0,62,946.0,4.164064492031483,0.0,0.0,0.16638196105227196,0.8144858216604032
33013,NH,MERRIMACK,13268.0,0.0,0.0,4050.0,9003.0,63,1127.0,4.543647867195192,0.0,0.0,0.3052457039493518,0.6785498944829665
33015,NH,ROCKINGHAM,5649.0,0.0,0.0,1102.0,4164.0,59,839.0,5.070895452900206,0.0,0.0,0.19507877500442555,0.7371216144450345
33017,NH,STRAFFORD,5224.0,0.0,0.0,398.0,4698.0,56,527.0,2.8494686399491616,0.0,0.0,0.07618683001531394,0.8993108728943339
33019,NH,SULLIVAN,8995.0,0.0,0.0,2212.0,6650.0,51,401.0,3.529574945709783,0.0,0.0,0.24591439688715952,0.7392996108949417
34001,NJ,ATLANTIC,13478.0,9132.0,7891.0,10116.0,735.0,73,727.0,7.797454486941628,0.6775485977147945,0.5854726220507493,0.7505564623831429,0.054533313548004156
34005,NJ,BURLINGTON,36461.0,20295.0,2405.0,28329.0,6867.0,77,1362.0,5.672373376859923,0.5566221442088807,0.06596088971778065,0.7769671704012506,0.18833822440415787
34007,NJ,CAMDEN,2399.0,1247.0,930.0,1424.0,507.0,43,257.0,9.76144918566684,0.5197999166319299,0.3876615256356815,0.5935806586077532,0.2113380575239683
34009,NJ,CAPE MAY,1114.0,48.0,35.0,327.0,731.0,48,279.0,5.038626759150399,0.04308797127468582,0.03141831238779174,0.29353680430879714,0.6561938958707361
34011,NJ,CUMBERLAND,31359.0,14702.0,4468.0,24015.0,4574.0,67,895.0,11.738105786576325,0.46882872540578463,0.14247903313243407,0.7658088587008515,0.14585924296055358
34015,NJ,GLOUCESTER,28709.0,14671.0,3548.0,24242.0,3276.0,71,923.0,8.306607411661796,0.5110244174300742,0.12358493852102129,0.8444041938068202,0.11411055766484378
34019,NJ,HUNTERDON,46946.0,9191.0,612.0,19212.0,25953.0,88,2341.0,5.4990889417740885,0.1957781280620287,0.013036254419971883,0.40923614365441147,0.5528266518979252
34021,NJ,MERCER,10247.0,4768.0,251.0,7359.0,2651.0,75,702.0,5.4785307568265225,0.46530691909827265,0.024494974138772323,0.718161413096516,0.2587098663023324
34023,NJ,MIDDLESEX,6822.0,3892.0,237.0,5484.0,1079.0,62,475.0,4.433762483870856,0.5705071826443858,0.034740545294635,0.8038698328935796,0.15816476106713573
34025,NJ,MONMOUTH,17560.0,8911.0,390.0,12331.0,4193.0,71,1183.0,5.432680226417104,0.5074601366742597,0.022209567198177675,0.7022209567198178,0.23878132118451026
34027,NJ,MORRIS,4341.0,825.0,409.0,1370.0,2620.0,73,764.0,7.47024563257883,0.19004837595024188,0.09421792213775627,0.31559548491131073,0.6035475696844045
34029,NJ,OCEAN,1085.0,128.0,56.0,294.0,491.0,54,298.0,7.193196014577612,0.11797235023041475,0.05161290322580645,0.2709677419354839,0.4525345622119816
34033,NJ,SALEM,79180.0,40236.0,6335.0,68092.0,9057.0,64,1245.0,6.906233952117815,0.5081586259156352,0.08000757767112908,0.859964637534731,0.1143849456933569
34035,NJ,SOMERSET,12710.0,2135.0,75.0,3653.0,8790.0,75,833.0,4.077192282993452,0.16797797010228166,0.005900865460267506,0.287411487018096,0.6915814319433516
34037,NJ,SUSSEX,29874.0,4064.0,461.0,10582.0,18454.0,77,1605.0,4.786770685274535,0.13603802637745196,0.015431478877954074,0.35422106179286333,0.6177277900515499
34041,NJ,WARREN,36163.0,10048.0,547.0,25081.0,10384.0,76,1406.0,4.618403411105405,0.2778530542266958,0.015125957470342616,0.6935541852169345,0.2871443187788624
35001,NM,BERNALILLO,3799.0,0.0,0.0,328.0,3321.0,68,1258.0,2.6222012787897047,0.0,0.0,0.08633851013424586,0.8741774151092393
35003,NM,CATRON,1423.0,24.0,24.0,24.0,1399.0,29,99.0,2.13830226864061,0.016865776528460996,0.016865776528460996,0.016865776528460996,0.983134223471539
35005,NM,CHAVES,65253.0,1667.0,1667.0,28833.0,35927.0,20,384.0,3.7198274301154837,0.025546718158552098,0.025546718158552098,0.44186474185094937,0.5505800499593888
35007,NM,COLFAX,7493.0,0.0,0.0,0.0,7493.0,3,63.0,1.1320217130600654,0.0,0.0,0.0,1.0
35009,NM,CURRY,200580.0,80348.0,80348.0,106041.0,94535.0,47,478.0,4.674299897255006,0.40057832286369527,0.40057832286369527,0.5286718516302722,0.47130820620201413
35011,NM,DE BACA,4992.0,0.0,0.0,0.0,4992.0,13,112.0,1.3973444565047337,0.0,0.0,0.0,1.0
35013,NM,DONA ANA,67793.0,2489.0,2489.0,20258.0,11836.0,61,2269.0,4.436239959199969,0.03671470505804434,0.03671470505804434,0.2988214122402018,0.1745902969333117
35015,NM,EDDY,19703.0,1341.0,1341.0,5673.0,14030.0,13,203.0,2.4844926288172973,0.06806070141602802,0.06806070141602802,0.28792569659442724,0.7120743034055728
35019,NM,GUADALUPE,1499.0,0.0,0.0,8.0,1491.0,17,78.0,1.471365175941481,0.0,0.0,0.00533689126084056,0.9946631087391594
35023,NM,HIDALGO,2941.0,0.0,0.0,0.0,2941.0,11,40.0,1.0,0.0,0.0,0.0,1.0
35025,NM,LEA,35129.0,2151.0,2151.0,28254.0,6627.0,17,150.0,4.606052009071688,0.06123146118591477,0.06123146118591477,0.804292749580119,0.1886475561501893
35029,NM,LUNA,18058.0,425.0,425.0,12471.0,5587.0,22,179.0,5.386846845918916,0.023535275224277327,0.023535275224277327,0.690608040757559,0.309391959242441
35033,NM,MORA,5543.0,0.0,0.0,29.0,5189.0,35,314.0,1.8772870487467395,0.0,0.0,0.0052318239220638645,0.9361356666065308
35035,NM,OTERO,1457.0,45.0,45.0,265.0,1158.0,45,355.0,3.387294723702251,0.03088538091969801,0.03088538091969801,0.1818805765271105,0.7947838023335622
35037,NM,QUAY,33195.0,19380.0,19380.0,19380.0,13815.0,14,107.0,3.7279327778950777,0.5838228648892906,0.5838228648892906,0.5838228648892906,0.4161771351107094
35039,NM,RIO ARRIBA,17059.0,0.0,0.0,487.0,16509.0,61,1631.0,1.5346399133275297,0.0,0.0,0.028547980538132366,0.967758954217715
35041,NM,ROOSEVELT,102303.0,43414.0,43414.0,61560.0,38542.0,22,295.0,5.990081771042853,0.42436683186221325,0.42436683186221325,0.601741884402217,0.37674359500698906
35043,NM,SANDOVAL,4394.0,0.0,0.0,343.0,3806.0,59,739.0,2.256004208064136,0.0,0.0,0.0780609922621757,0.8661811561219845
35045,NM,SAN JUAN,33497.0,0.0,0.0,1717.0,31645.0,59,2309.0,1.6194469053453882,0.0,0.0,0.05125832164074395,0.9447114666985104
35047,NM,SAN MIGUEL,3569.0,0.0,0.0,96.0,3435.0,51,514.0,2.120102814703359,0.0,0.0,0.026898290837769682,0.9624544690389465
35049,NM,SANTA FE,7304.0,0.0,0.0,3990.0,3279.0,62,894.0,2.5278034834007985,0.0,0.0,0.5462760131434831,0.44893209200438117
35051,NM,SIERRA,6055.0,360.0,360.0,2624.0,2614.0,45,251.0,5.42761615031418,0.05945499587118084,0.05945499587118084,0.4333608587943848,0.43170933113129645
35053,NM,SOCORRO,9113.0,0.0,0.0,167.0,8943.0,22,273.0,1.6344690564711006,0.0,0.0,0.018325469110062546,0.9813453308460441
35055,NM,TAOS,8091.0,0.0,0.0,61.0,7898.0,41,674.0,1.528606540200924,0.0,0.0,0.007539241132122111,0.9761463354344333
35057,NM,TORRANCE,6308.0,209.0,209.0,1987.0,4319.0,35,137.0,2.081935509570943,0.03313253012048193,0.03313253012048193,0.314996829422955,0.6846861128725428
35059,NM,UNION,24694.0,4258.0,4258.0,16175.0,8519.0,17,95.0,3.7161649767544467,0.17243054993115736,0.17243054993115736,0.6550174131367944,0.34498258686320565
35061,NM,VALENCIA,8873.0,31.0,31.0,97.0,8672.0,63,1006.0,1.3290924270784932,0.0034937450693113942,0.0034937450693113942,0.010932041023329201,0.9773470077764003
36001,NY,ALBANY,26987.0,5100.0,5078.0,5242.0,21435.0,50,534.0,2.799048905991521,0.18897987920109682,0.18816467187905286,0.19424167191610775,0.7942713158187276
36003,NY,ALLEGANY,48947.0,16903.0,16827.0,18222.0,28854.0,56,824.0,3.928899125017609,0.34533270680532,0.34378000694628885,0.3722802214640325,0.5894947596379758
36007,NY,BROOME,28453.0,8226.0,8223.0,8334.0,19468.0,62,641.0,3.496563323676835,0.28910835412785996,0.2890029170913436,0.29290408744244895,0.6842160756335008
36009,NY,CATTARAUGUS,73766.0,27212.0,27161.0,31768.0,40158.0,68,1423.0,4.364565166258163,0.3688962394599138,0.3682048640294987,0.4306591112436624,0.54439714773744
36011,NY,CAYUGA,159172.0,70416.0,70347.0,109637.0,47968.0,68,1736.0,5.099865035271787,0.4423893649636871,0.4419558716357148,0.688795768099917,0.30135953559671297
36013,NY,CHAUTAUQUA,107748.0,45040.0,44978.0,51008.0,56483.0,72,1831.0,5.032814931845649,0.41801239930207523,0.41743698258900397,0.47340089839254557,0.5242139065226269
36015,NY,CHEMUNG,26991.0,7490.0,7486.0,9892.0,16784.0,64,474.0,3.8822951418557596,0.2774999073765329,0.2773517098292023,0.36649253454855324,0.6218369085991626
36017,NY,CHENANGO,69027.0,17912.0,17879.0,19875.0,48927.0,67,1078.0,3.6810070708579037,0.2594926622915671,0.25901458849435727,0.2879308096831675,0.7088095962449477
36019,NY,CLINTON,69447.0,34847.0,34818.0,35043.0,34179.0,58,564.0,3.2995953912220912,0.5017783345572883,0.5013607499244028,0.5046006306967904,0.4921594885308221
36021,NY,COLUMBIA,41558.0,14465.0,14289.0,18540.0,22716.0,84,1281.0,5.2019858068390485,0.34806776071995765,0.34383271572260454,0.4461234900620819,0.5466095577265508
36023,NY,CORTLAND,47155.0,14104.0,14101.0,16349.0,30475.0,52,578.0,3.9039531979899764,0.2990987169971371,0.29903509702046444,0.34670766620718907,0.6462729296999258
36025,NY,DELAWARE,52470.0,11979.0,11950.0,12212.0,40164.0,70,899.0,3.1866845398155754,0.22830188679245284,0.22774919001334096,0.23274251953497235,0.7654659805603202
36027,NY,DUTCHESS,33458.0,5093.0,4909.0,7166.0,25647.0,82,1461.0,3.755208875021439,0.15222069460218782,0.14672126247833103,0.21417897064976987,0.766543128698667
36029,NY,ERIE,71254.0,27758.0,26810.0,38400.0,31446.0,78,1852.0,6.388025837174066,0.38956409464731806,0.37625957840963314,0.5389171134252112,0.44132259241586436
36031,NY,ESSEX,14211.0,256.0,193.0,293.0,13818.0,72,578.0,1.7208746738671448,0.01801421434100345,0.013581028780522131,0.020617831257476602,0.9723453662655689
36033,NY,FRANKLIN,68135.0,25489.0,24869.0,26360.0,40046.0,58,971.0,4.24869014590162,0.37409554560798414,0.36499596389520805,0.38687899023996475,0.5877449181771484
36035,NY,FULTON,7403.0,956.0,950.0,1181.0,5601.0,45,330.0,3.835499526388859,0.12913683641766852,0.12832635418073754,0.15952992030258004,0.7565851681750642
36037,NY,GENESEE,130758.0,65008.0,61449.0,92176.0,37501.0,39,833.0,6.587391088763034,0.49716269750225606,0.4699444775845455,0.7049358356658866,0.2867969837409566
36039,NY,GREENE,9894.0,127.0,51.0,337.0,9399.0,59,535.0,2.435422438309579,0.012836062259955528,0.005154639175257732,0.03406104709925207,0.9499696785930867
36043,NY,HERKIMER,53438.0,14013.0,14001.0,16967.0,36275.0,66,966.0,3.924867950410149,0.26222912534151727,0.2620045660391482,0.31750814027471086,0.6788240577865938
36045,NY,JEFFERSON,161934.0,32681.0,32671.0,46532.0,114303.0,65,1208.0,3.9694515792238736,0.20181678955623897,0.20175503600232195,0.28735163708671435,0.7058616473378043
36049,NY,LEWIS,89622.0,30621.0,30609.0,33445.0,55135.0,55,912.0,3.8226314212593473,0.3416683403628573,0.3415344446676039,0.37317846064582355,0.6151949298163397
36051,NY,LIVINGSTON,150679.0,71596.0,69670.0,106455.0,42952.0,62,1068.0,5.518714360501623,0.47515579476901226,0.4623736552538841,0.7065019013930276,0.2850563117620903
36053,NY,MADISON,96957.0,30590.0,30543.0,37365.0,58796.0,70,1321.0,4.597687152024269,0.31550068587105623,0.31501593489897584,0.3853770228039234,0.6064131522221191
36055,NY,MONROE,63400.0,28716.0,28553.0,52729.0,9258.0,72,1135.0,7.776224289707571,0.45293375394321767,0.4503627760252366,0.8316876971608833,0.14602523659305994
36057,NY,MONTGOMERY,69483.0,20994.0,20979.0,25279.0,43208.0,65,1054.0,4.057263357984938,0.3021458486248435,0.30192996848149906,0.36381560957356474,0.6218499489083661
36063,NY,NIAGARA,81658.0,36066.0,35536.0,56778.0,24506.0,73,1620.0,5.726489702133574,0.44167136104239635,0.4351808763378971,0.6953146048152049,0.30010531729897866
36065,NY,ONEIDA,104583.0,41458.0,41390.0,54746.0,48013.0,71,1512.0,5.1514444499671,0.39641241884436285,0.39576221756882096,0.5234693975120239,0.45908990944991057
36067,NY,ONONDAGA,104676.0,44845.0,44737.0,65550.0,37742.0,79,1354.0,5.479383367729232,0.4284172112040964,0.42738545607398065,0.6262180442508312,0.3605602048224999
36069,NY,ONTARIO,130594.0,51700.0,51656.0,87408.0,40508.0,78,2124.0,6.003023599785698,0.39588342496592493,0.3955465029021241,0.6693109943795273,0.3101827036464156
36071,NY,ORANGE,30513.0,8085.0,7343.0,10503.0,19098.0,83,1708.0,6.400099225369463,0.2649690295939436,0.2406515255792613,0.34421394159866286,0.6258971585881428
36073,NY,ORLEANS,106666.0,60961.0,59474.0,92233.0,14307.0,61,979.0,6.839490688166894,0.5715129469559185,0.5575722348264677,0.8646897793111207,0.13412896330602067
36075,NY,OSWEGO,34064.0,10959.0,10937.0,13553.0,19482.0,59,770.0,4.951245172576399,0.32171794269610143,0.32107209957726635,0.39786871770784404,0.5719234382339127
36077,NY,OTSEGO,61783.0,16236.0,16180.0,20588.0,40629.0,57,1199.0,4.128949104746985,0.26279073531553987,0.2618843371153877,0.333230824013078,0.6576080798925271
36083,NY,RENSSELAER,32778.0,9162.0,9080.0,10884.0,21516.0,71,1038.0,4.457501956124466,0.27951674903898954,0.2770150710842638,0.3320519860882299,0.6564158887058393
36089,NY,ST LAWRENCE,134053.0,41835.0,41736.0,47720.0,85636.0,63,1573.0,3.730512040377533,0.312078058678284,0.31133954480690473,0.3559786054769382,0.638821958479109
36091,NY,SARATOGA,40184.0,13770.0,13725.0,15155.0,24068.0,66,1067.0,3.953567293101521,0.34267370097551264,0.34155385227951424,0.37714015528568584,0.5989448536731037
36093,NY,SCHENECTADY,6377.0,510.0,489.0,513.0,5789.0,47,292.0,2.4003814813832776,0.0799749098322095,0.07668182530970676,0.08044535047828133,0.9077936333699231
36095,NY,SCHOHARIE,59978.0,11394.0,11312.0,12662.0,47077.0,55,844.0,3.1350031533184772,0.1899696555403648,0.1886024875787789,0.21111074060488846,0.7849044649704892
36097,NY,SCHUYLER,40228.0,16121.0,15992.0,20178.0,19657.0,69,765.0,5.432808020134961,0.4007407775678632,0.3975340558814756,0.5015909316893706,0.48863975340558813
36099,NY,SENECA,76102.0,28949.0,28925.0,60802.0,14806.0,75,991.0,4.889481654726275,0.38039736143596753,0.3800819952169457,0.7989540353735776,0.1945546766182229
36101,NY,STEUBEN,187116.0,66221.0,62603.0,82827.0,100216.0,63,2084.0,5.986455350702827,0.3539034609547019,0.3345678616473204,0.4426505483229654,0.5355822056905877
36103,NY,SUFFOLK,12805.0,10420.0,8543.0,11416.0,335.0,84,1657.0,11.589296633112541,0.8137446310035142,0.6671612651308083,0.8915267473643108,0.02616165560327997
36105,NY,SULLIVAN,19937.0,839.0,800.0,877.0,18838.0,63,686.0,2.39397865532469,0.04208256006420224,0.040126398154185686,0.043988563976526056,0.9448763605356875
36107,NY,TIOGA,49509.0,14150.0,14143.0,16808.0,32286.0,61,754.0,4.056044225963356,0.2858066210184007,0.28566523258397464,0.3394938294047547,0.6521238562685572
36109,NY,TOMPKINS,54923.0,17814.0,17781.0,24085.0,29199.0,76,964.0,5.375920758604281,0.3243449920798208,0.3237441509021721,0.438523023141489,0.5316351983686252
36111,NY,ULSTER,21046.0,10836.0,10569.0,11941.0,8132.0,74,1171.0,7.084869904037847,0.5148721847381925,0.502185688491875,0.5673762235104057,0.3863917133897178
36115,NY,WASHINGTON,107328.0,37636.0,37583.0,38771.0,66315.0,71,1278.0,3.6401144235326055,0.3506633870005963,0.35016957364341084,0.3612384466308885,0.6178723166368515
36117,NY,WAYNE,109783.0,60542.0,58918.0,93108.0,15521.0,67,1926.0,6.152001372382968,0.5514697175336801,0.5366768989734294,0.8481094522831404,0.14137890201579478
36121,NY,WYOMING,135313.0,60891.0,60890.0,70304.0,63791.0,48,1037.0,4.078483427712836,0.45000110854093844,0.44999371826801565,0.5195657475630575,0.4714329000169976
36123,NY,YATES,76515.0,30920.0,29941.0,45653.0,28777.0,76,2425.0,7.618797264875539,0.40410377050251584,0.3913088936809776,0.5966542508004966,0.3760961902894857
37001,NC,ALAMANCE,20854.0,8398.0,7887.0,8119.0,12221.0,50,578.0,3.8485295681470912,0.40270451711901795,0.37820082478181644,0.389325788817493,0.5860266615517407
37003,NC,ALEXANDER,17863.0,7950.0,7470.0,7526.0,9913.0,48,511.0,4.76728160644589,0.4450540222806919,0.41818283602978223,0.42131780775905503,0.5549459777193081
37005,NC,ALLEGHANY,16069.0,1492.0,1492.0,1493.0,11220.0,31,445.0,2.7910326119971773,0.09284958615968636,0.09284958615968636,0.09291181778579874,0.6982388449810194
37007,NC,ANSON,27177.0,20920.0,20919.0,20922.0,6243.0,27,332.0,4.462335508931249,0.7697685542922325,0.7697317584722375,0.7698421459322221,0.22971630422783973
37009,NC,ASHE,23585.0,824.0,813.0,837.0,9637.0,59,845.0,2.8719488672613838,0.034937460250159,0.03447106211575154,0.03548865804536782,0.4086071655713377
37011,NC,AVERY,8610.0,107.0,107.0,179.0,1023.0,32,392.0,1.6554541368449172,0.012427409988385598,0.012427409988385598,0.020789779326364694,0.11881533101045297
37013,NC,BEAUFORT,121831.0,120277.0,118434.0,119759.0,249.0,44,633.0,3.581054828353242,0.9872446257520664,0.9721171130500448,0.9829928343360885,0.0020438147926225675
37015,NC,BERTIE,124655.0,120489.0,117776.0,117776.0,915.0,45,572.0,4.959779111269587,0.9665797601379809,0.9448156913080101,0.9448156913080101,0.0073402591151578355
37017,NC,BLADEN,46693.0,41697.0,41458.0,41868.0,4583.0,48,585.0,5.340298298273078,0.8930032338894481,0.8878846936371619,0.8966654530657701,0.09815175722271004
37019,NC,BRUNSWICK,23279.0,20896.0,20894.0,20898.0,2380.0,31,256.0,3.0416679596252267,0.8976330598393402,0.8975471454959405,0.8977189741827398,0.10223806864556037
37021,NC,BUNCOMBE,15166.0,2020.0,2014.0,2072.0,12961.0,66,1148.0,2.4092005676977073,0.13319266780957403,0.13279704602400105,0.13662138995120665,0.8546089938019253
37023,NC,BURKE,9506.0,3161.0,3161.0,3173.0,6007.0,48,464.0,4.024589937671284,0.33252682516305493,0.33252682516305493,0.33378918577740374,0.631916684199453
37025,NC,CABARRUS,33435.0,21552.0,21550.0,21689.0,11367.0,62,724.0,4.601686474531032,0.6445939883355765,0.6445341707791237,0.6486914909525946,0.33997308209959626
37027,NC,CALDWELL,10385.0,3890.0,3870.0,3870.0,6404.0,41,362.0,4.291838519386702,0.37457871930669234,0.3726528647087145,0.3726528647087145,0.6166586422725084
37029,NC,CAMDEN,53566.0,53481.0,53481.0,53481.0,85.0,15,123.0,2.6636267060021477,0.9984131725348169,0.9984131725348169,0.9984131725348169,0.0015868274651831386
37033,NC,CASWELL,15618.0,8354.0,6315.0,6338.0,7220.0,38,415.0,4.551005239698333,0.5348956332436932,0.40434114483288514,0.4058138045844538,0.46228710462287104
37035,NC,CATAWBA,25247.0,15392.0,15392.0,15533.0,9541.0,50,679.0,4.593135061457088,0.6096565928625183,0.6096565928625183,0.6152414148215629,0.3779062858953539
37037,NC,CHATHAM,29632.0,9862.0,9066.0,9511.0,18317.0,69,871.0,4.4038438123298596,0.3328158747300216,0.30595302375809935,0.32097057235421167,0.6181492980561555
37039,NC,CHEROKEE,5685.0,1072.0,832.0,892.0,4484.0,45,255.0,2.726064211041237,0.1885664028144239,0.1463500439753738,0.1569041336851363,0.7887423043095866
37041,NC,CHOWAN,60358.0,58953.0,58867.0,58867.0,0.0,38,366.0,4.570988546762283,0.9767222240630903,0.9752973922263826,0.9752973922263826,0.0
37043,NC,CLAY,4207.0,12.0,12.0,18.0,4186.0,26,172.0,1.2980261813963927,0.0028523888756833847,0.0028523888756833847,0.004278583313525077,0.9950083194675541
37045,NC,CLEVELAND,45530.0,26493.0,26425.0,26625.0,18834.0,59,858.0,4.213835637590472,0.5818800790687458,0.5803865583132001,0.5847792664177466,0.41366132220513946
37047,NC,COLUMBUS,78088.0,73518.0,72256.0,72475.0,2409.0,50,652.0,4.311209562030081,0.9414762831677083,0.925315029197828,0.9281195574223953,0.030849810470238704
37049,NC,CRAVEN,58166.0,55421.0,54144.0,54145.0,2744.0,43,337.0,4.391713528671341,0.9528074820341781,0.9308530756799505,0.9308702678540728,0.04717532579169962
37051,NC,CUMBERLAND,32227.0,28704.0,27830.0,28060.0,3119.0,50,380.0,5.716483589655404,0.890681726502622,0.8635616098302665,0.8706984826387811,0.0967822012598132
37053,NC,CURRITUCK,35546.0,35461.0,35449.0,35449.0,85.0,40,121.0,2.784619892491495,0.9976087323468182,0.9972711416193102,0.9972711416193102,0.002391267653181793
37057,NC,DAVIDSON,29932.0,15530.0,15205.0,16291.0,13291.0,66,1129.0,4.95637388315112,0.5188427101429908,0.507984765468395,0.5442670052118135,0.44403982360016037
37059,NC,DAVIE,35094.0,25068.0,25068.0,25144.0,9947.0,43,604.0,3.7970263203009713,0.7143101384852112,0.7143101384852112,0.7164757508405996,0.28343876446116145
37061,NC,DUPLIN,169921.0,127299.0,125622.0,128375.0,21762.0,38,1192.0,6.200385460445253,0.7491657888077401,0.739296496607247,0.7554981432548067,0.12807128018314393
37063,NC,DURHAM,3925.0,1234.0,1222.0,1245.0,2661.0,57,349.0,3.475570072433689,0.31439490445859875,0.31133757961783437,0.31719745222929935,0.6779617834394904
37065,NC,EDGECOMBE,112560.0,99189.0,94117.0,96062.0,2154.0,50,585.0,5.913190925799727,0.8812100213219616,0.8361496090973702,0.8534292821606254,0.019136460554371
37067,NC,FORSYTH,13489.0,8821.0,8523.0,8538.0,4651.0,60,546.0,4.7941293259602515,0.653940247609163,0.6318481725850693,0.6329601897842687,0.3447994662317444
37069,NC,FRANKLIN,39231.0,29163.0,26910.0,26936.0,10049.0,49,560.0,4.36393800870082,0.7433662154928501,0.6859371415462262,0.6865998827457878,0.2561494736305473
37071,NC,GASTON,14143.0,6657.0,6642.0,6756.0,7380.0,52,481.0,3.5101216627690186,0.4706922152301492,0.46963161988262747,0.4776921445237927,0.5218129109806972
37073,NC,GATES,51872.0,51811.0,51811.0,51811.0,61.0,24,198.0,4.060281736913927,0.9988240283775447,0.9988240283775447,0.9988240283775447,0.0011759716224552744
37077,NC,GRANVILLE,21023.0,10997.0,9134.0,9257.0,9900.0,44,478.0,4.324947173329056,0.5230937544594016,0.4344765257099367,0.4403272606193217,0.470912809779765
37079,NC,GREENE,87372.0,77607.0,73557.0,73808.0,1785.0,27,401.0,5.943593769768925,0.888236505974454,0.8418829831067162,0.844755756993087,0.02042988600466969
37081,NC,GUILFORD,32961.0,19736.0,18554.0,18985.0,12770.0,66,1014.0,5.535604840854615,0.5987682412548163,0.562907678771882,0.5759837383574528,0.3874275659112284
37083,NC,HALIFAX,129108.0,124249.0,121662.0,121662.0,3652.0,32,358.0,4.356956752506132,0.9623648418378412,0.942327353843294,0.942327353843294,0.028286395885615143
37085,NC,HARNETT,69601.0,60343.0,52950.0,53518.0,4851.0,56,769.0,7.209281603165229,0.8669846697604919,0.76076493153834,0.7689257338256634,0.06969727446444735
37087,NC,HAYWOOD,8388.0,2186.0,2186.0,2196.0,6018.0,52,548.0,2.874921911636107,0.26061039580352885,0.26061039580352885,0.26180257510729615,0.7174535050071531
37089,NC,HENDERSON,11734.0,7787.0,7713.0,8025.0,3679.0,66,779.0,5.5808439255609406,0.6636270666439407,0.6573206067837055,0.6839100051133459,0.3135333219703426
37091,NC,HERTFORD,45730.0,44912.0,43154.0,43154.0,0.0,16,185.0,4.920547415913702,0.9821123988628909,0.9436693636562432,0.9436693636562432,0.0
37093,NC,HOKE,16792.0,15183.0,15183.0,15183.0,1609.0,28,147.0,4.526905716283023,0.9041805621724631,0.9041805621724631,0.9041805621724631,0.09581943782753692
37095,NC,HYDE,94118.0,94088.0,94088.0,94098.0,0.0,20,215.0,3.6768679590594626,0.999681251195308,0.999681251195308,0.9997875007968721,0.0
37097,NC,IREDELL,62182.0,41226.0,41208.0,41351.0,20830.0,53,863.0,4.719113873929588,0.6629892895050015,0.6626998166672027,0.6649995175452703,0.3349844006304075
37099,NC,JACKSON,3896.0,184.0,183.0,186.0,1838.0,41,244.0,2.4150480696776504,0.04722792607802875,0.046971252566735115,0.047741273100616016,0.4717659137577002
37101,NC,JOHNSTON,109682.0,86183.0,78082.0,78774.0,9035.0,62,1229.0,6.328529530612818,0.7857533597126237,0.7118943855874255,0.7182035338524096,0.08237450082967124
37103,NC,JONES,47527.0,46917.0,46305.0,46305.0,599.0,23,193.0,3.909173868847416,0.9871651903128748,0.9742882992825131,0.9742882992825131,0.012603362299324595
37105,NC,LEE,11544.0,9359.0,7592.0,7606.0,2124.0,46,274.0,4.871575897112597,0.8107241857241857,0.6576576576576577,0.6588704088704088,0.183991683991684
37107,NC,LENOIR,99084.0,93226.0,89084.0,89492.0,2747.0,32,558.0,5.211544588975136,0.9408784465705866,0.899075531871947,0.9031932501715716,0.02772395139477615
37109,NC,LINCOLN,24320.0,14406.0,14405.0,14448.0,9843.0,54,540.0,4.319983484569331,0.5923519736842106,0.5923108552631579,0.594078947368421,0.4047286184210526
37111,NC,MCDOWELL,2308.0,112.0,110.0,119.0,1927.0,46,276.0,2.5481270986526385,0.04852686308492201,0.047660311958405546,0.05155979202772964,0.8349220103986135
37113,NC,MACON,3666.0,201.0,190.0,244.0,3290.0,60,471.0,1.9240470218716843,0.05482815057283143,0.05182760501909438,0.06655755591925805,0.8974358974358975
37115,NC,MADISON,5574.0,162.0,158.0,177.0,5213.0,50,616.0,2.105087931180894,0.02906350914962325,0.02834589163975601,0.031754574811625406,0.9352350197344815
37117,NC,MARTIN,100755.0,96063.0,93351.0,93351.0,278.0,18,522.0,4.883257366410543,0.9534315914842936,0.9265148131606372,0.9265148131606372,0.0027591682794898516
37119,NC,MECKLENBURG,1815.0,456.0,451.0,465.0,1338.0,55,313.0,2.5474433648794292,0.2512396694214876,0.24848484848484848,0.256198347107438,0.7371900826446282
37121,NC,MITCHELL,2390.0,53.0,53.0,76.0,1920.0,35,254.0,2.2826142774193405,0.022175732217573223,0.022175732217573223,0.031799163179916316,0.803347280334728
37123,NC,MONTGOMERY,9238.0,4950.0,4662.0,4981.0,4065.0,32,204.0,4.337451367723452,0.5358302662914051,0.5046546871617233,0.5391859709893917,0.4400303095908205
37125,NC,MOORE,20520.0,11984.0,10316.0,10820.0,7930.0,58,663.0,5.401581751231962,0.5840155945419103,0.502729044834308,0.5272904483430799,0.3864522417153996
37127,NC,NASH,78037.0,60265.0,52334.0,52335.0,8864.0,37,475.0,6.623920494831222,0.7722618757768751,0.6706305983059317,0.6706434127401104,0.11358714455963197
37131,NC,NORTHAMPTON,121047.0,120134.0,119969.0,120388.0,296.0,18,453.0,4.129210876723306,0.9924574751955851,0.9910943683032211,0.9945558336844367,0.0024453311523623057
37133,NC,ONSLOW,28799.0,26879.0,26864.0,26895.0,1900.0,45,378.0,4.09057366540171,0.9333310184381403,0.9328101670196882,0.9338865932844891,0.06597451300392375
37135,NC,ORANGE,15563.0,7016.0,6813.0,6888.0,8395.0,72,1207.0,4.1740104797049575,0.4508128252907537,0.4377690676604768,0.4425881899376727,0.5394204202274626
37137,NC,PAMLICO,35617.0,35381.0,35379.0,35405.0,212.0,32,112.0,2.057275039686116,0.9933739506415475,0.9933177976808827,0.9940477861695258,0.005952213830474212
37139,NC,PASQUOTANK,91722.0,90294.0,90294.0,91722.0,0.0,21,238.0,2.5265913662361905,0.9844312160659384,0.9844312160659384,1.0,0.0
37141,NC,PENDER,40735.0,38823.0,38783.0,38994.0,1393.0,46,333.0,4.643124137659053,0.9530624769853934,0.9520805204369707,0.9572603412299006,0.03419663679882165
37143,NC,PERQUIMANS,79852.0,78130.0,78130.0,78407.0,1445.0,31,319.0,3.7795422447700777,0.9784351049441466,0.9784351049441466,0.9819040224415168,0.018095977558483193
37145,NC,PERSON,44102.0,32359.0,27476.0,27632.0,11001.0,54,503.0,5.314829541899617,0.7337308965579792,0.623010294317718,0.6265475488639971,0.24944446963856515
37147,NC,PITT,123323.0,120184.0,115009.0,115009.0,2259.0,43,538.0,5.003920735693283,0.9745465160594536,0.9325835407831466,0.9325835407831466,0.01831775094670094
37149,NC,POLK,5465.0,112.0,77.0,77.0,5353.0,27,190.0,1.2813887100535677,0.020494053064958828,0.014089661482159194,0.014089661482159194,0.9795059469350411
37151,NC,RANDOLPH,51077.0,29070.0,28795.0,28961.0,21821.0,49,1022.0,4.523292967084397,0.569140709125438,0.5637566810893357,0.5670066761947647,0.42721773009378
37153,NC,RICHMOND,9341.0,5126.0,5126.0,5336.0,4002.0,37,223.0,3.612483623904545,0.5487635156835456,0.5487635156835456,0.5712450487099883,0.42843378653249115
37155,NC,ROBESON,197012.0,182691.0,181162.0,181726.0,12948.0,51,1105.0,4.49492169093042,0.9273089964063103,0.9195480478346497,0.9224108176151706,0.06572188496132216
37157,NC,ROCKINGHAM,31979.0,16374.0,14660.0,14677.0,15574.0,54,1089.0,4.377399217718306,0.5120235154320022,0.45842584195878544,0.45895744082053846,0.48700709840833045
37159,NC,ROWAN,59297.0,41537.0,41537.0,41692.0,17603.0,60,968.0,4.583764151925007,0.7004907499536233,0.7004907499536233,0.7031047101876992,0.29686156129315144
37161,NC,RUTHERFORD,15607.0,1671.0,1671.0,1678.0,13911.0,35,440.0,2.1475329972184105,0.10706734157749728,0.10706734157749728,0.10751585826872558,0.8913308130966874
37163,NC,SAMPSON,183383.0,144206.0,135906.0,136799.0,18990.0,59,1333.0,7.735311974831779,0.7863651483507196,0.7411046825496366,0.7459742724243795,0.10355376452561034
37165,NC,SCOTLAND,26733.0,25466.0,25448.0,25542.0,1161.0,19,144.0,4.906008168446357,0.9526053940822204,0.9519320689784162,0.955448322298283,0.0434294691953765
37167,NC,STANLY,67005.0,50048.0,50047.0,50622.0,15470.0,38,679.0,5.64026880121786,0.7469293336318186,0.7469144093724349,0.755495858518021,0.2308782926647265
37169,NC,STOKES,21616.0,4946.0,4134.0,4182.0,16536.0,57,922.0,2.8876530341552735,0.2288119911176906,0.19124722427831237,0.1934678016284234,0.7649888971132495
37171,NC,SURRY,46037.0,28322.0,26143.0,26552.0,17196.0,61,987.0,4.751694908080031,0.6152008167343659,0.5678693225014663,0.5767534808958013,0.373525642418055
37175,NC,TRANSYLVANIA,1873.0,97.0,96.0,109.0,1706.0,38,252.0,1.934213080793544,0.05178857447944474,0.05125467164975974,0.05819540843566471,0.9108382274426055
37177,NC,TYRRELL,59776.0,59752.0,59745.0,59769.0,0.0,15,113.0,2.7455642202655857,0.9995985010706638,0.999481397216274,0.9998828961456103,0.0
37179,NC,UNION,173595.0,160009.0,159947.0,161440.0,12111.0,42,804.0,4.106070977090893,0.9217373772286068,0.921380224084795,0.929980702209165,0.06976583426942021
37181,NC,VANCE,13836.0,10623.0,9329.0,9335.0,2691.0,37,188.0,3.9192697642931553,0.7677797051170858,0.674255565192252,0.6746892165365712,0.19449262792714658
37183,NC,WAKE,26462.0,18644.0,15638.0,16714.0,6262.0,67,889.0,6.843464998479055,0.7045574786486283,0.5909606227798352,0.6316227042551583,0.2366412213740458
37185,NC,WARREN,24024.0,17669.0,17035.0,17261.0,6011.0,43,317.0,4.020903593151002,0.7354728604728604,0.7090825840825841,0.7184898434898435,0.2502081252081252
37187,NC,WASHINGTON,69773.0,68985.0,68977.0,68977.0,788.0,16,166.0,3.7169752546245376,0.9887062330700988,0.9885915755378155,0.9885915755378155,0.011293766929901252
37189,NC,WATAUGA,7609.0,204.0,204.0,260.0,4054.0,39,385.0,2.9311559214493466,0.026810356157182285,0.026810356157182285,0.034170061768957816,0.5327901169667499
37191,NC,WAYNE,117817.0,105249.0,100380.0,101074.0,5186.0,44,660.0,5.8606849631957,0.8933260904623271,0.8519992870298854,0.8578897782153679,0.044017416841372635
37193,NC,WILKES,33368.0,11462.0,10408.0,10662.0,21513.0,56,804.0,3.7916814838358612,0.3435027571325821,0.3119156077679214,0.3195276912011508,0.6447194917286022
37195,NC,WILSON,106904.0,93426.0,82616.0,82776.0,2466.0,30,359.0,6.187967237786127,0.8739242685025818,0.7728055077452668,0.7743021776547182,0.023067424979420787
37197,NC,YADKIN,62165.0,48527.0,45916.0,46080.0,13474.0,43,760.0,4.749197015081975,0.7806161023083729,0.7386149762728224,0.7412531167055417,0.21674575725890774
37199,NC,YANCEY,4110.0,234.0,233.0,250.0,3765.0,42,334.0,2.816447614102967,0.05693430656934306,0.05669099756690998,0.06082725060827251,0.916058394160584
38001,ND,ADAMS,328808.0,235542.0,190825.0,194290.0,61444.0,16,489.0,5.61819735824389,0.7163511836694971,0.5803538843337145,0.5908919491009951,0.18686893262937643
38003,ND,BARNES,575780.0,545839.0,541703.0,550456.0,18655.0,29,1112.0,3.6370629581647727,0.9479992358192365,0.9408159366424677,0.9560179235124526,0.03239952759734621
38005,ND,BENSON,441591.0,370518.0,365627.0,392014.0,33568.0,21,807.0,5.529498828812855,0.8390524263402107,0.8279765665514016,0.8877309546616665,0.07601604199360947
38007,ND,BILLINGS,82131.0,34051.0,34051.0,34051.0,48080.0,10,191.0,2.9489257115063037,0.41459375875126325,0.41459375875126325,0.41459375875126325,0.5854062412487367
38009,ND,BOTTINEAU,729408.0,528363.0,521599.0,528590.0,55737.0,30,1233.0,5.7986797481452745,0.7243723677283496,0.7150990940598403,0.7246835790120207,0.07641402342721769
38011,ND,BOWMAN,257911.0,136695.0,120724.0,123937.0,99162.0,16,397.0,5.248287519794991,0.5300084137551326,0.4680839514406132,0.48054173726595606,0.3844814684135225
38013,ND,BURKE,273741.0,148766.0,144060.0,157436.0,40751.0,14,612.0,6.275738787574214,0.5434553099462631,0.5262638771685645,0.5751275841032216,0.14886699471398146
38015,ND,BURLEIGH,327598.0,226330.0,203523.0,213684.0,80626.0,45,918.0,7.426589243259099,0.6908772336827453,0.6212583715407298,0.6522750444141906,0.24611261363011985
38017,ND,CASS,808260.0,777378.0,735791.0,750588.0,14685.0,41,1368.0,4.069213215247844,0.9617919976245267,0.9103394947170464,0.9286467225892658,0.01816865859995546
38019,ND,CAVALIER,730021.0,450905.0,441145.0,459706.0,2570.0,29,1282.0,3.8983331647109423,0.6176603138813815,0.6042908354691167,0.6297161314537527,0.003520446672082036
38021,ND,DICKEY,340002.0,301657.0,300397.0,303163.0,29697.0,23,616.0,3.426311964796297,0.8872212516396962,0.8835153910859348,0.891650637349192,0.08734360386115375
38023,ND,DIVIDE,387817.0,219393.0,206195.0,224042.0,40961.0,18,764.0,6.501606555459749,0.565712694389364,0.5316811795253947,0.5777003071036081,0.10561940296583182
38025,ND,DUNN,292058.0,150924.0,139091.0,139091.0,126850.0,23,725.0,4.691944759358356,0.5167603695156442,0.47624444459662124,0.47624444459662124,0.43433153688650883
38027,ND,EDDY,213256.0,172757.0,160856.0,165140.0,34831.0,16,520.0,5.726734643564192,0.8100920958847583,0.7542859286491354,0.774374460742019,0.1633295194508009
38029,ND,EMMONS,472276.0,388005.0,326853.0,343869.0,61978.0,16,1040.0,6.659989092304389,0.8215640854076853,0.6920804783643463,0.7281102575612566,0.13123258433627794
38031,ND,FOSTER,243842.0,227931.0,221139.0,221367.0,10520.0,24,475.0,4.348047740313396,0.9347487307354763,0.9068946284889395,0.907829660189795,0.04314269075877002
38033,ND,GOLDEN VALLEY,150682.0,71967.0,69114.0,75987.0,60959.0,27,355.0,4.229686439610023,0.4776084734739385,0.4586745596687063,0.5042871743141185,0.40455396132252025
38035,ND,GRAND FORKS,528345.0,443185.0,385394.0,451929.0,12157.0,29,1332.0,5.974690961376583,0.8388174393625377,0.7294362585053327,0.8553672316384181,0.023009586539098507
38037,ND,GRANT,391256.0,236410.0,195280.0,197455.0,141824.0,14,792.0,6.184393449527348,0.6042335453002637,0.49911055677101435,0.5046695769521745,0.36248389801050973
38039,ND,GRIGGS,230051.0,205981.0,205231.0,214496.0,13103.0,14,465.0,4.346535449582556,0.8953710264245754,0.8921108797614442,0.9323845582066586,0.05695693563601115
38041,ND,HETTINGER,447830.0,312847.0,285723.0,290820.0,36915.0,23,603.0,4.792696865769721,0.6985842842149923,0.6380166581068709,0.6493982091418619,0.08243083312864256
38043,ND,KIDDER,382368.0,239379.0,235451.0,240445.0,102069.0,24,869.0,7.663034701880361,0.6260434973637962,0.6157706711858733,0.6288313875638128,0.2669391790107959
38045,ND,LA MOURE,446727.0,421588.0,419408.0,422458.0,20742.0,27,921.0,3.1982565871589097,0.9437262578711383,0.9388463200119984,0.9456737560075841,0.04643104177719278
38047,ND,LOGAN,242538.0,187694.0,185472.0,186610.0,47311.0,18,593.0,5.125621135148585,0.7738746093395674,0.7647131583504441,0.7694052066067998,0.19506634011989873
38049,ND,MCHENRY,504676.0,317628.0,316048.0,323447.0,129936.0,31,1095.0,6.736918763049985,0.6293701305391974,0.6262394090465963,0.6409003003907457,0.257464194849765
38051,ND,MCINTOSH,253976.0,203417.0,195687.0,196800.0,45557.0,15,541.0,5.215889659584278,0.8009300091347213,0.7704940624310959,0.7748763662708288,0.17937521655589506
38053,ND,MCKENZIE,414533.0,253386.0,239689.0,245874.0,121631.0,15,841.0,4.619712215256087,0.6112565223999055,0.5782145209187206,0.5931349253256074,0.29341692941213365
38055,ND,MCLEAN,710001.0,515174.0,496889.0,541031.0,50952.0,42,1357.0,6.92427812045543,0.7255961611321674,0.6998426762779207,0.7620144196980004,0.071763279206649
38057,ND,MERCER,165546.0,94544.0,86422.0,87432.0,60171.0,17,488.0,5.9842004213239095,0.5711041039952641,0.5220422118323608,0.5281432351128992,0.36346997209234894
38059,ND,MORTON,483745.0,329117.0,285547.0,287131.0,141072.0,36,1317.0,5.931470700432505,0.68035225170286,0.5902841373037447,0.5935585897528657,0.2916247196353451
38061,ND,MOUNTRAIL,600004.0,341519.0,332703.0,358441.0,90924.0,15,1004.0,5.974731038365406,0.5691945387030753,0.5545013033246445,0.5973976840154399,0.1515389897400684
38063,ND,NELSON,358551.0,302188.0,292949.0,312214.0,16235.0,12,622.0,5.260193204923831,0.8428033947750808,0.8170357912821328,0.8707659440358554,0.045279472097414314
38065,ND,OLIVER,145147.0,97088.0,92476.0,97079.0,40357.0,42,475.0,5.947487849181031,0.6688942933715475,0.6371196097749179,0.668832287267391,0.2780422606047662
38067,ND,PEMBINA,500574.0,404271.0,344976.0,398284.0,6973.0,17,956.0,5.789659213242857,0.807614858142852,0.6891608433518321,0.7956545885323648,0.013930008350413725
38069,ND,PIERCE,323932.0,257146.0,250195.0,259760.0,34457.0,15,710.0,6.492282764611103,0.793827099514713,0.7723688922366423,0.8018966943679537,0.10637109022881346
38071,ND,RAMSEY,457591.0,346865.0,345977.0,375430.0,10558.0,14,700.0,5.485549147674846,0.7580240870122008,0.7560834894042934,0.8204488287575586,0.023073006243566854
38073,ND,RANSOM,245548.0,196555.0,194985.0,202994.0,35791.0,19,689.0,4.798868927003029,0.8004748562399205,0.7940809943473374,0.8266978350465082,0.14575968853340285
38075,ND,RENVILLE,404052.0,292732.0,285173.0,289575.0,5570.0,14,623.0,5.22923804199337,0.7244909071109659,0.7057829190302238,0.7166775563541327,0.01378535436032986
38077,ND,RICHLAND,646346.0,616822.0,573567.0,574439.0,26145.0,32,1383.0,3.8059748341685045,0.9543216791006675,0.8873993186311976,0.8887484412373559,0.040450470800469096
38079,ND,ROLETTE,292501.0,194826.0,190171.0,191427.0,31652.0,15,697.0,5.817896794375984,0.6660695177110506,0.6501550422049839,0.6544490446186508,0.10821159585779194
38081,ND,SARGENT,269391.0,248541.0,248541.0,252126.0,15455.0,18,625.0,3.0895524856910037,0.9226032050068488,0.9226032050068488,0.9359109992538727,0.057370142283892187
38083,ND,SHERIDAN,304280.0,233156.0,224840.0,224840.0,51525.0,19,558.0,6.027580113692088,0.7662547653477061,0.7389246746417774,0.7389246746417774,0.1693341658998291
38085,ND,SIOUX,144016.0,68165.0,54980.0,54980.0,75851.0,11,249.0,4.278685411333664,0.4733154649483391,0.38176313742917456,0.38176313742917456,0.5266845350516609
38087,ND,SLOPE,237610.0,169577.0,156597.0,158612.0,47412.0,15,319.0,4.205571667468967,0.7136778755102899,0.6590505450107319,0.6675308278271117,0.1995370565211902
38089,ND,STARK,415147.0,295091.0,253975.0,263924.0,87445.0,26,920.0,5.07385773018851,0.7108108694028862,0.6117712521106982,0.6357362572775427,0.21063623246705385
38091,ND,STEELE,312790.0,269242.0,266652.0,301227.0,7124.0,19,514.0,4.726746068400702,0.8607756002429745,0.852495284376099,0.9630327056491575,0.022775664183637585
38093,ND,STUTSMAN,748664.0,661897.0,649699.0,665496.0,64454.0,36,1304.0,4.102211016969192,0.8841042176463674,0.8678111943408525,0.8889114475919772,0.08609202526099825
38095,ND,TOWNER,392500.0,293861.0,290637.0,304374.0,7902.0,22,707.0,4.512466580417294,0.7486904458598727,0.7404764331210191,0.7754751592356688,0.02013248407643312
38097,ND,TRAILL,479485.0,418658.0,370474.0,426609.0,4692.0,17,858.0,5.835803948602369,0.8731409741702034,0.7726498222050742,0.8897233490098752,0.009785499024995568
38099,ND,WALSH,524163.0,399363.0,318148.0,386531.0,16999.0,22,1200.0,6.9139580135113725,0.7619061246215395,0.6069638642941223,0.7374251902557029,0.032430751502872196
38101,ND,WARD,786151.0,569746.0,552132.0,568521.0,39057.0,48,1459.0,5.284338757970535,0.7247284554748388,0.7023230906021871,0.7231702306554338,0.049681295323671916
38103,ND,WELLS,564790.0,471253.0,458326.0,499954.0,43249.0,12,947.0,5.828278289541216,0.8343862320508507,0.8114980789319924,0.8852033499176685,0.07657536429469361
38105,ND,WILLIAMS,718108.0,418216.0,400903.0,458452.0,62209.0,20,1136.0,6.562786050744992,0.582385936377258,0.5582767494582987,0.6384165055952586,0.08662903073075359
39001,OH,ADAMS,71192.0,43571.0,43550.0,43583.0,27356.0,39,1329.0,3.7492721448480046,0.6120210135970334,0.6117260366333296,0.612189571862007,0.38425665805146647
39003,OH,ALLEN,153774.0,150255.0,150253.0,150265.0,2710.0,55,1477.0,2.68665479217756,0.9771157672948613,0.9771027611950005,0.9771807977941654,0.01762326531143106
39005,OH,ASHLAND,107102.0,90450.0,90365.0,90531.0,16039.0,62,1766.0,3.856174764119087,0.8445220444062669,0.8437284084330825,0.8452783328042427,0.14975443969300292
39007,OH,ASHTABULA,71788.0,55562.0,55555.0,56794.0,14437.0,64,1302.0,4.152756678420885,0.7739733660221764,0.7738758566891403,0.791135008636541,0.20110603443472447
39009,OH,ATHENS,21998.0,6547.0,6542.0,6556.0,15430.0,47,653.0,3.08484961598756,0.29761796526956996,0.29739067187926177,0.29802709337212474,0.7014274024911356
39011,OH,AUGLAIZE,205635.0,199188.0,199188.0,199192.0,6443.0,25,1648.0,2.7828213147175735,0.9686483332117587,0.9686483332117587,0.9686677851533056,0.031332214846694385
39013,OH,BELMONT,29565.0,457.0,454.0,478.0,29073.0,43,691.0,1.6089049918629097,0.01545746659901911,0.015355995264671064,0.016167765939455438,0.9833587011669204
39015,OH,BROWN,108894.0,90496.0,90494.0,90528.0,17893.0,54,1401.0,2.6441763735360206,0.8310467059709442,0.8310283394861058,0.8313405697283597,0.16431575660734293
39017,OH,BUTLER,59671.0,48568.0,48565.0,48784.0,10828.0,63,1249.0,3.6734546849481893,0.8139297146017328,0.8138794389234302,0.8175495634395268,0.18146168155385364
39019,OH,CARROLL,52791.0,25720.0,25720.0,25940.0,26300.0,50,1076.0,4.092699681037878,0.48720425830160446,0.48720425830160446,0.4913716353166259,0.49819097952302477
39021,OH,CHAMPAIGN,183642.0,177329.0,177329.0,177374.0,6252.0,39,1198.0,2.5148262796765017,0.9656233323531654,0.9656233323531654,0.9658683743370253,0.034044499624268955
39023,OH,CLARK,141441.0,135076.0,135075.0,135083.0,6324.0,47,1053.0,2.6639231689436653,0.9549989041367072,0.954991834050947,0.9550483947370282,0.04471122234712707
39025,OH,CLERMONT,57192.0,50441.0,50438.0,50458.0,6721.0,52,751.0,2.699461104747191,0.8819590152468877,0.881906560358092,0.8822562596167296,0.11751643586515596
39027,OH,CLINTON,209374.0,205258.0,205258.0,205280.0,4094.0,33,989.0,2.296264840717438,0.9803413986454861,0.9803413986454861,0.9804464737742031,0.0195535262257969
39029,OH,COLUMBIANA,96461.0,70541.0,70526.0,71380.0,24795.0,61,1926.0,4.686999328498794,0.7312903660546749,0.73113486279429,0.7399881817522107,0.2570468894164481
39031,OH,COSHOCTON,75025.0,48726.0,48725.0,48851.0,26070.0,44,1392.0,3.9327968403517266,0.6494635121626124,0.6494501832722426,0.6511296234588471,0.34748417194268577
39033,OH,CRAWFORD,180445.0,175288.0,175288.0,176069.0,4376.0,42,1060.0,2.746064215665756,0.9714206544930588,0.9714206544930588,0.9757488431377982,0.024251156862201778
39037,OH,DARKE,322709.0,313091.0,313091.0,313178.0,9367.0,36,2786.0,2.6152775185522223,0.9701960589881287,0.9701960589881287,0.9704656517171817,0.029026150494718152
39039,OH,DEFIANCE,171773.0,167963.0,167963.0,167966.0,3807.0,19,1108.0,2.396544686649077,0.977819564192277,0.977819564192277,0.9778370291023618,0.022162970897638162
39041,OH,DELAWARE,111573.0,107518.0,107512.0,107553.0,3839.0,61,1074.0,2.4994466306229697,0.963656081668504,0.963602305217212,0.9639697776343739,0.03440796608498472
39043,OH,ERIE,66858.0,64069.0,64069.0,64304.0,1485.0,63,614.0,3.1562481811685803,0.9582847228454336,0.9582847228454336,0.961799635047414,0.022211253701875617
39045,OH,FAIRFIELD,154288.0,144428.0,144419.0,144791.0,8850.0,59,1438.0,3.043145345492509,0.9360935393549725,0.9360352068858239,0.9384462822772996,0.05736026132946179
39047,OH,FAYETTE,178834.0,175495.0,175493.0,175511.0,3322.0,29,796.0,2.6436281803784407,0.9813290537593522,0.9813178702036526,0.9814185222049499,0.018575886017200307
39049,OH,FRANKLIN,36852.0,34665.0,34658.0,34685.0,1975.0,61,751.0,2.956201325546609,0.9406545099316184,0.9404645609464887,0.9411972213177032,0.053592749375881904
39051,OH,FULTON,189338.0,184194.0,184191.0,184211.0,4857.0,47,1222.0,2.6613727176946593,0.9728316555577855,0.9728158108779009,0.9729214420771319,0.025652536733249534
39053,OH,GALLIA,25190.0,8793.0,8793.0,8819.0,16371.0,25,655.0,2.8831991315970735,0.34906709011512504,0.34906709011512504,0.3500992457324335,0.6499007542675665
39055,OH,GEAUGA,25842.0,10407.0,10385.0,10724.0,14543.0,60,1436.0,4.769841243711741,0.4027165080102159,0.4018651807135671,0.41498336042102,0.5627660397802028
39057,OH,GREENE,127169.0,121701.0,121693.0,121747.0,5316.0,56,1246.0,2.6993607208056996,0.957002099568291,0.9569391911550771,0.957363822944271,0.04180264058064465
39059,OH,GUERNSEY,45545.0,6654.0,6644.0,6670.0,38846.0,39,1015.0,2.5562863811250542,0.14609726643978482,0.14587770337029313,0.14644856735097156,0.8529146997475024
39061,OH,HAMILTON,7340.0,5523.0,5516.0,5628.0,1630.0,55,504.0,4.4925292942510175,0.7524523160762943,0.7514986376021798,0.7667574931880109,0.2220708446866485
39063,OH,HANCOCK,229678.0,225338.0,225335.0,225413.0,4116.0,43,1701.0,2.720196143184529,0.9811039803551058,0.9810909185903743,0.9814305244733932,0.017920741211609297
39065,OH,HARDIN,216525.0,211353.0,211353.0,212035.0,4442.0,38,1122.0,2.695136542932352,0.976113612746796,0.976113612746796,0.9792633645075627,0.02051495208405496
39067,OH,HARRISON,32169.0,7999.0,7999.0,8011.0,24158.0,33,467.0,2.8896874106703794,0.24865553794025305,0.24865553794025305,0.24902856787590538,0.7509714321240947
39069,OH,HENRY,222659.0,213681.0,213681.0,214140.0,3370.0,36,1538.0,3.0310913532185366,0.9596782523949178,0.9596782523949178,0.9617397006184345,0.015135251662856656
39071,OH,HIGHLAND,159861.0,143965.0,143922.0,144033.0,15687.0,64,1562.0,2.8217105358269383,0.9005636146402187,0.9002946309606471,0.9009889841800064,0.09812899956837502
39073,OH,HOCKING,9976.0,4601.0,4600.0,4707.0,5229.0,51,464.0,4.270657332203723,0.46120689655172414,0.4611066559743384,0.47183239775461105,0.5241579791499599
39075,OH,HOLMES,76009.0,45192.0,45132.0,45578.0,30172.0,57,2400.0,4.745644394759947,0.5945611703877173,0.5937717901827415,0.5996395163730611,0.39695299240879367
39077,OH,HURON,194228.0,187775.0,187135.0,187908.0,6222.0,58,1270.0,2.8579082590727034,0.9667761599769343,0.9634810634923904,0.9674609222151286,0.032034516135675595
39079,OH,JACKSON,19539.0,4370.0,4367.0,4535.0,14818.0,38,532.0,3.0881884707885363,0.22365525359537336,0.2235017145196786,0.23209990275858539,0.7583806745483392
39081,OH,JEFFERSON,23253.0,3682.0,3680.0,3767.0,19185.0,34,619.0,2.9757133212974316,0.15834515976433147,0.1582591493570722,0.1620006020728508,0.8250548316346278
39083,OH,KNOX,118515.0,99522.0,99517.0,99680.0,18412.0,50,1747.0,3.4721516970946738,0.8397418048348311,0.8396996160823524,0.8410749694131544,0.1553558621271569
39085,OH,LAKE,3032.0,1350.0,1348.0,1491.0,1465.0,51,330.0,4.901510360279495,0.44525065963060684,0.4445910290237467,0.49175461741424803,0.483179419525066
39087,OH,LAWRENCE,9124.0,2324.0,2324.0,2338.0,6786.0,33,408.0,2.794618071968976,0.25471284524331433,0.25471284524331433,0.25624725997369574,0.7437527400263042
39089,OH,LICKING,134576.0,112102.0,112099.0,112538.0,21242.0,64,1809.0,3.58453181749695,0.8330014267031268,0.8329791344667697,0.8362412317203662,0.15784389489953632
39091,OH,LOGAN,169833.0,160442.0,160442.0,160474.0,9357.0,31,1251.0,2.7858193063096937,0.9447045038361214,0.9447045038361214,0.9448929242255628,0.05509529950009715
39093,OH,LORAIN,85610.0,76135.0,76096.0,76578.0,8101.0,61,1423.0,3.3812621573175674,0.889323677140521,0.8888681228828408,0.8944983062726317,0.09462679593505431
39095,OH,LUCAS,69946.0,69030.0,69011.0,69079.0,847.0,46,619.0,2.6238888667137767,0.9869041832270609,0.9866325451062248,0.9876047236439539,0.012109341492008121
39097,OH,MADISON,209789.0,204010.0,204006.0,204015.0,5704.0,31,1043.0,2.5469038949165497,0.9724532744805495,0.9724342077039311,0.9724771079513225,0.027189223457855273
39099,OH,MAHONING,47301.0,36552.0,36542.0,36903.0,10157.0,55,1004.0,4.503236742463404,0.7727532187480181,0.7725418067271305,0.7801737806811695,0.21473118961544155
39101,OH,MARION,181317.0,179070.0,179070.0,179072.0,2218.0,24,721.0,2.2987228367278876,0.9876073396316948,0.9876073396316948,0.987618370037007,0.012232719491277707
39103,OH,MEDINA,72989.0,58290.0,58228.0,58438.0,14016.0,68,1581.0,3.954661191469286,0.798613489703928,0.7977640466371645,0.8006411925084602,0.19202893586704847
39105,OH,MEIGS,15087.0,3572.0,3568.0,3583.0,11462.0,45,517.0,2.9378775228859992,0.2367601246105919,0.23649499569165508,0.23748922913766818,0.7597269172134951
39107,OH,MERCER,243460.0,231297.0,231297.0,231314.0,11719.0,27,2190.0,2.883729576841547,0.9500410745091596,0.9500410745091596,0.950110901174731,0.04813521728415345
39109,OH,MIAMI,141973.0,136667.0,136659.0,136708.0,5184.0,48,1540.0,2.5276414094268302,0.9626266966254147,0.9625703478830482,0.962915483930043,0.03651398505349609
39111,OH,MONROE,23619.0,1933.0,1930.0,1981.0,21585.0,36,767.0,2.0820209924417505,0.0818408908082476,0.08171387442313392,0.08387315297006648,0.9138828908929252
39113,OH,MONTGOMERY,96458.0,91566.0,91556.0,91648.0,4626.0,61,1160.0,2.654770241494738,0.9492836260341289,0.9491799539696033,0.9501337369632379,0.04795869704949304
39115,OH,MORGAN,27554.0,9505.0,9500.0,9640.0,17886.0,38,689.0,3.4406964287464525,0.3449589896203818,0.3447775277636641,0.34985845975176016,0.6491253538506206
39117,OH,MORROW,118169.0,109013.0,109009.0,109069.0,8996.0,56,1132.0,3.117685860010169,0.9225177500021157,0.9224839001768653,0.9229916475556195,0.0761282569878733
39119,OH,MUSKINGUM,81483.0,45089.0,45085.0,45167.0,36233.0,47,1292.0,3.706359813285171,0.5533546874808242,0.5533055974865922,0.5543119423683468,0.44466944025134075
39121,OH,NOBLE,23377.0,917.0,917.0,953.0,22424.0,18,559.0,2.0216630008002694,0.03922659023826838,0.03922659023826838,0.040766565427557,0.959233434572443
39123,OH,OTTAWA,100498.0,94390.0,94390.0,94620.0,5875.0,54,811.0,2.5478551670049883,0.9392226710979323,0.9392226710979323,0.9415112738561962,0.05845887480347867
39125,OH,PAULDING,187448.0,182559.0,182559.0,182559.0,4889.0,14,909.0,2.698603465561832,0.9739180999530537,0.9739180999530537,0.9739180999530537,0.026081900046946355
39127,OH,PERRY,38251.0,27463.0,27462.0,27543.0,10636.0,34,766.0,3.81751701626093,0.7179681576952237,0.7179420145878539,0.720059606284803,0.27805808998457554
39129,OH,PICKAWAY,242870.0,236159.0,236155.0,236176.0,6671.0,44,1032.0,2.5770891241188925,0.9723679334623461,0.972351463746037,0.97243792975666,0.027467369374562522
39131,OH,PIKE,33092.0,24123.0,24109.0,24165.0,8911.0,47,578.0,3.7130348421168464,0.7289677263386921,0.7285446633627463,0.7302369152665297,0.26927958418953224
39133,OH,PORTAGE,51435.0,38455.0,38440.0,38643.0,12467.0,68,1269.0,4.248537102238496,0.7476426557791387,0.7473510255662487,0.7512977544473608,0.24238359094002138
39135,OH,PREBLE,183609.0,176600.0,176595.0,176785.0,6814.0,50,1525.0,2.627824474313397,0.9618264899868743,0.9617992582062971,0.9628340658682308,0.03711147057061473
39137,OH,PUTNAM,283618.0,275347.0,275262.0,275347.0,7862.0,18,2615.0,2.7880339541898564,0.9708375349942528,0.9705378361034913,0.9708375349942528,0.027720384460788807
39139,OH,RICHLAND,115986.0,97974.0,97968.0,98265.0,17449.0,60,1834.0,3.940846129234752,0.8447053954787647,0.8446536650975117,0.8472143189695308,0.15044057041367062
39141,OH,ROSS,155868.0,139766.0,139761.0,139878.0,15915.0,52,1337.0,3.1720999581282183,0.8966946390535582,0.8966625606282239,0.8974131957810455,0.10210562783894064
39143,OH,SANDUSKY,136409.0,132272.0,131884.0,132309.0,3881.0,45,1216.0,2.9053076571398266,0.969672089085031,0.9668277019844732,0.9699433321848265,0.028451201900167877
39145,OH,SCIOTO,34780.0,25153.0,25152.0,25163.0,9491.0,30,602.0,3.4511966395457163,0.7232029902242668,0.7231742380678551,0.7234905117883841,0.2728867165037378
39147,OH,SENECA,199800.0,196394.0,196393.0,196440.0,3347.0,31,1869.0,2.7241735175033184,0.9829529529529529,0.9829479479479479,0.9831831831831832,0.016751751751751753
39149,OH,SHELBY,186415.0,179504.0,179504.0,179506.0,6740.0,34,1586.0,2.735705181004267,0.9629268031006089,0.9629268031006089,0.9629375318509776,0.036155888742858674
39151,OH,STARK,80910.0,60791.0,60780.0,61121.0,19327.0,70,2015.0,4.404314275068842,0.7513409961685824,0.7512050426399703,0.7554196020269435,0.23887034977135088
39153,OH,SUMMIT,5666.0,2977.0,2974.0,3070.0,2468.0,60,482.0,5.323594168206429,0.5254147546770208,0.5248852806212495,0.5418284504059301,0.4355806565478292
39155,OH,TRUMBULL,71749.0,59483.0,59480.0,59583.0,11922.0,52,1268.0,3.8745088929481692,0.8290429134900835,0.829001101060642,0.8304366611381343,0.1661625946006216
39157,OH,TUSCARAWAS,75707.0,45923.0,45903.0,45974.0,29256.0,55,1356.0,4.375435010093325,0.606588558521669,0.6063243821575284,0.6072622082502278,0.38643718546501643
39159,OH,UNION,183515.0,176047.0,176043.0,176065.0,7294.0,54,1386.0,2.635948183186905,0.9593057788191701,0.9592839822357846,0.9594038634444051,0.03974606980355829
39161,OH,VAN WERT,211898.0,204927.0,204927.0,204927.0,2847.0,19,1216.0,2.6769913313913993,0.967102096291612,0.967102096291612,0.967102096291612,0.013435709633880452
39163,OH,VINTON,7026.0,1952.0,1952.0,1952.0,5074.0,5,127.0,2.9114410757645723,0.277825220609166,0.277825220609166,0.277825220609166,0.7221747793908341
39165,OH,WARREN,63043.0,57112.0,57102.0,57350.0,5577.0,61,1093.0,2.896481167692211,0.9059213552654537,0.90576273337246,0.909696556318703,0.0884634297225703
39167,OH,WASHINGTON,49697.0,25347.0,25346.0,25531.0,24078.0,42,1285.0,3.9881572183231464,0.5100307865665935,0.5100106646276436,0.5137332233334004,0.4844960460389963
39169,OH,WAYNE,188259.0,141157.0,141082.0,142359.0,44511.0,74,3816.0,4.639910627241151,0.7498021342937123,0.7494037469656165,0.7561869552053289,0.2364349114783357
39171,OH,WILLIAMS,198783.0,190805.0,190805.0,190805.0,7977.0,16,1051.0,2.685837584915737,0.9598657832913278,0.9598657832913278,0.9598657832913278,0.040129186097402694
39173,OH,WOOD,221246.0,215690.0,215687.0,215707.0,5490.0,39,1795.0,2.725447418554333,0.9748876815852038,0.9748741220180251,0.9749645191325493,0.024814007936866656
39175,OH,WYANDOT,182689.0,180108.0,180108.0,180223.0,2466.0,17,946.0,2.521732552306869,0.9858721652644659,0.9858721652644659,0.9865016503456694,0.013498349654330584
40001,OK,ADAIR,27037.0,168.0,168.0,171.0,26866.0,22,509.0,1.2709953382835837,0.006213707142064579,0.006213707142064579,0.006324666198172874,0.9936753338018272
40003,OK,ALFALFA,259569.0,212277.0,189836.0,213503.0,38051.0,12,595.0,2.8168975819824693,0.8178056701686257,0.7313508161606355,0.8225288844199423,0.1465930060985711
40005,OK,ATOKA,49651.0,88.0,88.0,182.0,40943.0,31,533.0,1.933378681043315,0.0017723711506314073,0.0017723711506314073,0.003665585788805865,0.8246158184125194
40007,OK,BEAVER,110072.0,82047.0,81565.0,84702.0,25070.0,11,292.0,3.4177031796559594,0.7453939239770332,0.7410149720183152,0.7695144996002616,0.2277600116287521
40009,OK,BECKHAM,86839.0,45079.0,45079.0,48653.0,32761.0,20,411.0,4.729161078623625,0.5191100772694296,0.5191100772694296,0.5602667004456523,0.3772613687398519
40011,OK,BLAINE,180809.0,136881.0,134278.0,137520.0,39835.0,13,619.0,2.435291329020771,0.7570474921049284,0.7426510848464402,0.7605816082164052,0.2203153604079443
40013,OK,BRYAN,87793.0,7960.0,4173.0,12985.0,68386.0,31,850.0,2.76437303696347,0.09066782089688244,0.04753226339229779,0.14790473044547972,0.7789459296299249
40015,OK,CADDO,161658.0,85794.0,77418.0,99975.0,59061.0,41,979.0,4.983588605158931,0.5307129866755743,0.4788998997884423,0.6184352150836953,0.3653453587202613
40017,OK,CANADIAN,146563.0,99599.0,98403.0,100636.0,45660.0,46,840.0,2.5654357479900765,0.6795644193964371,0.6714041060840731,0.6866398750025586,0.3115383828114872
40019,OK,CARTER,38616.0,660.0,660.0,911.0,30697.0,31,530.0,2.1483614895474235,0.01709136109384711,0.01709136109384711,0.02359125750984048,0.794929562875492
40021,OK,CHEROKEE,34902.0,0.0,0.0,9.0,34890.0,41,636.0,1.1798990350661986,0.0,0.0,0.00025786487880350697,0.9996561801615953
40023,OK,CHOCTAW,44060.0,2838.0,1366.0,2848.0,38122.0,22,499.0,2.0258697375707886,0.06441216522923286,0.03100317748524739,0.06463912846118929,0.865229232864276
40025,OK,CIMARRON,182677.0,143269.0,143269.0,163276.0,19401.0,11,280.0,3.7860082636008383,0.7842749771454535,0.7842749771454535,0.8937961538672082,0.10620384613279175
40027,OK,CLEVELAND,24433.0,1577.0,1577.0,1778.0,22652.0,35,416.0,1.6802902428588524,0.06454385462284615,0.06454385462284615,0.07277043343019686,0.9271067818114844
40029,OK,COAL,33940.0,805.0,805.0,821.0,31376.0,13,347.0,1.838712013464386,0.023718326458456097,0.023718326458456097,0.02418974661166765,0.9244549204478492
40031,OK,COMANCHE,69996.0,36698.0,36698.0,38162.0,31808.0,22,448.0,2.916347186964089,0.5242871021201212,0.5242871021201212,0.5452025830047431,0.4544259671981256
40033,OK,COTTON,98636.0,78616.0,78616.0,78616.0,20020.0,12,273.0,2.365938737436649,0.7970315097935845,0.7970315097935845,0.7970315097935845,0.2029684902064155
40035,OK,CRAIG,93451.0,18306.0,8727.0,22119.0,68527.0,19,731.0,3.0234726071918847,0.19588875453446192,0.09338583856780559,0.23669088613283967,0.7332933836984088
40037,OK,CREEK,44432.0,2340.0,2113.0,2722.0,41280.0,48,837.0,1.8857925628094465,0.0526647461289161,0.04755581562837594,0.061262153402952824,0.9290601368383147
40039,OK,CUSTER,174755.0,120736.0,116801.0,124109.0,48431.0,19,609.0,3.6022635719379297,0.6908872421389946,0.668370003719493,0.710188549683843,0.27713656261623415
40041,OK,DELAWARE,56847.0,4777.0,2022.0,6745.0,50102.0,28,667.0,1.8365121890118934,0.08403257867609548,0.035569159322391686,0.11865181979699896,0.881348180203001
40043,OK,DEWEY,85991.0,52236.0,52236.0,52596.0,28538.0,18,343.0,3.1777639929991666,0.6074589201195474,0.6074589201195474,0.6116454047516601,0.33187194008675325
40045,OK,ELLIS,42931.0,18459.0,18459.0,19871.0,19520.0,11,266.0,4.3240288631099055,0.4299690200554378,0.4299690200554378,0.46285900631245486,0.4546830961310009
40047,OK,GARFIELD,335435.0,271795.0,233706.0,284915.0,47802.0,28,884.0,3.1919429663019323,0.8102762085053736,0.6967251479422243,0.8493895985809471,0.14250749027382353
40049,OK,GARVIN,66251.0,10533.0,7209.0,14377.0,45392.0,26,734.0,3.9301723401027293,0.15898627945238564,0.10881345187242457,0.21700804516158248,0.6851519222351361
40051,OK,GRADY,153387.0,48736.0,40782.0,53593.0,99762.0,45,961.0,3.2235569469576943,0.3177322719656816,0.2658765084394375,0.3493972761707316,0.6503941011950165
40053,OK,GRANT,339441.0,295954.0,231564.0,307717.0,30104.0,13,729.0,3.3942112626448195,0.8718864250341002,0.6821921924575994,0.9065404591666888,0.08868698831313837
40055,OK,GREER,47576.0,37284.0,37284.0,37284.0,9692.0,9,189.0,2.7438885811012477,0.7836724398856566,0.7836724398856566,0.7836724398856566,0.20371615940810492
40057,OK,HARMON,59917.0,34801.0,34801.0,34801.0,25116.0,12,111.0,3.0728938808221313,0.5808201345194185,0.5808201345194185,0.5808201345194185,0.41917986548058145
40059,OK,HARPER,75553.0,39035.0,39035.0,39035.0,36518.0,13,199.0,2.3537039569911893,0.516657181051712,0.516657181051712,0.516657181051712,0.48334281894828796
40061,OK,HASKELL,40176.0,1290.0,1290.0,1293.0,38673.0,16,437.0,1.5469344428349596,0.03210872162485066,0.03210872162485066,0.03218339307048985,0.962589605734767
40063,OK,HUGHES,31203.0,1616.0,1616.0,2090.0,28833.0,12,383.0,1.7308248054823878,0.051789891997564334,0.051789891997564334,0.06698073903150338,0.9240457648303048
40065,OK,JACKSON,128634.0,113466.0,113466.0,113466.0,14675.0,13,338.0,2.8265048572315488,0.8820840524278185,0.8820840524278185,0.8820840524278185,0.11408336831630829
40067,OK,JEFFERSON,30477.0,9190.0,9190.0,9190.0,21287.0,8,166.0,2.8987165246831186,0.3015388653738885,0.3015388653738885,0.3015388653738885,0.6984611346261115
40069,OK,JOHNSTON,35592.0,680.0,0.0,680.0,29752.0,16,352.0,2.5093908765582085,0.01910541694762868,0.0,0.01910541694762868,0.8359181838615419
40071,OK,KAY,253102.0,204347.0,154231.0,214476.0,38624.0,27,917.0,3.6803248055014413,0.8073701511643527,0.6093630236031323,0.847389589967681,0.1526025080797465
40073,OK,KINGFISHER,185618.0,126488.0,123961.0,127833.0,42187.0,19,720.0,2.8424811331355726,0.6814425325130106,0.6678285511103449,0.6886885970110658,0.22727860444568954
40075,OK,KIOWA,148643.0,109843.0,108512.0,115004.0,30104.0,16,379.0,3.947796206306083,0.7389718991139845,0.7300175588490544,0.7736926730488486,0.20252551415135595
40077,OK,LATIMER,21349.0,0.0,0.0,2.0,21347.0,20,293.0,1.2710177992133453,0.0,0.0,9.36812028666448e-05,0.9999063187971333
40079,OK,LEFLORE,74246.0,8963.0,2468.0,9954.0,64292.0,24,869.0,2.198429910485631,0.12072030816474962,0.033240847991811005,0.13406782856988927,0.8659321714301107
40081,OK,LINCOLN,64351.0,1725.0,981.0,1754.0,62583.0,39,1055.0,1.6895505065519538,0.026806110239157122,0.015244518344703268,0.027256763686655996,0.9725256794766204
40083,OK,LOGAN,67778.0,28194.0,26522.0,28256.0,38152.0,43,600.0,2.7970367110759127,0.4159756853256219,0.3913069137478238,0.4168904364247986,0.5628965150933931
40085,OK,LOVE,19225.0,0.0,0.0,13.0,13591.0,19,301.0,2.6416048688763536,0.0,0.0,0.0006762028608582575,0.7069440832249675
40087,OK,MCCLAIN,48001.0,6590.0,4908.0,9862.0,37970.0,49,576.0,2.372357022668834,0.13728880648319827,0.10224786983604509,0.20545405304056166,0.7910251869752714
40089,OK,MCCURTAIN,46914.0,1510.0,0.0,1510.0,42439.0,17,629.0,1.7885434101126587,0.03218655412030524,0.0,0.03218655412030524,0.9046126955706186
40091,OK,MCINTOSH,37963.0,408.0,171.0,832.0,36300.0,24,503.0,1.5942774052253215,0.010747306587993572,0.004504385849379659,0.021916076179437874,0.9561941890788399
40093,OK,MAJOR,157076.0,95318.0,88825.0,102734.0,40421.0,16,595.0,4.056661208472782,0.6068272683287071,0.5654905905421579,0.6540400825078306,0.2573340293870483
40095,OK,MARSHALL,16550.0,1170.0,1170.0,1202.0,12470.0,31,288.0,2.6062792649962083,0.07069486404833837,0.07069486404833837,0.07262839879154079,0.7534743202416918
40097,OK,MAYES,57805.0,6783.0,2821.0,7919.0,49653.0,26,903.0,2.277242893786468,0.11734279041605397,0.04880200674682121,0.13699506963065478,0.8589741371853646
40099,OK,MURRAY,17399.0,232.0,232.0,239.0,14035.0,26,267.0,2.1089158655978926,0.013334099660900052,0.013334099660900052,0.013736421633427209,0.8066555549169493
40101,OK,MUSKOGEE,119891.0,21035.0,6958.0,26098.0,93776.0,51,934.0,2.441605353482421,0.17545103468984327,0.05803604941154882,0.21768106029643594,0.7821771442393507
40103,OK,NOBLE,144632.0,93731.0,69521.0,105668.0,38964.0,14,661.0,4.273178713434867,0.6480654350351236,0.4806750926489297,0.730599037557387,0.26940096244261297
40105,OK,NOWATA,42775.0,6417.0,3104.0,7865.0,34319.0,9,479.0,2.8423700997425714,0.1500175336060783,0.07256575102279368,0.18386908240794858,0.8023144360023378
40107,OK,OKFUSKEE,31207.0,194.0,194.0,340.0,28505.0,24,442.0,1.7404899774378246,0.0062165539782741055,0.0062165539782741055,0.010894991508315442,0.9134168616015638
40109,OK,OKLAHOMA,19835.0,5373.0,4411.0,6627.0,12954.0,51,571.0,4.234974535259604,0.27088479959667255,0.22238467355684396,0.33410637761532647,0.6530879758003529
40111,OK,OKMULGEE,58429.0,0.0,0.0,593.0,57836.0,24,629.0,1.2967274627665542,0.0,0.0,0.010149069811223878,0.9898509301887761
40113,OK,OSAGE,81014.0,20013.0,9266.0,20051.0,58656.0,27,716.0,2.9010338336225523,0.24703137729281358,0.11437529315920705,0.2475004320240946,0.7240230083689239
40115,OK,OTTAWA,79335.0,32524.0,13915.0,40340.0,38987.0,30,628.0,3.674210082409775,0.4099577739963446,0.17539547488498142,0.5084767126741034,0.49142244910821203
40117,OK,PAWNEE,31566.0,6691.0,4615.0,6691.0,24707.0,15,389.0,3.0196810403199654,0.21196857378191725,0.14620160932649054,0.21196857378191725,0.7827092441234239
40119,OK,PAYNE,43216.0,6369.0,4559.0,6817.0,36388.0,51,827.0,2.572459559407822,0.14737597186227322,0.10549333580155498,0.15774250277674937,0.8420029618659756
40121,OK,PITTSBURG,56142.0,0.0,0.0,0.0,55797.0,17,720.0,1.3186687771043542,0.0,0.0,0.0,0.9938548680132521
40123,OK,PONTOTOC,38765.0,525.0,525.0,550.0,35389.0,22,589.0,1.755829073713341,0.01354314458919128,0.01354314458919128,0.014188056236295628,0.912911131175029
40125,OK,POTTAWATOMIE,47545.0,3293.0,1094.0,4955.0,42588.0,29,731.0,2.0783093793957335,0.06926070038910506,0.02300978020822379,0.10421705752445053,0.8957408770638343
40127,OK,PUSHMATAHA,18886.0,0.0,0.0,17.0,18494.0,16,297.0,1.4375886709264358,0.0,0.0,0.0009001376681139468,0.9792438843587843
40129,OK,ROGER MILLS,52069.0,26216.0,26216.0,27116.0,24313.0,8,260.0,3.655373211812662,0.5034857592809541,0.5034857592809541,0.5207705160460159,0.4669381013654958
40131,OK,ROGERS,48578.0,2824.0,1328.0,3195.0,41959.0,28,847.0,2.328645482150346,0.05813331137551978,0.02733747787064103,0.06577051340112808,0.8637449051010746
40133,OK,SEMINOLE,28369.0,0.0,0.0,1.0,27439.0,22,430.0,1.6251857250222395,0.0,0.0,3.5249744439352814e-05,0.9672177376714018
40135,OK,SEQUOYAH,55109.0,15169.0,4171.0,20149.0,34948.0,38,674.0,3.7342695204326013,0.2752544956359215,0.07568636701809142,0.3656208604765102,0.6341613892467655
40137,OK,STEPHENS,35566.0,8491.0,8491.0,8510.0,27054.0,27,462.0,1.9347978411208981,0.23873924534667942,0.23873924534667942,0.23927346342012035,0.7606703030984648
40139,OK,TEXAS,275710.0,166259.0,161171.0,252954.0,22756.0,30,507.0,4.520822845114262,0.6030212904863806,0.58456711762359,0.9174640020311197,0.08253599796888035
40141,OK,TILLMAN,148103.0,123689.0,123689.0,128769.0,19062.0,12,431.0,3.350291786136796,0.8351552635665719,0.8351552635665719,0.8694557166296429,0.1287077236787911
40143,OK,TULSA,21471.0,3867.0,2614.0,3904.0,17545.0,43,535.0,2.538064411840508,0.18010339527735084,0.12174561035815752,0.18182664989986494,0.817148712216478
40145,OK,WAGONER,69032.0,35379.0,11706.0,39853.0,29170.0,46,706.0,4.04982878757554,0.5125014486035462,0.16957353111600418,0.5773119712597057,0.422557654421138
40147,OK,WASHINGTON,49315.0,25631.0,12201.0,25633.0,20803.0,27,444.0,4.037103126438055,0.5197404440839501,0.2474095102909865,0.5197809996958329,0.4218391969988847
40149,OK,WASHITA,156085.0,117003.0,115022.0,118103.0,36996.0,16,606.0,3.2729017366256024,0.7496107889931768,0.7369189864496909,0.7566582310920332,0.2370246980811737
40151,OK,WOODS,160764.0,114440.0,110489.0,114440.0,45989.0,17,472.0,2.8685926165746958,0.711850911895698,0.6872745141947202,0.711850911895698,0.2860652882486129
40153,OK,WOODWARD,60947.0,33175.0,28635.0,33350.0,27347.0,14,357.0,3.1001889281914714,0.544325397476496,0.4698344463222144,0.5471967447126191,0.4487013306643477
41001,OR,BAKER,85672.0,17164.0,17112.0,19475.0,64953.0,56,606.0,2.982180117735222,0.20034550378186572,0.1997385376785881,0.2273204781025306,0.7581590251190587
41003,OR,BENTON,56515.0,17804.0,3713.0,5484.0,7650.0,85,1426.0,6.133743619916927,0.3150314075909051,0.06569937184818189,0.09703618508360612,0.1353622931964965
41005,OR,CLACKAMAS,54097.0,30223.0,4674.0,5994.0,17403.0,95,3741.0,7.152222827021467,0.5586816274469933,0.08640035491801763,0.11080096863042313,0.32169990942196425
41007,OR,CLATSOP,4778.0,53.0,15.0,29.0,4704.0,53,362.0,2.2066748537826855,0.011092507325240687,0.0031393888656341567,0.006069485140226036,0.9845123482628715
41009,OR,COLUMBIA,8842.0,883.0,436.0,540.0,7674.0,64,699.0,2.9466063649183,0.09986428409862022,0.049310110834652796,0.06107215562090025,0.8679031893236824
41011,OR,COOS,10379.0,99.0,52.0,59.0,8116.0,51,452.0,3.0707673950633025,0.009538491184121785,0.005010116581558917,0.005684555352153386,0.7819635803063879
41013,OR,CROOK,43570.0,189.0,189.0,189.0,42824.0,28,382.0,1.4683125840204159,0.004337847142529263,0.004337847142529263,0.004337847142529263,0.9828781271517099
41017,OR,DESCHUTES,22602.0,1768.0,1426.0,1773.0,20775.0,67,1091.0,2.1039048119691373,0.07822316609149632,0.06309176179099195,0.07844438545261481,0.9191664454473055
41019,OR,DOUGLAS,34872.0,3103.0,208.0,2727.0,31564.0,71,1575.0,2.395120305347309,0.0889825648084423,0.005964670796054141,0.07820027529249828,0.9051387933012158
41021,OR,GILLIAM,81756.0,78474.0,78474.0,78474.0,3282.0,7,83.0,1.342252068939895,0.9598561573462498,0.9598561573462498,0.9598561573462498,0.040143842653750185
41023,OR,GRANT,41854.0,0.0,0.0,0.0,41854.0,10,223.0,1.3527007060008895,0.0,0.0,0.0,1.0
41025,OR,HARNEY,131259.0,42.0,42.0,42.0,131217.0,15,250.0,1.651637923272907,0.00031997805864740703,0.00031997805864740703,0.00031997805864740703,0.9996800219413526
41027,OR,HOOD RIVER,14519.0,13631.0,13447.0,13678.0,793.0,60,1034.0,2.9027528394951667,0.9388387630002066,0.9261657138921413,0.9420759005441146,0.05461808664508575
41029,OR,JACKSON,27064.0,8948.0,5023.0,8457.0,17775.0,75,2138.0,4.164796655310315,0.3306237067691398,0.1855971031628732,0.31248152527342593,0.6567765297073603
41031,OR,JEFFERSON,29557.0,4942.0,3652.0,5894.0,14931.0,42,385.0,4.177309123346539,0.1672023547721352,0.12355787123185709,0.1994113069662009,0.5051595222789864
41033,OR,JOSEPHINE,7087.0,2223.0,256.0,2256.0,4697.0,60,778.0,3.966840071061995,0.3136729222520107,0.036122477776209964,0.3183293354028503,0.6627628051361648
41035,OR,KLAMATH,77776.0,21573.0,21571.0,22976.0,54702.0,45,569.0,2.8993092805002534,0.2773734828224645,0.2773477679489817,0.29541246657066444,0.7033275046286772
41037,OR,LAKE,132183.0,0.0,0.0,1050.0,131133.0,5,237.0,1.2967189546388642,0.0,0.0,0.007943532829486394,0.9920564671705137
41039,OR,LANE,63909.0,11407.0,5188.0,6977.0,38734.0,93,2970.0,5.246013891792483,0.17848816285656166,0.08117792486191304,0.10917085230562205,0.6060805207404278
41041,OR,LINCOLN,2525.0,149.0,45.0,49.0,2371.0,39,210.0,2.362252998157004,0.05900990099009901,0.01782178217821782,0.019405940594059406,0.939009900990099
41043,OR,LINN,202779.0,18084.0,16244.0,18264.0,27801.0,90,2302.0,4.2970719194616755,0.08918083233470922,0.08010691442407744,0.09006849821727102,0.13709999556167057
41045,OR,MALHEUR,143560.0,49736.0,42428.0,59860.0,75803.0,43,1023.0,4.96211381824006,0.3464474784062413,0.2955419336862636,0.41696851490665926,0.5280231262190025
41047,OR,MARION,175544.0,51662.0,22502.0,33452.0,22923.0,90,3389.0,9.573720066404025,0.29429658661076424,0.12818438682039832,0.19056191040422915,0.13058264594631544
41049,OR,MORROW,231480.0,171996.0,171996.0,192900.0,31966.0,33,276.0,4.420011232051989,0.7430274753758424,0.7430274753758424,0.8333333333333334,0.13809400380162434
41051,OR,MULTNOMAH,8299.0,3138.0,2006.0,4709.0,2486.0,83,1097.0,10.843390468302665,0.37811784552355704,0.24171586938185324,0.5674177611760453,0.299554163152187
41053,OR,POLK,86800.0,22570.0,9857.0,17020.0,10264.0,74,1257.0,6.571052623746292,0.2600230414746544,0.11355990783410139,0.19608294930875575,0.11824884792626728
41055,OR,SHERMAN,102988.0,101561.0,101561.0,101561.0,1427.0,5,119.0,1.2131354194047583,0.9861440167786538,0.9861440167786538,0.9861440167786538,0.013855983221346176
41057,OR,TILLAMOOK,12520.0,5.0,4.0,2095.0,10419.0,52,256.0,2.4648340706507628,0.00039936102236421724,0.0003194888178913738,0.16733226837060702,0.8321884984025559
41059,OR,UMATILLA,353263.0,274059.0,273049.0,287382.0,46889.0,64,1262.0,3.836990264036255,0.7757931059861916,0.7729340463054438,0.8135072170026297,0.1327311379906755
41061,OR,UNION,66411.0,21014.0,20270.0,21799.0,36416.0,55,756.0,4.247468394497185,0.3164234840613754,0.3052205206968725,0.32824381503064254,0.5483428950023339
41063,OR,WALLOWA,43821.0,9313.0,9311.0,9315.0,33739.0,37,318.0,2.2087795515291644,0.2125236758631706,0.2124780356450104,0.21256931608133087,0.769927660254216
41065,OR,WASCO,87063.0,78714.0,78713.0,78720.0,8343.0,48,376.0,1.9359911409635602,0.9041039247441508,0.9040924388086787,0.9041728403569829,0.09582715964301712
41067,OR,WASHINGTON,70778.0,24699.0,13973.0,18542.0,8691.0,86,2423.0,9.909923763870324,0.3489643674588149,0.19742010229167256,0.2619740597360762,0.12279239311650512
41069,OR,WHEELER,11054.0,0.0,0.0,0.0,11050.0,12,94.0,1.5402334384914107,0.0,0.0,0.0,0.9996381400398046
41071,OR,YAMHILL,91839.0,28806.0,5418.0,16316.0,16013.0,82,2210.0,7.422960921899328,0.3136575964459543,0.05899454480122824,0.17765872886246584,0.17435947691068066
42001,PA,ADAMS,123504.0,89017.0,78412.0,88952.0,33303.0,79,2608.0,6.451912430999606,0.720762080580386,0.6348944163751782,0.7202357818370255,0.2696511853867081
42003,PA,ALLEGHENY,7904.0,1088.0,800.0,1057.0,6638.0,72,760.0,3.453888977974053,0.13765182186234817,0.10121457489878542,0.13372975708502025,0.8398279352226721
42005,PA,ARMSTRONG,67500.0,32792.0,29908.0,32081.0,33979.0,51,1240.0,5.403450082377506,0.4858074074074074,0.44308148148148147,0.47527407407407407,0.5033925925925926
42007,PA,BEAVER,21715.0,9592.0,8228.0,8468.0,12055.0,60,830.0,5.063295056591105,0.4417223117660603,0.3789085885332719,0.38996085655077134,0.5551462122956482
42009,PA,BEDFORD,94102.0,48773.0,44710.0,48993.0,44497.0,64,2020.0,5.026328554052221,0.5182992922573377,0.4751227391553846,0.5206371809313298,0.47285923784829226
42011,PA,BERKS,155237.0,108117.0,98335.0,108154.0,45133.0,83,4093.0,5.344873087279316,0.6964641161578747,0.6334507881497323,0.6967024613977338,0.2907361002853701
42013,PA,BLAIR,61003.0,40234.0,38177.0,40261.0,20352.0,61,980.0,3.9287121702475742,0.6595413340327525,0.6258216809009393,0.6599839352163008,0.3336229365768897
42015,PA,BRADFORD,133753.0,43926.0,42439.0,44179.0,88924.0,59,1860.0,3.967080074884393,0.32841132535345,0.3172938177087617,0.3303028717112887,0.6648374242073075
42017,PA,BUCKS,43319.0,25629.0,22695.0,25352.0,17082.0,79,1348.0,5.206137252266356,0.5916341559131097,0.5239040605738822,0.585239733142501,0.3943304323737852
42019,PA,BUTLER,74989.0,45288.0,41481.0,45106.0,28586.0,59,1735.0,5.415128655721226,0.6039285761911747,0.5531611302991105,0.601501553561189,0.38120257637786875
42021,PA,CAMBRIA,47011.0,28892.0,25325.0,28410.0,17736.0,52,866.0,6.04980214474989,0.6145795664844398,0.5387037076428921,0.604326646954968,0.3772734040969135
42025,PA,CARBON,10439.0,5845.0,4281.0,4548.0,4580.0,53,349.0,4.9987587088013825,0.5599195325222722,0.410096752562506,0.4356739151259699,0.4387393428489319
42027,PA,CENTRE,63656.0,39502.0,36801.0,39429.0,23066.0,71,1743.0,5.187195710749976,0.6205542289807716,0.5781230363202212,0.619407439989946,0.36235390222445646
42029,PA,CHESTER,90905.0,57725.0,49164.0,57292.0,32368.0,72,2484.0,5.2132069871835425,0.6350035751608822,0.5408283372751774,0.6302403608162367,0.3560640228810297
42031,PA,CLARION,49593.0,20843.0,19870.0,20854.0,28716.0,48,929.0,4.02172502595929,0.4202810880567822,0.40066138366301696,0.4205028935535257,0.5790333313169197
42033,PA,CLEARFIELD,24192.0,7599.0,6627.0,6647.0,16501.0,41,630.0,3.7626342049359742,0.3141121031746032,0.27393353174603174,0.27476025132275134,0.6820849867724867
42035,PA,CLINTON,22624.0,14419.0,13636.0,14356.0,7661.0,55,573.0,4.742917452687496,0.6373320367751061,0.6027227722772277,0.6345473833097596,0.3386227015558699
42037,PA,COLUMBIA,55605.0,44045.0,38435.0,42402.0,11302.0,60,1134.0,5.087846932837958,0.7921050265263915,0.691214818811258,0.7625573239816563,0.20325510295836705
42039,PA,CRAWFORD,106134.0,65965.0,64744.0,65509.0,40067.0,66,1812.0,4.37604136623877,0.6215256185576724,0.610021293836094,0.6172291631333974,0.3775133322026872
42041,PA,CUMBERLAND,117470.0,82402.0,70336.0,82836.0,34268.0,71,2564.0,5.289015471851192,0.7014727164382395,0.5987571294798671,0.705167276751511,0.29171703413637523
42043,PA,DAUPHIN,61347.0,43639.0,38742.0,43674.0,16991.0,57,1289.0,5.2196477438937725,0.7113469281301449,0.6315223238300162,0.7119174531761945,0.2769654587836406
42047,PA,ELK,5632.0,825.0,755.0,771.0,4790.0,35,324.0,2.7197076025556015,0.146484375,0.13405539772727273,0.13689630681818182,0.8504971590909091
42049,PA,ERIE,73386.0,51546.0,36159.0,51659.0,21275.0,67,1526.0,6.468980427041943,0.702395552285177,0.4927234077344453,0.7039353555174012,0.28990543155370235
42051,PA,FAYETTE,45545.0,15158.0,14161.0,14795.0,30194.0,45,902.0,3.7343135272366452,0.3328137007355363,0.31092326270721266,0.32484356131298714,0.6629487320232736
42053,PA,FOREST,1735.0,277.0,277.0,277.0,1458.0,14,54.0,2.3889640718673526,0.15965417867435158,0.15965417867435158,0.15965417867435158,0.8403458213256484
42055,PA,FRANKLIN,206188.0,130558.0,114587.0,132521.0,71904.0,70,3380.0,5.560357161717578,0.6331988282538266,0.5557403922633712,0.6427192659126623,0.3487302849826372
42057,PA,FULTON,42785.0,18108.0,15851.0,18284.0,24032.0,36,749.0,4.66383942104777,0.4232324412761482,0.3704803085193409,0.4273460324880215,0.5616921818394297
42059,PA,GREENE,29448.0,1205.0,1182.0,1190.0,28240.0,34,648.0,1.9806225544799791,0.04091958706873132,0.04013854930725346,0.04041021461559359,0.9589785384406412
42061,PA,HUNTINGDON,67847.0,34387.0,31336.0,34518.0,32888.0,62,1260.0,4.4651837966715435,0.506831547452356,0.4618627205329639,0.5087623623741654,0.48473771869058324
42063,PA,INDIANA,80115.0,49758.0,47509.0,48980.0,29688.0,63,1723.0,4.914397269498654,0.6210821943456282,0.5930100480559196,0.6113711539661736,0.37056730949260436
42065,PA,JEFFERSON,41203.0,19663.0,18396.0,19622.0,21440.0,37,843.0,4.459619518117236,0.47722253233987816,0.4464723442467782,0.4762274591655947,0.5203504599179671
42067,PA,JUNIATA,53554.0,37500.0,34484.0,37750.0,15323.0,55,963.0,4.625078828481831,0.7002278074466893,0.6439108189864436,0.7048959928296673,0.2861224184934832
42069,PA,LACKAWANNA,20726.0,4615.0,4413.0,4458.0,16067.0,46,518.0,3.4632670188787538,0.2226671813181511,0.21292096883141948,0.21509215478143395,0.7752098813085014
42071,PA,LANCASTER,297404.0,217881.0,191995.0,218595.0,72207.0,87,11690.0,5.489453668369236,0.7326095143306748,0.645569662815564,0.7350102890344448,0.24279095102957593
42073,PA,LAWRENCE,54271.0,39417.0,36400.0,39716.0,14108.0,63,1330.0,4.879432308871918,0.7262994969689153,0.6707081129885206,0.7318088850398924,0.2599546719242321
42075,PA,LEBANON,87374.0,60252.0,53930.0,60583.0,24860.0,53,1999.0,5.251613443908529,0.6895872914139217,0.6172316707487353,0.6933756037265091,0.2845240002746813
42077,PA,LEHIGH,51352.0,43365.0,38882.0,43375.0,7595.0,65,1091.0,4.620527000271464,0.8444656488549618,0.7571662252687335,0.8446603832372643,0.14790076335877864
42079,PA,LUZERNE,24479.0,15962.0,14675.0,15836.0,7981.0,65,793.0,5.815401019620645,0.6520691204706075,0.5994934433596144,0.6469218513828179,0.32603456023530375
42081,PA,LYCOMING,54748.0,32706.0,29600.0,31668.0,21866.0,59,1417.0,5.207150377159579,0.5973916855410243,0.5406590195075619,0.5784320888434281,0.3993935851537956
42083,PA,MCKEAN,13059.0,958.0,853.0,877.0,12077.0,32,308.0,2.2183554530125975,0.0733593690175358,0.06531893713148021,0.0671567501340072,0.9248028179799372
42085,PA,MERCER,82624.0,55607.0,53557.0,55627.0,26734.0,63,1839.0,4.328908040322175,0.6730126839659178,0.6482014910921766,0.6732547443841983,0.3235621611154144
42087,PA,MIFFLIN,36458.0,24780.0,23487.0,24836.0,11524.0,49,1114.0,4.475857268467569,0.679686214273959,0.6442207471611169,0.681222228317516,0.31608974710625926
42089,PA,MONROE,7154.0,4010.0,3338.0,3559.0,3088.0,58,474.0,6.010735108546224,0.5605255800950517,0.4665921162985742,0.49748392507688005,0.43164663125524183
42091,PA,MONTGOMERY,16305.0,10838.0,9446.0,10526.0,5333.0,54,663.0,5.106896672487706,0.6647040785035265,0.5793314934069304,0.6455688439129101,0.3270775835633241
42093,PA,MONTOUR,19725.0,15530.0,14796.0,15468.0,4102.0,55,492.0,4.302214827745772,0.7873257287705957,0.7501140684410647,0.7841825095057035,0.2079594423320659
42095,PA,NORTHAMPTON,43646.0,35937.0,32484.0,35079.0,7507.0,65,957.0,4.398948675356081,0.8233744214819227,0.7442606424414608,0.8037162626586629,0.17199743390001374
42097,PA,NORTHUMBERLAND,80762.0,68581.0,63071.0,68251.0,11472.0,67,1349.0,4.440497947841656,0.8491741165399569,0.7809489611450929,0.8450880364527872,0.14204700230306333
42099,PA,PERRY,75250.0,47918.0,41740.0,47909.0,26420.0,59,1452.0,5.467974204846979,0.6367840531561462,0.5546843853820598,0.6366644518272425,0.35109634551495017
42105,PA,POTTER,28063.0,11229.0,8196.0,10863.0,16818.0,42,551.0,5.605352709383027,0.4001354096140826,0.29205715711078645,0.3870933257313901,0.5992944446424117
42107,PA,SCHUYLKILL,69815.0,53440.0,45544.0,51679.0,15047.0,65,1492.0,6.377975112201035,0.7654515505263911,0.6523526462794529,0.7402277447539927,0.21552674926591706
42109,PA,SNYDER,51998.0,35533.0,32605.0,35281.0,14437.0,54,1613.0,5.979451283538844,0.6833532058925343,0.6270433478210701,0.6785068656486788,0.2776452940497711
42111,PA,SOMERSET,107294.0,54730.0,51792.0,54713.0,52222.0,57,1984.0,4.677289429553228,0.5100937610677204,0.4827110556042276,0.5099353179115328,0.4867187354372099
42113,PA,SULLIVAN,8846.0,3516.0,3516.0,3516.0,5330.0,20,173.0,3.926501644093308,0.39746778204838346,0.39746778204838346,0.39746778204838346,0.6025322179516166
42115,PA,SUSQUEHANNA,63527.0,7150.0,6795.0,6876.0,56286.0,72,1009.0,2.5347854900133266,0.11255056904938057,0.106962393942733,0.10823744234734838,0.8860169691627182
42117,PA,TIOGA,100240.0,23866.0,22189.0,23558.0,75354.0,44,1275.0,3.5792912412078075,0.23808858739026337,0.2213587390263368,0.23501596169193933,0.7517358339984038
42119,PA,UNION,45336.0,32188.0,29380.0,32213.0,12775.0,49,1149.0,4.8688153162475425,0.7099876477854243,0.6480501146991353,0.7105390859361214,0.2817848950061761
42121,PA,VENANGO,17751.0,8209.0,8169.0,8196.0,9516.0,33,436.0,4.113495451651159,0.46245281955946144,0.4601994253844854,0.46172046645259424,0.5360824742268041
42123,PA,WARREN,21486.0,8006.0,7816.0,7840.0,13343.0,21,360.0,3.6438583931841353,0.3726147258680071,0.3637717583542772,0.3648887647770641,0.6210090291352509
42125,PA,WASHINGTON,64114.0,8395.0,7762.0,8016.0,55587.0,73,1805.0,2.721960118949115,0.1309386405465265,0.12106560189662165,0.12502729513054872,0.867002526749228
42127,PA,WAYNE,32415.0,1654.0,1452.0,1590.0,30621.0,68,1097.0,2.198301757687536,0.051025759679160884,0.044794076816288754,0.04905136510874595,0.9446552521980565
42129,PA,WESTMORELAND,67937.0,35036.0,33183.0,34996.0,31944.0,66,1481.0,4.885416697906192,0.5157130871248362,0.4884378173896404,0.515124306342641,0.4702003326611419
42131,PA,WYOMING,26518.0,6996.0,6851.0,6942.0,19509.0,46,474.0,3.4306161681090526,0.263820800965382,0.25835281695452145,0.26178444829926845,0.7356889659853685
42133,PA,YORK,174612.0,137641.0,118017.0,135993.0,36267.0,78,3551.0,5.0201068307598256,0.788267702105239,0.6758813827228369,0.7788296337021511,0.20770050168373308
44005,RI,NEWPORT,2564.0,0.0,0.0,1230.0,1234.0,58,647.0,7.022438785526696,0.0,0.0,0.4797191887675507,0.48127925117004683
44007,RI,PROVIDENCE,2665.0,0.0,0.0,841.0,1566.0,61,583.0,6.6998243957989985,0.0,0.0,0.31557223264540335,0.5876172607879925
44009,RI,WASHINGTON,2994.0,0.0,0.0,950.0,1857.0,58,834.0,5.591232092019338,0.0,0.0,0.31730126920507684,0.6202404809619239
45001,SC,ABBEVILLE,13772.0,273.0,7.0,1262.0,12509.0,40,476.0,1.901802045213172,0.019822828928260237,0.0005082776648271856,0.09163520185884404,0.9082921870461806
45003,SC,AIKEN,35065.0,18806.0,10994.0,20145.0,14527.0,53,843.0,6.056996185560316,0.536318266077285,0.3135320119777556,0.5745044916583488,0.41428775131897905
45005,SC,ALLENDALE,20894.0,17145.0,3669.0,19205.0,1680.0,24,107.0,5.026882873030275,0.820570498707763,0.1756006509045659,0.9191633961902939,0.08040585814109313
45007,SC,ANDERSON,46064.0,8579.0,225.0,11329.0,34569.0,70,1370.0,2.857617322270951,0.18624088225078153,0.0048845085098992705,0.24594043070510593,0.750455887460924
45009,SC,BAMBERG,40642.0,33034.0,17515.0,36185.0,3735.0,25,315.0,6.583441077966993,0.8128044879681118,0.4309581221396585,0.8903351213030855,0.09190000492101767
45011,SC,BARNWELL,18050.0,14032.0,8060.0,14482.0,3527.0,34,361.0,5.76142476827466,0.7773961218836565,0.44653739612188365,0.8023268698060941,0.1954016620498615
45013,SC,BEAUFORT,1567.0,1069.0,6.0,1160.0,334.0,55,224.0,3.287660350539248,0.6821952776005106,0.0038289725590299937,0.7402680280791321,0.2131461391193363
45015,SC,BERKELEY,4492.0,3054.0,351.0,3170.0,1268.0,37,348.0,4.363676210897889,0.6798753339269813,0.07813891362422083,0.7056990204808549,0.28227960819234194
45017,SC,CALHOUN,45783.0,44001.0,30736.0,43477.0,1707.0,47,324.0,4.38078350587042,0.9610772557499508,0.671340890723631,0.9496319594609353,0.03728458161326256
45019,SC,CHARLESTON,3060.0,1138.0,365.0,1676.0,962.0,62,642.0,12.395259914453568,0.3718954248366013,0.119281045751634,0.5477124183006536,0.31437908496732025
45021,SC,CHEROKEE,19302.0,7652.0,2.0,11325.0,7975.0,31,274.0,3.515789893107663,0.3964356025282354,0.00010361620557455187,0.5867267640658999,0.41316961972852556
45023,SC,CHESTER,15589.0,5618.0,4904.0,6003.0,9524.0,57,515.0,3.247543546767301,0.3603823208672782,0.31458079414972095,0.38507922252870613,0.6109436140868562
45025,SC,CHESTERFIELD,42017.0,27909.0,6133.0,34289.0,7650.0,45,500.0,5.45542530472724,0.6642311445367352,0.14596472856224862,0.8160744460575481,0.1820691624818526
45027,SC,CLARENDON,104134.0,81822.0,8000.0,98010.0,6107.0,36,410.0,4.5675843153386975,0.7857376073136536,0.07682409203526226,0.9411911575470068,0.05864559125741833
45029,SC,COLLETON,15146.0,11486.0,4923.0,11931.0,3196.0,42,491.0,5.826531426814335,0.7583520401426119,0.32503631321801135,0.7877327347154364,0.21101280866235309
45031,SC,DARLINGTON,102068.0,90847.0,41864.0,98473.0,3016.0,40,499.0,4.97727709949143,0.89006348708704,0.410157933926402,0.9647783830387585,0.0295489281655367
45033,SC,DILLON,91611.0,76202.0,10740.0,88778.0,2833.0,16,284.0,4.071104089164534,0.8317996747115521,0.11723482987850804,0.969075766010632,0.03092423398936809
45035,SC,DORCHESTER,38561.0,31965.0,14020.0,35317.0,3194.0,49,412.0,5.5029644837421205,0.8289463447524701,0.3635797826819844,0.9158735509971214,0.08282980213168746
45037,SC,EDGEFIELD,6931.0,2146.0,12.0,2606.0,4097.0,48,472.0,3.6072700425705597,0.30962343096234307,0.0017313518972731207,0.3759919203578127,0.591112393593998
45039,SC,FAIRFIELD,3646.0,5.0,0.0,2.0,3618.0,34,147.0,1.6167804616594585,0.0013713658804168952,0.0,0.0005485463521667581,0.9923203510696654
45041,SC,FLORENCE,66590.0,56202.0,10705.0,65021.0,1323.0,40,492.0,4.969569748763342,0.8440006006907944,0.16075987385493318,0.9764379035891275,0.019867848025229014
45043,SC,GEORGETOWN,3617.0,3101.0,5.0,3152.0,462.0,30,155.0,2.953961569248518,0.8573403372961017,0.0013823610727121925,0.8714404202377661,0.12773016311860658
45045,SC,GREENVILLE,11095.0,1956.0,485.0,2242.0,8602.0,63,823.0,3.1299941371940077,0.17629562866155926,0.04371338440739072,0.20207300585849483,0.7753041910770617
45047,SC,GREENWOOD,8465.0,69.0,2.0,40.0,8207.0,41,321.0,1.9575447544659983,0.008151210868281158,0.00023626698168930892,0.004725339633786178,0.9695215593620792
45049,SC,HAMPTON,31137.0,30026.0,21404.0,30271.0,451.0,26,203.0,3.818966596577594,0.9643189774223593,0.6874136878954299,0.9721874297459614,0.014484375501814561
45051,SC,HORRY,79885.0,69636.0,11939.0,71987.0,3468.0,57,937.0,5.012394834004189,0.8717030731676786,0.14945233773549477,0.9011328785128623,0.04341240533266571
45053,SC,JASPER,1917.0,1077.0,16.0,1157.0,732.0,24,107.0,3.7178053713081676,0.5618153364632238,0.008346374543557642,0.603547209181012,0.38184663536776214
45055,SC,KERSHAW,19318.0,6189.0,46.0,9808.0,9484.0,34,355.0,3.378453005436367,0.3203747799979294,0.002381198881871829,0.5077130137695414,0.49094109121027024
45057,SC,LANCASTER,19326.0,6333.0,1173.0,9809.0,9449.0,40,417.0,5.001019323312285,0.3276932629618131,0.060695436199937905,0.5075545896719446,0.4889268343164649
45059,SC,LAURENS,22451.0,30.0,11.0,368.0,22017.0,54,725.0,1.5924228761456967,0.001336243374459935,0.0004899559039686428,0.01639125206004187,0.9806690125161462
45061,SC,LEE,80789.0,67973.0,24509.0,77660.0,2850.0,46,344.0,4.875034267574004,0.8413645422025275,0.3033705083612868,0.9612694797559074,0.03527707980046788
45063,SC,LEXINGTON,19985.0,10484.0,4459.0,10432.0,9252.0,57,729.0,4.458294115460828,0.5245934450838129,0.2231173380035026,0.5219914936202151,0.46294721040780584
45065,SC,MCCORMICK,1381.0,0.0,0.0,2.0,1379.0,25,90.0,1.1812266705312047,0.0,0.0,0.001448225923244026,0.998551774076756
45067,SC,MARION,29604.0,25745.0,4356.0,27340.0,1323.0,30,180.0,4.8014664016474935,0.8696459937846237,0.147142278070531,0.9235238481286313,0.04468990676935549
45069,SC,MARLBORO,54169.0,44573.0,17901.0,51791.0,1941.0,28,211.0,5.406739760625767,0.8228507079695029,0.33046576455168086,0.9561003526001957,0.035832302608503015
45071,SC,NEWBERRY,30200.0,11957.0,0.0,17468.0,12688.0,42,538.0,4.287100934720581,0.3959271523178808,0.0,0.57841059602649,0.42013245033112584
45073,SC,OCONEE,14454.0,3514.0,13.0,5831.0,8532.0,54,628.0,3.861912731403207,0.24311609243116092,0.0008994050089940501,0.4034177390341774,0.5902864259028643
45075,SC,ORANGEBURG,117905.0,105491.0,46446.0,110162.0,7608.0,47,1083.0,5.153913209093177,0.894711844281413,0.39392731436325856,0.9343284847970824,0.06452652559263813
45077,SC,PICKENS,8636.0,822.0,8.0,1079.0,7513.0,66,832.0,2.3391673130324313,0.0951829550717925,0.0009263547938860583,0.12494210282538212,0.8699629458082445
45079,SC,RICHLAND,38318.0,29487.0,8561.0,33568.0,2802.0,50,335.0,5.675284512236492,0.7695339005167284,0.22341980270369016,0.8760373714703272,0.07312490213476695
45081,SC,SALUDA,19188.0,2331.0,6.0,2885.0,16248.0,50,595.0,2.7026743332889813,0.12148217636022514,0.00031269543464665416,0.15035438815926622,0.8467792370231395
45083,SC,SPARTANBURG,25034.0,6774.0,2056.0,8674.0,16258.0,66,1240.0,4.404709655754172,0.27059199488695374,0.08212830550451386,0.3464887752656387,0.6494367659982424
45085,SC,SUMTER,83847.0,68640.0,11950.0,78205.0,5514.0,36,464.0,4.966777699139057,0.8186339403914272,0.14252149748947487,0.932710770808735,0.06576263909263301
45087,SC,UNION,6962.0,3.0,3.0,8.0,6949.0,32,218.0,1.3498643259687824,0.00043091065785693766,0.00043091065785693766,0.0011490950876185005,0.9981327204826199
45089,SC,WILLIAMSBURG,85157.0,79928.0,20807.0,82532.0,2611.0,29,509.0,3.627841180798366,0.938595770165694,0.2443369306105194,0.9691745834165131,0.030661014361708375
45091,SC,YORK,19783.0,2392.0,1959.0,3215.0,16301.0,66,949.0,2.641490323822799,0.12091189405044736,0.09902441490168326,0.16251326896830612,0.8239902946974675
46003,SD,AURORA,220825.0,189403.0,186899.0,186899.0,31110.0,10,627.0,3.8569082857857264,0.8577063285406996,0.8463670327182158,0.8463670327182158,0.14088078795426243
46005,SD,BEADLE,398856.0,350930.0,350930.0,350930.0,47326.0,24,1029.0,3.058482275007717,0.8798413462502758,0.8798413462502758,0.8798413462502758,0.11865435144513307
46007,SD,BENNETT,124384.0,49675.0,39491.0,39491.0,71631.0,12,270.0,4.026406651719561,0.3993680859274505,0.31749260355029585,0.31749260355029585,0.5758859660406483
46009,SD,BON HOMME,193540.0,173088.0,173088.0,173088.0,20452.0,18,828.0,2.976830587211657,0.8943267541593469,0.8943267541593469,0.8943267541593469,0.1056732458406531
46011,SD,BROOKINGS,256872.0,226104.0,226104.0,226234.0,30142.0,47,1182.0,3.1587207116507514,0.8802204989255349,0.8802204989255349,0.88072658756112,0.11734248964464791
46013,SD,BROWN,636946.0,599401.0,599401.0,599412.0,37534.0,19,1235.0,2.676639761888423,0.9410546576946869,0.9410546576946869,0.941071927604538,0.0589280723954621
46015,SD,BRULE,241583.0,198448.0,198448.0,198448.0,42225.0,11,708.0,4.5370715288590056,0.8214485290769632,0.8214485290769632,0.8214485290769632,0.1747846495821312
46017,SD,BUFFALO,78860.0,62568.0,59811.0,59811.0,16292.0,9,137.0,5.483429603214412,0.7934060360131879,0.7584453461831093,0.7584453461831093,0.20659396398681207
46019,SD,BUTTE,79020.0,7408.0,7408.0,7414.0,71603.0,20,470.0,1.8346655219932222,0.09374841812199443,0.09374841812199443,0.09382434826626171,0.9061376866616047
46021,SD,CAMPBELL,226965.0,195230.0,190264.0,190264.0,31437.0,13,425.0,4.199374961990086,0.8601766792236688,0.8382966536690679,0.8382966536690679,0.138510343004428
46023,SD,CHARLES MIX,393464.0,347374.0,343566.0,343622.0,45742.0,34,1353.0,3.898900415035815,0.882860947888498,0.8731828070674826,0.8733251326677918,0.11625460016672427
46025,SD,CLARK,266647.0,241116.0,241116.0,241116.0,22565.0,9,709.0,3.105723170203428,0.9042516885620314,0.9042516885620314,0.9042516885620314,0.08462499109309311
46027,SD,CLAY,156581.0,149174.0,149174.0,149180.0,7296.0,30,608.0,2.4284933012480416,0.9526954100433641,0.9526954100433641,0.9527337288687644,0.04659569168673083
46029,SD,CODINGTON,164274.0,145507.0,145507.0,145507.0,17569.0,16,655.0,3.7031910985978054,0.8857579410010105,0.8857579410010105,0.8857579410010105,0.10694936508516259
46031,SD,CORSON,298394.0,169566.0,125704.0,125704.0,125100.0,14,498.0,4.92238588810151,0.5682620964228503,0.4212685241660355,0.4212685241660355,0.4192443547792516
46033,SD,CUSTER,30514.0,1074.0,0.0,10.0,29430.0,39,321.0,1.3173840751481762,0.035196958773022216,0.0,0.0003277184243298158,0.9644753228026479
46035,SD,DAVISON,167353.0,151534.0,151534.0,151534.0,15819.0,17,539.0,3.133100803969084,0.9054752529085227,0.9054752529085227,0.9054752529085227,0.09452474709147729
46037,SD,DAY,255609.0,237278.0,237278.0,237280.0,18329.0,16,729.0,3.2667362283718164,0.9282849977895927,0.9282849977895927,0.9282928222402185,0.07170717775978154
46039,SD,DEUEL,154124.0,135497.0,135497.0,135497.0,18259.0,33,726.0,3.448692678804414,0.8791427681607018,0.8791427681607018,0.8791427681607018,0.11846954400352963
46041,SD,DEWEY,157844.0,69261.0,50920.0,50922.0,88581.0,12,392.0,3.8377796339591517,0.4387939991383898,0.3225969945008996,0.32260966523909684,0.561193330123413
46043,SD,DOUGLAS,143143.0,128843.0,128843.0,128843.0,14300.0,20,629.0,3.1268979194405304,0.9000999000999002,0.9000999000999002,0.9000999000999002,0.0999000999000999
46045,SD,EDMUNDS,483062.0,448363.0,437853.0,437853.0,32506.0,22,643.0,3.5234344076292765,0.9281686408783966,0.9064115993392152,0.9064115993392152,0.06729156919815676
46047,SD,FALL RIVER,60662.0,6892.0,6892.0,6892.0,53770.0,26,262.0,1.8183460311634834,0.11361313507632455,0.11361313507632455,0.11361313507632455,0.8863868649236755
46049,SD,FAULK,379314.0,335305.0,332767.0,332767.0,43500.0,18,597.0,3.4058101063925643,0.8839773907633254,0.8772863643313983,0.8772863643313983,0.1146807130767649
46051,SD,GRANT,231296.0,207478.0,207478.0,207495.0,23031.0,24,816.0,3.1609392863814083,0.8970237271721084,0.8970237271721084,0.8970972260653016,0.0995737064194798
46053,SD,GREGORY,152162.0,92166.0,92166.0,92178.0,59984.0,15,737.0,4.641151460410956,0.6057097041311235,0.6057097041311235,0.6057885674478516,0.39421143255214836
46055,SD,HAAKON,231261.0,161077.0,119197.0,119197.0,58975.0,13,452.0,5.962140689279833,0.6965160576145567,0.5154219691171447,0.5154219691171447,0.2550148965887028
46057,SD,HAMLIN,163957.0,154972.0,154972.0,154990.0,8711.0,19,536.0,2.8548182296674662,0.9451990460913532,0.9451990460913532,0.9453088309739749,0.05312978402873924
46059,SD,HAND,547213.0,482612.0,461820.0,461820.0,63821.0,25,866.0,4.107728779796188,0.8819454216182729,0.8439492482817477,0.8439492482817477,0.11662917364901784
46061,SD,HANSON,163354.0,151506.0,151506.0,151506.0,11848.0,15,434.0,2.6433212356103732,0.9274704017042742,0.9274704017042742,0.9274704017042742,0.07252959829572585
46063,SD,HARDING,171484.0,54875.0,48216.0,48216.0,114833.0,13,269.0,2.9585300790439746,0.32000069977373985,0.28116908866133283,0.28116908866133283,0.6696426488768632
46065,SD,HUGHES,228472.0,201740.0,160164.0,162076.0,23663.0,24,513.0,5.700255678141864,0.8829966035225323,0.7010224447634721,0.7093910851220281,0.10357067824503659
46067,SD,HUTCHINSON,375382.0,351331.0,351331.0,351347.0,23432.0,42,1525.0,2.7322174842650777,0.935929266720301,0.935929266720301,0.9359718899680859,0.06242174638101987
46069,SD,HYDE,183798.0,148967.0,121391.0,121391.0,30799.0,12,356.0,6.265718020739625,0.810493041273572,0.6604587645132156,0.6604587645132156,0.1675698320982818
46071,SD,JACKSON,125981.0,46639.0,39946.0,39946.0,76967.0,11,257.0,3.283227910228899,0.37020661845833897,0.3170795596161326,0.3170795596161326,0.6109413324231432
46073,SD,JERAULD,187055.0,160002.0,160002.0,160002.0,26473.0,10,339.0,3.988849044645713,0.8553740878351287,0.8553740878351287,0.8553740878351287,0.1415252198551228
46075,SD,JONES,167090.0,110128.0,84709.0,84709.0,56962.0,12,252.0,5.462728837076697,0.6590939014902149,0.5069663055838171,0.5069663055838171,0.34090609850978515
46077,SD,KINGSBURY,281746.0,265454.0,265454.0,265457.0,15812.0,28,753.0,2.7529547073078375,0.9421748667239287,0.9421748667239287,0.9421855146124524,0.056121471112278436
46079,SD,LAKE,156416.0,146517.0,146517.0,146517.0,9691.0,32,650.0,2.700752245696172,0.9367136354337152,0.9367136354337152,0.9367136354337152,0.061956577332242226
46081,SD,LAWRENCE,28938.0,0.0,0.0,20.0,28914.0,38,373.0,1.1912455134954145,0.0,0.0,0.0006911327666044647,0.9991706406800747
46083,SD,LINCOLN,205748.0,197868.0,197868.0,197927.0,7776.0,29,1130.0,2.356244558345581,0.9617007212706806,0.9617007212706806,0.9619874798296946,0.037793806015125296
46085,SD,LYMAN,378469.0,298385.0,253503.0,253903.0,75942.0,18,767.0,6.629482164342458,0.7884001067458629,0.6698117943609648,0.6708686840930169,0.2006558000787383
46087,SD,MCCOOK,230717.0,217704.0,217704.0,217704.0,13013.0,17,770.0,2.6202000414517967,0.9435975675827962,0.9435975675827962,0.9435975675827962,0.05640243241720376
46089,SD,MCPHERSON,276785.0,200333.0,198406.0,198416.0,74629.0,22,548.0,4.5507740940884265,0.7237856097693155,0.716823527286522,0.7168596564120165,0.26962805065303397
46091,SD,MARSHALL,235824.0,201539.0,201539.0,201539.0,32779.0,26,689.0,3.3302266217056595,0.8546161544202456,0.8546161544202456,0.8546161544202456,0.13899772711852906
46093,SD,MEADE,300087.0,58679.0,46480.0,46506.0,235383.0,23,700.0,2.699104723206715,0.19553996007824398,0.15488841569278242,0.15497505723340232,0.7843825290665707
46095,SD,MELLETTE,92786.0,23295.0,21658.0,21661.0,69488.0,13,216.0,2.6655380842318577,0.25106158256633543,0.23341883473799926,0.23345116720194856,0.7489060849697152
46097,SD,MINER,198212.0,180827.0,180827.0,180827.0,17156.0,10,533.0,3.23500496208103,0.9122908804714145,0.9122908804714145,0.9122908804714145,0.08655379089056162
46099,SD,MINNEHAHA,239482.0,212960.0,212960.0,213008.0,26259.0,36,1388.0,2.882076804084864,0.8892526369413986,0.8892526369413986,0.889453069541761,0.10964915943578223
46101,SD,MOODY,165697.0,157566.0,157566.0,157572.0,8125.0,25,557.0,2.3588550988915573,0.9509285020247802,0.9509285020247802,0.9509647126984797,0.04903528730152024
46102,SD,OGLALA LAKOTA,48664.0,19088.0,16686.0,16687.0,28897.0,11,107.0,3.423897297539096,0.3922406707216834,0.3428818017425612,0.3429023508137432,0.5938065099457505
46103,SD,PENNINGTON,150261.0,74701.0,54945.0,54947.0,70163.0,31,479.0,4.596420059333686,0.4971416402126966,0.3656637450835546,0.36567705525718586,0.4669408562434697
46105,SD,PERKINS,260191.0,92434.0,70668.0,70668.0,166601.0,13,431.0,3.120899563529666,0.35525440926088914,0.2716004781103113,0.2716004781103113,0.6403027007083258
46107,SD,POTTER,346812.0,327557.0,286641.0,286641.0,19255.0,11,490.0,4.599820794821107,0.9444800064588307,0.8265025431645964,0.8265025431645964,0.05551999354116928
46109,SD,ROBERTS,338568.0,314253.0,314253.0,314262.0,24040.0,26,1051.0,2.6654317355667585,0.9281828170411852,0.9281828170411852,0.9282093995888566,0.07100493844663405
46111,SD,SANBORN,137179.0,113289.0,113289.0,113341.0,23838.0,20,418.0,3.2720867656410095,0.8258479796470305,0.8258479796470305,0.8262270464138097,0.1737729535861903
46115,SD,SPINK,639587.0,587062.0,579576.0,580782.0,45494.0,22,1144.0,3.4429930649633116,0.9178766923030017,0.9061722642892992,0.908057856085255,0.0711302762563967
46117,SD,STANLEY,171737.0,133070.0,112930.0,112930.0,38667.0,12,206.0,4.053831908612773,0.7748475867168985,0.6575752458701386,0.6575752458701386,0.22515241328310148
46119,SD,SULLY,393729.0,379755.0,290419.0,290419.0,12574.0,11,413.0,4.456691548149986,0.9645085833149196,0.7376114027668778,0.7376114027668778,0.03193567148978104
46121,SD,TODD,83737.0,22051.0,19574.0,19574.0,61686.0,11,200.0,2.857282450331642,0.2633363984857351,0.23375568744999223,0.23375568744999223,0.7366636015142649
46123,SD,TRIPP,321859.0,198877.0,193953.0,193953.0,121628.0,13,996.0,5.415694464094828,0.6179010063412861,0.6026023817882986,0.6026023817882986,0.37789218260169827
46125,SD,TURNER,342887.0,326082.0,326082.0,326082.0,16805.0,37,1124.0,2.492095213426887,0.9509896846482953,0.9509896846482953,0.9509896846482953,0.04901031535170479
46127,SD,UNION,159969.0,154727.0,154727.0,154733.0,5234.0,21,732.0,2.31642506999017,0.9672311510355132,0.9672311510355132,0.9672686583025462,0.03271883927510955
46129,SD,WALWORTH,225231.0,200306.0,195003.0,195003.0,24488.0,14,383.0,4.3018931530789075,0.8893358374291284,0.8657911211156546,0.8657911211156546,0.10872393231837536
46135,SD,YANKTON,177475.0,157871.0,157871.0,157877.0,18998.0,36,924.0,2.934678698738092,0.889539371742499,0.889539371742499,0.8895731793210311,0.1070460628257501
46137,SD,ZIEBACH,135428.0,77646.0,55124.0,55124.0,55242.0,8,194.0,4.274946271716063,0.5733378621850725,0.4070354727235136,0.4070354727235136,0.4079067844168119
47001,TN,ANDERSON,10501.0,5.0,1.0,32.0,10462.0,52,430.0,1.5715730168795101,0.00047614512903533,9.522902580706599e-05,0.0030473288258261117,0.9962860679935244
47003,TN,BEDFORD,72623.0,24659.0,19058.0,24681.0,47923.0,44,1036.0,3.2723702303326956,0.3395480770554783,0.26242375005163654,0.33985101138757695,0.6598873635074288
47005,TN,BENTON,20413.0,14403.0,9864.0,14407.0,6003.0,28,267.0,4.113396084186612,0.7055797775927105,0.48322147651006714,0.705775731151717,0.29407730367902807
47007,TN,BLEDSOE,25745.0,7101.0,2875.0,7101.0,18641.0,34,447.0,2.972168006834291,0.275820547679161,0.11167216935327248,0.275820547679161,0.7240629248397747
47009,TN,BLOUNT,32612.0,4319.0,2924.0,4506.0,28090.0,58,953.0,2.240414785540771,0.1324359131607997,0.08966024776156016,0.13816999877345762,0.8613393842757268
47011,TN,BRADLEY,18877.0,3198.0,1548.0,3252.0,15621.0,54,626.0,2.518194761548098,0.16941251258144832,0.08200455580865604,0.17227313662128516,0.8275149653016899
47013,TN,CAMPBELL,9977.0,257.0,1.0,262.0,9715.0,42,339.0,1.5622318925801502,0.02575924626641275,0.00010023053021950487,0.026260398917510273,0.9737396010824897
47015,TN,CANNON,31048.0,17986.0,13006.0,17992.0,13025.0,36,480.0,3.6599362297931197,0.5792965730481835,0.4188997681010049,0.5794898222107704,0.41951172378253027
47017,TN,CARROLL,110576.0,100666.0,68336.0,100730.0,9836.0,41,559.0,4.595311818063445,0.9103783822891043,0.6180002893937202,0.9109571697294169,0.08895239473303429
47019,TN,CARTER,6215.0,796.0,134.0,835.0,5380.0,39,341.0,2.1360009694783995,0.12807723250201125,0.021560740144810943,0.13435237329042637,0.8656476267095736
47021,TN,CHEATHAM,14105.0,4531.0,3375.0,4549.0,9054.0,59,451.0,3.409616010442438,0.32123360510457283,0.239276852180078,0.32250974831619994,0.6419000354484226
47023,TN,CHESTER,37460.0,30956.0,24737.0,30958.0,6501.0,33,308.0,4.325875899930118,0.8263747997864389,0.6603577148958889,0.8264281900694074,0.1735451147891084
47025,TN,CLAIBORNE,28342.0,732.0,49.0,782.0,27560.0,43,831.0,1.379358299067309,0.025827393973608073,0.0017288829299273163,0.027591560228635948,0.972408439771364
47027,TN,CLAY,14905.0,2371.0,0.0,2375.0,12529.0,26,319.0,1.8180425955914352,0.1590741361959074,0.0,0.15934250251593424,0.8405904059040591
47029,TN,COCKE,15031.0,1753.0,1165.0,1881.0,13149.0,45,605.0,2.167655291215028,0.11662564034329054,0.07750648659437163,0.12514137449271506,0.8747920963342426
47031,TN,COFFEE,68797.0,47114.0,29038.0,47183.0,21609.0,44,837.0,4.209710525624332,0.6848263732430193,0.42208235824236523,0.6858293239530794,0.31409799845923514
47033,TN,CROCKETT,138737.0,134615.0,113063.0,134631.0,4105.0,28,458.0,4.025508781772412,0.9702891081686933,0.8149448236591537,0.9704044342893389,0.02958835782812083
47035,TN,CUMBERLAND,34808.0,4225.0,2538.0,4270.0,30494.0,50,712.0,2.0710180137830934,0.12138014249597794,0.07291427258101586,0.12267294874741438,0.8760629740289588
47037,TN,DAVIDSON,7309.0,659.0,547.0,696.0,6585.0,57,410.0,1.9377714652186637,0.09016281297031058,0.07483923929402107,0.09522506498837051,0.9009440415925571
47039,TN,DECATUR,26428.0,15071.0,11117.0,15076.0,11352.0,24,292.0,3.315944261618346,0.5702663841380354,0.420652338428939,0.5704555774178901,0.4295444225821099
47041,TN,DE KALB,21794.0,6790.0,3843.0,6856.0,14919.0,44,529.0,2.9518900595926847,0.3115536386161329,0.17633293567036798,0.3145819950445077,0.6845462053776269
47043,TN,DICKSON,30076.0,3883.0,2515.0,3955.0,25760.0,47,821.0,2.4331153096805216,0.12910626413086845,0.08362149221971006,0.13150019949461364,0.8564968745843862
47045,TN,DYER,230784.0,227400.0,182616.0,227402.0,3382.0,30,514.0,2.8544401893870956,0.9853369384359401,0.7912853577371048,0.9853456045479756,0.014654395452024405
47047,TN,FAYETTE,118019.0,100203.0,81777.0,100210.0,17787.0,40,615.0,4.407412836128503,0.8490412560689381,0.6929138528542015,0.8491005685525213,0.1507130207847889
47049,TN,FENTRESS,21324.0,1949.0,875.0,1967.0,19338.0,43,478.0,2.1663375988417948,0.09139936222097167,0.04103357719002063,0.09224348152316639,0.9068655036578503
47051,TN,FRANKLIN,69192.0,55268.0,36242.0,55318.0,13854.0,45,720.0,4.453978717909784,0.7987628627587005,0.5237888773268586,0.7994854896519829,0.20022545959070412
47053,TN,GIBSON,272142.0,262166.0,190001.0,262188.0,9941.0,43,940.0,3.954906232631506,0.963342666696063,0.6981686031557055,0.9634235068456909,0.03652872397498365
47055,TN,GILES,59639.0,18278.0,9103.0,18374.0,41143.0,42,1084.0,2.8386973778176054,0.30647730511913346,0.15263502070792603,0.308086990056842,0.6898673686681533
47057,TN,GRAINGER,17719.0,1277.0,13.0,1459.0,16237.0,46,732.0,1.8077076160537897,0.07206952988317625,0.0007336757153338225,0.08234098989784977,0.9163609684519443
47059,TN,GREENE,73371.0,7424.0,2113.0,7505.0,65826.0,61,2159.0,2.0368529287987145,0.10118439165337803,0.02879884423000913,0.1022883700644669,0.8971664554115386
47061,TN,GRUNDY,7865.0,3063.0,1821.0,3066.0,4797.0,40,202.0,3.3593539549376574,0.389446916719644,0.23153210425937698,0.3898283534647171,0.6099173553719008
47063,TN,HAMBLEN,20142.0,6480.0,3443.0,6491.0,13651.0,31,407.0,2.980497099109362,0.32171581769436997,0.17093635190149936,0.32226194022440674,0.6777380597755933
47065,TN,HAMILTON,12048.0,489.0,157.0,509.0,11539.0,45,339.0,1.753794586952383,0.04058764940239044,0.01303120849933599,0.0422476759628154,0.9577523240371846
47067,TN,HANCOCK,10240.0,27.0,0.0,29.0,10211.0,31,294.0,1.3820265961015705,0.00263671875,0.0,0.00283203125,0.99716796875
47069,TN,HARDEMAN,35903.0,25590.0,21290.0,25638.0,10262.0,36,397.0,4.3775458755024,0.7127538088739103,0.5929866584965044,0.7140907445060302,0.28582569701696237
47071,TN,HARDIN,33493.0,19423.0,17191.0,21430.0,12063.0,23,310.0,3.089916676017414,0.5799122204639775,0.5132714298510136,0.6398351894425701,0.36016481055742994
47073,TN,HAWKINS,31936.0,905.0,366.0,982.0,30896.0,52,1331.0,1.580741413395854,0.028337925851703406,0.011460420841683366,0.030748997995991983,0.967434869739479
47075,TN,HAYWOOD,210791.0,206999.0,183570.0,207009.0,3779.0,33,486.0,3.409442334069287,0.9820106171515862,0.8708626079861095,0.9820580575071991,0.017927710386117054
47077,TN,HENDERSON,42161.0,28844.0,22297.0,28916.0,13241.0,27,499.0,4.144757406185393,0.6841393705082897,0.5288536799411778,0.6858471098882853,0.3140580157017149
47079,TN,HENRY,101627.0,86374.0,52501.0,86495.0,14358.0,41,767.0,3.755195348733265,0.84991193285249,0.5166048392651559,0.8511025613272063,0.1412813523965088
47081,TN,HICKMAN,35181.0,15176.0,11288.0,15206.0,19968.0,54,577.0,3.0138673495161656,0.431369204968591,0.3208550069639862,0.4322219379778858,0.5675790909866121
47083,TN,HOUSTON,11761.0,123.0,123.0,133.0,11621.0,28,252.0,1.340545702558853,0.010458294362724259,0.010458294362724259,0.011308562197092083,0.9880962503188504
47085,TN,HUMPHREYS,21490.0,5846.0,2968.0,5936.0,15551.0,37,454.0,2.909507900009828,0.27203350395532805,0.13811074918566776,0.2762214983713355,0.7236389018147976
47087,TN,JACKSON,13002.0,707.0,314.0,734.0,12266.0,54,524.0,1.6557248357723091,0.05437624980772189,0.024150130749115522,0.05645285340716813,0.943393324103984
47089,TN,JEFFERSON,29842.0,6275.0,3204.0,6306.0,23526.0,42,729.0,2.3739074383970746,0.2102741103143221,0.10736545807921721,0.2113129146840024,0.7883519871322298
47091,TN,JOHNSON,7876.0,632.0,1.0,658.0,7129.0,41,425.0,1.6769608994469931,0.08024377856780092,0.00012696800406297612,0.0835449466734383,0.9051549009649569
47093,TN,KNOX,15113.0,10.0,7.0,85.0,14887.0,60,909.0,1.6731722782862828,0.0006616819956328988,0.0004631773969430292,0.00562429696287964,0.9850459868986965
47095,TN,LAKE,63769.0,63769.0,56252.0,63769.0,0.0,4,66.0,2.515997032860307,1.0,0.8821214069532218,1.0,0.0
47097,TN,LAUDERDALE,178137.0,174115.0,154940.0,174118.0,4016.0,39,443.0,3.1666413256852928,0.9774218719300314,0.869780000785912,0.9774387129007449,0.022544446128541517
47099,TN,LAWRENCE,106479.0,75284.0,43973.0,75672.0,30775.0,59,1230.0,3.9952040249427596,0.7070314334281877,0.4129734501638821,0.7106753444341137,0.28902412682312945
47101,TN,LEWIS,11514.0,3915.0,3140.0,3927.0,7586.0,25,213.0,2.891285831596317,0.34002084418968215,0.2727114816744832,0.3410630536737884,0.6588500955358694
47103,TN,LINCOLN,89787.0,52194.0,30147.0,52528.0,37057.0,60,1297.0,4.923402521194768,0.5813090981990712,0.335761301747469,0.585029013108802,0.4127212179936962
47105,TN,LOUDON,21184.0,7115.0,3029.0,7157.0,14004.0,52,679.0,3.2674888433512628,0.3358666918429003,0.14298527190332327,0.33784932024169184,0.6610649546827795
47107,TN,MCMINN,45927.0,13392.0,7864.0,13460.0,32410.0,47,816.0,3.0564171019322615,0.2915931804820694,0.1712282535327803,0.29307379101617786,0.7056851089772901
47109,TN,MCNAIRY,36111.0,27839.0,23104.0,27856.0,8255.0,32,424.0,3.9995679959029986,0.7709285259339259,0.6398050455539863,0.7713992966132204,0.22860070338677965
47111,TN,MACON,42154.0,15745.0,10188.0,15751.0,22471.0,30,713.0,4.2406743990869185,0.3735114105422973,0.24168524932390759,0.3736537457892489,0.5330692223751008
47113,TN,MADISON,100369.0,92449.0,72252.0,92468.0,7901.0,48,537.0,4.144155157064665,0.9210911735695284,0.7198637029361655,0.9212804750470763,0.07871952495292371
47115,TN,MARION,25284.0,16958.0,10572.0,17671.0,7300.0,27,227.0,4.492417415979307,0.6707008384749249,0.41813004271476034,0.6989004904287296,0.2887201392184781
47117,TN,MARSHALL,41857.0,11691.0,6726.0,11700.0,30154.0,42,755.0,2.8376235648040358,0.2793081205055307,0.16068996822514753,0.2795231383042263,0.7204051890962085
47119,TN,MAURY,68593.0,31504.0,20524.0,31575.0,36984.0,55,1130.0,4.010329966141617,0.4592888487163413,0.29921420553117667,0.460323939760617,0.5391803828378989
47121,TN,MEIGS,12292.0,2326.0,870.0,2625.0,9667.0,24,249.0,3.342143790701963,0.18922876667751384,0.07077774162056623,0.21355353075170844,0.7864464692482915
47123,TN,MONROE,32842.0,11543.0,6389.0,11566.0,21270.0,60,722.0,3.5005630798728395,0.35147067779063396,0.19453748249193106,0.3521710005480787,0.6476463065586748
47125,TN,MONTGOMERY,95645.0,70028.0,45117.0,70043.0,23813.0,41,709.0,4.699970542044688,0.7321658215275236,0.47171310575565895,0.7323226514715876,0.2489727638663809
47127,TN,MOORE,9274.0,0.0,0.0,0.0,9274.0,15,185.0,1.2418779402670252,0.0,0.0,0.0,1.0
47129,TN,MORGAN,13884.0,1633.0,934.0,1669.0,12187.0,31,390.0,2.0289365936371015,0.11761740132526649,0.0672716796312302,0.12021031403053875,0.8777729760875829
47131,TN,OBION,209578.0,203022.0,131676.0,203023.0,6555.0,30,571.0,2.933534799914992,0.9687180906392847,0.6282911374285469,0.9687228621324757,0.031277137867524264
47133,TN,OVERTON,28566.0,3297.0,2435.0,3407.0,25156.0,45,720.0,2.1578697412575285,0.11541692921655114,0.08524119582720717,0.11926766085556256,0.8806273191906462
47135,TN,PERRY,8336.0,4134.0,1948.0,4149.0,4187.0,37,217.0,3.4097797214474155,0.4959213051823417,0.2336852207293666,0.49772072936660267,0.5022792706333973
47137,TN,PICKETT,10599.0,519.0,307.0,519.0,10080.0,17,201.0,1.8857646591186745,0.048966883668270594,0.02896499669780168,0.048966883668270594,0.9510331163317294
47139,TN,POLK,10046.0,5121.0,2012.0,5132.0,4911.0,40,242.0,3.4739513854730197,0.509755126418475,0.2002787178976707,0.5108500895878957,0.4888512840931714
47141,TN,PUTNAM,19910.0,2617.0,1556.0,2646.0,17247.0,36,620.0,2.0807273603499743,0.13144148669010547,0.07815168257157207,0.132898041185334,0.8662481165243596
47143,TN,RHEA,22195.0,7781.0,4351.0,7805.0,14390.0,27,404.0,2.940733637504041,0.3505744537057896,0.19603514305023653,0.35165577832845235,0.6483442216715476
47145,TN,ROANE,8077.0,114.0,2.0,174.0,7883.0,46,539.0,1.844564042273575,0.014114151293797202,0.0002476166893648632,0.021542651974743098,0.9759811811316083
47147,TN,ROBERTSON,153831.0,129049.0,85039.0,129143.0,21516.0,51,1198.0,4.312511678792921,0.8389011317614785,0.5528079515832309,0.8395121919509072,0.13986777697603214
47149,TN,RUTHERFORD,50854.0,19161.0,12303.0,19203.0,31577.0,55,960.0,3.325680036228892,0.3767845203917096,0.2419278719471428,0.3776104141267157,0.6209344397687497
47151,TN,SCOTT,6285.0,15.0,0.0,21.0,6259.0,18,232.0,1.7852621684595174,0.002386634844868735,0.0,0.003341288782816229,0.9958631662688942
47153,TN,SEQUATCHIE,2755.0,42.0,3.0,69.0,2685.0,37,207.0,1.7265970813041165,0.015245009074410164,0.001088929219600726,0.025045372050816698,0.9745916515426497
47155,TN,SEVIER,11576.0,194.0,12.0,270.0,11272.0,45,514.0,1.6178692315506011,0.016758811333794057,0.0010366275051831375,0.023324118866620596,0.9737387698686939
47157,TN,SHELBY,46874.0,42828.0,37339.0,42830.0,4013.0,49,378.0,3.933752987258959,0.9136834919144942,0.7965823270896446,0.9137261594914025,0.08561249306651875
47159,TN,SMITH,40312.0,21862.0,12843.0,21866.0,17925.0,36,551.0,4.148593022185546,0.5423199047430045,0.31858999801547927,0.5424191307799167,0.4446566779122842
47161,TN,STEWART,10160.0,1273.0,895.0,1282.0,8806.0,32,292.0,2.029210146924245,0.12529527559055118,0.08809055118110236,0.12618110236220473,0.8667322834645669
47163,TN,SULLIVAN,28534.0,1665.0,131.0,1700.0,26820.0,44,984.0,1.6623609408393052,0.05835144038690685,0.004591014228639518,0.059578047241886874,0.9399313100161211
47165,TN,SUMNER,61729.0,30051.0,20625.0,30117.0,30659.0,64,1020.0,4.072591410014129,0.4868214291499943,0.334121725607089,0.487890618671937,0.4966709326248603
47167,TN,TIPTON,155631.0,147213.0,116985.0,147225.0,8394.0,35,561.0,3.8731051283659546,0.9459105191125161,0.7516818628679376,0.9459876245735104,0.05393526996549531
47169,TN,TROUSDALE,10173.0,2446.0,1650.0,2455.0,7718.0,17,231.0,2.342890663368049,0.24044038140174973,0.16219404305514598,0.2413250761820505,0.7586749238179494
47173,TN,UNION,10964.0,399.0,0.0,424.0,10530.0,34,425.0,1.71568459577739,0.03639182780007297,0.0,0.03867201751185698,0.9604159066034295
47175,TN,VAN BUREN,7213.0,229.0,0.0,344.0,6853.0,43,369.0,1.5623956916931636,0.03174823235824206,0.0,0.047691667821988075,0.9500901150700125
47177,TN,WARREN,56110.0,33089.0,22937.0,33145.0,22944.0,63,852.0,3.7568422722753563,0.5897166280520406,0.4087863126002495,0.5907146676171805,0.408911067545892
47179,TN,WASHINGTON,42672.0,5667.0,2546.0,5802.0,36604.0,65,1387.0,2.304805083537623,0.1328037120359955,0.059664416947881514,0.1359673790776153,0.8577990251218598
47181,TN,WAYNE,27892.0,6167.0,3448.0,6178.0,21714.0,36,463.0,2.817256558095417,0.22110282518284813,0.1236196758927291,0.22149720349921123,0.7785027965007888
47183,TN,WEAKLEY,201292.0,189784.0,128690.0,189786.0,11506.0,33,763.0,3.2772070502007753,0.942829322576158,0.6393199928462134,0.9428392583907954,0.05716074160920454
47185,TN,WHITE,37391.0,11970.0,6795.0,11989.0,25401.0,38,731.0,3.3259423903028926,0.3201305126902196,0.18172822336925998,0.3206386563611564,0.6793345992351101
47187,TN,WILLIAMSON,44018.0,12238.0,6875.0,12422.0,31572.0,63,974.0,2.6357028562733857,0.2780226271070926,0.15618610568403835,0.28220273524467265,0.7172520332591212
47189,TN,WILSON,38152.0,4097.0,2541.0,4149.0,33965.0,44,1047.0,2.2134115501061142,0.1073862444957014,0.06660201300062907,0.10874921367162928,0.8902547703921158
48001,TX,ANDERSON,48300.0,123.0,23.0,127.0,48119.0,49,1014.0,1.3502436812405547,0.002546583850931677,0.0004761904761904762,0.002629399585921325,0.9962525879917185
48003,TX,ANDREWS,8536.0,6946.0,6919.0,6919.0,1590.0,12,38.0,1.6511650317718747,0.813730084348641,0.8105670103092784,0.8105670103092784,0.18626991565135895
48005,TX,ANGELINA,8850.0,379.0,191.0,436.0,8289.0,37,542.0,2.219026866698808,0.04282485875706215,0.0215819209039548,0.04926553672316384,0.9366101694915254
48009,TX,ARCHER,48721.0,20091.0,20091.0,20091.0,28630.0,10,193.0,3.1843786519641695,0.4123683832433653,0.4123683832433653,0.4123683832433653,0.5876316167566347
48011,TX,ARMSTRONG,48847.0,33202.0,33202.0,33202.0,15645.0,7,101.0,4.122014421579478,0.679714209675108,0.679714209675108,0.679714209675108,0.320285790324892
48013,TX,ATASCOSA,27878.0,7709.0,7491.0,7581.0,20072.0,35,519.0,3.7059530979082544,0.2765262931343712,0.2687065069230217,0.27193485902862474,0.7199942607073678
48015,TX,AUSTIN,41108.0,6505.0,5413.0,5462.0,34582.0,50,1072.0,2.7225659226068117,0.15824170477765884,0.13167753235379975,0.13286951444974215,0.8412474457526515
48017,TX,BAILEY,84290.0,56857.0,56530.0,56853.0,27431.0,23,278.0,5.7458917145955954,0.6745402776130027,0.6706608138569226,0.6744928223988611,0.32543599477992646
48019,TX,BANDERA,1889.0,397.0,0.0,76.0,1424.0,20,132.0,3.658048512984536,0.21016410799364743,0.0,0.04023292747485442,0.7538380095288513
48021,TX,BASTROP,20734.0,4950.0,53.0,118.0,15725.0,55,899.0,2.2605758934667586,0.23873830423459053,0.0025561879039259186,0.005691135333269027,0.758416128098775
48023,TX,BAYLOR,38228.0,31032.0,31032.0,31032.0,7196.0,14,153.0,2.2671223487538903,0.8117610128701476,0.8117610128701476,0.8117610128701476,0.18823898712985246
48025,TX,BEE,30519.0,17690.0,17690.0,17690.0,12829.0,19,249.0,4.682783877277143,0.5796389134637439,0.5796389134637439,0.5796389134637439,0.4203610865362561
48027,TX,BELL,130699.0,100938.0,98878.0,99685.0,29731.0,55,1455.0,4.174319728406012,0.7722935906166076,0.756532184637985,0.7627066771742707,0.22747687434486874
48029,TX,BEXAR,32943.0,15726.0,15261.0,15287.0,16995.0,42,728.0,4.692140051172753,0.47737000273199165,0.46325471268554774,0.46404395470965,0.5158910846006739
48031,TX,BLANCO,3188.0,187.0,0.0,125.0,3000.0,19,159.0,2.3923070997804414,0.05865746549560853,0.0,0.039209535759096616,0.9410288582183187
48033,TX,BORDEN,29501.0,26267.0,26267.0,26267.0,3234.0,8,38.0,2.1992926438783713,0.8903765974034779,0.8903765974034779,0.8903765974034779,0.10962340259652215
48035,TX,BOSQUE,27193.0,3081.0,2767.0,2767.0,24112.0,24,428.0,2.182503118347311,0.11330121722502115,0.10175412790056264,0.10175412790056264,0.8866987827749788
48037,TX,BOWIE,46045.0,2440.0,1678.0,2461.0,43578.0,46,788.0,1.9206320515081405,0.052991638614398956,0.0364426104897383,0.053447714192637635,0.9464219784992942
48039,TX,BRAZORIA,66305.0,37459.0,32853.0,36806.0,28744.0,56,1015.0,6.084026152691627,0.5649498529522661,0.49548299524922707,0.555101425231883,0.4335118015232637
48041,TX,BRAZOS,16441.0,198.0,17.0,165.0,16229.0,28,441.0,1.6848386629095398,0.012043063074022262,0.0010340003649413052,0.010035885895018552,0.9871054072136731
48043,TX,BREWSTER,5522.0,1465.0,1465.0,1468.0,4054.0,17,113.0,2.738533074588877,0.2653024266570083,0.2653024266570083,0.26584570807678376,0.7341542919232162
48045,TX,BRISCOE,29039.0,23918.0,23918.0,23918.0,5121.0,9,64.0,3.3830186103090747,0.8236509521677744,0.8236509521677744,0.8236509521677744,0.17634904783222563
48047,TX,BROOKS,3622.0,180.0,180.0,180.0,3442.0,12,94.0,2.1646438479797228,0.04969630038652678,0.04969630038652678,0.04969630038652678,0.9503036996134733
48049,TX,BROWN,13354.0,1949.0,1562.0,1562.0,11405.0,17,268.0,2.0982077302542357,0.14594877939194248,0.11696869851729819,0.11696869851729819,0.8540512206080575
48051,TX,BURLESON,52359.0,21680.0,21677.0,21680.0,30674.0,37,746.0,3.6740727407086036,0.4140644397333792,0.41400714299356367,0.4140644397333792,0.5858400657002617
48053,TX,BURNET,7415.0,475.0,126.0,535.0,6877.0,22,277.0,2.049997577656456,0.06405933917734322,0.016992582602832096,0.07215104517869184,0.9274443695212408
48055,TX,CALDWELL,32937.0,16536.0,16499.0,16584.0,16347.0,37,436.0,4.268168251091642,0.5020493669733127,0.5009260102620153,0.5035066945987795,0.4963111394480372
48057,TX,CALHOUN,27327.0,25632.0,25632.0,25632.0,1695.0,6,100.0,3.4569206165883872,0.9379734328685915,0.9379734328685915,0.9379734328685915,0.0620265671314085
48059,TX,CALLAHAN,18263.0,4917.0,4917.0,4917.0,13346.0,16,248.0,2.0162102317037096,0.26923287521217765,0.26923287521217765,0.26923287521217765,0.7307671247878224
48061,TX,CAMERON,126619.0,102207.0,100903.0,102184.0,7141.0,35,1022.0,5.760358381274739,0.8072011309519108,0.7969025185793601,0.8070194836477937,0.056397539073914656
48063,TX,CAMP,10094.0,106.0,0.0,90.0,9984.0,24,244.0,1.2979419661612221,0.010501287893798296,0.0,0.008916187834357044,0.9891024370913414
48065,TX,CARSON,161263.0,146636.0,145986.0,146632.0,14627.0,9,362.0,4.947454515003673,0.9092972349516008,0.9052665521539349,0.909272430749769,0.09070276504839919
48067,TX,CASS,22661.0,560.0,46.0,133.0,22046.0,31,520.0,1.8841055987740887,0.024712060368033185,0.0020299192445170115,0.005869114337407881,0.9728608622743922
48069,TX,CASTRO,207085.0,140531.0,140531.0,143531.0,61704.0,10,466.0,5.360557986287368,0.6786150614481976,0.6786150614481976,0.6931018663833691,0.2979646039066084
48071,TX,CHAMBERS,37219.0,24311.0,24294.0,24299.0,12897.0,22,270.0,2.2236631088377656,0.6531878879067143,0.6527311319487359,0.6528654719363766,0.3465165641204761
48073,TX,CHEROKEE,43168.0,220.0,130.0,271.0,42729.0,33,906.0,1.3490935408607962,0.005096367679762787,0.0030114899925871015,0.006277798369162342,0.9898304299481097
48075,TX,CHILDRESS,25943.0,22184.0,22184.0,22184.0,3759.0,9,79.0,1.952629697403569,0.8551054234282851,0.8551054234282851,0.8551054234282851,0.14489457657171492
48077,TX,CLAY,44808.0,20980.0,19305.0,19305.0,23828.0,32,460.0,2.551260427006775,0.4682199607212998,0.43083824317086233,0.43083824317086233,0.5317800392787002
48079,TX,COCHRAN,88905.0,88226.0,88226.0,88226.0,679.0,9,162.0,3.5870040011508095,0.9923626342725381,0.9923626342725381,0.9923626342725381,0.007637365727461897
48081,TX,COKE,19657.0,15737.0,15713.0,15725.0,3920.0,9,60.0,1.6729259184574452,0.8005799460751895,0.7993590069695274,0.7999694765223585,0.1994200539248105
48083,TX,COLEMAN,29591.0,18860.0,18836.0,18860.0,10731.0,28,195.0,2.465096597603793,0.6373559528234937,0.6365448954073873,0.6373559528234937,0.3626440471765064
48085,TX,COLLIN,63783.0,33683.0,32376.0,32996.0,30042.0,57,1177.0,4.160721449683131,0.5280874214132293,0.5075960679177838,0.5173165263471458,0.47100324537886273
48087,TX,COLLINGSWORTH,48864.0,37394.0,37394.0,37394.0,10440.0,12,124.0,2.9098273960539713,0.7652668631303209,0.7652668631303209,0.7652668631303209,0.21365422396856582
48089,TX,COLORADO,71847.0,50550.0,50009.0,50013.0,21293.0,29,751.0,4.443105868203782,0.7035784375130486,0.6960485476081116,0.6961042214706251,0.296365888624438
48091,TX,COMAL,2731.0,242.0,1.0,3.0,2489.0,21,151.0,2.000106741419951,0.08861222995239838,0.0003661662394727206,0.0010984987184181618,0.9113877700476016
48093,TX,COMANCHE,74981.0,29076.0,16579.0,16580.0,45904.0,28,754.0,4.679845209048613,0.3877782371534122,0.22110934770141769,0.22112268441338473,0.6122084261346208
48095,TX,CONCHO,40504.0,33353.0,33353.0,33661.0,6837.0,10,107.0,3.822467137837135,0.8234495358483113,0.8234495358483113,0.8310537230890777,0.16879814339324511
48097,TX,COOKE,106651.0,40503.0,37859.0,37955.0,64959.0,30,1213.0,3.442109785861511,0.37977140392495146,0.3549802627260879,0.3558803949330058,0.6090800836372843
48099,TX,CORYELL,58893.0,32863.0,32862.0,32872.0,26020.0,24,482.0,4.571594331624059,0.5580119878423582,0.5579950078956752,0.5581648073625048,0.4418182126908122
48101,TX,COTTLE,25897.0,21496.0,21496.0,21496.0,4401.0,6,57.0,2.38271321845945,0.8300575356218867,0.8300575356218867,0.8300575356218867,0.1699424643781133
48105,TX,CROCKETT,2412.0,0.0,0.0,0.0,2412.0,2,12.0,1.0,0.0,0.0,0.0,1.0
48107,TX,CROSBY,90713.0,88976.0,88976.0,88976.0,1737.0,8,202.0,1.9624283467086292,0.9808516971106677,0.9808516971106677,0.9808516971106677,0.01914830288933229
48109,TX,CULBERSON,3535.0,430.0,160.0,430.0,3105.0,8,23.0,1.5690519100413804,0.12164073550212164,0.04526166902404526,0.12164073550212164,0.8783592644978784
48111,TX,DALLAM,237067.0,167784.0,167035.0,167784.0,66323.0,18,461.0,5.313042428993347,0.7077492860668081,0.7045898416903238,0.7077492860668081,0.27976479223173195
48113,TX,DALLAS,17147.0,3038.0,1928.0,3033.0,14109.0,32,181.0,2.0125610033154144,0.17717384965300054,0.11243949378900099,0.17688225345541495,0.8228261503469995
48115,TX,DAWSON,75498.0,63521.0,63521.0,63521.0,11717.0,11,182.0,3.5519186068855038,0.8413600360274445,0.8413600360274445,0.8413600360274445,0.15519616413679832
48117,TX,DEAF SMITH,190649.0,143997.0,143997.0,143997.0,44825.0,13,596.0,5.272562695855037,0.755299004977734,0.755299004977734,0.755299004977734,0.2351179392496158
48119,TX,DELTA,37359.0,27156.0,22973.0,27157.0,10188.0,24,312.0,5.299690592566968,0.7268931181241468,0.6149254530367515,0.7269198854359057,0.27270537219947
48121,TX,DENTON,75169.0,35539.0,35456.0,35538.0,39553.0,50,1255.0,3.2686125129117247,0.47278798440846626,0.47168380582420943,0.4727746810520294,0.5261876571458979
48123,TX,DE WITT,24209.0,1827.0,966.0,966.0,22382.0,14,564.0,2.0986733529040005,0.07546780123094717,0.03990251559337436,0.03990251559337436,0.9245321987690528
48125,TX,DICKENS,10739.0,5217.0,5217.0,5217.0,5522.0,6,51.0,2.9157214131962457,0.4857994226650526,0.4857994226650526,0.4857994226650526,0.5142005773349474
48127,TX,DIMMIT,2564.0,900.0,900.0,900.0,1664.0,5,13.0,1.9118514363449122,0.35101404056162244,0.35101404056162244,0.35101404056162244,0.6489859594383776
48129,TX,DONLEY,34918.0,24387.0,24387.0,24387.0,8293.0,11,140.0,5.054479997646157,0.6984076980353973,0.6984076980353973,0.6984076980353973,0.23749928403688642
48131,TX,DUVAL,10488.0,32.0,27.0,30.0,10454.0,26,229.0,1.9648815139963405,0.0030511060259344014,0.002574370709382151,0.002860411899313501,0.9967581998474447
48133,TX,EASTLAND,28082.0,3701.0,3701.0,3711.0,24371.0,19,360.0,1.6918748038918694,0.13179260736414786,0.13179260736414786,0.13214870735702586,0.8678512926429741
48139,TX,ELLIS,152587.0,96033.0,93146.0,96043.0,52433.0,53,1223.0,5.741750464554225,0.6293655422807972,0.6104451886464771,0.6294310786633199,0.34362691448157445
48141,TX,EL PASO,11425.0,9627.0,9596.0,9630.0,1786.0,33,585.0,1.9381198905812627,0.8426258205689278,0.8399124726477024,0.8428884026258205,0.1563238512035011
48143,TX,ERATH,66415.0,13770.0,13283.0,13340.0,52629.0,33,880.0,2.769512941021263,0.20733268087028534,0.2,0.20085823985545434,0.7924264096966047
48145,TX,FALLS,138709.0,95113.0,90778.0,95123.0,43500.0,38,738.0,4.7855624946106845,0.6857017208688694,0.6544492426590921,0.6857738142442091,0.3136061827278691
48147,TX,FANNIN,115236.0,51708.0,48062.0,50990.0,63163.0,34,1249.0,3.861291753166444,0.4487139435593044,0.417074525321948,0.4424832517616023,0.5481186434794683
48149,TX,FAYETTE,53718.0,7680.0,6383.0,6426.0,46030.0,44,1382.0,2.415407940744022,0.1429688372612532,0.11882423023939834,0.11962470680218922,0.8568822368665997
48151,TX,FISHER,54974.0,49644.0,49644.0,49644.0,5330.0,11,131.0,2.478045798726057,0.9030450758540401,0.9030450758540401,0.9030450758540401,0.09695492414595991
48153,TX,FLOYD,118485.0,112357.0,112357.0,112357.0,6128.0,15,275.0,3.484867361487878,0.9482803730430013,0.9482803730430013,0.9482803730430013,0.05171962695699878
48155,TX,FOARD,9174.0,7075.0,7075.0,7075.0,2099.0,6,48.0,1.712271435848644,0.7712012208415087,0.7712012208415087,0.7712012208415087,0.2287987791584914
48157,TX,FORT BEND,76887.0,59745.0,58008.0,58053.0,17107.0,54,972.0,5.6330482753136675,0.777049436185571,0.7544578407273012,0.7550431152210386,0.22249535031929976
48159,TX,FRANKLIN,27552.0,1793.0,1787.0,1793.0,25759.0,15,312.0,2.0720784589631505,0.06507694541231127,0.06485917537746806,0.06507694541231127,0.9349230545876888
48161,TX,FREESTONE,31912.0,62.0,11.0,32.0,31832.0,26,539.0,1.4891981529204854,0.0019428428177488092,0.00034469791927801453,0.001002757583354224,0.9974931060416145
48163,TX,FRIO,56624.0,32084.0,31413.0,32216.0,23843.0,36,296.0,5.9226648053992195,0.5666148629556372,0.5547647640576434,0.5689460299519639,0.4210758688895168
48165,TX,GAINES,215277.0,182683.0,182683.0,182683.0,31042.0,40,441.0,4.840157229933218,0.848595065891851,0.848595065891851,0.848595065891851,0.14419561773900602
48167,TX,GALVESTON,4025.0,1117.0,1.0,1118.0,2907.0,23,186.0,2.4654678977394333,0.27751552795031054,0.0002484472049689441,0.2777639751552795,0.7222360248447205
48169,TX,GARZA,14732.0,12011.0,12011.0,12011.0,2721.0,7,88.0,2.202006306511413,0.8153000271517784,0.8153000271517784,0.8153000271517784,0.18469997284822157
48171,TX,GILLESPIE,12807.0,3068.0,1704.0,2650.0,9698.0,34,503.0,3.537262996457832,0.23955649254314046,0.13305223705785899,0.20691809166861871,0.7572421332084016
48173,TX,GLASSCOCK,24243.0,19087.0,18788.0,18788.0,5156.0,10,111.0,3.6162850752940763,0.7873200511487852,0.7749865940683909,0.7749865940683909,0.21267994885121477
48175,TX,GOLIAD,15141.0,2735.0,2735.0,2752.0,12389.0,19,297.0,2.1150126051002465,0.1806353609404927,0.1806353609404927,0.1817581401492636,0.8182418598507364
48177,TX,GONZALES,36039.0,8026.0,4979.0,4983.0,28009.0,29,606.0,2.635131974898998,0.22270318266322595,0.1381558866783207,0.13826687754932157,0.7771858264657732
48179,TX,GRAY,49932.0,39754.0,39754.0,39755.0,10177.0,14,156.0,5.239063315147806,0.7961627813826805,0.7961627813826805,0.7961828086197228,0.20381719138027718
48181,TX,GRAYSON,107425.0,57153.0,55375.0,56242.0,50222.0,44,1505.0,4.107406865371203,0.5320269955783105,0.515475913427973,0.5235466604607866,0.467507563416337
48183,TX,GREGG,2556.0,15.0,0.0,12.0,2532.0,13,160.0,1.3879815976242627,0.005868544600938967,0.0,0.004694835680751174,0.9906103286384976
48185,TX,GRIMES,41632.0,192.0,20.0,63.0,41416.0,38,829.0,1.4727991819927009,0.004611837048424289,0.00048039969254419675,0.00151325903151422,0.9948116833205227
48187,TX,GUADALUPE,53612.0,32144.0,29066.0,29094.0,21414.0,54,1079.0,4.701787602503148,0.5995672610609565,0.542154741475789,0.5426770126091174,0.3994255017533388
48189,TX,HALE,203327.0,176627.0,176621.0,177086.0,20909.0,16,586.0,4.980315896118349,0.8686844344332036,0.868654925317346,0.8709418817963183,0.10283435057813275
48191,TX,HALL,24001.0,21148.0,21148.0,21148.0,2853.0,9,112.0,1.8048574804696254,0.8811299529186284,0.8811299529186284,0.8811299529186284,0.11887004708137161
48193,TX,HAMILTON,30730.0,8865.0,6533.0,6542.0,21586.0,21,308.0,3.960100945064013,0.28848031239830785,0.21259355678490074,0.2128864301985031,0.7024406117800195
48195,TX,HANSFORD,179128.0,165561.0,163498.0,165561.0,13567.0,10,240.0,4.454227441939873,0.9242608637398955,0.9127439596266357,0.9242608637398955,0.0757391362601045
48197,TX,HARDEMAN,54528.0,43883.0,43283.0,43283.0,10645.0,12,129.0,3.0239269571497918,0.8047791960093896,0.7937756748826291,0.7937756748826291,0.19522080399061034
48199,TX,HARDIN,3851.0,167.0,6.0,101.0,3594.0,28,219.0,2.2628598572331238,0.04336535964684497,0.0015580368735393405,0.02622695403791223,0.9332640872500649
48201,TX,HARRIS,16103.0,478.0,18.0,224.0,15537.0,46,712.0,1.8075757712545737,0.029683909830466374,0.0011178041358753028,0.013910451468670435,0.9648512699496988
48203,TX,HARRISON,20404.0,158.0,77.0,268.0,20098.0,31,684.0,1.5412362294143942,0.007743579690256812,0.003773769849049206,0.013134679474612821,0.9850029405998824
48205,TX,HARTLEY,231040.0,189511.0,189511.0,189511.0,41174.0,13,284.0,4.047524016524045,0.8202519044321329,0.8202519044321329,0.8202519044321329,0.1782115650969529
48207,TX,HASKELL,101644.0,92138.0,92117.0,92117.0,9245.0,18,304.0,3.1514321868496453,0.9064775097398764,0.9062709063004211,0.9062709063004211,0.09095470465546417
48209,TX,HAYS,4342.0,78.0,17.0,108.0,4209.0,35,244.0,1.6270098771521768,0.017964071856287425,0.00391524643021649,0.02487333026255182,0.9693689543988945
48211,TX,HEMPHILL,10489.0,1376.0,1358.0,1376.0,9113.0,6,52.0,2.302903954601384,0.13118505100581562,0.12946896748975117,0.13118505100581562,0.8688149489941844
48213,TX,HENDERSON,48149.0,318.0,50.0,144.0,47717.0,38,1027.0,1.4980799369539453,0.006604498535795136,0.0010384431660055244,0.0029907163180959108,0.9910278510457122
48215,TX,HIDALGO,205209.0,156350.0,143541.0,155941.0,14111.0,54,1482.0,11.147582142440195,0.7619061542135092,0.6994868646112012,0.7599130642418217,0.06876404056352305
48217,TX,HILL,211979.0,166992.0,166865.0,166904.0,44955.0,48,1434.0,3.9150613226474773,0.787776147637266,0.7871770316871011,0.7873610121757344,0.2120728940130862
48219,TX,HOCKLEY,116676.0,110643.0,110614.0,110914.0,5733.0,34,404.0,2.8999111207009665,0.9482927080119304,0.9480441564674826,0.9506153793410813,0.04913606911447084
48221,TX,HOOD,20249.0,30.0,3.0,27.0,20217.0,36,507.0,1.2772999463076078,0.001481554644673811,0.0001481554644673811,0.00133339918020643,0.9984196750456813
48223,TX,HOPKINS,81095.0,1542.0,1466.0,1544.0,79481.0,25,1086.0,1.4065911780521194,0.019014735803687035,0.018077563351624637,0.019039398236636043,0.9800974166101486
48225,TX,HOUSTON,57627.0,2821.0,2727.0,2827.0,54708.0,37,999.0,1.9241956937594955,0.04895274784389262,0.047321568014992973,0.049056865705311745,0.949346660419595
48227,TX,HOWARD,58554.0,55234.0,55234.0,55234.0,3320.0,11,61.0,1.260349427974473,0.9433002015233801,0.9433002015233801,0.9433002015233801,0.05669979847661987
48229,TX,HUDSPETH,33836.0,9860.0,9062.0,9062.0,23974.0,10,77.0,3.134301278088777,0.2914056034992316,0.26782125546754937,0.26782125546754937,0.708535287859085
48231,TX,HUNT,117595.0,55435.0,41023.0,54549.0,62131.0,53,1755.0,4.874517314978329,0.47140609719801013,0.3488498660657341,0.46387176325524043,0.5283472936774523
48233,TX,HUTCHINSON,53404.0,49181.0,47956.0,49181.0,4223.0,8,99.0,4.5109644271814675,0.9209235263276159,0.8979851696502135,0.9209235263276159,0.07907647367238409
48237,TX,JACK,13044.0,3364.0,3220.0,3220.0,9680.0,9,235.0,2.151142821767296,0.2578963508126342,0.24685679239497088,0.24685679239497088,0.7421036491873658
48239,TX,JACKSON,101323.0,87343.0,87271.0,87271.0,13980.0,10,376.0,3.2799095082195637,0.8620254039063194,0.8613148051281545,0.8613148051281545,0.1379745960936806
48241,TX,JASPER,8508.0,116.0,53.0,190.0,8245.0,36,742.0,2.330199939402511,0.013634226610249177,0.006229431123648331,0.02233192289609779,0.9690879172543488
48245,TX,JEFFERSON,27698.0,9138.0,9128.0,9138.0,18560.0,28,331.0,2.9002765804211554,0.32991551736587477,0.3295544804679038,0.32991551736587477,0.6700844826341252
48247,TX,JIM HOGG,1294.0,0.0,0.0,0.0,1294.0,5,10.0,1.0,0.0,0.0,0.0,1.0
48249,TX,JIM WELLS,64387.0,44322.0,44322.0,50797.0,8703.0,16,274.0,5.687365058410243,0.6883687700933419,0.6883687700933419,0.7889325484958144,0.13516703682420364
48251,TX,JOHNSON,89854.0,46053.0,45788.0,45826.0,43771.0,56,1360.0,4.099206337722933,0.5125314398913794,0.5095822111425201,0.5100051194159414,0.4871346851559196
48253,TX,JONES,81677.0,64338.0,64270.0,64272.0,13849.0,15,300.0,3.5992303940537513,0.7877125751435533,0.7868800274251013,0.7869045141227028,0.16955813754178042
48255,TX,KARNES,31736.0,2498.0,2498.0,2498.0,29238.0,10,358.0,1.9176051820361004,0.07871187295185278,0.07871187295185278,0.07871187295185278,0.9212881270481472
48257,TX,KAUFMAN,61530.0,2508.0,2413.0,2431.0,58992.0,40,1083.0,1.7175872601412634,0.04076060458313018,0.039216642288314646,0.039509182512595484,0.9587518283764017
48259,TX,KENDALL,2866.0,244.0,10.0,74.0,2603.0,33,189.0,2.0104785886049403,0.0851360781577111,0.0034891835310537334,0.025819958129797628,0.9082344731332868
48263,TX,KENT,2776.0,772.0,772.0,772.0,2004.0,10,34.0,1.8060604934858189,0.2780979827089337,0.2780979827089337,0.2780979827089337,0.7219020172910663
48265,TX,KERR,2724.0,99.0,16.0,25.0,2616.0,44,287.0,1.8674041791528129,0.03634361233480176,0.005873715124816446,0.009177679882525698,0.960352422907489
48267,TX,KIMBLE,2570.0,529.0,0.0,0.0,2041.0,10,70.0,2.8829834319802217,0.20583657587548637,0.0,0.0,0.7941634241245136
48269,TX,KING,4364.0,0.0,0.0,0.0,4364.0,5,14.0,1.0,0.0,0.0,0.0,1.0
48271,TX,KINNEY,1965.0,0.0,0.0,0.0,1965.0,2,13.0,1.0,0.0,0.0,0.0,1.0
48273,TX,KLEBERG,36617.0,33313.0,33313.0,33313.0,3304.0,11,119.0,2.9988939866843656,0.9097686866755879,0.9097686866755879,0.9097686866755879,0.09023131332441216
48275,TX,KNOX,58402.0,51768.0,51768.0,51770.0,6630.0,10,182.0,2.3820909563890975,0.8864079997260368,0.8864079997260368,0.8864422451285915,0.11352350946885381
48277,TX,LAMAR,155590.0,76363.0,64369.0,75117.0,79215.0,39,1194.0,5.440852302756613,0.4907963236711871,0.4137091072691047,0.48278809692139596,0.5091265505495212
48279,TX,LAMB,141084.0,114391.0,114388.0,115191.0,24917.0,15,512.0,4.965312290872725,0.8108006577641689,0.8107793938362962,0.8164710385302373,0.1766110969351592
48281,TX,LAMPASAS,11010.0,968.0,687.0,755.0,10033.0,26,312.0,1.7717147294151776,0.08792007266121707,0.06239782016348774,0.06857402361489555,0.9112624886466848
48283,TX,LA SALLE,2958.0,0.0,0.0,0.0,2958.0,9,44.0,1.2818535459959666,0.0,0.0,0.0,1.0
48285,TX,LAVACA,59413.0,10215.0,9283.0,9363.0,49107.0,31,1356.0,2.543285484178844,0.17193206873916483,0.1562452661875347,0.157591772844327,0.8265362799387339
48287,TX,LEE,27877.0,414.0,363.0,429.0,27435.0,26,717.0,1.4115639648199751,0.014850952398034222,0.013021487247551745,0.015389030383470245,0.9841446353624852
48289,TX,LEON,36467.0,307.0,192.0,211.0,36142.0,32,763.0,1.4895015075523288,0.008418570214166232,0.005265034140455755,0.005786053143938355,0.991087832835166
48291,TX,LIBERTY,44657.0,7350.0,7350.0,7352.0,37305.0,14,516.0,2.0922684919099073,0.16458785856640618,0.16458785856640618,0.16463264437826097,0.835367355621739
48293,TX,LIMESTONE,31417.0,4066.0,4014.0,4076.0,27295.0,39,541.0,2.080816219262872,0.12942037750262597,0.12776522265015755,0.12973867651271603,0.8687971480408696
48295,TX,LIPSCOMB,32289.0,19234.0,19234.0,19234.0,13055.0,7,93.0,4.7594383985572835,0.5956827402520982,0.5956827402520982,0.5956827402520982,0.4043172597479018
48297,TX,LIVE OAK,16147.0,0.0,0.0,0.0,16147.0,8,208.0,1.4653781313654528,0.0,0.0,0.0,1.0
48299,TX,LLANO,4771.0,277.0,128.0,175.0,4493.0,20,199.0,2.0201997030466936,0.05805910710542863,0.02682875707398868,0.0366799413120939,0.9417312932299309
48303,TX,LUBBOCK,70241.0,59733.0,59482.0,59751.0,10133.0,40,588.0,3.1940931057244693,0.8504007630870859,0.8468273515468174,0.850657023675631,0.14426047465155678
48305,TX,LYNN,75904.0,71380.0,71019.0,71146.0,4524.0,11,196.0,1.9123034976129683,0.9403983979763912,0.9356423903878583,0.9373155564924115,0.05960160202360877
48307,TX,MCCULLOCH,18509.0,12116.0,12116.0,12116.0,6393.0,13,124.0,2.161101842819772,0.6546004646388244,0.6546004646388244,0.6546004646388244,0.3453995353611756
48309,TX,MCLENNAN,179859.0,126097.0,125972.0,126134.0,53714.0,51,1624.0,4.3913056212553885,0.7010880745472843,0.7003930856949054,0.7012937912475884,0.2986450497334023
48311,TX,MCMULLEN,4443.0,0.0,0.0,0.0,4443.0,4,27.0,1.1746004485899124,0.0,0.0,0.0,1.0
48313,TX,MADISON,18273.0,1.0,1.0,3.0,18270.0,28,398.0,1.3996796521160584,5.472555135992995e-05,5.472555135992995e-05,0.00016417665407978985,0.9998358233459202
48315,TX,MARION,12750.0,1.0,0.0,2.0,12747.0,10,129.0,1.2266630563366971,7.843137254901961e-05,0.0,0.00015686274509803922,0.9997647058823529
48317,TX,MARTIN,29614.0,16362.0,16362.0,16362.0,13252.0,10,127.0,2.0210170091400994,0.5525089484703181,0.5525089484703181,0.5525089484703181,0.4474910515296819
48319,TX,MASON,17840.0,2590.0,1727.0,1733.0,15245.0,20,202.0,1.8437278028850475,0.14517937219730942,0.09680493273542601,0.09714125560538117,0.8545403587443946
48321,TX,MATAGORDA,110712.0,86299.0,83938.0,86353.0,24142.0,18,437.0,5.514380242436074,0.779490931425681,0.7581653298648746,0.7799786834308837,0.21806127610376472
48323,TX,MAVERICK,5392.0,439.0,180.0,180.0,4953.0,9,99.0,1.5913230501301057,0.08141691394658754,0.03338278931750742,0.03338278931750742,0.9185830860534124
48325,TX,MEDINA,54087.0,24320.0,23419.0,23459.0,29738.0,35,784.0,4.522636338083691,0.44964594079908293,0.43298759406141957,0.4337271433061549,0.5498178859984839
48327,TX,MENARD,5842.0,890.0,0.0,0.0,4952.0,10,50.0,1.532277827028376,0.15234508729887025,0.0,0.0,0.8476549127011298
48329,TX,MIDLAND,14942.0,8952.0,8780.0,8941.0,5979.0,15,114.0,3.9535174802759516,0.5991165841252845,0.5876054075759604,0.5983804042296881,0.4001472359791193
48331,TX,MILAM,104757.0,51639.0,49637.0,49670.0,53101.0,32,1003.0,4.468758077278724,0.4929408058650019,0.4738299111276573,0.4741449258760751,0.5068969138100556
48333,TX,MILLS,12010.0,3454.0,0.0,6.0,8550.0,12,199.0,1.9963987100687082,0.28759367194005,0.0,0.0004995836802664446,0.7119067443796836
48335,TX,MITCHELL,28781.0,19026.0,19026.0,19026.0,9755.0,10,99.0,2.9079460576982052,0.66106111670894,0.66106111670894,0.66106111670894,0.3389388832910601
48337,TX,MONTAGUE,60330.0,10587.0,9525.0,9702.0,49609.0,37,810.0,1.8980840403889225,0.17548483341621085,0.15788165091994033,0.16081551466931876,0.8222940493949942
48339,TX,MONTGOMERY,11909.0,443.0,76.0,462.0,11376.0,48,573.0,2.014873329610038,0.0371987572424217,0.0063817281047946935,0.03879418926862037,0.9552439331597952
48341,TX,MOORE,91584.0,84604.0,84604.0,84604.0,6980.0,10,184.0,4.653032378850723,0.9237858141160028,0.9237858141160028,0.9237858141160028,0.0762141858839972
48343,TX,MORRIS,7778.0,3.0,3.0,69.0,7709.0,10,183.0,1.5493737387112305,0.0003857032656209823,0.0003857032656209823,0.008871175109282592,0.9911288248907174
48345,TX,MOTLEY,15701.0,13799.0,13799.0,13799.0,1902.0,5,36.0,2.456499311707957,0.878861219030635,0.878861219030635,0.878861219030635,0.121138780969365
48347,TX,NACOGDOCHES,24827.0,72.0,61.0,171.0,24651.0,27,652.0,1.3825848973643722,0.0029000684738389655,0.002457002457002457,0.0068876626253675435,0.9929109437306158
48349,TX,NAVARRO,87337.0,37513.0,35716.0,35814.0,49351.0,40,1023.0,4.323607861266943,0.4295201346508353,0.40894466262866824,0.4100667529225872,0.565064062195862
48351,TX,NEWTON,2688.0,20.0,17.0,36.0,2649.0,18,168.0,1.9783013429430922,0.00744047619047619,0.006324404761904762,0.013392857142857142,0.9854910714285714
48353,TX,NOLAN,24891.0,20124.0,20124.0,20124.0,4767.0,9,78.0,2.7948060865782653,0.8084849945763529,0.8084849945763529,0.8084849945763529,0.1915150054236471
48355,TX,NUECES,277646.0,272413.0,272413.0,272413.0,5233.0,18,437.0,3.3659024578366843,0.9811522586314948,0.9811522586314948,0.9811522586314948,0.01884774136850522
48357,TX,OCHILTREE,123864.0,116596.0,115166.0,116821.0,7028.0,11,235.0,4.474412208863418,0.9413227410708519,0.9297778208357553,0.943139249499451,0.05673964993864238
48359,TX,OLDHAM,28752.0,18314.0,18314.0,18314.0,10438.0,7,83.0,3.0194335968259103,0.6369643850862549,0.6369643850862549,0.6369643850862549,0.36303561491374514
48361,TX,ORANGE,2752.0,17.0,8.0,22.0,2707.0,36,223.0,2.1935463923779146,0.0061773255813953485,0.0029069767441860465,0.007994186046511628,0.9836482558139535
48363,TX,PALO PINTO,22769.0,3641.0,2713.0,2715.0,19126.0,22,344.0,1.9906273816716253,0.15991040449734287,0.11915323466116211,0.11924107338925732,0.8400017567745619
48365,TX,PANOLA,22034.0,271.0,15.0,17.0,21763.0,18,416.0,1.6040699217069994,0.01229917400381229,0.000680766088771898,0.000771534900608151,0.9877008259961877
48367,TX,PARKER,40527.0,1629.0,539.0,691.0,38803.0,45,1688.0,1.734496923003594,0.04019542527204086,0.013299775458336417,0.017050361487403458,0.9574604584597922
48369,TX,PARMER,197064.0,145913.0,145913.0,145958.0,50746.0,20,574.0,5.752359206533926,0.740434579628953,0.740434579628953,0.7406629318394025,0.2575102504770024
48371,TX,PECOS,9530.0,4540.0,4540.0,4540.0,4959.0,17,75.0,2.7685231154574512,0.47639034627492133,0.47639034627492133,0.47639034627492133,0.5203567681007345
48373,TX,POLK,13096.0,14.0,14.0,55.0,13041.0,31,339.0,1.705325087010978,0.0010690287110568112,0.0010690287110568112,0.0041997556505803295,0.9958002443494197
48375,TX,POTTER,6492.0,2121.0,2121.0,2121.0,4371.0,9,57.0,2.8476404717409296,0.3267097966728281,0.3267097966728281,0.3267097966728281,0.6732902033271719
48379,TX,RAINS,16462.0,195.0,4.0,55.0,15678.0,36,462.0,1.6393539499711614,0.011845462276758596,0.0002429838415745353,0.0033410278216498604,0.9523751670513911
48381,TX,RANDALL,59994.0,47424.0,47409.0,47418.0,12569.0,18,241.0,4.90222531940234,0.7904790479047905,0.7902290229022902,0.7903790379037904,0.20950428376170951
48383,TX,REAGAN,3264.0,2940.0,2940.0,2940.0,324.0,7,25.0,2.312251422304125,0.9007352941176471,0.9007352941176471,0.9007352941176471,0.09926470588235294
48387,TX,RED RIVER,59747.0,6105.0,2596.0,6414.0,53333.0,21,625.0,2.0846119647857075,0.1021808626374546,0.04344988032871944,0.10735267042696704,0.8926473295730329
48389,TX,REEVES,17855.0,2370.0,1963.0,1963.0,15485.0,10,71.0,1.6864520276111128,0.13273592831139736,0.10994119294315317,0.10994119294315317,0.8672640716886026
48391,TX,REFUGIO,55344.0,52989.0,52711.0,52743.0,2181.0,13,177.0,3.157639878949966,0.9574479618386817,0.9524248337669847,0.9530030355594102,0.039408065915004335
48393,TX,ROBERTS,12825.0,10228.0,10228.0,10228.0,2597.0,7,28.0,4.129067311630754,0.7975048732943469,0.7975048732943469,0.7975048732943469,0.20249512670565303
48395,TX,ROBERTSON,68344.0,20961.0,19555.0,19742.0,47195.0,33,692.0,3.334743298957739,0.3066984665808264,0.2861260681259511,0.2888622263841742,0.690550743298607
48397,TX,ROCKWALL,3315.0,30.0,1.0,15.0,3271.0,15,124.0,1.8818493224505901,0.00904977375565611,0.00030165912518853697,0.004524886877828055,0.9867269984917044
48399,TX,RUNNELS,55716.0,45820.0,45820.0,45861.0,9855.0,11,243.0,3.116570578761139,0.8223849522578792,0.8223849522578792,0.8231208270514754,0.17687917294852465
48401,TX,RUSK,30770.0,54.0,40.0,284.0,30476.0,40,885.0,1.5162196971286932,0.0017549561260968476,0.0012999675008124798,0.009229769255768606,0.9904452388690282
48403,TX,SABINE,3149.0,7.0,0.0,7.0,3142.0,9,88.0,1.5597130048375474,0.0022229279136233727,0.0,0.0022229279136233727,0.9977770720863767
48405,TX,SAN AUGUSTINE,5260.0,44.0,36.0,100.0,5152.0,27,153.0,1.6951526921665616,0.008365019011406844,0.006844106463878327,0.019011406844106463,0.979467680608365
48407,TX,SAN JACINTO,10334.0,217.0,180.0,339.0,9958.0,30,296.0,1.8173407786316726,0.02099864524869363,0.017418231081865687,0.03280433520418038,0.9636152506289917
48409,TX,SAN PATRICIO,174044.0,169448.0,169447.0,169448.0,4296.0,31,412.0,3.29305672997966,0.9735928845579279,0.9735871388844201,0.9735928845579279,0.024683413389717544
48411,TX,SAN SABA,22517.0,10279.0,733.0,874.0,12188.0,29,312.0,2.628909773753886,0.4564995336856597,0.032553182040236266,0.03881511746680286,0.5412799218368344
48413,TX,SCHLEICHER,6803.0,4664.0,4664.0,4664.0,2139.0,11,71.0,3.7826964643239784,0.6855798912244598,0.6855798912244598,0.6855798912244598,0.3144201087755402
48415,TX,SCURRY,18914.0,13311.0,13311.0,13311.0,5603.0,9,130.0,3.3750192098206484,0.703764407317331,0.703764407317331,0.703764407317331,0.2962355926826689
48417,TX,SHACKELFORD,7530.0,2449.0,2416.0,2416.0,5081.0,7,55.0,2.5906689185047247,0.3252324037184595,0.3208499335989376,0.3208499335989376,0.6747675962815405
48419,TX,SHELBY,17952.0,342.0,140.0,205.0,17549.0,25,451.0,1.5568092657911015,0.019050802139037433,0.007798573975044563,0.01141934046345811,0.977551247771836
48421,TX,SHERMAN,234382.0,217726.0,217281.0,217726.0,10526.0,11,370.0,4.630400043162468,0.9289365224291968,0.927037912467681,0.9289365224291968,0.04490959203351793
48423,TX,SMITH,43677.0,920.0,604.0,1135.0,42480.0,36,1385.0,1.7697037404088338,0.021063717746182202,0.01382878860727614,0.025986217002083475,0.9725942715845869
48425,TX,SOMERVELL,9349.0,53.0,0.0,0.0,9296.0,13,129.0,1.356094672234855,0.0056690555139587125,0.0,0.0,0.9943309444860413
48427,TX,STARR,39909.0,23253.0,23253.0,23254.0,11324.0,19,207.0,5.388037652267347,0.5826505299556491,0.5826505299556491,0.5826755869603347,0.28374552106041245
48429,TX,STEPHENS,4759.0,1552.0,951.0,1552.0,3207.0,9,78.0,3.237981742476555,0.3261189325488548,0.19983189745744903,0.3261189325488548,0.6738810674511452
48431,TX,STERLING,1236.0,0.0,0.0,0.0,1236.0,2,8.0,1.0,0.0,0.0,0.0,1.0
48433,TX,STONEWALL,8759.0,6507.0,6507.0,6507.0,2252.0,5,35.0,2.506642114116952,0.7428930243178445,0.7428930243178445,0.7428930243178445,0.2571069756821555
48435,TX,SUTTON,1388.0,0.0,0.0,0.0,1388.0,7,18.0,1.0,0.0,0.0,0.0,1.0
48437,TX,SWISHER,102255.0,84346.0,84346.0,84346.0,17909.0,7,325.0,4.886513899155922,0.8248594200772579,0.8248594200772579,0.8248594200772579,0.17514057992274215
48439,TX,TARRANT,10957.0,4388.0,4299.0,4310.0,6235.0,30,349.0,2.8353266654859115,0.4004745824587022,0.3923519211462992,0.3933558455781692,0.5690426211554258
48441,TX,TAYLOR,48419.0,35428.0,35367.0,35367.0,12991.0,16,227.0,2.7171553732992155,0.7316962349490902,0.7304363989343027,0.7304363989343027,0.26830376505090975
48443,TX,TERRELL,4650.0,0.0,0.0,0.0,4650.0,1,4.0,1.0,0.0,0.0,0.0,1.0
48445,TX,TERRY,87692.0,66616.0,63559.0,65927.0,21076.0,15,409.0,6.607041121126139,0.7596588058203713,0.7247981571865164,0.7518017607079323,0.2403411941796287
48447,TX,THROCKMORTON,34469.0,26903.0,26903.0,26903.0,7566.0,6,65.0,2.4245799434244213,0.7804984188691287,0.7804984188691287,0.7804984188691287,0.2195015811308712
48449,TX,TITUS,26473.0,0.0,0.0,0.0,26473.0,22,431.0,1.8088434968096248,0.0,0.0,0.0,1.0
48451,TX,TOM GREEN,52589.0,44618.0,44618.0,44644.0,7941.0,29,437.0,4.586800067454269,0.8484283785582536,0.8484283785582536,0.848922778527829,0.15100115993839017
48453,TX,TRAVIS,41426.0,24884.0,23288.0,23308.0,16530.0,55,518.0,3.6744809560196954,0.6006855597933665,0.5621590305605175,0.5626418191473953,0.39902476705450685
48455,TX,TRINITY,7155.0,57.0,7.0,20.0,7090.0,27,318.0,1.6038219003817538,0.007966457023060796,0.0009783368273934311,0.002795248078266946,0.9909154437456325
48457,TX,TYLER,7911.0,42.0,34.0,75.0,7830.0,25,340.0,1.9879360388945535,0.005309063329541145,0.004297813171533308,0.009480470231323474,0.9897610921501706
48459,TX,UPSHUR,26500.0,87.0,40.0,121.0,26374.0,31,628.0,1.3724141427896512,0.003283018867924528,0.0015094339622641509,0.004566037735849056,0.9952452830188679
48461,TX,UPTON,11535.0,9505.0,9505.0,9505.0,2030.0,7,30.0,1.7169400849422765,0.824013870827915,0.824013870827915,0.824013870827915,0.17598612917208495
48463,TX,UVALDE,49698.0,43475.0,42854.0,42854.0,5434.0,32,245.0,6.31159652274821,0.8747836935087931,0.862288220853958,0.862288220853958,0.10934041611332448
48465,TX,VAL VERDE,1534.0,0.0,0.0,0.0,1534.0,7,23.0,1.0,0.0,0.0,0.0,1.0
48467,TX,VAN ZANDT,73166.0,673.0,300.0,650.0,71852.0,51,1729.0,1.7492838230013998,0.009198261487576197,0.004100265150479731,0.008883907826039417,0.9820408386408988
48469,TX,VICTORIA,80633.0,66168.0,63994.0,66002.0,14442.0,34,540.0,4.42976621973922,0.8206069475276871,0.7936452817084816,0.8185482370741508,0.17910780945766622
48471,TX,WALKER,19804.0,155.0,133.0,139.0,19647.0,36,558.0,1.4374881020944617,0.007826701676429005,0.0067158149868713395,0.00701878408402343,0.9920723086245203
48473,TX,WALLER,37866.0,9825.0,9484.0,9564.0,27960.0,49,908.0,3.608176749733755,0.25946759626049753,0.25046215602387367,0.25257486927586753,0.7383932815718587
48477,TX,WASHINGTON,45243.0,211.0,1.0,17.0,45014.0,32,1153.0,1.6075553860127998,0.004663704882523263,2.2102866741816414e-05,0.00037574873461087904,0.994938443516124
48479,TX,WEBB,2699.0,9.0,9.0,12.0,2687.0,10,47.0,1.031501197996227,0.0033345683586513525,0.0033345683586513525,0.00444609114486847,0.9955539088551315
48481,TX,WHARTON,261330.0,228810.0,223524.0,228380.0,32322.0,56,1227.0,4.951857839897895,0.875559637240271,0.855332338422684,0.8739142080893889,0.12368270003443921
48483,TX,WHEELER,67364.0,13232.0,13232.0,13232.0,54132.0,11,173.0,2.4370014019964388,0.19642539041624607,0.19642539041624607,0.19642539041624607,0.8035746095837539
48485,TX,WICHITA,57325.0,45894.0,45870.0,45871.0,11430.0,15,272.0,3.2457758215007724,0.8005931094635849,0.8001744439598779,0.8001918883558656,0.1993894461404274
48487,TX,WILBARGER,88805.0,71378.0,71378.0,71384.0,16608.0,24,313.0,3.4167135392569463,0.8037610494904566,0.8037610494904566,0.8038286132537582,0.1870164968188728
48489,TX,WILLACY,151154.0,141447.0,141101.0,141327.0,3831.0,16,315.0,3.396647328173054,0.9357807269407359,0.9334916707463911,0.9349868346189979,0.02534501237148868
48491,TX,WILLIAMSON,125976.0,95621.0,94855.0,94986.0,30294.0,43,1295.0,3.649807118388194,0.7590414047120086,0.7529608814377342,0.7540007620499143,0.2404743760716327
48493,TX,WILSON,44364.0,8731.0,8556.0,8624.0,35571.0,36,838.0,2.513982126523841,0.1968037147236498,0.19285907492561535,0.19439184924713732,0.8017987557479037
48497,TX,WISE,56648.0,4704.0,2036.0,2117.0,51846.0,29,1625.0,1.9900387629693843,0.08303911876853552,0.035941251235701174,0.037371134020618556,0.9152308995904533
48499,TX,WOOD,37957.0,235.0,232.0,280.0,37677.0,30,847.0,1.4224522375448772,0.006191216376425956,0.006112179571620518,0.007376768448507522,0.9926232315514925
48501,TX,YOAKUM,75342.0,68382.0,67050.0,68382.0,4394.0,13,199.0,5.019872085644079,0.9076212471131639,0.889941865095166,0.9076212471131639,0.05832072416447665
48503,TX,YOUNG,38086.0,21707.0,21604.0,21604.0,16379.0,6,272.0,2.2331086235130346,0.5699469621383185,0.5672425563199076,0.5672425563199076,0.4300530378616815
48507,TX,ZAVALA,18418.0,10632.0,10632.0,10632.0,7096.0,19,113.0,6.138074114700375,0.5772613747421002,0.5772613747421002,0.5772613747421002,0.38527527418829405
49001,UT,BEAVER,23044.0,0.0,0.0,2194.0,20850.0,10,153.0,1.469792634982417,0.0,0.0,0.09520916507550772,0.9047908349244923
49003,UT,BOX ELDER,127622.0,3021.0,0.0,53825.0,64452.0,63,1508.0,4.447048910144585,0.023671467301875852,0.0,0.4217533027221012,0.5050226449985112
49005,UT,CACHE,89178.0,5030.0,0.0,26767.0,58797.0,60,1548.0,3.6687060411597874,0.056404045840902466,0.0,0.30015250398080245,0.6593218058265492
49007,UT,CARBON,6668.0,0.0,0.0,65.0,6603.0,34,276.0,1.1887759934828424,0.0,0.0,0.009748050389922016,0.990251949610078
49009,UT,DAGGETT,4468.0,0.0,0.0,0.0,4468.0,35,112.0,1.5140467906678985,0.0,0.0,0.0,1.0
49011,UT,DAVIS,3638.0,0.0,0.0,869.0,2757.0,44,394.0,3.7383138527988504,0.0,0.0,0.2388675096206707,0.7578339747113799
49013,UT,DUCHESNE,48528.0,210.0,0.0,5055.0,43471.0,30,643.0,1.764634630106185,0.004327398615232443,0.0,0.10416666666666667,0.8957921200131883
49015,UT,EMERY,21351.0,0.0,0.0,548.0,20803.0,19,375.0,1.2135376591064504,0.0,0.0,0.02566624514074282,0.9743337548592572
49017,UT,GARFIELD,13758.0,0.0,0.0,27.0,13731.0,23,231.0,1.3229831357747655,0.0,0.0,0.0019624945486262538,0.9980375054513737
49019,UT,GRAND,5372.0,0.0,0.0,19.0,5348.0,37,137.0,1.0343468451170543,0.0,0.0,0.003536857781087118,0.9955323901712584
49021,UT,IRON,66514.0,417.0,0.0,6535.0,58622.0,30,379.0,1.6364505348559486,0.0062693568271341375,0.0,0.09824999248278558,0.8813482875785549
49023,UT,JUAB,16106.0,0.0,0.0,3900.0,12206.0,23,194.0,2.2021010882396554,0.0,0.0,0.24214578417980875,0.7578542158201912
49025,UT,KANE,2101.0,0.0,0.0,3.0,2098.0,22,105.0,1.2188587141511404,0.0,0.0,0.0014278914802475012,0.9985721085197525
49027,UT,MILLARD,72191.0,1813.0,0.0,14430.0,57496.0,20,455.0,2.2873042440185776,0.025113933869872977,0.0,0.19988641243368288,0.796442769874361
49029,UT,MORGAN,11097.0,178.0,0.0,180.0,10917.0,22,279.0,1.2979767136847886,0.016040371271514822,0.0,0.016220600162206,0.9837793998377939
49031,UT,PIUTE,8785.0,0.0,0.0,0.0,8785.0,15,87.0,1.4146863420745288,0.0,0.0,0.0,1.0
49033,UT,RICH,35041.0,278.0,0.0,278.0,34763.0,7,96.0,1.6055175693530992,0.007933563539853314,0.0,0.007933563539853314,0.9920664364601467
49035,UT,SALT LAKE,1291.0,0.0,0.0,608.0,667.0,62,466.0,3.1536044285184865,0.0,0.0,0.47095274980635166,0.5166537567776918
49037,UT,SAN JUAN,35894.0,0.0,0.0,28415.0,4771.0,28,262.0,2.016856069733613,0.0,0.0,0.7916364852064411,0.13291915083300831
49039,UT,SANPETE,49492.0,1336.0,0.0,4640.0,44576.0,48,826.0,2.236209252058683,0.026994261698860423,0.0,0.09375252566071285,0.900670815485331
49041,UT,SEVIER,22176.0,129.0,0.0,2391.0,19784.0,33,509.0,2.1249553004370694,0.005817099567099567,0.0,0.10781926406926406,0.8921356421356421
49043,UT,SUMMIT,18341.0,0.0,0.0,6.0,18330.0,31,498.0,1.2817536008157455,0.0,0.0,0.00032713592497682787,0.9994002508042091
49045,UT,TOOELE,8789.0,0.0,0.0,25.0,8764.0,27,269.0,1.02208854202239,0.0,0.0,0.002844464671748777,0.9971555353282512
49047,UT,UINTAH,42560.0,661.0,0.0,7774.0,34598.0,51,823.0,2.174320199975301,0.015531015037593986,0.0,0.18265977443609022,0.812922932330827
49049,UT,UTAH,63812.0,168.0,0.0,25489.0,38273.0,66,2379.0,4.499079321667993,0.0026327336551118913,0.0,0.3994389769949226,0.5997774713220084
49051,UT,WASATCH,9063.0,0.0,0.0,69.0,8971.0,33,517.0,1.8320079012970114,0.0,0.0,0.007613373055279708,0.9898488359262937
49053,UT,WASHINGTON,6182.0,0.0,0.0,459.0,5618.0,47,474.0,1.7267015869363345,0.0,0.0,0.0742478162406988,0.9087673891944354
49055,UT,WAYNE,12482.0,646.0,0.0,648.0,11834.0,24,181.0,1.6952112755293274,0.05175452651818619,0.0,0.05191475725044063,0.9480852427495594
49057,UT,WEBER,18248.0,106.0,0.0,2856.0,15369.0,52,1091.0,2.6200019879996215,0.005808855765015344,0.0,0.156510302498904,0.8422292854011398
50001,VT,ADDISON,107589.0,0.0,0.0,29257.0,78234.0,65,1208.0,3.440871890111827,0.0,0.0,0.27193300430341394,0.7271561219083735
50003,VT,BENNINGTON,4352.0,0.0,0.0,34.0,4069.0,47,295.0,2.5785500517822473,0.0,0.0,0.0078125,0.9349724264705882
50005,VT,CALEDONIA,26668.0,0.0,0.0,4277.0,22176.0,54,889.0,3.100226963846968,0.0,0.0,0.1603794810259487,0.8315584220788961
50007,VT,CHITTENDEN,21543.0,0.0,0.0,5141.0,16104.0,71,1296.0,4.240348115856875,0.0,0.0,0.23863900106763217,0.7475281994151233
50009,VT,ESSEX,4263.0,0.0,0.0,970.0,2410.0,22,118.0,4.431107031685331,0.0,0.0,0.22753929157870045,0.5653295801079052
50011,VT,FRANKLIN,75352.0,0.0,0.0,26791.0,48253.0,53,801.0,3.2915742894404447,0.0,0.0,0.35554464380507483,0.6403678734472874
50013,VT,GRAND ISLE,9009.0,0.0,0.0,2783.0,6206.0,47,371.0,3.1413068637838233,0.0,0.0,0.3089133089133089,0.6888666888666889
50015,VT,LAMOILLE,3975.0,0.0,0.0,100.0,3737.0,58,429.0,2.7014463875327124,0.0,0.0,0.025157232704402517,0.940125786163522
50017,VT,ORANGE,26110.0,0.0,0.0,5366.0,20538.0,53,766.0,3.084698058472378,0.0,0.0,0.20551512830333205,0.7865951742627346
50019,VT,ORLEANS,45392.0,0.0,0.0,9293.0,35284.0,53,716.0,3.114390876515434,0.0,0.0,0.2047277053225238,0.7773175890024674
50021,VT,RUTLAND,26119.0,0.0,0.0,4760.0,21207.0,60,960.0,3.2592814405311366,0.0,0.0,0.18224281174623838,0.8119376698954784
50023,VT,WASHINGTON,14681.0,0.0,0.0,3038.0,11114.0,60,795.0,3.6125415660431774,0.0,0.0,0.20693413255227847,0.7570328996662352
50025,VT,WINDHAM,7955.0,0.0,0.0,2195.0,5606.0,60,783.0,4.6673506404040355,0.0,0.0,0.27592708988057824,0.7047140163419233
50027,VT,WINDSOR,16196.0,0.0,0.0,1670.0,14350.0,64,960.0,3.143823151562949,0.0,0.0,0.10311187947641393,0.8860212398122993
51001,VA,ACCOMACK,65335.0,52410.0,30255.0,64944.0,391.0,29,266.0,3.18161279811338,0.8021734139435218,0.4630749215581235,0.9940154587893166,0.005984541210683401
51003,VA,ALBEMARLE,30636.0,1518.0,0.0,2745.0,27849.0,66,970.0,2.1661499141421454,0.04954954954954955,0.0,0.08960047003525265,0.9090285938112025
51005,VA,ALLEGHANY,7360.0,1.0,0.0,2.0,7358.0,16,167.0,1.6889637833556235,0.0001358695652173913,0.0,0.0002717391304347826,0.9997282608695652
51007,VA,AMELIA,28196.0,18293.0,11923.0,20252.0,7603.0,56,345.0,4.674025427098743,0.6487799687898993,0.4228613987799688,0.7182579089232515,0.26964817704638955
51009,VA,AMHERST,13306.0,397.0,0.0,420.0,12886.0,41,324.0,1.7492898987246108,0.029836164136479784,0.0,0.0315647076506839,0.9684352923493161
51011,VA,APPOMATTOX,17302.0,2632.0,1290.0,3210.0,14092.0,30,280.0,2.292855479245173,0.15212114206450122,0.07455785458328516,0.18552768466073286,0.8144723153392671
51015,VA,AUGUSTA,84781.0,33055.0,9629.0,36767.0,47662.0,74,1801.0,4.135725558525739,0.3898868850332032,0.11357497552517663,0.4336702798976186,0.5621778464514455
51017,VA,BATH,5490.0,179.0,78.0,179.0,5311.0,26,102.0,1.6430498011787553,0.032604735883424406,0.014207650273224045,0.032604735883424406,0.9673952641165756
51019,VA,BEDFORD,49177.0,3034.0,942.0,4289.0,44820.0,64,1120.0,1.9673563710863433,0.06169550806271224,0.019155296175041178,0.08721556825345182,0.9114016715131057
51021,VA,BLAND,14070.0,670.0,0.0,932.0,13138.0,23,336.0,2.293574099622192,0.047619047619047616,0.0,0.06624022743425728,0.9337597725657427
51023,VA,BOTETOURT,20780.0,3756.0,1078.0,4275.0,16480.0,34,443.0,2.739461438687616,0.1807507218479307,0.05187680461982676,0.2057266602502406,0.793070259865255
51025,VA,BRUNSWICK,17239.0,11000.0,9664.0,11040.0,5051.0,34,235.0,3.3712799628053314,0.6380880561517489,0.5605893613318638,0.6404083763559372,0.2929984337838622
51029,VA,BUCKINGHAM,20539.0,7012.0,5147.0,7020.0,13311.0,36,311.0,2.9103748259116347,0.3413992891572131,0.25059642631092066,0.3417887920541409,0.6480841326257364
51031,VA,CAMPBELL,29447.0,4955.0,3493.0,6611.0,22808.0,44,608.0,2.6331047961147704,0.16826841443950147,0.11861989336774544,0.22450504295853568,0.774544096172785
51033,VA,CAROLINE,42635.0,33290.0,20198.0,39169.0,3429.0,51,286.0,3.592199553783217,0.7808138853055002,0.473742230561745,0.9187052890817403,0.08042687932449866
51035,VA,CARROLL,24767.0,711.0,0.0,1398.0,23313.0,38,655.0,2.083568721243709,0.02870755440707393,0.0,0.05644607744175718,0.9412928493559979
51036,VA,CHARLES CITY,19861.0,15870.0,8206.0,18595.0,1225.0,41,132.0,3.2931217034045854,0.7990534212778813,0.413171542218418,0.9362569860530688,0.06167866673379991
51037,VA,CHARLOTTE,32396.0,14896.0,11636.0,16226.0,15475.0,49,514.0,3.780843098666552,0.45980985306828004,0.35918014569699963,0.5008643042350908,0.47768242992962096
51041,VA,CHESTERFIELD,3911.0,1078.0,706.0,1386.0,2514.0,45,203.0,3.7107581221082913,0.2756328304781386,0.18051649194579392,0.35438506775760675,0.6428023523395551
51043,VA,CLARKE,15981.0,3262.0,1517.0,3815.0,12058.0,51,364.0,2.9576525303325307,0.2041173893999124,0.09492522370314749,0.2387209811651336,0.754520993679995
51045,VA,CRAIG,10632.0,367.0,0.0,367.0,10265.0,15,166.0,1.4961124336011455,0.03451843491346877,0.0,0.03451843491346877,0.9654815650865313
51047,VA,CULPEPER,46620.0,16897.0,10792.0,18630.0,27445.0,61,684.0,4.196625199626624,0.36244101244101246,0.2314886314886315,0.3996138996138996,0.5886958386958387
51049,VA,CUMBERLAND,11464.0,3003.0,2181.0,3346.0,8088.0,32,230.0,3.082389690070714,0.26195045359385905,0.1902477320307048,0.2918702023726448,0.7055129099790649
51051,VA,DICKENSON,1320.0,19.0,0.0,21.0,1299.0,5,71.0,1.6158138720712474,0.014393939393939395,0.0,0.015909090909090907,0.9840909090909091
51053,VA,DINWIDDIE,33340.0,22115.0,15375.0,26819.0,5745.0,40,339.0,4.581319377857021,0.6633173365326934,0.46115776844631073,0.8044091181763647,0.17231553689262147
51057,VA,ESSEX,50662.0,42499.0,25648.0,50021.0,638.0,26,186.0,2.863945429925929,0.8388733172792231,0.5062571552643007,0.9873475188504204,0.012593265169160317
51061,VA,FAUQUIER,61069.0,19909.0,12472.0,23908.0,37031.0,67,1055.0,4.419108523203495,0.32600828570960716,0.2042280043884786,0.39149159147849155,0.6063796688991141
51063,VA,FLOYD,23467.0,1123.0,0.0,1496.0,21669.0,62,910.0,2.181789976003301,0.0478544338858823,0.0,0.06374909447308987,0.9233817701453104
51065,VA,FLUVANNA,12468.0,3191.0,1898.0,4070.0,8387.0,46,309.0,3.4729121299090115,0.25593519409688803,0.15222970805261468,0.3264356753288418,0.6726820660891883
51067,VA,FRANKLIN,58094.0,20890.0,8024.0,24024.0,33362.0,49,952.0,4.502312825202005,0.3595896305986849,0.1381209763486763,0.413536681929287,0.574276173098771
51069,VA,FREDERICK,26393.0,9366.0,1706.0,9874.0,16385.0,48,656.0,4.331170824576649,0.3548668207479256,0.06463835107793733,0.3741143485014966,0.6208085477209866
51071,VA,GILES,11001.0,679.0,0.0,686.0,10205.0,23,352.0,1.919384170352571,0.06172166166712117,0.0,0.06235796745750386,0.9276429415507681
51073,VA,GLOUCESTER,15317.0,13455.0,8174.0,14047.0,1270.0,33,153.0,2.8940524358845154,0.8784357250114252,0.5336554155513482,0.9170855911732062,0.08291440882679375
51075,VA,GOOCHLAND,16615.0,8845.0,3731.0,10777.0,5838.0,46,232.0,4.435868949180692,0.5323502858862473,0.22455612398435149,0.6486307553415588,0.35136924465844116
51077,VA,GRAYSON,29301.0,3953.0,0.0,3971.0,20693.0,50,581.0,2.9536491122122506,0.1349100713286236,0.0,0.13552438483328214,0.7062216306610696
51079,VA,GREENE,9492.0,368.0,155.0,373.0,9119.0,41,201.0,1.5123784373205613,0.03876949009692372,0.01632954066582385,0.039296249473240626,0.9607037505267594
51081,VA,GREENSVILLE,16767.0,8505.0,6404.0,16114.0,653.0,18,143.0,4.555277576132649,0.5072463768115942,0.38194071688435616,0.9610544521977694,0.03894554780223057
51083,VA,HALIFAX,41345.0,16324.0,11476.0,20206.0,19834.0,44,822.0,4.421157051588996,0.39482404160116097,0.2775668158181159,0.4887168944249607,0.47971943403071715
51085,VA,HANOVER,54172.0,36606.0,24114.0,41986.0,12072.0,54,566.0,4.095576606068341,0.675736542863472,0.4451377095178321,0.7750498412464003,0.22284575057225134
51087,VA,HENRICO,5478.0,4889.0,3180.0,4981.0,485.0,52,187.0,2.7811394335516884,0.8924790069368382,0.5805038335158818,0.9092734574662286,0.08853596202993794
51089,VA,HENRY,9107.0,236.0,0.0,230.0,8683.0,39,268.0,1.4352743672286437,0.0259141319863841,0.0,0.025255298122323487,0.9534424069397167
51091,VA,HIGHLAND,8637.0,132.0,0.0,132.0,8505.0,35,233.0,1.4564045761611681,0.01528308440430705,0.0,0.01528308440430705,0.984716915595693
51093,VA,ISLE OF WIGHT,56083.0,28519.0,17365.0,54140.0,1905.0,37,318.0,5.060706510223362,0.5085141665032185,0.3096303692741116,0.9653549203858567,0.03396751243692384
51097,VA,KING AND QUEEN,31343.0,29018.0,16734.0,30572.0,771.0,27,171.0,2.5782886762536243,0.9258207574259005,0.5338991162300992,0.9754012060109115,0.02459879398908847
51099,VA,KING GEORGE,12167.0,6351.0,4969.0,8073.0,4094.0,28,165.0,3.5138689105243452,0.5219856990219446,0.40839976986931864,0.6635160680529301,0.33648393194706994
51101,VA,KING WILLIAM,35970.0,29737.0,18861.0,34437.0,1529.0,42,212.0,3.1067336888464556,0.8267167083680845,0.5243536280233528,0.9573811509591326,0.04250764525993884
51103,VA,LANCASTER,7729.0,6500.0,3948.0,7523.0,200.0,52,161.0,2.9614621687725076,0.8409884849268987,0.5108034674602148,0.9733471341700091,0.025876568766981498
51105,VA,LEE,19192.0,520.0,0.0,562.0,18629.0,39,643.0,1.5602097320434103,0.027094622759483118,0.0,0.02928303459774906,0.9706648603584827
51107,VA,LOUDOUN,36629.0,8659.0,4573.0,11209.0,24613.0,79,1447.0,4.068139219615466,0.2363973900461383,0.12484643315405826,0.30601436020639383,0.6719539162958311
51109,VA,LOUISA,28405.0,12665.0,8058.0,12736.0,15605.0,69,535.0,3.4910954086207266,0.44587220559760604,0.2836824502728393,0.4483717655342369,0.5493751100158423
51111,VA,LUNENBURG,19685.0,8218.0,6192.0,7940.0,10801.0,36,292.0,3.9699103682245416,0.4174752349504699,0.3145542291084582,0.4033528067056134,0.5486918973837948
51113,VA,MADISON,35319.0,16086.0,9157.0,17522.0,17600.0,40,480.0,4.0690950454262635,0.45544890851949377,0.2592655511197939,0.49610691129420426,0.49831535434185564
51117,VA,MECKLENBURG,40042.0,21655.0,17601.0,23026.0,14831.0,48,499.0,3.8980987978924726,0.5408071524898856,0.43956345836871286,0.5750462014884371,0.3703860946006693
51119,VA,MIDDLESEX,14304.0,10196.0,5304.0,12473.0,1786.0,35,108.0,3.688624407882877,0.7128076062639821,0.37080536912751677,0.8719938478747203,0.12486017897091722
51121,VA,MONTGOMERY,20929.0,2806.0,227.0,3880.0,17042.0,51,468.0,2.6014686615374862,0.1340723398155669,0.010846194275885136,0.18538869511204548,0.8142768407472885
51125,VA,NELSON,17838.0,2400.0,440.0,2832.0,14963.0,51,482.0,2.8787075709607377,0.13454423141607805,0.024666442426280973,0.15876219307097209,0.8388272227828232
51127,VA,NEW KENT,12186.0,9999.0,5336.0,11512.0,674.0,32,141.0,3.4074837000475537,0.8205317577548006,0.4378795338913507,0.9446906285901855,0.05530937140981454
51131,VA,NORTHAMPTON,31961.0,22416.0,17539.0,31955.0,0.0,23,153.0,3.2959698084645686,0.7013547761334126,0.54876255436313,0.9998122712055317,0.0
51133,VA,NORTHUMBERLAND,45950.0,38343.0,21497.0,45628.0,322.0,26,222.0,3.035206644930833,0.8344504896626769,0.4678346028291621,0.9929923830250272,0.0070076169749727964
51135,VA,NOTTOWAY,17660.0,5832.0,3342.0,6813.0,10722.0,37,286.0,3.687859293658343,0.330237825594564,0.18924122310305777,0.38578708946772367,0.6071347678369196
51137,VA,ORANGE,42385.0,25135.0,14613.0,27306.0,14934.0,43,412.0,4.284042877569003,0.5930163973103693,0.34476819629585936,0.6442373481184381,0.352341630293736
51139,VA,PAGE,20159.0,5047.0,991.0,5193.0,14718.0,23,437.0,2.9790285296063073,0.2503596408552011,0.04915918448335731,0.25760206359442434,0.7300957388759363
51141,VA,PATRICK,14117.0,704.0,173.0,1161.0,12881.0,48,454.0,2.1030330019462338,0.04986895232698165,0.012254728341715662,0.08224126939151377,0.9124459871077424
51143,VA,PITTSYLVANIA,73228.0,19143.0,9645.0,22660.0,46958.0,49,1108.0,4.368713269813096,0.2614163980990878,0.13171191347571967,0.3094444747910635,0.6412574425083302
51145,VA,POWHATAN,9333.0,4359.0,1802.0,4888.0,4055.0,53,287.0,4.470034077259911,0.46705239472838317,0.1930783242258652,0.5237329904639452,0.4344798028501018
51147,VA,PRINCE EDWARD,13649.0,1664.0,1318.0,2206.0,11441.0,48,348.0,2.4530771401041145,0.12191369331086527,0.09656385083156276,0.16162356216572643,0.8382299069528903
51149,VA,PRINCE GEORGE,13820.0,11043.0,6584.0,12857.0,938.0,42,208.0,3.435642294160867,0.7990593342981187,0.476410998552822,0.9303183791606368,0.0678726483357453
51153,VA,PRINCE WILLIAM,9676.0,4117.0,3670.0,4129.0,5374.0,50,329.0,3.586346429001088,0.4254857379082265,0.37928896238114923,0.4267259198015709,0.555394791236048
51155,VA,PULASKI,19768.0,1156.0,225.0,1182.0,18585.0,53,470.0,1.9273996002871319,0.0584783488466208,0.011382031566167544,0.05979360582760016,0.9401558073654391
51157,VA,RAPPAHANNOCK,16642.0,739.0,342.0,1149.0,15479.0,46,359.0,1.84325248320792,0.044405720466290106,0.02055041461362817,0.0690421824299964,0.9301165725273405
51159,VA,RICHMOND,28424.0,22952.0,13663.0,27427.0,755.0,41,276.0,3.3146916519208722,0.8074866310160428,0.48068533633549115,0.9649240078806642,0.02656206023079088
51161,VA,ROANOKE,5448.0,16.0,0.0,25.0,5368.0,29,225.0,1.6204730691078864,0.002936857562408223,0.0,0.004588839941262849,0.9853157121879589
51163,VA,ROCKBRIDGE,28739.0,5089.0,664.0,5941.0,22735.0,55,675.0,2.8559110289444685,0.17707644664045374,0.023104492153519608,0.20672257211454817,0.7910852848046209
51165,VA,ROCKINGHAM,97247.0,45832.0,13575.0,51440.0,44991.0,68,2490.0,4.6626552947261555,0.4712947443108785,0.13959299515666293,0.5289623330282682,0.4626466626219832
51167,VA,RUSSELL,22002.0,991.0,0.0,1016.0,20976.0,26,692.0,1.7209986850728645,0.04504135987637488,0.0,0.046177620216343966,0.9533678756476683
51169,VA,SCOTT,23767.0,686.0,130.0,755.0,22624.0,38,955.0,1.7561077545998423,0.028863550300837294,0.005469769007447301,0.03176673538940548,0.9519081078806749
51171,VA,SHENANDOAH,45811.0,18919.0,6740.0,20224.0,25549.0,54,928.0,3.996496244234503,0.4129794154242431,0.14712623605684225,0.441466023444151,0.5577044814564187
51173,VA,SMYTH,23372.0,2629.0,0.0,2849.0,20494.0,33,550.0,2.388119775282604,0.11248502481601917,0.0,0.12189799760397056,0.8768612014376177
51175,VA,SOUTHAMPTON,98745.0,39453.0,23680.0,96848.0,1715.0,38,577.0,4.809052699524008,0.3995442807230746,0.2398096106131956,0.9807889007038331,0.017367967998379665
51177,VA,SPOTSYLVANIA,13262.0,6278.0,4429.0,6945.0,6244.0,49,410.0,4.175548871162909,0.4733825968933796,0.3339616950686171,0.5236766701854924,0.4708188810134218
51179,VA,STAFFORD,5064.0,3168.0,1748.0,3168.0,1859.0,42,215.0,3.356553036274643,0.6255924170616114,0.3451816745655608,0.6255924170616114,0.3671011058451817
51181,VA,SURRY,28490.0,22704.0,15003.0,27238.0,1100.0,28,211.0,3.723600576137927,0.7969111969111969,0.5266058266058266,0.9560547560547561,0.03861003861003861
51183,VA,SUSSEX,47792.0,28772.0,20631.0,46669.0,741.0,21,178.0,4.532135187465069,0.6020254435888852,0.43168312688316035,0.97650234348845,0.0155046869768999
51185,VA,TAZEWELL,17212.0,448.0,0.0,462.0,16675.0,35,396.0,1.792862002836966,0.026028352312340228,0.0,0.02684173832210086,0.96880083662561
51187,VA,WARREN,10631.0,366.0,143.0,633.0,9928.0,44,245.0,1.8064078291228414,0.03442761734549901,0.013451227542093876,0.05954284639262534,0.9338726366287273
51191,VA,WASHINGTON,39530.0,4611.0,0.0,4596.0,34770.0,54,1301.0,2.1337922648067638,0.1166455856311662,0.0,0.11626612699215785,0.8795851252213509
51193,VA,WESTMORELAND,28024.0,21010.0,12286.0,26061.0,1931.0,51,348.0,3.985575858975948,0.7497145304025121,0.4384099343419926,0.9299528975164145,0.06890522409363403
51195,VA,WISE,3040.0,0.0,0.0,0.0,3040.0,11,86.0,1.6256970080550128,0.0,0.0,0.0,1.0
51197,VA,WYTHE,39283.0,8470.0,0.0,9805.0,29017.0,36,729.0,2.911066959452473,0.2156148970292493,0.0,0.24959906320800346,0.7386655805310185
51550,VA,CHESAPEAKE CITY,30078.0,27112.0,20390.0,29158.0,920.0,29,185.0,2.447739248485595,0.9013897200611742,0.6779041159651572,0.9694128598975996,0.030587140102400427
51800,VA,SUFFOLK CITY,57809.0,29047.0,20060.0,56859.0,810.0,41,353.0,4.586243263143208,0.5024650140981508,0.34700479164143994,0.9835665726789946,0.01401165908422564
51810,VA,VIRGINIA BEACH CITY,19679.0,16302.0,11574.0,19298.0,362.0,51,197.0,2.861800200726155,0.8283957518166574,0.5881396412419331,0.9806392601250064,0.01839524366075512
53001,WA,ADAMS,369217.0,331878.0,328191.0,340672.0,13702.0,45,567.0,2.7557167367210775,0.8988697703518527,0.8888837729573665,0.9226877418970416,0.03711096726315419
53003,WA,ASOTIN,29199.0,22990.0,22985.0,22990.0,4977.0,25,162.0,2.3999031426351274,0.7873557313606631,0.7871844926196102,0.7873557313606631,0.170451042843933
53005,WA,BENTON,287942.0,253969.0,252011.0,277134.0,8860.0,62,972.0,7.030200529735842,0.8820144334622945,0.8752144529106556,0.9624646630224143,0.030770085642247397
53007,WA,CHELAN,20660.0,19655.0,19637.0,19680.0,921.0,61,1163.0,3.849711643866688,0.9513552758954501,0.9504840271055179,0.952565343659245,0.04457889641819942
53009,WA,CLALLAM,4774.0,555.0,542.0,893.0,3658.0,64,524.0,4.255768407926771,0.11625471302890658,0.11353162966066192,0.1870548806032677,0.7662337662337663
53011,WA,CLARK,15872.0,736.0,688.0,1075.0,13838.0,72,1976.0,3.4009347462110364,0.046370967741935484,0.04334677419354839,0.06772933467741936,0.8718497983870968
53013,WA,COLUMBIA,142514.0,128275.0,128275.0,129216.0,6155.0,16,288.0,2.666655746463661,0.9000870089956075,0.9000870089956075,0.9066898690654953,0.04318873935192332
53015,WA,COWLITZ,12964.0,98.0,96.0,621.0,5460.0,43,287.0,3.1993473279441322,0.00755939524838013,0.007405121875964209,0.04790188213514347,0.42116630669546434
53017,WA,DOUGLAS,194406.0,178841.0,178841.0,179607.0,6165.0,29,531.0,1.955803004678295,0.9199355986955136,0.9199355986955136,0.9238758063022746,0.03171198419801858
53019,WA,FERRY,5048.0,2.0,2.0,6.0,5042.0,21,141.0,1.3521814487119899,0.0003961965134706815,0.0003961965134706815,0.0011885895404120444,0.998811410459588
53021,WA,FRANKLIN,256267.0,161791.0,158694.0,184400.0,65974.0,58,1079.0,7.70792964077708,0.6313376283329496,0.6192525764144428,0.719562019300183,0.2574424330873659
53023,WA,GARFIELD,83156.0,75086.0,75086.0,75086.0,1999.0,14,170.0,1.7390056113782981,0.9029534850161143,0.9029534850161143,0.9029534850161143,0.024039155322526335
53025,WA,GRANT,595498.0,353681.0,336099.0,409696.0,167308.0,66,1931.0,9.381818623849552,0.5939247486977286,0.5643998804362064,0.687988876536949,0.2809547639118855
53027,WA,GRAYS HARBOR,7884.0,4.0,4.0,16.0,7389.0,49,268.0,2.5448323202363725,0.0005073566717402334,0.0005073566717402334,0.0020294266869609334,0.9372146118721462
53029,WA,ISLAND,8973.0,1387.0,1383.0,1725.0,7151.0,67,910.0,3.7347076889995083,0.154574835617965,0.15412905382815112,0.19224339685723837,0.7969463947397749
53031,WA,JEFFERSON,1123.0,73.0,67.0,94.0,959.0,54,422.0,3.525179414150607,0.06500445235975066,0.05966162065894924,0.08370436331255565,0.8539626001780944
53033,WA,KING,12200.0,599.0,584.0,2111.0,9431.0,80,2215.0,4.574222480727462,0.04909836065573771,0.04786885245901639,0.1730327868852459,0.7730327868852459
53035,WA,KITSAP,1382.0,119.0,102.0,179.0,587.0,64,977.0,5.243591709470511,0.08610709117221418,0.07380607814761216,0.12952243125904486,0.4247467438494935
53037,WA,KITTITAS,37861.0,1209.0,1203.0,1346.0,36161.0,48,562.0,1.3673237084679106,0.03193259554686881,0.03177412112728137,0.035551094794115314,0.9550989144502259
53039,WA,KLICKITAT,130930.0,92177.0,92175.0,92205.0,38696.0,47,534.0,2.7920527843306844,0.7040174138852822,0.7040021385473154,0.7042312686168182,0.2955472389826625
53041,WA,LEWIS,43905.0,3108.0,3101.0,3791.0,29117.0,73,1332.0,5.352867256014554,0.07078920396310215,0.07062976881904111,0.08634551873362943,0.6631818699464753
53043,WA,LINCOLN,425255.0,374714.0,374713.0,375110.0,24621.0,34,727.0,1.794926131585854,0.8811513092144713,0.881148957684213,0.8820825151967643,0.05789702648998836
53045,WA,MASON,3745.0,68.0,65.0,74.0,2558.0,56,374.0,2.9476477530490204,0.01815754339118825,0.017356475300400534,0.019759679572763686,0.6830440587449933
53047,WA,OKANOGAN,76461.0,36234.0,36165.0,37341.0,37432.0,60,1331.0,4.889215860151721,0.4738886491152352,0.47298622827323733,0.4883666182759838,0.48955676750238686
53049,WA,PACIFIC,5660.0,14.0,14.0,14.0,4159.0,32,243.0,3.1019091324988852,0.0024734982332155478,0.0024734982332155478,0.0024734982332155478,0.7348056537102473
53051,WA,PEND OREILLE,14234.0,3.0,3.0,6.0,14228.0,35,154.0,1.133580969406775,0.00021076296192215822,0.00021076296192215822,0.00042152592384431644,0.9995784740761556
53053,WA,PIERCE,11066.0,886.0,755.0,2077.0,7370.0,70,1414.0,6.39829353921288,0.0800650641604916,0.06822700162660401,0.1876920296403398,0.6660039761431411
53055,WA,SAN JUAN,5451.0,203.0,192.0,1094.0,4335.0,60,507.0,3.7011626737293115,0.03724087323426894,0.035222894881673086,0.2006971197945331,0.7952669235002752
53057,WA,SKAGIT,56015.0,22967.0,22586.0,35293.0,18814.0,72,1529.0,9.151361267256725,0.4100151745068285,0.403213424975453,0.6300633758814603,0.33587431937873785
53059,WA,SKAMANIA,1154.0,217.0,217.0,220.0,901.0,20,101.0,3.2322621956272988,0.18804159445407279,0.18804159445407279,0.19064124783362218,0.7807625649913345
53061,WA,SNOHOMISH,25918.0,987.0,964.0,9556.0,15681.0,74,1333.0,4.077654887000784,0.03808164210201404,0.03719422794968748,0.36870128867968205,0.6050235357666487
53063,WA,SPOKANE,305116.0,173146.0,173118.0,173811.0,62336.0,78,2931.0,4.9408939850454985,0.5674759763499784,0.567384207973361,0.569655475294642,0.20430262588654807
53065,WA,STEVENS,45139.0,9298.0,9284.0,9783.0,34094.0,53,862.0,2.7878585112248606,0.205985954496112,0.2056758014134119,0.21673054343250847,0.7553113715412393
53067,WA,THURSTON,13995.0,304.0,284.0,457.0,12747.0,76,1395.0,3.013770736057533,0.021722043586995355,0.02029296177206145,0.03265451947123973,0.9108252947481243
53069,WA,WAHKIAKUM,1901.0,2.0,2.0,7.0,1876.0,16,116.0,1.9498423492547732,0.0010520778537611783,0.0010520778537611783,0.003682272488164124,0.9868490268279853
53071,WA,WALLA WALLA,312154.0,262623.0,261044.0,269130.0,14875.0,73,1005.0,3.8127013772019525,0.8413251151675135,0.8362667145063014,0.8621705952830975,0.04765276113713103
53073,WA,WHATCOM,53861.0,17098.0,17066.0,27656.0,25635.0,81,2153.0,6.026588030362575,0.3174467611072947,0.31685263920090606,0.5134698575964055,0.4759473459460463
53075,WA,WHITMAN,707041.0,545308.0,542479.0,545494.0,22565.0,58,1315.0,3.080531108977867,0.7712537179597788,0.7672525355672444,0.7715167861552583,0.03191469801609808
53077,WA,YAKIMA,243996.0,106459.0,105865.0,159006.0,45711.0,68,2982.0,9.291459658079253,0.4363145297463893,0.4338800636076001,0.6516746176166822,0.1873432351350022
54001,WV,BARBOUR,25945.0,154.0,0.0,198.0,25735.0,58,690.0,1.970907284904973,0.005935633069955676,0.0,0.007631528232800154,0.9919059549046059
54003,WV,BERKELEY,26893.0,3309.0,0.0,8151.0,18624.0,75,1011.0,4.351737247821474,0.12304317108541256,0.0,0.30309002342617036,0.6925222176774626
54007,WV,BRAXTON,15022.0,31.0,0.0,47.0,14975.0,28,390.0,1.7305948701966398,0.0020636399946744773,0.0,0.0031287445080548527,0.9968712554919451
54009,WV,BROOKE,2756.0,218.0,0.0,222.0,2534.0,28,103.0,2.177420308364578,0.07910014513788098,0.0,0.08055152394775036,0.9194484760522497
54011,WV,CABELL,5442.0,28.0,0.0,59.0,5371.0,37,399.0,1.625251795260304,0.005145167217934583,0.0,0.010841602352076443,0.9869533259830945
54013,WV,CALHOUN,8467.0,62.0,0.0,81.0,8382.0,42,346.0,1.6675515273821961,0.007322546356442659,0.0,0.009566552497933152,0.9899610251564899
54015,WV,CLAY,2657.0,0.0,0.0,7.0,2630.0,26,163.0,1.742607254624662,0.0,0.0,0.0026345502446368085,0.9898381633421152
54017,WV,DODDRIDGE,8395.0,5.0,0.0,51.0,8341.0,46,486.0,2.0874889829754,0.0005955926146515784,0.0,0.006075044669446099,0.993567599761763
54019,WV,FAYETTE,5053.0,34.0,0.0,85.0,4960.0,38,333.0,2.0465599974606286,0.006728676034039185,0.0,0.01682169008509796,0.9815950920245399
54021,WV,GILMER,8566.0,0.0,0.0,11.0,8554.0,24,263.0,1.8249132570183095,0.0,0.0,0.0012841466261965912,0.9985991127714219
54023,WV,GRANT,18590.0,1139.0,0.0,1166.0,17419.0,41,504.0,2.02986594262266,0.06126949973103819,0.0,0.06272189349112427,0.9370091447014524
54025,WV,GREENBRIER,32863.0,2759.0,0.0,2817.0,30017.0,61,819.0,2.3268379322126127,0.0839545993974987,0.0,0.08571950217569911,0.9133980464352007
54027,WV,HAMPSHIRE,31981.0,1458.0,0.0,2430.0,29379.0,67,934.0,2.1183995190084484,0.045589568806478846,0.0,0.07598261467746474,0.918639192020262
54029,WV,HANCOCK,2134.0,0.0,0.0,2.0,2132.0,21,95.0,1.44659709869523,0.0,0.0,0.0009372071227741331,0.9990627928772259
54031,WV,HARDY,27323.0,6740.0,0.0,8463.0,18772.0,39,512.0,2.9801460116066343,0.24667862240603156,0.0,0.30973904768876037,0.687040222523149
54033,WV,HARRISON,19552.0,173.0,0.0,269.0,19271.0,54,818.0,2.1463705129290047,0.008848199672667758,0.0,0.013758183306055646,0.9856280687397708
54035,WV,JACKSON,26665.0,552.0,0.0,577.0,26062.0,28,821.0,1.7209607008603074,0.02070129383086443,0.0,0.02163885242827677,0.9773860866304144
54037,WV,JEFFERSON,37407.0,11907.0,0.0,24445.0,12904.0,58,685.0,4.276556680580965,0.3183094073301788,0.0,0.6534873152083834,0.3449621728553479
54039,WV,KANAWHA,2460.0,5.0,0.0,20.0,2410.0,37,203.0,1.5381218559302763,0.0020325203252032522,0.0,0.008130081300813009,0.9796747967479674
54041,WV,LEWIS,12644.0,0.0,0.0,17.0,12627.0,27,399.0,1.9539664697653796,0.0,0.0,0.0013445112306232204,0.9986554887693768
54043,WV,LINCOLN,2566.0,6.0,0.0,15.0,2451.0,32,203.0,2.1331571429253664,0.002338269680436477,0.0,0.005845674201091193,0.9551831644583009
54049,WV,MARION,9522.0,22.0,0.0,94.0,9426.0,38,561.0,1.9196818685604407,0.0023104389834068474,0.0,0.009871875656374712,0.9899180844360429
54051,WV,MARSHALL,16363.0,186.0,0.0,254.0,16102.0,53,773.0,1.7374288957761683,0.0113671087208947,0.0,0.01552282588767341,0.9840493796980994
54053,WV,MASON,29775.0,3058.0,0.0,10726.0,19022.0,46,845.0,3.3606268674604105,0.10270361041141897,0.0,0.3602350965575147,0.6388581024349286
54055,WV,MERCER,8278.0,14.0,0.0,44.0,8130.0,34,350.0,1.6261239987124352,0.0016912297656438754,0.0,0.005315293549166465,0.9821212853346218
54057,WV,MINERAL,18424.0,1290.0,0.0,1602.0,16076.0,52,693.0,2.7021427302027146,0.07001736864958749,0.0,0.0869518019973947,0.8725575336517586
54061,WV,MONONGALIA,11296.0,88.0,0.0,167.0,11086.0,59,587.0,2.1649587602059563,0.007790368271954674,0.0,0.014783994334277621,0.9814093484419264
54063,WV,MONROE,24069.0,1088.0,0.0,1314.0,22741.0,46,870.0,1.8433428297475385,0.045203373634135194,0.0,0.054593044995637545,0.9448252939465703
54065,WV,MORGAN,6547.0,152.0,0.0,365.0,6149.0,49,307.0,1.862020931082928,0.023216740491828317,0.0,0.05575072552314037,0.9392087979227127
54067,WV,NICHOLAS,9261.0,18.0,0.0,42.0,9196.0,27,403.0,1.9048543208794804,0.001943634596695821,0.0,0.0045351473922902496,0.9929813195119318
54069,WV,OHIO,6906.0,263.0,0.0,352.0,6439.0,29,229.0,2.269903313556945,0.03808282652765711,0.0,0.0509701708659137,0.9323776426295974
54071,WV,PENDLETON,22203.0,2622.0,0.0,2908.0,19267.0,24,525.0,2.4877905996255616,0.11809214970949872,0.0,0.13097329189749132,0.867765617258929
54073,WV,PLEASANTS,3704.0,278.0,0.0,310.0,3394.0,23,217.0,2.3856191120179338,0.07505399568034557,0.0,0.08369330453563716,0.9163066954643628
54075,WV,POCAHONTAS,15151.0,519.0,0.0,627.0,14393.0,33,470.0,2.10680773927659,0.03425516467559897,0.0,0.04138340703583922,0.9499702989901657
54077,WV,PRESTON,38537.0,2845.0,0.0,4755.0,33778.0,53,1266.0,2.8860951649688014,0.07382515504580014,0.0,0.12338791291486104,0.8765082907335807
54079,WV,PUTNAM,12041.0,92.0,0.0,163.0,11877.0,49,687.0,1.8818431190226372,0.007640561415164854,0.0,0.01353708163773773,0.9863798687816626
54081,WV,RALEIGH,6933.0,3.0,0.0,32.0,6901.0,40,353.0,1.7129002369703623,0.00043271311120726956,0.0,0.004615606519544209,0.9953843934804558
54083,WV,RANDOLPH,14316.0,949.0,0.0,1057.0,13224.0,48,413.0,2.3600140899992295,0.06628946633137749,0.0,0.07383347303716122,0.9237217099748533
54085,WV,RITCHIE,17041.0,0.0,0.0,5.0,17016.0,34,509.0,1.9119886044806074,0.0,0.0,0.0002934100111495804,0.9985329499442521
54087,WV,ROANE,17398.0,0.0,0.0,16.0,17378.0,41,467.0,1.6724903943671199,0.0,0.0,0.0009196459363145189,0.9988504425796069
54089,WV,SUMMERS,11983.0,11.0,0.0,22.0,11961.0,35,397.0,1.87603725601986,0.0009179671200867896,0.0,0.0018359342401735792,0.9981640657598264
54091,WV,TAYLOR,10908.0,3.0,0.0,16.0,10889.0,26,358.0,1.9904315517581739,0.000275027502750275,0.0,0.0014668133480014668,0.9982581591492482
54093,WV,TUCKER,4606.0,157.0,0.0,160.0,4382.0,29,162.0,2.3809801098360235,0.034085974815458095,0.0,0.03473729917498915,0.9513677811550152
54095,WV,TYLER,9198.0,78.0,0.0,113.0,9051.0,57,468.0,1.9179845063288308,0.008480104370515329,0.0,0.012285279408567079,0.9840182648401826
54097,WV,UPSHUR,12193.0,288.0,0.0,341.0,11806.0,46,484.0,2.2575106037062147,0.023620109899122447,0.0,0.027966866234724844,0.9682604773230542
54099,WV,WAYNE,3168.0,131.0,0.0,165.0,2996.0,29,229.0,1.8480108095637,0.041351010101010104,0.0,0.052083333333333336,0.9457070707070707
54101,WV,WEBSTER,1038.0,0.0,0.0,15.0,1023.0,36,99.0,1.8161599661763177,0.0,0.0,0.014450867052023121,0.9855491329479769
54103,WV,WETZEL,3891.0,39.0,0.0,45.0,3845.0,32,227.0,1.7659080768054645,0.010023130300693909,0.0,0.01156515034695451,0.988177846312002
54105,WV,WIRT,6479.0,50.0,0.0,58.0,6421.0,29,297.0,1.7365933423724342,0.007717240314863405,0.0,0.00895199876524155,0.9910480012347584
54107,WV,WOOD,19078.0,483.0,0.0,609.0,18437.0,44,814.0,2.13529304245854,0.02531711919488416,0.0,0.03192158507181046,0.9664010902610336
55001,WI,ADAMS,80737.0,70285.0,70285.0,70937.0,9454.0,42,542.0,7.206956523197548,0.8705426260574458,0.8705426260574458,0.8786182295601769,0.1170962507896008
55003,WI,ASHLAND,23282.0,5506.0,5506.0,5506.0,17540.0,26,257.0,3.3614685215825277,0.23649171033416372,0.23649171033416372,0.23649171033416372,0.7533717034619019
55005,WI,BARRON,174520.0,126900.0,126888.0,130735.0,43081.0,51,1959.0,4.300047731780807,0.7271372908549163,0.7270685308274123,0.7491118496447399,0.2468542287416915
55007,WI,BAYFIELD,38497.0,6720.0,6519.0,8211.0,30264.0,55,576.0,3.6237107115384024,0.17455905654986104,0.16933787048341428,0.21328934722186144,0.7861391796763384
55009,WI,BROWN,149284.0,85694.0,85653.0,97054.0,51970.0,55,1657.0,4.650976509534631,0.5740333860293133,0.5737587417271778,0.6501299536454007,0.3481283995605691
55011,WI,BUFFALO,157580.0,114094.0,114092.0,114741.0,42322.0,54,1640.0,3.713767631441905,0.724038583576596,0.7240258916106105,0.7281444345729153,0.26857469221982483
55013,WI,BURNETT,38668.0,26168.0,26168.0,26342.0,11281.0,38,445.0,4.3105317815361035,0.6767352849901728,0.6767352849901728,0.6812351298231095,0.2917399400020689
55015,WI,CALUMET,115634.0,74117.0,74114.0,84681.0,30865.0,46,1336.0,4.961840369846239,0.6409620007956137,0.640936056869087,0.7323192140719857,0.2669197640832281
55017,WI,CHIPPEWA,199708.0,146840.0,146704.0,148632.0,49650.0,55,2188.0,3.904571242800754,0.7352734993089911,0.7345925050573838,0.7442466000360526,0.2486129749434174
55019,WI,CLARK,279316.0,173792.0,173791.0,177971.0,100045.0,60,4262.0,4.246795364802176,0.6222056738604305,0.6222020936860044,0.6371672227870941,0.35817855045897834
55021,WI,COLUMBIA,211926.0,173082.0,172976.0,179768.0,31339.0,66,2249.0,3.533168728233671,0.8167096061832904,0.816209431594047,0.8482583543312289,0.14787708917263573
55023,WI,CRAWFORD,76852.0,48709.0,48700.0,49907.0,26622.0,53,1186.0,4.056504899260616,0.6338026336334773,0.6336855254254932,0.6493910373184822,0.3464060792171967
55025,WI,DANE,335605.0,264847.0,264572.0,275962.0,57773.0,80,4310.0,3.6535905438978626,0.7891628551422059,0.7883434394600796,0.8222821471670565,0.1721458261944846
55027,WI,DODGE,296213.0,232575.0,232517.0,247616.0,48103.0,63,3130.0,3.955109054384319,0.7851613534854986,0.7849655484398051,0.8359390033523174,0.1623932778102244
55029,WI,DOOR,78775.0,46740.0,44616.0,57078.0,21445.0,63,1278.0,6.335403801906563,0.5933354490637893,0.5663725801332911,0.7245699777848302,0.27223103776578866
55031,WI,DOUGLAS,24538.0,252.0,251.0,254.0,24284.0,44,252.0,1.7929148965184962,0.010269785638601352,0.010229032520987856,0.010351291873828349,0.9896487081261717
55033,WI,DUNN,241509.0,191711.0,191710.0,191979.0,47759.0,58,1891.0,3.4877671358771916,0.7938047857429744,0.7938006451105342,0.7949144752369477,0.19775246471146002
55035,WI,EAU CLAIRE,98082.0,70722.0,70595.0,71078.0,26383.0,62,1751.0,3.7907208559543086,0.7210497338961277,0.719754898962093,0.7246793499316898,0.2689892131073999
55037,WI,FLORENCE,7600.0,314.0,311.0,319.0,7281.0,25,133.0,1.7367327866405355,0.04131578947368421,0.04092105263157895,0.041973684210526316,0.9580263157894737
55039,WI,FOND DU LAC,242368.0,172229.0,172189.0,188205.0,53649.0,59,2503.0,4.531682884406578,0.710609486400845,0.710444448111962,0.7765257789807235,0.22135347900712965
55041,WI,FOREST,6678.0,2144.0,2144.0,2144.0,4486.0,15,119.0,3.3204019498382205,0.32105420784666067,0.32105420784666067,0.32105420784666067,0.6717580113806529
55043,WI,GRANT,334923.0,240479.0,240477.0,244179.0,89683.0,58,3693.0,3.8728501959578994,0.7180127969712441,0.7180068254494316,0.7290601123243253,0.267771995354156
55045,WI,GREEN,207665.0,151902.0,151861.0,157784.0,49510.0,67,2397.0,3.8928337154246475,0.7314761755712326,0.7312787422049937,0.7598006404545783,0.23841282835335756
55047,WI,GREEN LAKE,86958.0,72989.0,72989.0,76525.0,10293.0,51,1105.0,4.673382905971319,0.8393592308930748,0.8393592308930748,0.8800225396168265,0.11836748775270821
55049,WI,IOWA,182625.0,127856.0,127780.0,129645.0,52021.0,60,2279.0,3.897515799835042,0.7001013004791239,0.6996851471594798,0.7098973305954825,0.28485147159479807
55051,WI,IRON,3119.0,0.0,0.0,0.0,3119.0,15,48.0,1.9973360587890916,0.0,0.0,0.0,1.0
55053,WI,JACKSON,111218.0,78160.0,78160.0,78214.0,29405.0,55,1247.0,4.158024757505676,0.7027639410886727,0.7027639410886727,0.7032494740060062,0.2643906561887464
55055,WI,JEFFERSON,144392.0,119705.0,119688.0,124457.0,19669.0,62,1734.0,3.3590700476862922,0.8290279239847083,0.8289101889301347,0.8619383345337692,0.1362194581417253
55057,WI,JUNEAU,94106.0,69337.0,69328.0,70915.0,23030.0,45,1026.0,3.769690251895338,0.7367968036044461,0.7367011667693877,0.7535651286846747,0.24472403459928166
55059,WI,KENOSHA,52999.0,42940.0,42897.0,46695.0,6290.0,45,632.0,3.5975369539711446,0.8102039661125682,0.8093926300496236,0.8810543595162172,0.11868148455631239
55061,WI,KEWAUNEE,141129.0,82941.0,82634.0,94684.0,46023.0,38,1259.0,4.53590612736739,0.5876963629020258,0.5855210481190967,0.67090392477804,0.3261059031099207
55063,WI,LA CROSSE,71401.0,54514.0,54514.0,54720.0,16221.0,41,1052.0,3.563066931542672,0.7634907074130615,0.7634907074130615,0.7663758210669318,0.2271816921331634
55065,WI,LAFAYETTE,226435.0,175266.0,175256.0,177443.0,47705.0,56,2098.0,3.629867728502899,0.7740234504383157,0.7739792876542937,0.7836376885198842,0.21067856117649655
55067,WI,LANGLADE,60184.0,39214.0,39214.0,41898.0,17610.0,39,606.0,8.712346052304213,0.6515685231955337,0.6515685231955337,0.6961650937126147,0.29260268509902965
55069,WI,LINCOLN,41409.0,19209.0,19208.0,19578.0,19315.0,41,635.0,4.859919061317236,0.46388466275447365,0.4638605134149581,0.47279576903571685,0.4664444927431235
55071,WI,MANITOWOC,179564.0,103076.0,102417.0,118395.0,60006.0,59,2139.0,4.952600250840913,0.5740348844980063,0.5703648838297208,0.6593470851618365,0.33417611547971754
55073,WI,MARATHON,306681.0,197303.0,197216.0,202455.0,102500.0,68,4058.0,4.443231559841522,0.6433492782402561,0.6430655958471506,0.6601484930595635,0.33422350911859555
55075,WI,MARINETTE,81248.0,53819.0,53792.0,56253.0,24046.0,40,688.0,3.9546523014411297,0.6624039976368649,0.6620716817644742,0.6923616581331232,0.29595805435210715
55077,WI,MARQUETTE,67866.0,51997.0,51997.0,53181.0,13707.0,44,682.0,3.681358940619746,0.7661715733946306,0.7661715733946306,0.7836177172663779,0.20197153213685792
55079,WI,MILWAUKEE,2736.0,2335.0,2316.0,2601.0,106.0,43,327.0,3.8918386806126164,0.8534356725146199,0.8464912280701754,0.9506578947368421,0.03874269005847953
55081,WI,MONROE,131414.0,84946.0,84926.0,85205.0,42110.0,56,2447.0,4.2508983878323345,0.6463999269484225,0.6462477361620528,0.6483707976319114,0.32043770070159955
55083,WI,OCONTO,129773.0,88180.0,88166.0,93082.0,36360.0,49,1253.0,4.553805183809828,0.6794941937074738,0.6793863130235103,0.717267844620992,0.2801815477795844
55085,WI,ONEIDA,7641.0,1493.0,1493.0,1493.0,4769.0,47,162.0,3.165926784673732,0.19539327313178903,0.19539327313178903,0.19539327313178903,0.6241329668891507
55087,WI,OUTAGAMIE,192424.0,145034.0,145032.0,151821.0,40040.0,51,1885.0,4.0860287493222325,0.7537209495697003,0.7537105558558184,0.7889920176277387,0.2080821519145221
55089,WI,OZAUKEE,39177.0,24602.0,24324.0,27527.0,11502.0,53,828.0,5.068536033219457,0.6279704928912372,0.6208744926870358,0.7026316461188963,0.2935906271536871
55091,WI,PEPIN,67138.0,50388.0,50388.0,50458.0,16015.0,49,791.0,3.5675831498075405,0.7505138669605886,0.7505138669605886,0.7515564955762757,0.2385385325746969
55093,WI,PIERCE,146872.0,112550.0,112549.0,113204.0,33344.0,62,2036.0,3.60796539671812,0.7663135247017812,0.7663067160520726,0.7707663816111988,0.22702761588321804
55095,WI,POLK,139952.0,103362.0,103238.0,103883.0,34459.0,64,1893.0,4.122690240272192,0.7385532182462559,0.7376672001829199,0.7422759231736595,0.2462201326168972
55097,WI,PORTAGE,181652.0,139481.0,139447.0,140341.0,40801.0,61,1657.0,7.204884390621831,0.7678473124435734,0.7676601413692115,0.7725816396186114,0.2246107942659591
55099,WI,PRICE,23298.0,5120.0,5118.0,5148.0,17675.0,42,471.0,3.1750339696662104,0.21976135290582882,0.21967550862735,0.22096317280453256,0.7586488110567431
55101,WI,RACINE,81009.0,66467.0,66466.0,73310.0,7292.0,53,946.0,3.585273406195479,0.8204890814600847,0.820476737152662,0.9049611771531558,0.09001468972583293
55103,WI,RICHLAND,109220.0,64815.0,64515.0,66832.0,41435.0,58,1612.0,4.2562365653366045,0.5934352682658853,0.5906885185863395,0.6119025819446988,0.3793719099066105
55105,WI,ROCK,238473.0,214847.0,214846.0,219391.0,18515.0,68,2133.0,3.160951775687299,0.9009279876547869,0.900923794307951,0.9199825556771626,0.07763981666687633
55107,WI,RUSK,64195.0,38984.0,38984.0,39396.0,24083.0,42,736.0,4.133094710746307,0.6072747098683698,0.6072747098683698,0.6136926551912143,0.3751538281797648
55109,WI,ST CROIX,182645.0,149369.0,149346.0,149870.0,31530.0,53,1778.0,3.496110315314149,0.8178105067206877,0.8176845793752908,0.8205535328095486,0.17262996523310248
55111,WI,SAUK,181243.0,128955.0,128866.0,134082.0,46587.0,65,2294.0,3.9036517948125535,0.7115033408186799,0.7110122873710985,0.7397913298720502,0.25704165126377293
55113,WI,SAWYER,18717.0,7601.0,7567.0,7635.0,11012.0,45,254.0,3.5066336903808155,0.40610140513971255,0.4042848747128279,0.4079179355665972,0.5883421488486402
55115,WI,SHAWANO,181412.0,115984.0,115936.0,120136.0,60398.0,55,2017.0,4.282097251796395,0.6393402861993694,0.6390756951028598,0.6622274160474501,0.3329327718122285
55117,WI,SHEBOYGAN,166298.0,107930.0,107570.0,122842.0,42948.0,57,1848.0,4.839341602003929,0.6490156225570963,0.6468508340449073,0.7386859733731013,0.2582592695041432
55119,WI,TAYLOR,122399.0,72919.0,72912.0,73541.0,48250.0,40,1273.0,4.305532818316317,0.5957483312772163,0.595691141267494,0.6008300721411123,0.3942025670144364
55121,WI,TREMPEALEAU,179097.0,133624.0,133613.0,134050.0,43839.0,31,1684.0,3.628714030252897,0.7460984829449963,0.7460370637140767,0.7484770822515173,0.2447779694802258
55123,WI,VERNON,177278.0,110273.0,110127.0,112567.0,64184.0,74,3661.0,4.1917528465117755,0.6220343189792303,0.6212107537314274,0.6349744469138867,0.3620528209930166
55127,WI,WALWORTH,142840.0,119909.0,119889.0,123804.0,18548.0,66,1707.0,3.379630903592889,0.8394637356482778,0.8393237188462616,0.866732007840941,0.12985158218986279
55129,WI,WASHBURN,29407.0,20709.0,20699.0,20893.0,7972.0,37,434.0,4.193316205080483,0.7042200836535518,0.7038800285646275,0.7104770972897609,0.27109191689053624
55131,WI,WASHINGTON,86974.0,60727.0,60684.0,65732.0,20834.0,60,1537.0,4.639410194629128,0.6982201577482926,0.6977257571228184,0.7557660910157058,0.23954285188677077
55133,WI,WAUKESHA,44923.0,34413.0,34368.0,36155.0,8271.0,62,919.0,3.9122659162664672,0.7660441199385616,0.7650424058945307,0.804821583598602,0.18411504129287892
55135,WI,WAUPACA,141993.0,99020.0,99020.0,101864.0,39429.0,47,1571.0,3.9570117257438153,0.6973583204805871,0.6973583204805871,0.7173874768474502,0.2776827026684414
55137,WI,WAUSHARA,106046.0,84927.0,84911.0,86444.0,15355.0,58,1053.0,7.169157579117371,0.8008505742790865,0.8006996963581842,0.815155687154631,0.14479565471587802
55139,WI,WINNEBAGO,107738.0,84480.0,84419.0,92261.0,15451.0,58,1345.0,3.757901701148483,0.7841244500547625,0.7835582617089606,0.8563459503610611,0.14341272345876108
55141,WI,WOOD,126530.0,70107.0,70106.0,72881.0,48331.0,47,1502.0,4.8107200415136875,0.5540741326167707,0.5540662293527227,0.5759977870860665,0.38197265470639374
56001,WY,ALBANY,62992.0,0.0,0.0,0.0,62992.0,8,133.0,1.286404956974106,0.0,0.0,0.0,1.0
56003,WY,BIG HORN,77543.0,26001.0,19022.0,36662.0,32782.0,28,665.0,5.035915444140282,0.33531073082031904,0.2453090543311453,0.47279573913828454,0.42275898533716777
56005,WY,CAMPBELL,54186.0,279.0,279.0,2971.0,51215.0,20,223.0,1.5303623325779652,0.0051489314583102646,0.0051489314583102646,0.0548296607979921,0.9451703392020079
56007,WY,CARBON,86199.0,0.0,0.0,0.0,86199.0,8,190.0,1.2369973892784443,0.0,0.0,0.0,1.0
56009,WY,CONVERSE,40100.0,160.0,160.0,926.0,39174.0,8,162.0,1.260751392724468,0.00399002493765586,0.00399002493765586,0.02309226932668329,0.9769077306733167
56011,WY,CROOK,105234.0,491.0,491.0,4581.0,100653.0,6,346.0,1.5291280597031154,0.004665792424501587,0.004665792424501587,0.043531558241632934,0.9564684417583671
56013,WY,FREMONT,82118.0,3751.0,2591.0,7536.0,73422.0,41,881.0,1.8039187110156103,0.045678170437662875,0.031552156652621836,0.09177037921040454,0.8941036070045544
56015,WY,GOSHEN,105953.0,4435.0,4435.0,42449.0,60567.0,24,633.0,3.8734278287920825,0.04185818240163091,0.04185818240163091,0.4006399063735807,0.5716402555850235
56017,WY,HOT SPRINGS,10048.0,0.0,0.0,0.0,10048.0,10,117.0,1.0,0.0,0.0,0.0,1.0
56019,WY,JOHNSON,33392.0,1545.0,1545.0,1616.0,31776.0,12,184.0,1.581393828608419,0.04626856732151414,0.04626856732151414,0.048394825107810256,0.9516051748921898
56021,WY,LARAMIE,130289.0,220.0,220.0,87346.0,37413.0,24,401.0,3.6889046466615087,0.0016885539070834836,0.0016885539070834836,0.6704019525823361,0.2871539423896108
56023,WY,LINCOLN,68200.0,2357.0,2357.0,2361.0,65839.0,23,472.0,1.3676836791713187,0.03456011730205279,0.03456011730205279,0.03461876832844575,0.9653812316715542
56025,WY,NATRONA,29711.0,844.0,844.0,2212.0,27499.0,11,203.0,1.6200442673170412,0.0284069873110969,0.0284069873110969,0.07445054020396487,0.9255494597960351
56027,WY,NIOBRARA,25726.0,0.0,0.0,3541.0,22185.0,8,99.0,1.8710232858700282,0.0,0.0,0.1376428515898313,0.8623571484101688
56029,WY,PARK,86265.0,25962.0,16392.0,30677.0,45630.0,42,897.0,4.394073700611643,0.30095635541644933,0.190019127108329,0.3556135164898858,0.5289514866979655
56031,WY,PLATTE,62324.0,3484.0,1770.0,26076.0,34534.0,31,358.0,4.178783169380931,0.055901418394198064,0.02839997432770682,0.4183941980617419,0.5541043578717669
56033,WY,SHERIDAN,65169.0,0.0,0.0,844.0,64325.0,37,624.0,1.255249560570781,0.0,0.0,0.012950942932989611,0.9870490570670104
56035,WY,SUBLETTE,86956.0,0.0,0.0,0.0,86956.0,3,166.0,1.4121518396338395,0.0,0.0,0.0,1.0
56037,WY,SWEETWATER,28758.0,625.0,625.0,625.0,28133.0,4,126.0,1.3852548833315055,0.021733082968217538,0.021733082968217538,0.021733082968217538,0.9782669170317825
56039,WY,TETON,12358.0,3320.0,3320.0,3442.0,8915.0,24,124.0,1.8888624593425904,0.2686518854183525,0.2686518854183525,0.27852403301505096,0.7213950477423531
56041,WY,UINTA,42402.0,0.0,0.0,0.0,42402.0,3,230.0,1.1972666688383062,0.0,0.0,0.0,1.0
56043,WY,WASHAKIE,37235.0,11627.0,6329.0,11686.0,20251.0,36,258.0,3.5012897391063933,0.3122599704579025,0.16997448637035048,0.3138445011413992,0.5438700147710488
56045,WY,WESTON,29473.0,0.0,0.0,0.0,29473.0,21,143.0,1.2971409869955555,0.0,0.0,0.0,1.0
