state_fips,county_fips,census_year,pnsp_year,harvested_cropland_acres,group_acres,coverage,n_crop_groups,n_suppressed_crop_records,shannon_H,effective_n_crops,top1_share,top3_share,dominant_crop,stratum,high_input_acres,high_input_share,total_kg_high,insecticide_kg_high,neonic_kg_high,insecticide_kg_low,insecticide_g_per_acre_high,insecticide_g_per_acre_low,total_g_per_acre_high
1,1,2017,2018,27557.0,27499.0,0.997895,9,3,1.249092,3.487174,0.509255,0.88996,Hay & haylage,Hay & small grains,11100.0,0.403651,30146.4,3214.8,79.1,2010.9,116.660014,72.972385,1093.965236
1,3,2017,2018,94301.0,88363.0,0.937031,10,2,1.77422,5.895683,0.408406,0.679742,Peanuts,Southern row crops,52319.0,0.592092,237501.1,11693.5,3093.0,9474.8,124.001866,100.474014,2518.542751
1,5,2017,2018,25231.0,24890.0,0.986485,10,3,1.480978,4.397243,0.437043,0.859743,Hay & haylage,Hay & small grains,11103.0,0.446083,61868.5,3764.8,120.6,2665.0,149.213269,105.624034,2452.082755
1,7,2017,2018,10812.0,10259.0,0.948853,6,2,0.737617,2.090946,0.756117,0.994931,Hay & haylage,Hay & small grains,52.0,0.005069,5496.4,47.4,0.0,0.8,4.384018,0.073992,508.36108
1,9,2017,2018,31091.0,30999.0,0.997041,8,2,0.819162,2.268598,0.790929,0.944643,Hay & haylage,Hay & small grains,3774.0,0.121746,35680.4,609.5,19.4,203.8,19.603744,6.554952,1147.611849
1,13,2017,2018,14280.0,14198.0,0.994258,6,2,1.082946,2.953366,0.605578,0.951049,Hay & haylage,Hay & small grains,2586.0,0.182138,10666.1,429.5,17.3,147.1,30.077031,10.30112,746.92577
1,15,2017,2018,23251.0,23053.0,0.991484,8,0,1.071919,2.920978,0.598881,0.960352,Hay & haylage,Hay & small grains,5974.0,0.259142,30772.3,910.3,20.6,125.7,39.151004,5.406219,1323.482861
1,19,2017,2018,51669.0,50705.0,0.981343,8,2,1.21395,3.366758,0.572606,0.887092,Cotton,Southern row crops,29121.0,0.574322,103595.3,4389.3,106.6,507.1,84.950357,9.814395,2004.979775
1,21,2017,2018,16172.0,15101.0,0.933774,7,5,0.88226,2.416354,0.764982,0.92133,Hay & haylage,Hay & small grains,1969.0,0.130389,20695.6,1407.3,3.7,2545.2,87.020777,157.383131,1279.718031
1,27,2017,2018,10235.0,10040.0,0.980948,4,2,0.047308,1.048445,0.993327,0.998108,Hay & haylage,Hay & small grains,67.0,0.006673,15421.9,12.5,0.0,9.0,1.221299,0.879336,1506.780655
1,31,2017,2018,44949.0,44755.0,0.995684,9,2,1.427262,4.167275,0.38322,0.896391,Hay & haylage,Hay & small grains,23449.0,0.523941,133618.7,10191.8,284.9,6029.7,226.741418,134.145365,2972.673474
1,33,2017,2018,78341.0,86207.0,1.100407,7,2,1.498483,4.474897,0.313733,0.800492,Soybeans,Corn / soybean,5248.0,0.060877,121426.1,2032.3,36.3,758.6,25.941716,9.683308,1549.968726
1,35,2017,2018,21575.0,22134.0,1.02591,8,3,1.206136,3.340551,0.511792,0.908015,Cotton,Southern row crops,12314.0,0.556339,38478.9,1838.2,126.6,1602.6,85.200463,74.280417,1783.494786
1,39,2017,2018,42276.0,41696.0,0.986281,10,3,1.526083,4.600123,0.361354,0.851113,Hay & haylage,Hay & small grains,21806.0,0.522976,127060.1,8286.4,318.2,5407.7,196.007191,127.914183,3005.490113
1,41,2017,2018,15947.0,14472.0,0.907506,7,4,0.613789,1.847417,0.836581,0.978027,Hay & haylage,Hay & small grains,772.0,0.053344,30466.3,2006.4,20.4,1486.4,125.816768,93.208754,1910.472189
1,43,2017,2018,48864.0,48542.0,0.99341,7,1,1.009478,2.744167,0.658914,0.95612,Hay & haylage,Hay & small grains,1467.0,0.030221,42408.2,454.5,6.6,138.5,9.301326,2.834398,867.882286
1,45,2017,2018,34404.0,35203.0,1.023224,10,1,1.495872,4.463228,0.373406,0.870863,Peanuts,Southern row crops,24203.0,0.687527,92970.9,7131.4,231.8,3631.7,207.284037,105.5604,2702.328218
1,47,2017,2018,54831.0,53982.0,0.984516,7,4,1.497973,4.472613,0.314197,0.833055,Hay & haylage,Hay & small grains,16884.0,0.312771,63614.5,6905.4,179.7,3554.5,125.939706,64.826467,1160.192227
1,49,2017,2018,72653.0,72944.0,1.004005,9,4,1.183854,3.266942,0.552616,0.951278,Hay & haylage,Hay & small grains,2582.0,0.035397,78055.0,593.2,9.8,173.3,8.164838,2.385311,1074.353433
1,51,2017,2018,27354.0,26635.0,0.973715,7,3,1.07513,2.930373,0.517928,0.964333,Cotton,Southern row crops,14019.0,0.526338,35346.0,4314.8,94.6,2432.9,157.73927,88.941288,1292.169335
1,53,2017,2018,46422.0,46151.0,0.994162,8,3,1.381018,3.978952,0.424953,0.869515,Cotton,Southern row crops,34708.0,0.752053,215720.5,10335.6,2255.2,9271.0,222.644436,199.711344,4646.945414
1,55,2017,2018,18307.0,18234.0,0.996012,7,1,1.057793,2.880009,0.670122,0.915378,Hay & haylage,Hay & small grains,2550.0,0.139849,34363.0,1142.3,27.4,140.3,62.396897,7.663735,1877.041569
1,57,2017,2018,16734.0,16313.0,0.974842,8,2,1.259561,3.523876,0.464967,0.894685,Hay & haylage,Hay & small grains,7082.0,0.434132,50416.3,7876.6,40.1,7401.7,470.694395,442.315047,3012.806263
1,59,2017,2018,25285.0,25208.0,0.996955,8,2,1.048236,2.852615,0.698032,0.903562,Hay & haylage,Hay & small grains,4012.0,0.159156,20314.6,215.4,2.1,74.1,8.518885,2.930591,803.424956
1,61,2017,2018,62014.0,62334.0,1.00516,11,6,1.497066,4.468561,0.36144,0.868338,Cotton,Southern row crops,44376.0,0.711907,204348.4,16219.4,477.2,8780.4,261.544167,141.587383,3295.197859
1,63,2017,2018,11761.0,11719.0,0.996429,5,3,0.07938,1.082615,0.987968,0.997099,Hay & haylage,Hay & small grains,95.0,0.008106,9503.5,408.4,0.0,28.7,34.724938,2.440269,808.052036
1,65,2017,2018,15492.0,14151.0,0.913439,3,4,0.035268,1.035897,0.9947,1.0,Hay & haylage,Hay & small grains,75.0,0.0053,20030.9,795.5,6.0,229.1,51.349083,14.788278,1292.983475
1,67,2017,2018,54457.0,54334.0,0.997741,10,3,1.45237,4.27323,0.365811,0.870652,Cotton,Southern row crops,37248.0,0.685538,147191.4,11342.7,362.0,6332.6,208.287273,116.286244,2702.89219
1,69,2017,2018,70835.0,72713.0,1.026512,10,3,1.541113,4.669786,0.366111,0.835985,Peanuts,Southern row crops,51627.0,0.710011,214400.1,17504.1,572.4,6891.3,247.110892,97.286652,3026.753723
1,71,2017,2018,80891.0,82540.0,1.020385,9,4,1.376984,3.96293,0.355488,0.910431,Hay & haylage,Hay & small grains,4458.0,0.05401,130391.1,1587.2,18.3,340.1,19.621466,4.204423,1611.935815
1,77,2017,2018,86818.0,89685.0,1.033023,9,3,1.551242,4.717327,0.288867,0.7397,Soybeans,Corn / soybean,18477.0,0.206021,187812.3,3948.8,90.9,1519.4,45.483655,17.500979,2163.287567
1,79,2017,2018,108544.0,117656.0,1.083948,9,2,1.660017,5.259401,0.312589,0.68872,Soybeans,Corn / soybean,23275.0,0.197822,173266.1,2991.5,56.8,1117.9,27.560252,10.299049,1596.275243
1,83,2017,2018,135653.0,148665.0,1.095921,11,2,1.530985,4.62273,0.394706,0.746773,Soybeans,Corn / soybean,28342.0,0.190643,240060.8,4277.4,82.6,1674.9,31.531923,12.346944,1769.668198
1,85,2017,2018,34458.0,31413.0,0.911632,6,3,0.791725,2.207201,0.764174,0.961576,Hay & haylage,Hay & small grains,4146.0,0.131984,30143.0,615.7,27.1,201.0,17.868129,5.833188,874.775089
1,87,2017,2018,26305.0,23030.0,0.875499,8,7,1.008554,2.741635,0.537386,0.949674,Cotton,Southern row crops,13566.0,0.589058,17973.1,1759.9,41.7,1049.1,66.90363,39.882152,683.257936
1,89,2017,2018,120404.0,132949.0,1.104191,8,0,1.578605,4.848187,0.297625,0.718817,Soybeans,Corn / soybean,30750.0,0.231292,274432.4,5884.2,137.2,2358.7,48.870469,19.589881,2279.263147
1,91,2017,2018,19900.0,19937.0,1.001859,6,3,1.1582,3.184195,0.616793,0.890455,Hay & haylage,Hay & small grains,3762.0,0.188694,21265.5,1459.8,5.9,119.3,73.356784,5.994975,1068.61809
1,93,2017,2018,15058.0,14957.0,0.993293,5,2,0.822801,2.276868,0.673263,0.998663,Hay & haylage,Hay & small grains,20.0,0.001337,9628.4,137.6,2.7,78.5,9.138,5.213176,639.420906
1,95,2017,2018,36758.0,36653.0,0.997143,6,2,0.810347,2.248688,0.725398,0.992252,Hay & haylage,Hay & small grains,284.0,0.007748,37842.4,195.2,0.0,67.9,5.310409,1.847217,1029.501061
1,97,2017,2018,30334.0,26994.0,0.889893,7,5,1.509898,4.526271,0.294954,0.841817,Cotton,Southern row crops,17066.0,0.632215,102237.5,4816.0,1258.3,4245.4,158.765741,139.955166,3370.392958
1,99,2017,2018,35400.0,35577.0,1.005,9,1,1.297528,3.660236,0.468645,0.931922,Cotton,Southern row crops,25269.0,0.710262,137180.6,6722.4,1062.9,5930.1,189.898305,167.516949,3875.158192
1,101,2017,2018,38378.0,37922.0,0.988118,7,5,0.729741,2.074544,0.788988,0.967961,Hay & haylage,Hay & small grains,4865.0,0.12829,40271.0,2600.6,28.9,924.7,67.762781,24.094533,1049.325134
1,103,2017,2018,39368.0,39373.0,1.000127,9,2,0.99789,2.712552,0.68519,0.923501,Hay & haylage,Hay & small grains,2425.0,0.06159,46191.7,774.0,15.1,344.4,19.660638,8.748222,1173.331132
1,105,2017,2018,31709.0,31462.0,0.99221,7,1,1.336923,3.80731,0.363677,0.902136,Hay & haylage,Hay & small grains,3079.0,0.097864,26256.5,1927.7,51.9,438.1,60.793466,13.816267,828.045665
1,107,2017,2018,19434.0,18432.0,0.948441,6,5,1.236105,3.442181,0.514594,0.852756,Hay & haylage,Hay & small grains,3210.0,0.174154,29329.5,3255.9,5.5,2522.3,167.536277,129.788,1509.184934
1,109,2017,2018,28375.0,28002.0,0.986855,10,2,1.417706,4.127643,0.546175,0.806728,Hay & haylage,Hay & small grains,8016.0,0.286265,62021.5,4137.0,94.6,2872.3,145.797357,101.226432,2185.779736
1,111,2017,2018,11633.0,11214.0,0.963982,6,2,0.430197,1.53756,0.87471,0.993936,Hay & haylage,Hay & small grains,134.0,0.011949,24618.2,184.1,0.0,1.8,15.825668,0.154732,2116.238288
1,113,2017,2018,21892.0,20231.0,0.924128,8,2,1.32321,3.755456,0.4589,0.885868,Hay & haylage,Hay & small grains,8901.0,0.439968,43105.2,3191.6,84.4,1829.6,145.788416,83.573908,1968.99324
1,115,2017,2018,10805.0,10405.0,0.96298,5,0,0.31557,1.371041,0.926285,0.990774,Hay & haylage,Hay & small grains,712.0,0.068429,6653.1,5.8,0.0,6.9,0.536789,0.638593,615.742712
1,117,2017,2018,20893.0,19845.0,0.94984,8,0,1.237967,3.448595,0.539683,0.894583,Hay & haylage,Hay & small grains,5223.0,0.26319,60304.2,13135.6,27.1,12424.2,628.70818,594.658498,2886.335136
1,119,2017,2018,20367.0,18813.0,0.9237,6,6,0.740917,2.097859,0.79158,0.946367,Hay & haylage,Hay & small grains,18.0,0.000957,16882.6,193.2,4.0,43.2,9.485933,2.121078,828.91933
1,121,2017,2018,25023.0,24328.0,0.972226,7,1,1.3021,3.677012,0.474679,0.856215,Hay & haylage,Hay & small grains,5630.0,0.231421,87854.8,14883.6,28.3,12953.1,594.796787,517.647764,3510.961915
1,125,2017,2018,16961.0,17041.0,1.004717,8,0,1.119492,3.063297,0.641981,0.891497,Hay & haylage,Hay & small grains,1649.0,0.096767,39389.0,6326.9,12.1,5559.5,373.026355,327.781381,2322.327693
1,127,2017,2018,12598.0,12358.0,0.980949,5,2,0.498071,1.645544,0.866969,0.994578,Hay & haylage,Hay & small grains,67.0,0.005422,10825.1,183.3,0.0,4.3,14.549929,0.341324,859.271313
1,129,2017,2018,17601.0,17425.0,0.990001,7,1,1.26533,3.544262,0.408436,0.941808,Hay & haylage,Hay & small grains,9476.0,0.543816,25662.3,1091.1,423.7,920.3,61.990796,52.286802,1458.002386
1,131,2017,2018,13680.0,12238.0,0.894591,3,5,0.282361,1.326257,0.928828,1.0,Hay & haylage,Hay & small grains,102.0,0.008335,16042.5,608.2,20.0,416.9,44.459064,30.475146,1172.697368
4,3,2017,2018,87417.0,89015.0,1.01828,7,6,1.355871,3.880138,0.408426,0.925799,Hay & haylage,Hay & small grains,24135.0,0.271134,259131.6,7499.5,225.9,7013.5,85.789949,80.23039,2964.315865
4,9,2017,2018,43056.0,42022.0,0.975985,10,2,1.309011,3.70251,0.622983,0.840726,Cotton,Southern row crops,27563.0,0.655918,440294.9,9314.8,229.0,3100.6,216.341509,72.013192,10226.098569
4,12,2017,2018,96204.0,94149.0,0.978639,5,5,0.743679,2.103661,0.794273,0.951386,Hay & haylage,Hay & small grains,13012.0,0.138206,280339.1,13515.0,135.8,9559.6,140.482724,99.36801,2914.006694
4,13,2017,2018,187467.0,192779.0,1.028336,10,5,1.507481,4.515344,0.530665,0.792057,Hay & haylage,Hay & small grains,53009.0,0.274973,980749.8,33397.3,2476.0,27345.8,178.150288,145.86994,5231.586359
4,21,2017,2018,235185.0,237769.0,1.010987,9,7,1.577494,4.842805,0.370557,0.80632,Cotton,Southern row crops,101299.0,0.42604,2103902.1,53931.1,2273.3,26107.0,229.313519,111.006229,8945.732508
5,1,2017,2018,336128.0,339344.0,1.009568,9,2,1.004094,2.729434,0.605831,0.982012,Soybeans,Corn / soybean,81092.0,0.238967,589416.3,15845.0,742.8,4259.3,47.13978,12.671661,1753.547161
5,3,2017,2018,96214.0,100110.0,1.040493,8,1,1.320769,3.746301,0.524593,0.910988,Soybeans,Corn / soybean,23082.0,0.230566,292946.2,17211.2,664.9,14925.1,178.88457,155.123994,3044.735693
5,5,2017,2018,10555.0,10548.0,0.999337,4,1,0.02506,1.025377,0.996777,0.999242,Hay & haylage,Hay & small grains,34.0,0.003223,7548.8,0.0,0.0,0.0,0.0,0.0,715.187115
5,7,2017,2018,62855.0,63157.0,1.004805,7,1,0.349353,1.41815,0.925709,0.985211,Hay & haylage,Hay & small grains,319.0,0.005051,41805.4,114.1,1.4,93.5,1.815289,1.487551,665.108583
5,9,2017,2018,34488.0,33267.0,0.964596,4,2,0.031964,1.03248,0.995521,0.999519,Hay & haylage,Hay & small grains,149.0,0.004479,36613.7,88.1,0.0,87.9,2.554512,2.548713,1061.635931
5,15,2017,2018,43589.0,43539.0,0.998853,4,2,0.031977,1.032493,0.995383,0.999862,Hay & haylage,Hay & small grains,201.0,0.004617,36212.4,38.7,0.0,38.6,0.887839,0.885545,830.769231
5,17,2017,2018,261377.0,262376.0,1.003822,8,0,0.991025,2.693993,0.715027,0.891473,Soybeans,Corn / soybean,44483.0,0.169539,584731.4,29566.8,1657.0,25920.8,113.119364,99.170164,2237.118798
5,19,2017,2018,23900.0,21966.0,0.919079,4,6,0.677091,1.968144,0.610352,0.999954,Hay & haylage,Hay & small grains,27.0,0.001229,22570.4,494.7,27.0,494.7,20.698745,20.698745,944.368201
5,21,2017,2018,244544.0,246149.0,1.006563,8,5,1.340721,3.821797,0.479864,0.857412,Soybeans,Corn / soybean,92065.0,0.374021,563319.5,21089.7,1242.5,15606.9,86.240922,63.820417,2303.55069
5,23,2017,2018,24852.0,24839.0,0.999477,4,0,0.037777,1.0385,0.994766,0.999275,Hay & haylage,Hay & small grains,130.0,0.005234,15269.6,39.8,0.0,40.4,1.601481,1.625624,614.421375
5,27,2017,2018,10336.0,9498.0,0.918924,2,2,0.015727,1.015852,0.997789,1.0,Hay & haylage,Hay & small grains,21.0,0.002211,6900.2,0.0,0.0,0.0,0.0,0.0,667.589009
5,29,2017,2018,64056.0,65441.0,1.021622,7,1,1.086142,2.962822,0.56946,0.925994,Hay & haylage,Hay & small grains,2314.0,0.03536,58389.0,2254.7,58.5,2283.0,35.198888,35.640689,911.530536
5,31,2017,2018,282078.0,285538.0,1.012266,9,2,1.504415,4.50152,0.403806,0.821617,Soybeans,Corn / soybean,127913.0,0.447972,674445.9,36573.7,1898.4,31220.9,129.658109,110.681797,2390.99079
5,33,2017,2018,45305.0,46023.0,1.015848,7,1,0.973501,2.647195,0.494144,0.962779,Hay & haylage,Hay & small grains,266.0,0.00578,46070.6,663.6,0.0,81.8,14.64739,1.80554,1016.898797
5,35,2017,2018,283625.0,289981.0,1.02241,9,2,0.897781,2.454152,0.756381,0.921785,Soybeans,Corn / soybean,48218.0,0.16628,615629.0,24235.6,1312.6,8452.0,85.449449,29.799912,2170.573821
5,37,2017,2018,236915.0,238671.0,1.007412,8,1,0.995021,2.70478,0.63161,0.957619,Soybeans,Corn / soybean,66731.0,0.279594,523007.7,15857.5,818.1,5510.8,66.933288,23.260663,2207.575291
5,41,2017,2018,270980.0,272543.0,1.005768,6,3,0.83556,2.306104,0.759429,0.929732,Soybeans,Corn / soybean,34547.0,0.126758,612718.0,31729.0,1810.7,28067.3,117.089822,103.577017,2261.118902
5,43,2017,2018,70295.0,71090.0,1.011309,7,2,1.323222,3.755503,0.564538,0.831101,Soybeans,Corn / soybean,13338.0,0.187621,160795.5,8162.2,407.5,7160.3,116.113522,101.86073,2287.438651
5,45,2017,2018,57299.0,56752.0,0.990454,7,3,0.721266,2.057035,0.764555,0.976036,Hay & haylage,Hay & small grains,1360.0,0.023964,41365.7,883.9,22.2,944.2,15.426098,16.478473,721.927084
5,47,2017,2018,47586.0,47424.0,0.996596,4,3,0.368535,1.445615,0.909814,0.990912,Hay & haylage,Hay & small grains,431.0,0.009088,15550.8,139.1,0.0,46.5,2.923129,0.977178,326.793595
5,49,2017,2018,20372.0,20367.0,0.999755,6,1,0.31766,1.37391,0.925222,0.998871,Hay & haylage,Hay & small grains,23.0,0.001129,18308.3,0.0,0.0,0.0,0.0,0.0,898.699195
5,55,2017,2018,199364.0,199879.0,1.002583,10,3,1.327406,3.771249,0.408197,0.904352,Soybeans,Corn / soybean,80208.0,0.401283,389723.3,9276.7,658.2,5741.4,46.53147,28.798579,1954.832869
5,57,2017,2018,40145.0,39329.0,0.979674,3,2,0.054634,1.056154,0.990821,1.0,Hay & haylage,Hay & small grains,361.0,0.009179,38574.7,62.1,0.8,49.0,1.546893,1.220575,960.884294
5,59,2017,2018,12790.0,12761.0,0.997733,4,0,0.04159,1.042467,0.994201,0.998903,Hay & haylage,Hay & small grains,74.0,0.005799,9983.7,49.7,1.3,49.8,3.885848,3.893667,780.586396
5,61,2017,2018,29118.0,29112.0,0.999794,3,1,0.007771,1.007802,0.999107,1.0,Hay & haylage,Hay & small grains,26.0,0.000893,26564.0,45.6,0.1,45.6,1.566042,1.566042,912.287932
5,63,2017,2018,68214.0,68363.0,1.002184,6,2,1.197392,3.311471,0.45943,0.917587,Hay & haylage,Hay & small grains,6797.0,0.099425,96555.2,1803.7,144.0,371.5,26.441786,5.446096,1415.474829
5,65,2017,2018,22172.0,22109.0,0.997159,4,3,0.026261,1.026609,0.996246,0.999864,Hay & haylage,Hay & small grains,9.0,0.000407,13410.8,0.2,0.0,0.0,0.00902,0.0,604.852968
5,67,2017,2018,213142.0,217998.0,1.022783,6,4,1.018272,2.768407,0.562767,0.953339,Soybeans,Corn / soybean,74343.0,0.341026,506064.9,7680.9,727.9,2366.3,36.036539,11.101988,2374.308677
5,69,2017,2018,235228.0,238823.0,1.015283,9,2,1.239228,3.452948,0.531967,0.933415,Soybeans,Corn / soybean,60388.0,0.252857,467213.9,17117.7,1043.8,14722.2,72.770674,62.586937,1986.217202
5,71,2017,2018,33819.0,33596.0,0.993406,6,2,0.506295,1.659132,0.862752,0.995654,Hay & haylage,Hay & small grains,143.0,0.004256,12247.3,70.5,0.0,7.6,2.084627,0.224726,362.142583
5,73,2017,2018,50019.0,50618.0,1.011975,7,0,1.469482,4.346984,0.310324,0.851515,Hay & haylage,Hay & small grains,4261.0,0.08418,89511.3,1395.0,15.8,176.5,27.889402,3.528659,1789.545973
5,75,2017,2018,176137.0,176002.0,0.999234,7,2,1.142947,3.135996,0.458245,0.939915,Rice,Southern row crops,83890.0,0.476642,337414.6,3722.4,418.0,958.2,21.133549,5.440084,1915.63726
5,77,2017,2018,239525.0,242431.0,1.012132,8,4,1.132405,3.10311,0.622618,0.931754,Soybeans,Corn / soybean,54121.0,0.223243,556432.2,24767.5,1496.1,13326.0,103.402568,55.635111,2323.065233
5,79,2017,2018,148596.0,149198.0,1.004051,7,3,1.299108,3.666027,0.573238,0.839415,Soybeans,Corn / soybean,35400.0,0.237269,312680.7,15578.6,743.4,13606.6,104.838623,91.567741,2104.233627
5,81,2017,2018,53629.0,53314.0,0.994126,7,2,1.465204,4.328428,0.414582,0.780302,Hay & haylage,Hay & small grains,7606.0,0.142664,57201.7,719.9,0.2,179.6,13.423707,3.348934,1066.618807
5,83,2017,2018,54227.0,51870.0,0.956535,5,3,0.282177,1.326013,0.920667,0.999614,Hay & haylage,Hay & small grains,39.0,0.000752,32129.6,368.6,0.0,64.0,6.797352,1.180224,592.50189
5,85,2017,2018,260392.0,262462.0,1.00795,9,2,1.32404,3.758574,0.449932,0.901692,Soybeans,Corn / soybean,90864.0,0.346199,505217.3,13882.1,707.3,5137.3,53.312314,19.729101,1940.218209
5,87,2017,2018,47064.0,46139.0,0.980346,3,7,0.007151,1.007177,0.999133,1.0,Hay & haylage,Hay & small grains,40.0,0.000867,31982.9,115.7,0.0,115.6,2.458355,2.45623,679.561873
5,89,2017,2018,19278.0,19113.0,0.991441,4,1,0.007419,1.007447,0.999163,0.999948,Hay & haylage,Hay & small grains,16.0,0.000837,12316.4,5.4,0.0,5.7,0.280112,0.295674,638.883702
5,91,2017,2018,51397.0,57986.0,1.128198,7,2,1.435401,4.201329,0.329304,0.81975,Soybeans,Corn / soybean,1878.0,0.032387,75589.2,971.2,0.3,138.8,18.896045,2.700547,1470.692842
5,93,2017,2018,455277.0,462523.0,1.015916,10,0,1.189648,3.285926,0.601944,0.913972,Soybeans,Corn / soybean,155892.0,0.337047,1041532.1,53282.9,3013.5,41995.9,117.034025,92.242525,2287.688814
5,95,2017,2018,176872.0,182940.0,1.034307,8,2,1.144421,3.140624,0.602728,0.935301,Soybeans,Corn / soybean,37379.0,0.204324,368482.4,10995.0,563.5,4057.2,62.163599,22.938622,2083.328056
5,99,2017,2018,17850.0,17826.0,0.998655,2,3,0.01994,1.02014,0.997083,1.0,Hay & haylage,Hay & small grains,52.0,0.002917,13108.6,0.0,0.0,0.0,0.0,0.0,734.37535
5,101,2017,2018,11235.0,11229.0,0.999466,4,0,0.013564,1.013656,0.998397,0.999733,Hay & haylage,Hay & small grains,18.0,0.001603,13737.5,27.6,0.0,27.6,2.456609,2.456609,1222.741433
5,105,2017,2018,22476.0,19268.0,0.85727,5,4,0.590771,1.80538,0.821362,0.999377,Hay & haylage,Hay & small grains,1266.0,0.065705,11775.5,173.9,4.1,184.8,7.737142,8.222104,523.914398
5,107,2017,2018,347239.0,352325.0,1.014647,8,3,0.92322,2.517383,0.747577,0.923871,Soybeans,Corn / soybean,41072.0,0.116574,574393.5,20625.4,1070.1,6567.5,59.398282,18.913486,1654.17335
5,109,2017,2018,19661.0,19661.0,1.0,2,0,0.003583,1.00359,0.999593,1.0,Hay & haylage,Hay & small grains,8.0,0.000407,13341.2,0.0,0.0,0.0,0.0,0.0,678.561619
5,111,2017,2018,286124.0,288022.0,1.006633,8,1,1.182802,3.263505,0.552107,0.90884,Soybeans,Corn / soybean,102770.0,0.356813,726503.4,19468.3,1360.3,11565.4,68.041479,40.420936,2539.120801
5,113,2017,2018,27452.0,27450.0,0.999927,4,0,0.010828,1.010887,0.998725,0.999854,Hay & haylage,Hay & small grains,35.0,0.001275,5921.9,44.3,0.0,44.2,1.613726,1.610083,215.718345
5,115,2017,2018,46226.0,46468.0,1.005235,8,1,0.933851,2.544288,0.693789,0.951214,Hay & haylage,Hay & small grains,2926.0,0.062968,60348.3,611.1,0.0,194.9,13.219833,4.216242,1305.50556
5,117,2017,2018,189369.0,190902.0,1.008095,6,3,1.052609,2.865116,0.565919,0.960514,Soybeans,Corn / soybean,60003.0,0.314313,364997.5,9790.5,478.0,2844.2,51.700648,15.019354,1927.440605
5,119,2017,2018,38132.0,38781.0,1.01702,8,0,1.235785,3.44108,0.557489,0.883732,Soybeans,Corn / soybean,3759.0,0.096929,56471.5,2458.7,62.6,2483.6,64.478653,65.131648,1480.94776
5,121,2017,2018,88918.0,88611.0,0.996547,6,4,1.31699,3.732169,0.348049,0.929648,Soybeans,Corn / soybean,27250.0,0.307524,149438.0,2134.4,209.2,454.9,24.004139,5.11595,1680.627095
5,123,2017,2018,219647.0,220116.0,1.002135,7,4,1.056844,2.877275,0.658816,0.91315,Soybeans,Corn / soybean,55985.0,0.254343,494105.0,18661.9,1043.8,7854.3,84.963145,35.75874,2249.541309
5,125,2017,2018,10816.0,10787.0,0.997319,4,0,0.027892,1.028285,0.996292,0.999629,Hay & haylage,Hay & small grains,40.0,0.003708,5538.3,16.1,0.4,29.9,1.488536,2.764423,512.046967
5,127,2017,2018,22275.0,22274.0,0.999955,3,1,0.074642,1.077498,0.986082,1.0,Hay & haylage,Hay & small grains,310.0,0.013918,4830.4,36.7,0.0,36.7,1.647587,1.647587,216.852974
5,129,2017,2018,24406.0,24405.0,0.999959,4,0,0.008283,1.008317,0.999058,0.999877,Hay & haylage,Hay & small grains,23.0,0.000942,13280.2,0.0,0.0,0.0,0.0,0.0,544.136688
5,131,2017,2018,24136.0,23998.0,0.994282,5,2,0.26099,1.298215,0.932953,0.999292,Hay & haylage,Hay & small grains,77.0,0.003209,15125.4,240.6,0.0,90.6,9.968512,3.753729,626.673848
5,133,2017,2018,26400.0,26353.0,0.99822,3,2,0.008026,1.008058,0.999051,1.0,Hay & haylage,Hay & small grains,25.0,0.000949,21370.6,68.4,0.0,68.4,2.590909,2.590909,809.492424
5,135,2017,2018,20506.0,20497.0,0.999561,3,1,0.037785,1.038508,0.994194,1.0,Hay & haylage,Hay & small grains,119.0,0.005806,13466.4,39.8,0.0,42.1,1.940895,2.053058,656.705355
5,137,2017,2018,25181.0,25171.0,0.999603,4,0,0.021168,1.021393,0.997298,0.999762,Hay & haylage,Hay & small grains,68.0,0.002702,9434.6,0.0,0.0,0.0,0.0,0.0,374.671379
5,141,2017,2018,17405.0,17397.0,0.99954,4,0,0.015631,1.015754,0.998103,0.99977,Hay & haylage,Hay & small grains,33.0,0.001897,7503.5,25.5,0.0,27.0,1.465096,1.551278,431.111749
5,143,2017,2018,73542.0,72661.0,0.98802,5,4,0.059603,1.061416,0.991646,0.996656,Hay & haylage,Hay & small grains,397.0,0.005464,36458.7,133.8,0.1,132.7,1.819369,1.804411,495.753447
5,145,2017,2018,108846.0,106944.0,0.982526,7,3,1.153169,3.168216,0.514727,0.940941,Hay & haylage,Hay & small grains,11298.0,0.105644,87251.1,1556.0,120.2,294.8,14.295427,2.708414,801.601345
5,147,2017,2018,205510.0,203752.0,0.991446,6,5,0.943948,2.570109,0.645952,0.974057,Soybeans,Corn / soybean,49375.0,0.242329,443851.9,14033.7,737.3,5090.6,68.287188,24.770571,2159.758163
5,149,2017,2018,49241.0,49235.0,0.999878,4,3,0.504991,1.656971,0.853031,0.999919,Hay & haylage,Hay & small grains,4.0,8.1e-05,28286.7,375.7,0.0,89.1,7.629821,1.809468,574.454215
8,1,2017,2018,283538.0,286566.0,1.010679,12,3,1.135801,3.113667,0.673583,0.875379,Wheat,Hay & small grains,1300.0,0.004536,214936.7,6798.2,0.0,3812.7,23.976328,13.446875,758.052536
8,3,2017,2018,59432.0,56418.0,0.949287,6,6,1.19357,3.298836,0.484349,0.958258,Hay & haylage,Hay & small grains,16071.0,0.284856,381427.4,585.8,0.0,468.0,9.856643,7.874546,6417.879257
8,5,2017,2018,44558.0,39849.0,0.894318,4,7,0.369704,1.447306,0.880976,0.999799,Wheat,Hay & small grains,28.0,0.000703,36346.9,791.5,0.0,596.9,17.763365,13.396023,815.721083
8,13,2017,2018,28868.0,28507.0,0.987495,11,5,1.035266,2.815855,0.713895,0.903497,Hay & haylage,Hay & small grains,1502.0,0.052689,8981.1,853.7,0.0,738.5,29.572537,25.581959,311.109187
8,15,2017,2018,12419.0,12374.0,0.996377,2,2,0.007134,1.007159,0.999111,1.0,Hay & haylage,Hay & small grains,11.0,0.000889,770.1,118.4,0.0,1.3,9.533779,0.104678,62.009824
8,17,2017,2018,308850.0,322825.0,1.045249,8,1,1.259464,3.523532,0.534853,0.909861,Wheat,Hay & small grains,0.0,0.0,345752.9,15135.7,0.0,7254.1,49.006638,23.487453,1119.484863
8,21,2017,2018,103574.0,102380.0,0.988472,5,3,0.343783,1.410273,0.919447,0.990516,Hay & haylage,Hay & small grains,0.0,0.0,13955.4,286.2,0.0,238.8,2.763242,2.305598,134.738448
8,23,2017,2018,31267.0,31310.0,1.001375,4,3,0.923877,2.519038,0.696806,0.939923,Hay & haylage,Hay & small grains,2770.0,0.08847,78541.3,203.3,0.0,165.8,6.502063,5.302715,2511.955096
8,27,2017,2018,20527.0,20086.0,0.978516,1,0,-0.0,1.0,1.0,1.0,Hay & haylage,Hay & small grains,0.0,0.0,1044.3,108.7,0.0,63.0,5.295465,3.069128,50.874458
8,29,2017,2018,49214.0,48973.0,0.995103,9,7,1.060405,2.887542,0.711065,0.884059,Hay & haylage,Hay & small grains,3384.0,0.069099,12411.4,1581.4,0.3,758.8,32.133133,15.418377,252.192466
8,33,2017,2018,31048.0,31630.0,1.018745,6,5,1.203853,3.332933,0.474486,0.939741,Wheat,Hay & small grains,36.0,0.001138,9623.0,465.5,0.0,173.3,14.992914,5.58168,309.939449
8,35,2017,2018,12371.0,12016.0,0.971304,4,4,0.387328,1.47304,0.873835,0.999417,Hay & haylage,Hay & small grains,16.0,0.001332,1435.1,86.5,0.0,27.4,6.992159,2.214857,116.005173
8,37,2017,2018,12404.0,12358.0,0.996292,3,2,0.276605,1.318646,0.921913,1.0,Hay & haylage,Hay & small grains,5.0,0.000405,869.2,149.0,0.0,0.0,12.012254,0.0,70.07417
8,39,2017,2018,77935.0,81260.0,1.042664,9,1,1.417424,4.126475,0.427824,0.824231,Hay & haylage,Hay & small grains,36.0,0.000443,47938.0,2302.6,0.0,845.4,29.545134,10.847501,615.102329
8,41,2017,2018,18121.0,16672.0,0.920038,8,4,0.255806,1.291502,0.948417,0.994722,Hay & haylage,Hay & small grains,73.0,0.004379,3488.0,318.8,0.0,49.4,17.592848,2.726119,192.483859
8,45,2017,2018,41885.0,41413.0,0.988731,7,3,0.208991,1.232434,0.963514,0.984643,Hay & haylage,Hay & small grains,324.0,0.007824,4643.1,1416.1,0.0,500.0,33.80924,11.937448,110.853528
8,49,2017,2018,30952.0,30932.0,0.999354,1,2,-0.0,1.0,1.0,1.0,Hay & haylage,Hay & small grains,0.0,0.0,278.7,23.6,0.0,0.0,0.762471,0.0,9.004265
8,51,2017,2018,41202.0,41194.0,0.999806,2,2,0.003629,1.003635,0.999587,1.0,Hay & haylage,Hay & small grains,17.0,0.000413,394.3,44.9,0.0,0.0,1.089753,0.0,9.569924
8,57,2017,2018,61097.0,60927.0,0.997218,1,3,-0.0,1.0,1.0,1.0,Hay & haylage,Hay & small grains,0.0,0.0,540.4,47.6,0.0,0.0,0.779089,0.0,8.844951
8,63,2017,2018,497533.0,544241.0,1.093879,9,6,1.295688,3.65351,0.428766,0.899844,Wheat,Hay & small grains,0.0,0.0,621208.5,36085.9,0.0,16612.1,72.529661,33.388941,1248.577481
8,67,2017,2018,39672.0,39082.0,0.985128,9,5,0.443105,1.557536,0.901131,0.976383,Hay & haylage,Hay & small grains,213.0,0.00545,4468.6,850.7,0.1,301.3,21.443335,7.594777,112.638637
8,69,2017,2018,66092.0,63399.0,0.959254,9,6,1.090614,2.9761,0.614442,0.920393,Hay & haylage,Hay & small grains,1706.0,0.026909,46454.9,2862.6,0.0,2280.8,43.312352,34.509472,702.882346
8,71,2017,2018,25731.0,25095.0,0.975283,4,6,0.67544,1.964897,0.709663,0.999801,Hay & haylage,Hay & small grains,5.0,0.000199,10723.4,249.5,0.0,144.1,9.696475,5.600249,416.750223
8,75,2017,2018,338105.0,342154.0,1.011976,11,6,1.579065,4.85042,0.34545,0.814575,Wheat,Hay & small grains,5984.0,0.017489,219888.3,10617.8,0.0,7041.7,31.403854,20.826962,650.355067
8,77,2017,2018,50065.0,49679.0,0.99229,8,5,0.935572,2.54867,0.727953,0.921093,Hay & haylage,Hay & small grains,3561.0,0.07168,16239.6,2050.6,0.7,756.7,40.958754,15.114351,324.370319
8,81,2017,2018,48941.0,48495.0,0.990887,2,3,0.534426,1.706469,0.773977,1.0,Hay & haylage,Hay & small grains,0.0,0.0,12640.0,631.5,0.0,161.3,12.903292,3.295805,258.270162
8,83,2017,2018,76013.0,75205.0,0.98937,8,2,1.002888,2.726144,0.63674,0.935177,Hay & haylage,Hay & small grains,331.0,0.004401,15338.7,1836.5,0.7,668.6,24.160341,8.795864,201.790483
8,85,2017,2018,45940.0,44899.0,0.97734,10,6,0.978118,2.659446,0.70957,0.927771,Hay & haylage,Hay & small grains,2311.0,0.051471,27207.0,1982.0,0.4,1490.9,43.14323,32.4532,592.228994
8,87,2017,2018,207058.0,207746.0,1.003323,8,6,1.352445,3.86687,0.40588,0.893996,Corn,Corn / soybean,2098.0,0.010099,124369.7,6014.4,0.0,4354.2,29.046934,21.02889,600.651508
8,89,2017,2018,50652.0,50877.0,1.004442,6,2,1.185136,3.271133,0.586611,0.922126,Hay & haylage,Hay & small grains,1804.0,0.035458,19562.0,1235.1,0.0,797.2,24.384032,15.738766,386.203901
8,95,2017,2018,248339.0,254478.0,1.02472,9,5,1.163046,3.199665,0.478505,0.952239,Corn,Corn / soybean,1292.0,0.005077,281414.2,17902.8,0.0,8168.8,72.090167,32.893746,1133.185686
8,101,2017,2018,19147.0,18964.0,0.990442,7,5,1.126412,3.08457,0.560325,0.924436,Hay & haylage,Hay & small grains,1190.0,0.06275,13983.3,765.9,0.0,544.3,40.001045,28.42743,730.312843
8,103,2017,2018,29221.0,28624.0,0.979569,1,4,-0.0,1.0,1.0,1.0,Hay & haylage,Hay & small grains,0.0,0.0,1339.6,167.4,0.0,2.4,5.728757,0.082133,45.843743
8,105,2017,2018,84274.0,83581.0,0.991777,5,3,1.131868,3.101446,0.53298,0.967277,Hay & haylage,Hay & small grains,17732.0,0.212153,326786.5,569.1,0.0,457.2,6.752972,5.425161,3877.666896
8,107,2017,2018,47525.0,47464.0,0.998716,4,2,0.103431,1.10897,0.979163,0.999937,Hay & haylage,Hay & small grains,19.0,0.0004,4686.7,436.3,0.0,14.1,9.180431,0.296686,98.615466
8,109,2017,2018,99231.0,96629.0,0.973778,5,7,1.008111,2.74042,0.627234,0.971872,Hay & haylage,Hay & small grains,19186.0,0.198553,323570.2,566.3,0.0,455.2,5.706886,4.587276,3260.777378
8,115,2017,2018,165060.0,165298.0,1.001442,8,4,1.353519,3.871023,0.426018,0.898117,Wheat,Hay & small grains,0.0,0.0,141016.5,7335.0,0.0,4862.0,44.438386,29.455955,854.334787
8,121,2017,2018,473869.0,484329.0,1.022074,11,5,1.386971,4.002709,0.452407,0.850238,Wheat,Hay & small grains,0.0,0.0,437662.5,22726.6,0.0,11307.9,47.959668,23.862924,923.593862
8,123,2017,2018,477839.0,478696.0,1.001793,15,4,1.58112,4.860398,0.358539,0.870628,Corn,Corn / soybean,24236.0,0.050629,253458.4,13616.6,0.0,10279.0,28.496209,21.51143,530.426357
8,125,2017,2018,390328.0,400850.0,1.026957,11,5,1.285685,3.617146,0.577483,0.878755,Corn,Corn / soybean,6190.0,0.015442,534552.6,34916.7,0.0,15167.7,89.454766,38.858857,1369.495911
9,3,2017,2018,20380.0,17455.0,0.856477,10,4,1.576259,4.836828,0.36236,0.810427,Hay & haylage,Hay & small grains,7658.0,0.438728,37448.5,9054.2,210.8,9479.3,444.268891,465.127576,1837.512267
9,5,2017,2018,31080.0,30007.0,0.965476,6,6,0.716187,2.046614,0.765588,0.981138,Hay & haylage,Hay & small grains,1612.0,0.053721,25209.5,2930.8,80.3,3194.7,94.298584,102.789575,811.116474
9,11,2017,2018,20122.0,18906.0,0.939569,5,3,0.867994,2.382129,0.609489,0.97842,Hay & haylage,Hay & small grains,970.0,0.051306,22060.9,1860.8,27.2,1970.4,92.475897,97.922672,1096.357221
9,13,2017,2018,13491.0,12956.0,0.960344,6,4,1.060664,2.888289,0.524931,0.958243,Hay & haylage,Hay & small grains,1426.0,0.110065,21878.2,2473.4,84.3,2650.8,183.33704,196.486547,1621.688533
9,15,2017,2018,18816.0,18135.0,0.963807,5,0,0.820688,2.272063,0.639206,0.979818,Hay & haylage,Hay & small grains,750.0,0.041356,24225.8,2654.3,33.0,2860.4,141.066114,152.019558,1287.510629
10,1,2017,2018,149096.0,168953.0,1.133183,9,6,1.433235,4.19224,0.399851,0.847395,Soybeans,Corn / soybean,12397.0,0.073375,142185.4,910.8,0.0,3333.9,6.108816,22.360761,953.649997
10,3,2017,2018,50240.0,56725.0,1.12908,7,2,1.367147,3.924138,0.382001,0.868911,Soybeans,Corn / soybean,470.0,0.008286,43239.1,259.4,18.1,2453.7,5.163217,48.83957,860.650876
10,5,2017,2018,235749.0,258048.0,1.094588,9,8,1.331739,3.787623,0.437791,0.87109,Corn,Corn / soybean,20777.0,0.080516,215930.1,2032.5,0.0,4382.1,8.621458,18.58799,915.932199
12,1,2017,2018,38056.0,35305.0,0.927712,8,6,1.281157,3.600802,0.656876,0.803002,Hay & haylage,Hay & small grains,8653.0,0.245093,58922.7,2769.5,268.8,2208.5,72.774333,58.032899,1548.31564
12,13,2017,2018,22175.0,20373.0,0.918737,8,2,1.117375,3.05682,0.441761,0.988612,Cotton,Southern row crops,16097.0,0.790114,73311.0,5722.4,277.1,4542.0,258.05637,204.825254,3306.020293
12,15,2017,2018,12066.0,11435.0,0.947704,2,3,0.454643,1.575611,0.830783,1.0,Orchards (fruit & tree nuts),Specialty (veg / orchard / berry),11435.0,1.0,303704.5,7880.5,557.1,6577.2,653.116194,545.101939,25170.271838
12,21,2017,2018,39655.0,40642.0,1.02489,5,1,0.59531,1.813594,0.741007,0.998081,Orchards (fruit & tree nuts),Specialty (veg / orchard / berry),40483.0,0.996088,964752.2,17045.5,1385.6,14727.5,429.844912,371.390745,24328.639516
12,23,2017,2018,24243.0,23422.0,0.966135,7,4,1.147855,3.151427,0.618777,0.901417,Hay & haylage,Hay & small grains,6418.0,0.274016,44864.5,1889.5,136.3,836.1,77.940024,34.488306,1850.616673
12,27,2017,2018,65363.0,61972.0,0.94812,4,1,0.549209,1.731882,0.822468,0.99887,Orchards (fruit & tree nuts),Specialty (veg / orchard / berry),52686.0,0.850158,1003467.6,29104.2,1200.5,24949.8,445.27026,381.711366,15352.226795
12,33,2017,2018,26449.0,26343.0,0.995992,7,1,1.246452,3.47798,0.437308,0.945792,Cotton,Southern row crops,21688.0,0.823293,147074.2,9135.9,521.9,7222.7,345.415706,273.080268,5560.671481
12,41,2017,2018,31494.0,29716.0,0.943545,7,4,1.42908,4.174856,0.36371,0.847187,Peanuts,Southern row crops,14451.0,0.486304,66217.1,3507.3,368.3,2453.3,111.364069,77.897377,2102.530641
12,47,2017,2018,22756.0,21453.0,0.94274,7,5,1.39964,4.053741,0.394956,0.865613,Peanuts,Southern row crops,12469.0,0.581224,67574.1,2472.9,218.2,785.8,108.670241,34.531552,2969.506943
12,49,2017,2018,54322.0,52944.0,0.974633,6,0,0.682334,1.978489,0.778086,0.983908,Orchards (fruit & tree nuts),Specialty (veg / orchard / berry),42977.0,0.811744,895764.1,22161.1,1011.9,18780.5,407.958102,345.725489,16489.895438
12,57,2017,2018,35460.0,31821.0,0.897377,7,5,1.400951,4.059058,0.328557,0.823953,Vegetables,Specialty (veg / orchard / berry),24816.0,0.779862,2106143.7,17116.5,1892.0,12456.3,482.698816,351.277496,59394.915398
12,59,2017,2018,27482.0,28531.0,1.03817,10,2,1.561576,4.766329,0.446602,0.80891,Hay & haylage,Hay & small grains,10807.0,0.378781,98549.5,4269.2,293.4,3000.4,155.345317,109.176916,3585.965359
12,61,2017,2018,44788.0,43233.0,0.965281,6,1,0.392078,1.480053,0.919413,0.964934,Orchards (fruit & tree nuts),Specialty (veg / orchard / berry),39769.0,0.919876,1037787.5,36874.0,1989.0,29632.7,823.300884,661.621416,23171.1061
12,63,2017,2018,119236.0,120046.0,1.006793,10,2,1.468392,4.342249,0.355714,0.877739,Peanuts,Southern row crops,92170.0,0.767789,441740.5,29762.1,1687.3,22364.2,249.606662,187.562481,3704.757791
12,65,2017,2018,11225.0,11113.0,0.990022,9,1,1.810029,6.110627,0.282192,0.639341,Hay & haylage,Hay & small grains,5574.0,0.501575,39803.8,2369.1,160.4,1970.0,211.055679,175.501114,3545.995546
12,67,2017,2018,28803.0,27447.0,0.952922,11,4,1.473647,4.365127,0.390134,0.845302,Peanuts,Southern row crops,14371.0,0.523591,36138.3,3831.7,100.4,2974.6,133.031281,103.273965,1254.671388
12,71,2017,2018,14571.0,15102.0,1.036442,5,2,1.032065,2.806856,0.464442,0.999603,Vegetables,Specialty (veg / orchard / berry),12463.0,0.825255,242610.0,5722.8,259.5,4839.9,392.752728,332.159769,16650.195594
12,75,2017,2018,50082.0,48301.0,0.964438,8,3,1.29417,3.647965,0.401627,0.916896,Peanuts,Southern row crops,22033.0,0.45616,129170.7,6829.0,608.2,4576.8,136.356376,91.386127,2579.184138
12,79,2017,2018,35012.0,30530.0,0.871987,7,7,1.15839,3.184802,0.513528,0.968359,Hay & haylage,Hay & small grains,8452.0,0.276842,119596.4,4227.2,373.7,1826.1,120.735748,52.156404,3415.868845
12,81,2017,2018,59541.0,56457.0,0.948204,3,4,0.760697,2.139766,0.716793,1.0,Vegetables,Specialty (veg / orchard / berry),52165.0,0.923978,1521460.3,25567.9,2630.4,23515.7,429.416704,394.949699,25553.153289
12,83,2017,2018,51516.0,49240.0,0.95582,8,5,0.953117,2.593783,0.709911,0.939907,Hay & haylage,Hay & small grains,13864.0,0.28156,94540.7,3687.3,409.9,2803.1,71.575821,54.412221,1835.171597
12,91,2017,2018,10586.0,10480.0,0.989987,8,2,1.445204,4.242717,0.389218,0.889504,Hay & haylage,Hay & small grains,5710.0,0.544847,52520.2,2645.8,169.3,2037.5,249.933875,192.471188,4961.288494
12,101,2017,2018,15691.0,15036.0,0.958256,5,3,0.576665,1.780092,0.800013,0.992884,Hay & haylage,Hay & small grains,2992.0,0.198989,142134.3,3435.6,382.4,2458.4,218.95354,156.675801,9058.332802
12,105,2017,2018,102491.0,95337.0,0.930199,4,3,0.638593,1.893814,0.789851,0.98241,Orchards (fruit & tree nuts),Specialty (veg / orchard / berry),78875.0,0.827328,1789910.1,46712.8,5396.8,34599.5,455.774653,337.585739,17464.070992
12,109,2017,2018,15581.0,14933.0,0.958411,3,4,0.664626,1.943764,0.779482,1.0,Vegetables,Specialty (veg / orchard / berry),11640.0,0.779482,761735.5,4297.0,71.6,616.8,275.784609,39.586676,48888.742699
12,111,2017,2018,44150.0,41789.0,0.946523,3,1,0.194613,1.214841,0.951447,1.0,Orchards (fruit & tree nuts),Specialty (veg / orchard / berry),39762.0,0.951494,1118476.8,42414.9,2300.8,34060.3,960.699887,771.467724,25333.562854
12,113,2017,2018,44934.0,46899.0,1.043731,10,0,1.303161,3.680913,0.411437,0.891085,Peanuts,Southern row crops,38543.0,0.82183,276147.1,16695.4,1048.3,12049.4,371.553835,268.157742,6145.615792
12,119,2017,2018,12419.0,11123.0,0.895644,4,4,0.225648,1.253134,0.955767,0.993527,Hay & haylage,Hay & small grains,492.0,0.044233,15045.2,259.3,22.5,132.5,20.879298,10.669136,1211.466302
12,121,2017,2018,61200.0,59134.0,0.966242,8,8,1.358566,3.890611,0.500812,0.845487,Hay & haylage,Hay & small grains,20957.0,0.354398,299885.3,17423.9,398.4,14567.6,284.704248,238.03268,4900.086601
12,131,2017,2018,14824.0,14730.0,0.993659,8,0,1.387034,4.002959,0.460421,0.893143,Hay & haylage,Hay & small grains,7170.0,0.486762,66182.1,4169.3,304.9,2922.5,281.253373,197.146519,4464.523745
12,133,2017,2018,12124.0,11561.0,0.953563,9,3,1.337111,3.808027,0.534123,0.871897,Hay & haylage,Hay & small grains,4094.0,0.354122,48193.1,3324.4,198.5,2394.5,274.199934,197.500825,3975.016496
13,1,2017,2018,73671.0,75071.0,1.019003,11,1,1.516299,4.555335,0.475337,0.820597,Cotton,Southern row crops,61392.0,0.817786,259947.7,16155.9,712.6,6465.7,219.29796,87.764521,3528.494251
13,3,2017,2018,36549.0,36888.0,1.009275,10,5,1.453746,4.279114,0.41767,0.844014,Cotton,Southern row crops,29631.0,0.803269,164296.6,8903.9,395.0,7116.2,243.61542,194.703001,4495.242004
13,5,2017,2018,33382.0,33301.0,0.997574,8,1,1.543282,4.679925,0.42218,0.747935,Cotton,Southern row crops,25326.0,0.760518,107621.3,5841.8,245.4,3182.5,174.998502,95.33581,3223.932059
13,7,2017,2018,44310.0,42400.0,0.956895,8,6,1.360811,3.899355,0.442052,0.901486,Peanuts,Southern row crops,32767.0,0.772807,264068.6,17576.6,473.1,16096.9,396.673437,363.279169,5959.571203
13,15,2017,2018,15104.0,14068.0,0.931409,8,1,0.863998,2.372629,0.748792,0.936878,Hay & haylage,Hay & small grains,1581.0,0.112383,21800.2,540.7,21.6,348.4,35.798464,23.066737,1443.339513
13,17,2017,2018,19327.0,19263.0,0.996689,8,3,1.339715,3.817956,0.458807,0.869646,Cotton,Southern row crops,16098.0,0.835695,108082.3,8003.2,358.0,5681.0,414.094272,293.941119,5592.295752
13,19,2017,2018,58754.0,58512.0,0.995881,11,2,1.490959,4.441353,0.387715,0.841708,Peanuts,Southern row crops,52114.0,0.890655,381243.6,21312.1,983.4,15501.0,362.734452,263.828846,6488.810975
13,23,2017,2018,19574.0,19443.0,0.993307,8,4,1.736843,5.679384,0.264568,0.65818,Cotton,Southern row crops,8916.0,0.458571,121311.2,7267.6,534.6,5731.0,371.288444,292.786349,6197.568203
13,27,2017,2018,77557.0,78568.0,1.013036,11,2,1.632926,5.11883,0.480552,0.758489,Cotton,Southern row crops,60915.0,0.775316,448895.2,24464.4,958.0,16753.3,315.437678,216.012739,5787.939193
13,31,2017,2018,112363.0,114733.0,1.021092,10,3,1.251665,3.496158,0.545092,0.87884,Cotton,Southern row crops,97374.0,0.848701,1164162.4,18180.8,304.4,5892.3,161.804153,52.43986,10360.727286
13,33,2017,2018,102428.0,105135.0,1.026428,13,0,1.684218,5.388235,0.333191,0.774709,Cotton,Southern row crops,63329.0,0.602359,1048705.6,16415.6,276.6,5686.6,160.264771,55.518022,10238.466044
13,37,2017,2018,59519.0,58616.0,0.984828,7,4,1.418753,4.131966,0.368432,0.875136,Peanuts,Southern row crops,46024.0,0.785178,234207.5,17512.6,516.8,15842.8,294.235454,266.180547,3935.003948
13,43,2017,2018,18424.0,17840.0,0.968302,6,4,1.225173,3.404754,0.534305,0.895796,Cotton,Southern row crops,12353.0,0.692433,148886.3,3301.1,34.1,1093.6,179.173904,59.35736,8081.106166
13,55,2017,2018,12899.0,12407.0,0.961858,6,3,0.544175,1.723186,0.847344,0.993552,Hay & haylage,Hay & small grains,80.0,0.006448,8504.6,177.6,3.1,151.6,13.768509,11.752849,659.322428
13,61,2017,2018,19610.0,18263.0,0.931311,5,5,1.194355,3.301427,0.440618,0.910858,Cotton,Southern row crops,14548.0,0.796583,97304.1,6883.6,222.8,5966.2,351.024987,304.242733,4961.963284
13,69,2017,2018,86101.0,85989.0,0.998699,9,4,1.332418,3.790196,0.495494,0.886148,Cotton,Southern row crops,73473.0,0.854446,501437.2,24183.5,1172.3,18678.2,280.873625,216.933601,5823.825507
13,71,2017,2018,112217.0,116633.0,1.039352,12,2,1.596797,4.937194,0.429981,0.82715,Cotton,Southern row crops,100656.0,0.863015,938713.3,38269.3,1934.0,29319.6,341.029434,261.275921,8365.16125
13,75,2017,2018,43101.0,41701.0,0.967518,9,3,1.327834,3.772863,0.508309,0.862138,Cotton,Southern row crops,36899.0,0.884847,204913.3,12972.3,532.1,9348.4,300.974455,216.8952,4754.258602
13,81,2017,2018,60524.0,60568.0,1.000727,10,5,1.282592,3.605975,0.583014,0.87363,Cotton,Southern row crops,56286.0,0.929303,259711.1,20905.4,769.8,14751.4,345.406781,243.728108,4291.043223
13,87,2017,2018,120774.0,124745.0,1.03288,12,1,1.471662,4.35647,0.37054,0.855497,Cotton,Southern row crops,107440.0,0.861277,556114.5,39107.1,1135.1,34798.3,323.803964,288.127412,4604.587908
13,91,2017,2018,28091.0,26657.0,0.948952,7,5,1.422346,4.146839,0.486176,0.84113,Cotton,Southern row crops,19608.0,0.735567,133367.6,7114.7,516.9,5920.8,253.27329,210.772133,4747.698551
13,93,2017,2018,109944.0,112680.0,1.024885,10,2,1.223705,3.39976,0.634496,0.865424,Cotton,Southern row crops,97101.0,0.861741,439070.2,35553.4,1306.2,27974.7,323.377356,254.44499,3993.580368
13,95,2017,2018,20697.0,20628.0,0.996666,6,4,1.211932,3.35997,0.592253,0.874394,Orchards (fruit & tree nuts),Specialty (veg / orchard / berry),18080.0,0.876479,45071.4,2927.4,96.3,2642.4,141.440789,127.670677,2177.677924
13,99,2017,2018,69236.0,69596.0,1.0052,8,4,1.326226,3.766799,0.42751,0.8911,Cotton,Southern row crops,56076.0,0.805736,432427.5,31230.4,999.7,28785.2,451.071697,415.75481,6245.703102
13,103,2017,2018,22425.0,21261.0,0.948094,8,4,1.317885,3.735514,0.426085,0.890504,Cotton,Southern row crops,16136.0,0.758948,136798.2,2471.2,36.0,865.1,110.198439,38.57748,6100.254181
13,105,2017,2018,14461.0,14510.0,1.003388,7,1,0.955648,2.600354,0.64907,0.978704,Hay & haylage,Hay & small grains,309.0,0.021296,20898.3,540.6,3.2,337.5,37.383307,23.338635,1445.149022
13,107,2017,2018,37552.0,38552.0,1.02663,11,1,1.477441,4.38172,0.517042,0.822603,Cotton,Southern row crops,28471.0,0.738509,417836.1,7599.8,117.3,2574.6,202.380699,68.560929,11126.866745
13,109,2017,2018,12763.0,12681.0,0.993575,7,1,1.590032,4.903906,0.431117,0.760192,Cotton,Southern row crops,10429.0,0.822411,24068.9,1698.3,52.1,752.8,133.064327,58.982998,1885.834052
13,115,2017,2018,17159.0,16737.0,0.975406,6,2,0.787123,2.197066,0.735317,0.994921,Hay & haylage,Hay & small grains,85.0,0.005079,15470.6,322.4,7.0,230.6,18.788974,13.439012,901.602657
13,119,2017,2018,15138.0,14935.0,0.98659,7,1,0.46449,1.591202,0.890927,0.981989,Hay & haylage,Hay & small grains,48.0,0.003214,12828.2,82.3,0.2,28.4,5.436649,1.876073,847.417096
13,129,2017,2018,25904.0,22034.0,0.850602,6,6,0.8514,2.342924,0.695743,0.9941,Hay & haylage,Hay & small grains,130.0,0.0059,17319.8,324.7,0.5,278.4,12.534744,10.747375,668.614886
13,131,2017,2018,57555.0,57128.0,0.992581,11,3,1.708352,5.519855,0.384715,0.766244,Cotton,Southern row crops,39109.0,0.684585,309323.4,19821.7,657.9,18510.8,344.395795,321.619321,5374.396664
13,139,2017,2018,11319.0,11248.0,0.993727,5,3,0.566154,1.761479,0.768048,0.997511,Hay & haylage,Hay & small grains,45.0,0.004001,8182.1,109.4,0.0,64.7,9.665165,5.716053,722.864211
13,147,2017,2018,20670.0,21158.0,1.023609,7,3,0.822798,2.27686,0.731496,0.982134,Hay & haylage,Hay & small grains,113.0,0.005341,27947.5,229.3,1.1,24.1,11.093372,1.165941,1352.08031
13,153,2017,2018,15135.0,14753.0,0.97476,9,5,1.728415,5.631723,0.288213,0.756253,Cotton,Southern row crops,8715.0,0.590727,109363.1,6365.9,423.4,4886.8,420.607863,322.88074,7225.840766
13,155,2017,2018,64693.0,65441.0,1.011562,10,3,1.239516,3.453941,0.500604,0.920447,Cotton,Southern row crops,57522.0,0.87899,307441.1,22241.2,1015.5,16462.0,343.796083,254.463389,4752.308596
13,157,2017,2018,15749.0,14888.0,0.94533,8,1,0.343849,1.410365,0.931824,0.979312,Hay & haylage,Hay & small grains,288.0,0.019344,6700.9,26.2,0.8,36.9,1.663598,2.343006,425.480983
13,161,2017,2018,40326.0,39838.0,0.987899,7,5,1.181872,3.260473,0.469376,0.919022,Cotton,Southern row crops,34440.0,0.864501,154554.4,9184.4,367.8,7097.3,227.753806,175.998115,3832.624113
13,163,2017,2018,60187.0,60668.0,1.007992,11,4,1.938883,6.950982,0.219177,0.621827,Cotton,Southern row crops,27922.0,0.460243,471357.9,7635.6,112.0,2859.7,126.864605,47.513583,7831.556648
13,165,2017,2018,30201.0,30084.0,0.996126,11,2,1.431934,4.186787,0.470017,0.89034,Cotton,Southern row crops,21421.0,0.71204,442252.0,7178.1,111.8,2552.0,237.67756,84.500513,14643.621072
13,167,2017,2018,17003.0,16509.0,0.970946,8,3,1.644657,5.179232,0.254104,0.695318,Peanuts,Southern row crops,6847.0,0.414743,28713.0,1339.7,90.2,980.5,78.791978,57.666294,1688.701994
13,173,2017,2018,22263.0,19623.0,0.881418,7,5,1.284677,3.6135,0.501758,0.900321,Cotton,Southern row crops,17558.0,0.894766,111484.5,5416.3,222.0,4206.9,243.287068,188.963752,5007.613529
13,175,2017,2018,29742.0,30218.0,1.016004,12,3,1.81323,6.130219,0.347243,0.724072,Cotton,Southern row crops,17191.0,0.568899,95387.9,4663.8,308.4,3407.5,156.808554,114.568623,3207.178401
13,177,2017,2018,54620.0,51899.0,0.950183,9,7,1.705361,5.503369,0.317135,0.733598,Peanuts,Southern row crops,38073.0,0.733598,233145.5,17971.8,654.4,15445.1,329.033321,282.773709,4268.500549
13,185,2017,2018,19345.0,18776.0,0.970587,9,7,1.822626,6.188087,0.284512,0.652695,Peanuts,Southern row crops,13408.0,0.714103,118457.0,5353.8,289.7,3547.5,276.753683,183.380719,6123.391057
13,193,2017,2018,51223.0,53300.0,1.040548,9,5,1.76664,5.851159,0.341051,0.7197,Cotton,Southern row crops,32218.0,0.604465,145440.4,10291.1,492.6,8389.7,200.907795,163.787752,2839.35732
13,195,2017,2018,18510.0,18375.0,0.992707,7,4,0.719111,2.052607,0.796626,0.970939,Hay & haylage,Hay & small grains,114.0,0.006204,13220.2,55.9,0.4,41.7,3.019989,2.252836,714.219341
13,197,2017,2018,11643.0,10913.0,0.937301,7,4,1.332856,3.791858,0.56868,0.798864,Hay & haylage,Hay & small grains,2581.0,0.236507,21914.5,1570.1,60.6,1461.3,134.85356,125.508889,1882.203899
13,201,2017,2018,49120.0,49861.0,1.015086,9,5,1.350445,3.859142,0.394798,0.911193,Peanuts,Southern row crops,39397.0,0.790137,410882.6,29003.2,896.3,26675.3,590.456026,543.063925,8364.873779
13,205,2017,2018,110235.0,110906.0,1.006087,10,1,1.61729,5.039413,0.34889,0.809442,Cotton,Southern row crops,95857.0,0.864309,706191.2,50854.1,2014.9,44532.6,461.324443,403.978773,6406.233955
13,209,2017,2018,17426.0,17263.0,0.990646,9,4,1.539251,4.661099,0.461971,0.796212,Cotton,Southern row crops,14366.0,0.832184,66099.6,3530.3,250.8,2808.4,202.588087,161.161483,3793.159647
13,211,2017,2018,22402.0,20576.0,0.918489,8,4,0.871356,2.390149,0.763802,0.921608,Hay & haylage,Hay & small grains,2266.0,0.110128,9629.7,99.1,2.8,49.5,4.423712,2.209624,429.858941
13,221,2017,2018,12962.0,11278.0,0.870082,6,6,0.533322,1.704586,0.864515,0.987941,Hay & haylage,Hay & small grains,136.0,0.012059,16486.5,41.8,0.4,18.3,3.224811,1.411819,1271.910199
13,225,2017,2018,28835.0,28522.0,0.989145,7,3,0.666791,1.947977,0.829781,0.943833,Orchards (fruit & tree nuts),Specialty (veg / orchard / berry),25242.0,0.885001,28056.4,1550.9,70.9,990.1,53.78533,34.336744,972.998093
13,229,2017,2018,41893.0,41752.0,0.996634,10,3,1.755596,5.786896,0.421872,0.721642,Cotton,Southern row crops,31608.0,0.757042,187097.9,9765.4,429.5,3817.5,233.103382,91.125009,4466.0898
13,233,2017,2018,25612.0,25505.0,0.995822,8,1,0.401648,1.494286,0.914213,0.971064,Hay & haylage,Hay & small grains,731.0,0.028661,10308.8,198.9,3.4,160.6,7.765891,6.270498,402.498829
13,235,2017,2018,23384.0,23519.0,1.005773,9,1,1.549797,4.710512,0.426591,0.82512,Cotton,Southern row crops,20127.0,0.855776,170121.7,10351.8,697.5,7995.6,442.687308,341.926103,7275.132569
13,243,2017,2018,51096.0,51612.0,1.010099,9,4,1.768502,5.862068,0.315663,0.74845,Peanuts,Southern row crops,30479.0,0.590541,205489.2,14954.2,373.5,13421.7,292.668702,262.676139,4021.629873
13,251,2017,2018,70463.0,71760.0,1.018407,12,3,1.602145,4.963668,0.443018,0.812974,Cotton,Southern row crops,51747.0,0.721112,583491.1,10216.0,158.3,3540.4,144.983892,50.244809,8280.815463
13,253,2017,2018,70051.0,66476.0,0.948966,6,6,1.479524,4.390854,0.369502,0.848547,Cotton,Southern row crops,47488.0,0.714363,357827.9,25641.1,757.0,23400.3,366.034746,334.046623,5108.105523
13,261,2017,2018,79368.0,77737.0,0.97945,9,5,1.734188,5.664328,0.363649,0.72735,Cotton,Southern row crops,57803.0,0.743571,305511.9,22532.6,698.4,19422.4,283.900312,244.713235,3849.308285
13,267,2017,2018,38695.0,37984.0,0.981626,9,7,1.907329,6.735077,0.211326,0.591933,Vegetables,Specialty (veg / orchard / berry),25161.0,0.66241,126710.0,7456.4,279.2,3114.2,192.696731,80.480682,3274.583279
13,271,2017,2018,13829.0,13398.0,0.968834,9,5,1.555741,4.738597,0.417898,0.817585,Cotton,Southern row crops,9442.0,0.704732,61410.1,4317.7,124.3,3210.1,312.220696,232.128137,4440.675392
13,273,2017,2018,67390.0,68007.0,1.009156,9,4,1.414087,4.112731,0.430147,0.902804,Cotton,Southern row crops,51147.0,0.752084,229306.5,18521.0,531.0,16904.5,274.833061,250.845823,3402.678439
13,275,2017,2018,75510.0,75520.0,1.000132,10,2,1.356021,3.88072,0.543181,0.848676,Cotton,Southern row crops,64168.0,0.849682,293923.2,22222.6,747.7,20938.4,294.300093,277.293074,3892.506953
13,277,2017,2018,66332.0,65995.0,0.994919,12,4,1.420481,4.139112,0.488522,0.876415,Cotton,Southern row crops,59574.0,0.902705,305787.2,16905.4,648.9,13238.6,254.860399,199.580896,4609.949949
13,279,2017,2018,32852.0,34629.0,1.054091,8,3,1.856044,6.398377,0.246123,0.654769,Cotton,Southern row crops,23838.0,0.688383,108873.2,4914.6,224.4,2716.3,149.598198,82.682942,3314.050895
13,287,2017,2018,48593.0,48633.0,1.000823,9,4,1.456378,4.290394,0.481402,0.821664,Cotton,Southern row crops,40620.0,0.835235,205021.9,16800.0,696.3,12552.0,345.728809,258.30881,4219.165312
13,289,2017,2018,10933.0,10452.0,0.956005,7,4,1.08154,2.949217,0.598546,0.93274,Cotton,Southern row crops,8895.0,0.851033,48410.5,2734.9,200.3,2318.9,250.150919,212.100979,4427.924632
13,295,2017,2018,20377.0,18032.0,0.884919,6,3,0.514932,1.673525,0.833463,0.993955,Hay & haylage,Hay & small grains,109.0,0.006045,11764.9,191.3,0.0,160.3,9.388036,7.866712,577.361731
13,299,2017,2018,19646.0,18536.0,0.9435,7,4,1.763279,5.831529,0.336642,0.679381,Cotton,Southern row crops,12757.0,0.688228,51705.5,2905.0,116.5,1327.7,147.86725,67.581187,2631.858903
13,303,2017,2018,25465.0,25945.0,1.018849,10,4,1.79046,5.992209,0.3127,0.674041,Hay & haylage,Hay & small grains,11151.0,0.429794,68032.8,3644.4,217.7,2576.3,143.114078,101.170234,2671.61987
13,305,2017,2018,15696.0,15447.0,0.984136,8,2,1.678549,5.357774,0.357998,0.76086,Cotton,Southern row crops,10144.0,0.656697,87842.0,6221.4,263.3,2513.3,396.368502,160.123598,5596.457696
13,307,2017,2018,25288.0,25251.0,0.998537,6,4,1.251211,3.494573,0.438042,0.902974,Peanuts,Southern row crops,22159.0,0.877549,95397.3,7297.2,243.4,6818.0,288.563746,269.614046,3772.433565
13,315,2017,2018,47694.0,47210.0,0.989852,8,7,1.373318,3.948429,0.529824,0.851769,Cotton,Southern row crops,41980.0,0.889218,200986.3,15058.1,596.0,11548.0,315.723152,242.126892,4214.079339
13,317,2017,2018,12273.0,11500.0,0.937016,5,3,0.198238,1.219253,0.959304,0.996435,Hay & haylage,Hay & small grains,101.0,0.008783,10099.7,106.6,0.4,1.7,8.685733,0.138515,822.920231
13,321,2017,2018,111534.0,112395.0,1.00772,9,5,1.230762,3.423838,0.490484,0.905316,Cotton,Southern row crops,100926.0,0.897958,455616.0,33647.8,1401.6,25813.2,301.681998,231.437947,4084.996503
16,1,2017,2018,58686.0,55820.0,0.951164,12,6,1.469642,4.347678,0.429989,0.885776,Hay & haylage,Hay & small grains,2391.0,0.042834,85183.9,1544.2,45.1,1211.2,26.31292,20.638653,1451.519954
16,3,2017,2018,15340.0,14879.0,0.969948,4,3,0.007886,1.007918,0.999126,0.999866,Hay & haylage,Hay & small grains,13.0,0.000874,3895.9,201.6,0.0,157.1,13.142112,10.241199,253.970013
16,5,2017,2018,75400.0,72835.0,0.965981,8,2,1.04098,2.83199,0.479865,0.974751,Hay & haylage,Hay & small grains,30.0,0.000412,243168.2,1596.5,185.5,1532.8,21.17374,20.328912,3225.04244
16,7,2017,2018,82328.0,82326.0,0.999976,5,1,0.731176,2.077523,0.761922,0.995542,Hay & haylage,Hay & small grains,3.0,3.6e-05,57677.5,1719.2,33.6,1675.2,20.882324,20.347877,700.581819
16,9,2017,2018,61303.0,60756.0,0.991077,11,2,1.548064,4.702358,0.432155,0.808644,Wheat,Hay & small grains,20.0,0.000329,34226.3,494.5,0.1,86.4,8.066489,1.409393,558.313622
16,11,2017,2018,345521.0,345085.0,0.998738,11,4,1.466636,4.334627,0.393767,0.859846,Wheat,Hay & small grains,90005.0,0.26082,3116025.6,12598.9,2622.8,11712.2,36.463486,33.897216,9018.339262
16,13,2017,2018,38259.0,37771.0,0.987245,3,4,0.674036,1.962141,0.745228,1.0,Hay & haylage,Hay & small grains,0.0,0.0,105678.7,1020.8,119.6,907.2,26.681304,23.712068,2762.191903
16,17,2017,2018,23371.0,22701.0,0.971332,7,2,0.264027,1.302163,0.951588,0.983217,Hay & haylage,Hay & small grains,175.0,0.007709,2070.2,91.5,0.3,20.7,3.915108,0.885713,88.579864
16,19,2017,2018,172674.0,170484.0,0.987317,8,7,1.422786,4.148662,0.401293,0.860626,Barley,Hay & small grains,16751.0,0.098256,1134018.9,4158.9,948.5,3852.2,24.085271,22.309091,6567.398103
16,21,2017,2018,35783.0,32465.0,0.907274,10,4,1.414337,4.11376,0.48982,0.848175,Hay & haylage,Hay & small grains,51.0,0.001571,13765.1,516.3,0.3,10.5,14.428639,0.293435,384.682671
16,23,2017,2018,69677.0,69676.0,0.999986,6,0,0.939502,2.558707,0.677766,0.976089,Hay & haylage,Hay & small grains,1068.0,0.015328,46689.5,2285.5,24.6,2231.1,32.801355,32.020609,670.08482
16,25,2017,2018,83657.0,80055.0,0.956943,5,5,0.529421,1.697949,0.843495,0.999913,Hay & haylage,Hay & small grains,3.0,3.7e-05,20408.9,1260.3,8.8,1087.7,15.065087,13.001901,243.959262
16,27,2017,2018,202479.0,185050.0,0.913922,16,6,1.983515,7.268247,0.266733,0.660962,Hay & haylage,Hay & small grains,34271.0,0.185199,1336851.4,15784.4,1009.4,11517.2,77.955739,56.88096,6602.420004
16,29,2017,2018,148487.0,146404.0,0.985972,7,8,1.295058,3.651209,0.37736,0.933779,Barley,Hay & small grains,6565.0,0.044842,390886.4,2160.6,292.7,2019.8,14.550769,13.602538,2632.462101
16,31,2017,2018,287172.0,286596.0,0.997994,11,3,1.830954,6.239839,0.264177,0.628104,Hay & haylage,Hay & small grains,61761.0,0.215498,1166905.2,11025.7,1310.8,10000.9,38.394063,34.82547,4063.436547
16,33,2017,2018,34733.0,34733.0,1.0,5,0,0.954157,2.59648,0.667665,0.952351,Hay & haylage,Hay & small grains,195.0,0.005614,160710.0,1676.3,127.5,1618.9,48.262459,46.609852,4627.011776
16,35,2017,2018,17646.0,17266.0,0.978465,5,3,1.028314,2.796347,0.453782,0.953782,Wheat,Hay & small grains,15.0,0.000869,111857.6,953.9,55.1,824.7,54.057577,46.735804,6338.977672
16,37,2017,2018,36804.0,36594.0,0.994294,3,4,0.365255,1.440882,0.898399,1.0,Hay & haylage,Hay & small grains,0.0,0.0,88798.1,1186.3,68.3,1152.6,32.232909,31.317248,2412.729595
16,39,2017,2018,122869.0,119319.0,0.971107,9,6,1.614674,5.026251,0.384231,0.76826,Hay & haylage,Hay & small grains,22459.0,0.188227,498680.3,4086.3,472.8,2406.6,33.257372,19.586714,4058.633992
16,41,2017,2018,89591.0,87988.0,0.982108,9,5,1.253757,3.503482,0.57176,0.856651,Hay & haylage,Hay & small grains,20.0,0.000227,362653.1,4172.4,285.7,3975.0,46.571642,44.368296,4047.874228
16,43,2017,2018,143429.0,142805.0,0.995649,6,6,1.366325,3.920915,0.410105,0.8346,Barley,Hay & small grains,21410.0,0.149925,1183740.4,3196.4,1006.2,2986.5,22.285591,20.822149,8253.145459
16,45,2017,2018,23549.0,23002.0,0.976772,11,3,1.389283,4.011974,0.542648,0.864273,Hay & haylage,Hay & small grains,1008.0,0.043822,273045.2,1865.6,302.3,949.9,79.222048,40.337169,11594.768355
16,47,2017,2018,119358.0,118677.0,0.994294,10,3,1.054973,2.871899,0.583938,0.937005,Corn,Corn / soybean,4679.0,0.039426,353671.0,3624.2,383.6,3325.8,30.364115,27.864073,2963.110977
16,49,2017,2018,109775.0,109270.0,0.9954,12,3,1.318394,3.737413,0.49849,0.880782,Wheat,Hay & small grains,35.0,0.00032,96958.7,1320.3,1.7,166.6,12.027329,1.51765,883.249374
16,51,2017,2018,202560.0,201696.0,0.995735,8,2,1.402764,4.066424,0.406453,0.819957,Hay & haylage,Hay & small grains,31069.0,0.154039,1062672.7,6754.9,883.5,6426.5,33.34765,31.726402,5246.211987
16,53,2017,2018,129291.0,128225.0,0.991755,8,4,1.67961,5.363462,0.347428,0.735239,Corn,Corn / soybean,17431.0,0.135941,439597.3,4913.0,482.9,4390.1,37.999551,33.955186,3400.061102
16,55,2017,2018,45556.0,39168.0,0.859777,7,7,0.940983,2.562499,0.608507,0.985498,Hay & haylage,Hay & small grains,249.0,0.006357,269201.9,2781.5,133.6,2061.7,61.056721,45.256388,5909.252349
16,57,2017,2018,204762.0,204127.0,0.996899,14,1,1.480102,4.393392,0.454227,0.872638,Wheat,Hay & small grains,65.0,0.000318,143365.5,3742.6,0.3,742.8,18.277805,3.627626,700.156767
16,59,2017,2018,40269.0,40056.0,0.994711,4,1,0.008787,1.008825,0.999026,0.999725,Hay & haylage,Hay & small grains,39.0,0.000974,14871.9,1222.6,0.0,1218.3,30.360823,30.254042,369.313864
16,61,2017,2018,111209.0,110085.0,0.989893,11,4,1.657129,5.244231,0.493709,0.760203,Wheat,Hay & small grains,0.0,0.0,89972.3,1873.0,0.0,308.1,16.842162,2.770459,809.037938
16,63,2017,2018,74119.0,71794.0,0.968632,5,4,1.215434,3.371756,0.530142,0.915648,Hay & haylage,Hay & small grains,3121.0,0.043472,39653.4,2154.5,14.4,2015.8,29.06812,27.196805,534.996425
16,65,2017,2018,141626.0,137549.0,0.971213,10,3,1.406202,4.080429,0.335386,0.849406,Wheat,Hay & small grains,33044.0,0.240234,1408384.0,3665.6,1208.2,3347.7,25.882253,23.637609,9944.388742
16,67,2017,2018,228396.0,220318.0,0.964632,9,6,1.758681,5.804778,0.228538,0.66424,Sugarbeets,Other,79528.0,0.360969,1296569.5,12323.1,1472.7,11515.2,53.954973,50.417696,5676.848544
16,69,2017,2018,196219.0,196101.0,0.999399,14,2,1.464678,4.32615,0.537728,0.841245,Wheat,Hay & small grains,128.0,0.000653,157457.6,4056.5,0.1,765.4,20.673329,3.900744,802.458478
16,71,2017,2018,64659.0,64042.0,0.990458,9,3,1.022429,2.779939,0.528247,0.945583,Hay & haylage,Hay & small grains,8.0,0.000125,496190.8,2833.9,394.6,2667.5,43.828392,41.254891,7673.963408
16,73,2017,2018,116686.0,115117.0,0.986554,8,6,1.089142,2.971724,0.615053,0.941824,Hay & haylage,Hay & small grains,3620.0,0.031446,137170.4,2476.3,48.7,1997.2,21.221912,17.116021,1175.55148
16,75,2017,2018,52722.0,50372.0,0.955427,11,2,1.731844,5.651066,0.376022,0.751092,Hay & haylage,Hay & small grains,8088.0,0.160565,280154.9,3362.4,230.3,2523.5,63.776033,47.864269,5313.813968
16,77,2017,2018,213797.0,210388.0,0.984055,8,5,1.36158,3.902355,0.551315,0.832139,Wheat,Hay & small grains,59084.0,0.280834,788205.2,3860.3,612.0,3521.4,18.055913,16.470764,3686.699065
16,81,2017,2018,67299.0,65831.0,0.978187,6,6,1.161839,3.195805,0.436056,0.92344,Barley,Hay & small grains,4324.0,0.065683,240391.0,1292.7,195.3,1234.0,19.208309,18.336082,3571.984725
16,83,2017,2018,233511.0,229100.0,0.98111,11,3,1.680394,5.367672,0.366814,0.73653,Hay & haylage,Hay & small grains,18822.0,0.082156,340127.6,6085.8,312.6,5309.5,26.062156,22.737687,1456.580632
16,87,2017,2018,50586.0,50411.0,0.996541,9,5,1.043123,2.838067,0.715003,0.903672,Hay & haylage,Hay & small grains,2272.0,0.04507,206407.3,3618.9,89.1,2812.6,71.539556,55.600364,4080.324596
17,1,2017,2018,353573.0,354803.0,1.003479,9,0,0.941058,2.562691,0.489491,0.984259,Corn,Corn / soybean,92.0,0.000259,361763.0,3228.7,155.5,1944.1,9.131636,5.49844,1023.163533
17,3,2017,2018,38737.0,39249.0,1.013217,4,3,0.685942,1.985642,0.796173,0.969681,Soybeans,Corn / soybean,0.0,0.0,73578.1,1240.5,77.7,197.9,32.023647,5.108811,1899.426905
17,5,2017,2018,142958.0,146746.0,1.026497,8,2,0.982472,2.671051,0.53994,0.969839,Soybeans,Corn / soybean,50.0,0.000341,218301.9,3431.9,126.0,2447.1,24.006352,17.117615,1527.035213
17,7,2017,2018,103169.0,102442.0,0.992953,8,1,0.883863,2.420231,0.545928,0.986627,Corn,Corn / soybean,297.0,0.002899,134348.8,6648.8,59.0,6442.0,64.445715,62.441237,1302.220628
17,9,2017,2018,69625.0,69737.0,1.001609,4,4,0.90878,2.481294,0.473493,0.991497,Corn,Corn / soybean,0.0,0.0,87981.8,797.6,41.0,475.3,11.455655,6.826571,1263.652424
17,11,2017,2018,391839.0,391993.0,1.000393,9,3,0.735193,2.085884,0.617065,0.995883,Corn,Corn / soybean,174.0,0.000444,521529.9,18367.3,601.5,3106.1,46.874609,7.92698,1330.980071
17,13,2017,2018,54453.0,54612.0,1.00292,6,2,1.026941,2.79251,0.503369,0.963451,Soybeans,Corn / soybean,482.0,0.008826,60053.5,947.2,37.7,740.9,17.394818,13.606229,1102.850164
17,15,2017,2018,194585.0,189417.0,0.973441,8,1,0.749645,2.116249,0.718748,0.991506,Corn,Corn / soybean,27.0,0.000143,231735.7,6613.7,188.1,1482.7,33.988745,7.619806,1190.922733
17,17,2017,2018,156150.0,155893.0,0.998354,6,4,0.819535,2.269444,0.553245,0.989384,Corn,Corn / soybean,53.0,0.00034,200097.3,2829.6,87.2,1860.7,18.121037,11.916106,1281.442843
17,19,2017,2018,550359.0,550537.0,1.000323,9,4,0.758047,2.134104,0.5047,0.994845,Corn,Corn / soybean,283.0,0.000514,629913.2,26946.1,429.0,3557.1,48.960951,6.463236,1144.549649
17,21,2017,2018,372503.0,373861.0,1.003646,7,2,0.75596,2.129656,0.50989,0.994474,Corn,Corn / soybean,37.0,9.9e-05,506480.5,7562.8,273.5,5219.2,20.302655,14.011162,1359.668244
17,23,2017,2018,215090.0,216170.0,1.005021,6,5,0.842798,2.322858,0.522131,0.9841,Soybeans,Corn / soybean,8.0,3.7e-05,285189.3,2793.5,304.3,1868.0,12.987587,8.684737,1325.90683
17,25,2017,2018,238046.0,253014.0,1.062879,7,4,0.96267,2.618679,0.610907,0.974377,Soybeans,Corn / soybean,12.0,4.7e-05,261513.4,2651.5,358.0,1807.3,11.138603,7.59223,1098.583467
17,27,2017,2018,206625.0,219343.0,1.061551,9,5,1.087428,2.966635,0.440402,0.9651,Soybeans,Corn / soybean,195.0,0.000889,378531.8,8088.7,251.8,1397.6,39.146763,6.763944,1831.974834
17,29,2017,2018,208969.0,209075.0,1.000507,6,2,0.785389,2.19326,0.506225,0.994806,Soybeans,Corn / soybean,12.0,5.7e-05,349722.6,3400.3,370.7,2145.3,16.271792,10.266116,1673.562107
17,31,2017,2018,10095.0,10039.0,0.994453,8,1,1.297448,3.659943,0.514792,0.889332,Soybeans,Corn / soybean,739.0,0.073613,6738.5,399.5,8.2,379.1,39.574047,37.553244,667.508668
17,33,2017,2018,183031.0,187697.0,1.025493,5,2,0.886721,2.427159,0.485101,0.98724,Soybeans,Corn / soybean,0.0,0.0,262370.0,2581.0,298.1,1736.3,14.101436,9.486371,1433.473018
17,35,2017,2018,131756.0,131967.0,1.001601,4,4,0.816184,2.261853,0.52229,0.992953,Soybeans,Corn / soybean,0.0,0.0,212453.9,2088.7,243.3,1348.7,15.852788,10.236346,1612.479887
17,37,2017,2018,354110.0,354036.0,0.999791,7,4,0.861501,2.366711,0.578354,0.974873,Corn,Corn / soybean,2541.0,0.007177,358459.8,16715.0,143.1,16091.1,47.202847,45.440965,1012.283754
17,39,2017,2018,172259.0,172201.0,0.999663,6,1,0.739974,2.095882,0.496571,0.999547,Soybeans,Corn / soybean,35.0,0.000203,312191.9,10283.7,296.3,1858.5,59.699058,10.788986,1812.340139
17,41,2017,2018,229403.0,229483.0,1.000349,7,2,0.771783,2.163621,0.511097,0.995895,Corn,Corn / soybean,52.0,0.000227,332497.8,3226.1,351.6,2023.5,14.063024,8.820722,1449.404759
17,45,2017,2018,290790.0,290694.0,0.99967,6,5,0.737476,2.090653,0.50182,0.998793,Corn,Corn / soybean,23.0,7.9e-05,482281.8,4741.2,506.9,3014.6,16.30455,10.366931,1658.522645
17,47,2017,2018,92693.0,94686.0,1.021501,5,3,0.91738,2.502724,0.485383,0.975815,Soybeans,Corn / soybean,0.0,0.0,102334.7,1279.1,166.1,460.4,13.799316,4.966934,1104.017563
17,49,2017,2018,243278.0,245649.0,1.009746,6,6,0.906208,2.474921,0.512003,0.977688,Soybeans,Corn / soybean,0.0,0.0,269973.8,2669.5,310.0,1731.8,10.973043,7.118605,1109.73372
17,51,2017,2018,284175.0,286980.0,1.009871,9,2,0.907831,2.47894,0.530096,0.977375,Soybeans,Corn / soybean,279.0,0.000972,387574.2,3798.1,477.2,2503.9,13.365356,8.81112,1363.857482
17,53,2017,2018,252357.0,252000.0,0.998585,6,5,0.743242,2.102742,0.505012,0.996206,Corn,Corn / soybean,4.0,1.6e-05,327181.8,14014.3,223.1,1797.1,55.533629,7.121261,1296.503763
17,55,2017,2018,136626.0,145075.0,1.06184,7,2,1.014813,2.758849,0.607982,0.951852,Soybeans,Corn / soybean,52.0,0.000358,116747.8,1476.4,279.7,565.7,10.806142,4.1405,854.506463
17,57,2017,2018,288593.0,288605.0,1.000042,8,2,0.855058,2.35151,0.499603,0.996566,Corn,Corn / soybean,65.0,0.000225,327603.4,2916.5,141.9,1806.7,10.105928,6.260374,1135.17445
17,59,2017,2018,155820.0,159759.0,1.025279,5,1,0.873644,2.395624,0.490251,0.988126,Soybeans,Corn / soybean,0.0,0.0,146420.2,1759.0,249.1,612.5,11.288666,3.930818,939.675266
17,61,2017,2018,238336.0,239381.0,1.004385,6,4,0.854183,2.349453,0.498436,0.990137,Corn,Corn / soybean,82.0,0.000343,296032.2,4372.8,152.8,2980.0,18.347207,12.503357,1242.079249
17,63,2017,2018,220034.0,220233.0,1.000904,5,2,0.753582,2.124596,0.494921,0.995963,Soybeans,Corn / soybean,47.0,0.000213,214509.7,11290.2,106.8,10970.0,51.311161,49.855931,974.893426
17,65,2017,2018,150794.0,156495.0,1.037807,6,3,0.944252,2.570889,0.526145,0.980875,Soybeans,Corn / soybean,63.0,0.000403,183869.7,2298.5,307.8,799.8,15.242649,5.303925,1219.343608
17,67,2017,2018,353638.0,354572.0,1.002641,7,2,0.847699,2.334269,0.499433,0.992949,Corn,Corn / soybean,50.0,0.000141,403905.2,3571.8,167.6,2237.7,10.100159,6.327657,1142.143095
17,71,2017,2018,155688.0,155911.0,1.001432,7,3,0.822676,2.276585,0.581793,0.99197,Corn,Corn / soybean,86.0,0.000552,196139.6,1742.2,65.4,1047.2,11.190329,6.726273,1259.824778
17,73,2017,2018,418759.0,418592.0,0.999601,10,4,0.790029,2.20346,0.549184,0.995365,Corn,Corn / soybean,384.0,0.000917,511054.7,19518.8,710.0,3420.3,46.611058,8.167705,1220.402905
17,75,2017,2018,623389.0,625981.0,1.004158,10,4,0.78882,2.200798,0.510749,0.99308,Corn,Corn / soybean,34.0,5.4e-05,727292.0,31151.5,495.7,4017.8,49.971206,6.445093,1166.67442
17,77,2017,2018,157102.0,168134.0,1.070222,10,2,1.036456,2.819209,0.651457,0.93611,Soybeans,Corn / soybean,352.0,0.002094,232331.2,4007.9,219.2,842.6,25.511451,5.363394,1478.855775
17,79,2017,2018,203772.0,205899.0,1.010438,5,3,0.871813,2.391241,0.512343,0.981467,Soybeans,Corn / soybean,39.0,0.000189,318116.9,3096.6,389.1,1976.3,15.196396,9.698585,1561.141374
17,81,2017,2018,196487.0,209839.0,1.067954,7,5,1.022061,2.778917,0.626904,0.933044,Soybeans,Corn / soybean,256.0,0.00122,156134.2,1994.7,350.5,779.8,10.151817,3.96871,794.628652
17,83,2017,2018,142194.0,142539.0,1.002426,8,1,0.834571,2.303825,0.529974,0.993995,Corn,Corn / soybean,138.0,0.000968,163969.9,2373.5,79.2,1585.0,16.691984,11.146743,1153.142186
17,85,2017,2018,183158.0,183231.0,1.000399,9,3,1.031602,2.805556,0.56753,0.987671,Corn,Corn / soybean,204.0,0.001113,182683.4,7863.1,180.2,1082.0,42.930694,5.907468,997.408795
17,87,2017,2018,37375.0,36934.0,0.988201,5,3,0.95465,2.59776,0.588103,0.997157,Soybeans,Corn / soybean,105.0,0.002843,53525.8,909.2,51.7,146.2,24.326421,3.911706,1432.128428
17,89,2017,2018,157521.0,154911.0,0.983431,8,5,0.948649,2.582219,0.509305,0.974508,Corn,Corn / soybean,1149.0,0.007417,145116.1,7664.6,67.9,7228.6,48.657639,45.889754,921.24923
17,91,2017,2018,294337.0,291313.0,0.989726,9,4,0.876106,2.401531,0.528476,0.97387,Corn,Corn / soybean,3644.0,0.012509,384775.2,15407.8,257.6,2297.6,52.347479,7.806018,1307.260725
17,93,2017,2018,128188.0,126574.0,0.987409,6,4,0.802847,2.231886,0.537757,0.99266,Corn,Corn / soybean,423.0,0.003342,149939.8,7628.0,72.3,7417.1,59.50635,57.86111,1169.68671
17,95,2017,2018,339866.0,339850.0,0.999953,8,3,0.828486,2.289849,0.531576,0.997917,Corn,Corn / soybean,23.0,6.8e-05,367779.2,3264.5,141.9,1986.9,9.605256,5.846128,1082.130016
17,97,2017,2018,22589.0,21637.0,0.957856,8,0,1.245871,3.475962,0.437075,0.944123,Corn,Corn / soybean,389.0,0.017978,19154.1,1127.2,10.2,1057.5,49.900394,46.814821,847.939262
17,99,2017,2018,529644.0,529827.0,1.000346,7,5,0.810318,2.248623,0.520961,0.987234,Corn,Corn / soybean,4712.0,0.008893,583172.5,31527.3,267.9,30047.6,59.525455,56.731691,1101.065055
17,101,2017,2018,199302.0,199157.0,0.999272,5,6,0.839914,2.316168,0.48884,0.991544,Soybeans,Corn / soybean,20.0,0.0001,235766.5,2343.5,279.6,1573.2,11.758537,7.893548,1182.961034
17,103,2017,2018,365924.0,365162.0,0.997918,7,2,0.751341,2.11984,0.639062,0.990506,Corn,Corn / soybean,2231.0,0.00611,481393.3,16260.8,561.9,3202.4,44.437643,8.751544,1315.555416
17,105,2017,2018,563440.0,565234.0,1.003184,8,3,0.787675,2.198279,0.495876,0.992186,Corn,Corn / soybean,44.0,7.8e-05,687145.4,29622.9,473.1,3909.2,52.575075,6.938095,1219.553812
17,107,2017,2018,325655.0,325897.0,1.000743,6,3,0.755851,2.129422,0.537961,0.995726,Corn,Corn / soybean,392.0,0.001203,508207.7,16065.9,453.8,3052.7,49.334111,9.374031,1560.57085
17,109,2017,2018,266282.0,266318.0,1.000135,8,2,0.812516,2.25357,0.51541,0.998284,Corn,Corn / soybean,29.0,0.000109,327656.2,2898.2,136.3,1768.7,10.88395,6.642206,1230.485726
17,111,2017,2018,181816.0,178767.0,0.98323,8,3,1.010002,2.745605,0.531429,0.971964,Corn,Corn / soybean,1954.0,0.01093,167837.7,8805.6,75.1,8323.0,48.431381,45.777049,923.118427
17,113,2017,2018,581119.0,580787.0,0.999429,9,4,0.753333,2.124067,0.50065,0.996117,Soybeans,Corn / soybean,134.0,0.000231,960994.4,31561.5,908.1,5690.2,54.311595,9.791798,1653.696403
17,115,2017,2018,262331.0,262241.0,0.999657,8,1,0.771127,2.162202,0.492898,0.994147,Soybeans,Corn / soybean,66.0,0.000252,434937.2,13729.8,405.4,2643.5,52.337696,10.076964,1657.971037
17,117,2017,2018,332942.0,334734.0,1.005382,8,2,0.871231,2.38985,0.501046,0.98172,Corn,Corn / soybean,205.0,0.000612,477375.6,7130.4,251.8,4957.0,21.416343,14.888479,1433.810093
17,119,2017,2018,277509.0,286237.0,1.031451,7,1,1.014043,2.756725,0.480818,0.966364,Soybeans,Corn / soybean,2483.0,0.008675,308987.5,4907.4,174.5,3698.2,17.683751,13.326415,1113.432357
17,121,2017,2018,182104.0,187623.0,1.030307,5,4,0.996393,2.708495,0.538052,0.957004,Soybeans,Corn / soybean,25.0,0.000133,262697.6,2689.9,368.5,1890.2,14.77123,10.379783,1442.569081
17,123,2017,2018,176204.0,176759.0,1.00315,9,1,0.846377,2.331186,0.546173,0.985907,Corn,Corn / soybean,773.0,0.004373,279098.9,8716.3,241.3,1695.3,49.467095,9.621234,1583.953259
17,125,2017,2018,262129.0,263783.0,1.00631,9,1,1.130709,3.097851,0.486866,0.940171,Corn,Corn / soybean,9319.0,0.035328,346300.9,10297.8,295.5,2198.6,39.285237,8.387473,1321.108691
17,127,2017,2018,83431.0,84325.0,1.010715,6,2,0.882421,2.416743,0.653199,0.979484,Soybeans,Corn / soybean,135.0,0.001601,63707.3,773.2,114.5,271.1,9.267538,3.249392,763.592669
17,129,2017,2018,130334.0,131042.0,1.005432,7,2,0.818707,2.267567,0.523519,0.991652,Corn,Corn / soybean,21.0,0.00016,230552.1,7307.5,206.3,1386.1,56.067488,10.634984,1768.932895
17,131,2017,2018,231499.0,231424.0,0.999676,8,3,0.820317,2.271221,0.532646,0.996988,Corn,Corn / soybean,15.0,6.5e-05,315555.7,12064.1,430.5,2107.0,52.112968,9.101551,1363.097465
17,133,2017,2018,142875.0,157639.0,1.103335,7,4,1.146558,3.147342,0.487684,0.961367,Soybeans,Corn / soybean,239.0,0.001516,262748.7,5261.8,193.3,988.9,36.827997,6.921435,1839.011024
17,135,2017,2018,378297.0,381696.0,1.008985,7,0,0.856296,2.354425,0.491305,0.982114,Corn,Corn / soybean,71.0,0.000186,434522.4,6460.5,230.4,4435.1,17.077852,11.723857,1148.627666
17,137,2017,2018,250897.0,251205.0,1.001228,6,3,0.795963,2.216574,0.52493,0.996803,Corn,Corn / soybean,63.0,0.000251,351882.9,5148.5,180.0,3513.4,20.520373,14.003356,1402.499432
17,139,2017,2018,190819.0,190838.0,1.0001,6,2,0.785338,2.193149,0.556021,0.991778,Corn,Corn / soybean,794.0,0.004161,256415.7,2529.9,255.0,1664.1,13.258114,8.72083,1343.763986
17,141,2017,2018,311372.0,311317.0,0.999823,7,2,0.805386,2.237561,0.662444,0.987206,Corn,Corn / soybean,1611.0,0.005175,430427.6,14788.0,479.5,2871.2,47.493031,9.221125,1382.35808
17,143,2017,2018,203636.0,203007.0,0.996911,8,3,0.860215,2.363669,0.519228,0.985542,Corn,Corn / soybean,1888.0,0.0093,304502.5,9258.9,256.0,1861.4,45.467894,9.14082,1495.327447
17,145,2017,2018,144717.0,161095.0,1.113173,7,3,1.109975,3.034283,0.555591,0.955809,Soybeans,Corn / soybean,9.0,5.6e-05,271698.9,4974.1,223.3,957.4,34.371221,6.615671,1877.449781
17,147,2017,2018,247426.0,245282.0,0.991335,6,3,0.736345,2.08829,0.496881,0.997489,Corn,Corn / soybean,12.0,4.9e-05,293930.5,13142.8,229.6,1723.6,53.118104,6.966123,1187.953166
17,149,2017,2018,303295.0,303506.0,1.000696,5,5,0.863174,2.370674,0.531446,0.989602,Corn,Corn / soybean,48.0,0.000158,387265.1,5592.3,185.4,3867.1,18.438484,12.750293,1276.859493
17,151,2017,2018,19823.0,19815.0,0.999596,5,1,1.0692,2.913049,0.451981,0.999647,Soybeans,Corn / soybean,7.0,0.000353,25059.7,303.2,48.8,110.9,15.295364,5.594511,1264.17293
17,153,2017,2018,75831.0,80559.0,1.062349,7,3,0.916184,2.499734,0.666555,0.968421,Soybeans,Corn / soybean,254.0,0.003153,111470.4,1999.8,108.2,302.3,26.3718,3.986496,1469.984571
17,155,2017,2018,41934.0,41911.0,0.999452,6,2,0.785791,2.194141,0.532366,0.989263,Corn,Corn / soybean,241.0,0.00575,76428.4,3004.4,109.7,554.5,71.64592,13.22316,1822.587876
17,157,2017,2018,199835.0,211853.0,1.06014,9,4,1.116207,3.053251,0.514918,0.963909,Soybeans,Corn / soybean,45.0,0.000212,342617.8,6497.5,269.6,1171.7,32.514324,5.863337,1714.503465
17,159,2017,2018,149813.0,154157.0,1.028996,7,4,0.933682,2.543858,0.501268,0.982044,Soybeans,Corn / soybean,26.0,0.000169,232371.6,2304.5,274.4,1527.7,15.38251,10.197379,1551.077677
17,161,2017,2018,122583.0,122403.0,0.998532,8,3,0.88841,2.431261,0.543974,0.992222,Corn,Corn / soybean,697.0,0.005694,146223.9,5907.8,196.9,907.5,48.194285,7.403147,1192.856269
17,163,2017,2018,212782.0,223147.0,1.048712,8,4,0.980466,2.665699,0.495951,0.981846,Soybeans,Corn / soybean,953.0,0.004271,394672.2,7960.1,260.6,1368.6,37.409649,6.431935,1854.819487
17,165,2017,2018,113863.0,113965.0,1.000896,5,3,0.929812,2.534032,0.544597,0.981837,Soybeans,Corn / soybean,5.0,4.4e-05,110553.6,1374.9,212.8,444.5,12.075038,3.903814,970.935247
17,167,2017,2018,481836.0,483191.0,1.002812,7,4,0.783838,2.189861,0.532949,0.993938,Corn,Corn / soybean,258.0,0.000534,522218.3,7687.9,274.8,5193.6,15.955429,10.778771,1083.809221
17,169,2017,2018,140374.0,140626.0,1.001795,5,1,0.879908,2.410679,0.481632,0.993877,Corn,Corn / soybean,3.0,2.1e-05,153074.8,1367.2,65.4,819.4,9.739695,5.837263,1090.478294
17,171,2017,2018,121423.0,121602.0,1.001474,4,3,0.791088,2.205795,0.499523,0.996941,Corn,Corn / soybean,0.0,0.0,131398.5,1949.0,69.1,1358.4,16.051325,11.187337,1082.154946
17,173,2017,2018,308980.0,310286.0,1.004227,6,2,0.843989,2.325626,0.486925,0.985784,Corn,Corn / soybean,26.0,8.4e-05,516793.4,5041.6,547.2,3275.6,16.316914,10.601333,1672.578808
17,175,2017,2018,164075.0,164215.0,1.000853,6,5,0.797597,2.220199,0.542143,0.989715,Corn,Corn / soybean,1138.0,0.00693,249554.3,7477.1,207.1,1472.0,45.571233,8.971507,1520.976992
17,177,2017,2018,259577.0,259963.0,1.001487,9,0,0.902139,2.464871,0.61728,0.986837,Corn,Corn / soybean,90.0,0.000346,304296.4,11377.9,314.2,1812.1,43.832466,6.980973,1172.277975
17,179,2017,2018,269485.0,270593.0,1.004112,11,1,0.90336,2.467881,0.52171,0.975107,Corn,Corn / soybean,5513.0,0.020374,435029.9,13434.6,378.0,2504.4,49.852868,9.293282,1614.300982
17,181,2017,2018,84872.0,86752.0,1.022151,7,2,1.095755,2.99144,0.613277,0.94105,Soybeans,Corn / soybean,1298.0,0.014962,84373.0,1623.4,81.3,243.4,19.127627,2.867848,994.120558
17,183,2017,2018,426259.0,426264.0,1.000012,8,1,0.773462,2.167257,0.49521,0.994679,Soybeans,Corn / soybean,41.0,9.6e-05,510108.5,22422.8,389.8,2896.2,52.603699,6.794461,1196.710216
17,185,2017,2018,101879.0,103239.0,1.013349,5,2,0.84546,2.32905,0.499453,0.991253,Soybeans,Corn / soybean,16.0,0.000155,110997.1,1336.7,158.2,432.3,13.120466,4.243269,1089.499308
17,187,2017,2018,294365.0,294361.0,0.999986,5,5,0.773011,2.166279,0.539813,0.999144,Corn,Corn / soybean,0.0,0.0,345319.7,3034.4,135.3,1833.5,10.308291,6.228662,1173.100403
17,189,2017,2018,314070.0,341887.0,1.088569,9,2,1.09789,2.997834,0.477933,0.972757,Soybeans,Corn / soybean,17.0,5e-05,498628.0,9940.1,367.2,1880.1,31.649314,5.986245,1587.63333
17,191,2017,2018,290316.0,296457.0,1.021153,7,5,0.960934,2.614136,0.522086,0.966521,Soybeans,Corn / soybean,250.0,0.000843,304600.0,3851.7,534.3,1665.5,13.267267,5.736852,1049.20156
17,193,2017,2018,239696.0,246231.0,1.027264,8,1,0.942866,2.567329,0.559994,0.971815,Soybeans,Corn / soybean,1968.0,0.007992,237617.3,2929.2,433.2,1145.4,12.220479,4.778553,991.327765
17,195,2017,2018,320543.0,321494.0,1.002967,8,2,0.781188,2.184066,0.681285,0.982074,Corn,Corn / soybean,2941.0,0.009148,424577.4,12724.5,397.5,2912.6,39.696702,9.086456,1324.556768
17,197,2017,2018,200894.0,201117.0,1.00111,8,1,0.908834,2.481428,0.5059,0.977093,Soybeans,Corn / soybean,524.0,0.002605,218589.7,12674.0,117.0,11969.9,63.087997,59.583163,1088.084761
17,199,2017,2018,61440.0,61526.0,1.0014,8,3,1.115295,3.050467,0.526412,0.964828,Soybeans,Corn / soybean,81.0,0.001317,102621.3,1899.1,85.3,306.2,30.909831,4.983724,1670.268555
17,201,2017,2018,151475.0,151440.0,0.999769,8,1,0.938014,2.554902,0.538656,0.978374,Corn,Corn / soybean,291.0,0.001922,183071.7,6708.6,212.4,1192.1,44.288496,7.869946,1208.593497
17,203,2017,2018,248773.0,248543.0,0.999075,9,6,0.851126,2.342283,0.502159,0.983073,Corn,Corn / soybean,630.0,0.002535,375419.2,12213.7,349.5,2222.3,49.095762,8.933043,1509.083381
18,1,2017,2018,186932.0,187708.0,1.004151,9,4,0.995172,2.705189,0.536791,0.96314,Soybeans,Corn / soybean,110.0,0.000586,205761.0,2566.7,114.4,1331.0,13.730661,7.120236,1100.726467
18,3,2017,2018,238415.0,238761.0,1.001451,9,1,0.972779,2.645287,0.5641,0.959554,Soybeans,Corn / soybean,213.0,0.000892,262376.0,3397.7,150.0,1797.3,14.251201,7.538536,1100.501227
18,5,2017,2018,134577.0,138008.0,1.025495,7,2,1.011089,2.748592,0.50671,0.955771,Soybeans,Corn / soybean,2261.0,0.016383,128152.2,2221.3,123.9,555.6,16.505792,4.128491,952.259301
18,7,2017,2018,243194.0,243123.0,0.999708,5,6,0.824576,2.280914,0.51279,0.987673,Corn,Corn / soybean,0.0,0.0,289344.7,13683.7,119.5,1724.3,56.266602,7.090224,1189.769073
18,9,2017,2018,83674.0,84521.0,1.010123,5,3,0.826341,2.284944,0.570178,0.990263,Soybeans,Corn / soybean,5.0,5.9e-05,73669.6,1075.6,88.7,295.1,12.85465,3.526783,880.435978
18,11,2017,2018,216848.0,217189.0,1.001573,7,2,0.887265,2.428479,0.526997,0.977388,Soybeans,Corn / soybean,61.0,0.000281,194527.5,3434.7,170.6,662.5,15.839205,3.055135,897.068453
18,15,2017,2018,208992.0,209484.0,1.002354,8,3,0.830022,2.293369,0.534532,0.986682,Corn,Corn / soybean,40.0,0.000191,181721.9,2944.8,178.8,624.3,14.090492,2.987196,869.516058
18,17,2017,2018,176831.0,174014.0,0.98407,6,6,0.860151,2.363517,0.516269,0.984122,Corn,Corn / soybean,35.0,0.000201,181676.9,2972.2,166.0,554.4,16.808139,3.135197,1027.404132
18,19,2017,2018,65006.0,66247.0,1.019091,8,5,1.159885,3.189565,0.531284,0.939031,Soybeans,Corn / soybean,541.0,0.008166,73830.0,828.9,58.9,451.4,12.751131,6.943974,1135.741316
18,21,2017,2018,135353.0,135821.0,1.003458,5,2,0.86914,2.384858,0.508861,0.991864,Soybeans,Corn / soybean,10.0,7.4e-05,163676.9,1993.8,120.2,1005.1,14.730372,7.425768,1209.259492
18,23,2017,2018,236287.0,236266.0,0.999911,7,2,0.770987,2.161899,0.515212,0.992623,Soybeans,Corn / soybean,23.0,9.7e-05,214197.6,3762.5,189.8,788.7,15.923432,3.33789,906.514535
18,25,2017,2018,14134.0,14113.0,0.998514,7,0,0.978726,2.661065,0.580883,0.994686,Hay & haylage,Hay & small grains,14.0,0.000992,13427.1,112.4,11.7,14.7,7.952455,1.040045,949.98585
18,27,2017,2018,181989.0,178009.0,0.978131,9,4,0.937977,2.554807,0.507115,0.986855,Corn,Corn / soybean,541.0,0.003039,225750.1,2611.0,125.0,1742.6,14.347021,9.575304,1240.460138
18,29,2017,2018,25996.0,25959.0,0.998577,7,1,1.070856,2.917876,0.429793,0.991641,Hay & haylage,Hay & small grains,170.0,0.006549,28024.2,264.5,19.8,52.9,10.174642,2.034928,1078.019695
18,31,2017,2018,171591.0,171272.0,0.998141,7,5,0.890493,2.43633,0.502312,0.979705,Soybeans,Corn / soybean,59.0,0.000344,157152.2,2822.7,138.7,618.8,16.450163,3.60625,915.853396
18,33,2017,2018,128731.0,129242.0,1.00397,8,1,1.008095,2.740377,0.568894,0.956106,Soybeans,Corn / soybean,68.0,0.000526,176879.5,2236.4,110.2,1159.8,17.372661,9.009485,1374.024128
18,35,2017,2018,155443.0,154454.0,0.993638,5,4,0.782998,2.188022,0.592034,0.991939,Soybeans,Corn / soybean,17.0,0.00011,151685.5,2542.3,175.0,854.5,16.355191,5.497192,975.827152
18,37,2017,2018,124783.0,126872.0,1.016741,5,5,1.069517,2.913973,0.4482,0.968165,Corn,Corn / soybean,21.0,0.000166,153675.5,1701.4,102.4,1041.1,13.63487,8.343284,1231.541957
18,39,2017,2018,137114.0,137417.0,1.00221,12,0,1.139276,3.124504,0.493636,0.969349,Corn,Corn / soybean,1297.0,0.009438,88178.1,1934.7,97.8,749.6,14.110157,5.466984,643.100632
18,41,2017,2018,69352.0,69232.0,0.99827,5,3,0.938781,2.556863,0.47309,0.984198,Soybeans,Corn / soybean,11.0,0.000159,76195.5,1102.2,73.0,175.0,15.892837,2.523359,1098.67776
18,43,2017,2018,12746.0,12666.0,0.993724,7,1,1.111714,3.039564,0.42318,0.992184,Soybeans,Corn / soybean,26.0,0.002053,8702.3,84.4,6.2,12.9,6.621685,1.012082,682.747529
18,45,2017,2018,179312.0,180176.0,1.004818,5,3,0.84704,2.332731,0.494111,0.987901,Corn,Corn / soybean,79.0,0.000438,247328.4,3049.2,161.1,1420.0,17.004997,7.919158,1379.318729
18,47,2017,2018,85472.0,82698.0,0.967545,6,2,1.072021,2.921277,0.448886,0.977085,Soybeans,Corn / soybean,46.0,0.000556,109219.2,949.0,63.0,181.1,11.103051,2.118823,1277.836016
18,49,2017,2018,190726.0,190842.0,1.000608,8,3,0.877502,2.404886,0.55197,0.981948,Corn,Corn / soybean,279.0,0.001462,161327.8,2731.3,123.3,384.6,14.320544,2.016505,845.861603
18,51,2017,2018,199622.0,207943.0,1.041684,7,2,0.998534,2.714299,0.474414,0.976797,Soybeans,Corn / soybean,560.0,0.002693,297278.8,3563.0,185.9,2328.8,17.848734,11.666049,1489.208604
18,53,2017,2018,177131.0,176977.0,0.999131,7,5,0.870018,2.386954,0.612712,0.971301,Soybeans,Corn / soybean,1230.0,0.00695,175996.4,2803.3,188.0,702.5,15.82614,3.965991,993.594571
18,55,2017,2018,114998.0,114325.0,0.994148,7,3,1.036983,2.820695,0.441032,0.995924,Corn,Corn / soybean,80.0,0.0007,150942.4,1645.1,102.0,1011.0,14.305466,8.791457,1312.565436
18,57,2017,2018,115153.0,115209.0,1.000486,6,3,0.834879,2.304536,0.520228,0.987866,Soybeans,Corn / soybean,143.0,0.001241,109185.2,1823.4,110.6,448.6,15.834585,3.895687,948.175037
18,59,2017,2018,159222.0,160115.0,1.005609,8,1,0.864661,2.374201,0.512856,0.981594,Soybeans,Corn / soybean,211.0,0.001318,131453.1,2203.0,132.3,557.2,13.836028,3.499516,825.596337
18,61,2017,2018,91844.0,92412.0,1.006184,8,3,1.290626,3.635063,0.443341,0.920313,Soybeans,Corn / soybean,187.0,0.002024,80331.0,705.1,63.5,90.3,7.677148,0.983189,874.646139
18,63,2017,2018,138581.0,137579.0,0.99277,7,2,0.863215,2.370771,0.4866,0.992448,Soybeans,Corn / soybean,133.0,0.000967,135819.9,2398.0,121.9,475.6,17.303959,3.431928,980.075912
18,65,2017,2018,147947.0,148383.0,1.002947,7,4,0.907462,2.478024,0.532029,0.984816,Soybeans,Corn / soybean,302.0,0.002035,160668.2,2592.8,176.4,666.9,17.525195,4.507695,1085.984846
18,67,2017,2018,136068.0,136255.0,1.001374,5,3,0.807131,2.241468,0.535357,0.988081,Soybeans,Corn / soybean,66.0,0.000484,131949.8,2336.8,118.6,559.6,17.173766,4.11265,969.734251
18,69,2017,2018,174162.0,174252.0,1.000517,8,2,0.89793,2.454518,0.581325,0.968626,Soybeans,Corn / soybean,27.0,0.000155,221398.2,2734.8,135.0,1388.5,15.702622,7.972462,1271.219899
18,71,2017,2018,144872.0,145277.0,1.002796,9,3,1.002048,2.723855,0.516276,0.965177,Soybeans,Corn / soybean,555.0,0.00382,199672.4,1863.9,127.2,333.9,12.86584,2.304793,1378.267712
18,73,2017,2018,239431.0,238265.0,0.99513,8,3,0.823649,2.278799,0.585802,0.986918,Corn,Corn / soybean,92.0,0.000386,303623.1,13405.8,113.3,2245.8,55.990244,9.379738,1268.10271
18,75,2017,2018,181685.0,181130.0,0.996945,5,4,0.895432,2.448392,0.561933,0.97642,Soybeans,Corn / soybean,0.0,0.0,172323.2,2725.0,190.5,791.6,14.998486,4.356991,948.472356
18,77,2017,2018,61087.0,62351.0,1.020692,7,2,1.071971,2.921132,0.584882,0.963321,Soybeans,Corn / soybean,272.0,0.004362,88427.6,704.2,93.1,189.8,11.527821,3.107044,1447.568222
18,79,2017,2018,86524.0,88139.0,1.018665,6,1,0.945996,2.575378,0.599405,0.974756,Soybeans,Corn / soybean,57.0,0.000647,130350.2,941.5,96.9,116.1,10.881374,1.341824,1506.520734
18,81,2017,2018,119098.0,119826.0,1.006113,8,2,0.951038,2.588395,0.465876,0.974271,Soybeans,Corn / soybean,125.0,0.001043,88365.7,1511.8,83.9,386.3,12.693748,3.243547,741.957883
18,83,2017,2018,278392.0,286635.0,1.029609,6,4,1.009148,2.743263,0.46802,0.958459,Soybeans,Corn / soybean,8727.0,0.030446,359219.2,4858.8,234.6,3766.8,17.453088,13.530561,1290.335929
18,85,2017,2018,216980.0,213866.0,0.985648,8,4,0.924344,2.520214,0.492341,0.980226,Corn,Corn / soybean,90.0,0.000421,189006.2,3152.7,162.8,521.2,14.529911,2.402065,871.076597
18,87,2017,2018,128860.0,128204.0,0.994909,12,3,1.266073,3.546895,0.439791,0.943192,Corn,Corn / soybean,5293.0,0.041286,139538.9,2374.6,128.0,1669.4,18.427751,12.955145,1082.872109
18,89,2017,2018,101962.0,101693.0,0.997362,6,3,0.862702,2.369555,0.485146,0.990933,Corn,Corn / soybean,357.0,0.003511,131973.7,6363.2,77.6,1146.2,62.407564,11.241443,1294.34201
18,91,2017,2018,222098.0,223434.0,1.006015,10,3,0.995604,2.706358,0.536995,0.957536,Corn,Corn / soybean,2688.0,0.01203,256537.5,11517.0,226.4,1974.4,51.855487,8.889769,1155.064431
18,93,2017,2018,69520.0,69254.0,0.996174,7,2,1.061337,2.890233,0.492535,0.997025,Soybeans,Corn / soybean,146.0,0.002108,66011.9,578.9,44.2,72.4,8.3271,1.041427,949.538262
18,95,2017,2018,193660.0,191768.0,0.99023,7,2,0.805015,2.23673,0.53036,0.990713,Soybeans,Corn / soybean,609.0,0.003176,182858.0,3125.0,176.5,708.5,16.136528,3.658474,944.221832
18,97,2017,2018,14793.0,14841.0,1.003245,6,1,0.99332,2.700185,0.533185,0.971026,Soybeans,Corn / soybean,281.0,0.018934,15026.8,277.9,15.4,69.9,18.785912,4.725208,1015.804773
18,99,2017,2018,167577.0,167854.0,1.001653,8,3,0.979882,2.664142,0.495043,0.978493,Corn,Corn / soybean,258.0,0.001537,166372.6,2922.2,140.3,526.7,17.437954,3.143033,992.812856
18,101,2017,2018,32670.0,33022.0,1.010774,4,3,1.060631,2.888194,0.439374,0.985283,Soybeans,Corn / soybean,0.0,0.0,50192.6,575.2,25.1,378.8,17.606367,11.594735,1536.351393
18,103,2017,2018,168647.0,167862.0,0.995345,6,7,1.007762,2.739462,0.527588,0.949399,Soybeans,Corn / soybean,0.0,0.0,147595.1,2244.8,166.9,488.7,13.310643,2.897769,875.171809
18,105,2017,2018,17843.0,17765.0,0.995629,7,0,1.154613,3.172794,0.421278,0.98604,Hay & haylage,Hay & small grains,169.0,0.009513,21001.5,200.7,12.9,36.5,11.248109,2.04562,1177.016197
18,107,2017,2018,252023.0,252473.0,1.001786,6,3,0.807139,2.241485,0.522,0.990165,Soybeans,Corn / soybean,49.0,0.000194,299313.2,3679.5,200.6,1699.8,14.599858,6.744623,1187.642398
18,109,2017,2018,107078.0,108007.0,1.008676,7,1,0.965223,2.625373,0.518679,0.97939,Soybeans,Corn / soybean,273.0,0.002528,85998.2,1515.6,78.5,620.9,14.154168,5.798577,803.136032
18,111,2017,2018,155708.0,156062.0,1.002273,4,3,0.814513,2.258076,0.526374,0.989607,Corn,Corn / soybean,0.0,0.0,222453.9,10010.3,95.2,1502.5,64.288925,9.649472,1428.660698
18,113,2017,2018,163566.0,163855.0,1.001767,8,5,0.988194,2.68638,0.470532,0.977834,Soybeans,Corn / soybean,213.0,0.0013,180273.5,2545.1,99.8,1466.5,15.56008,8.9658,1102.145311
18,117,2017,2018,66517.0,66416.0,0.998482,6,4,0.995992,2.70741,0.442529,0.998284,Corn,Corn / soybean,35.0,0.000527,70809.6,644.1,37.7,56.5,9.683239,0.849407,1064.533879
18,119,2017,2018,64782.0,65057.0,1.004245,6,1,1.123799,3.076519,0.453018,0.975145,Soybeans,Corn / soybean,197.0,0.003028,63947.4,793.3,44.5,378.5,12.245686,5.842672,987.116792
18,121,2017,2018,132151.0,132943.0,1.005993,6,3,0.912095,2.489532,0.4859,0.985926,Soybeans,Corn / soybean,399.0,0.003001,161011.0,1979.7,116.3,966.8,14.98059,7.315874,1218.386543
18,123,2017,2018,36567.0,36146.0,0.988487,6,3,1.096566,2.993868,0.485946,0.988934,Soybeans,Corn / soybean,13.0,0.00036,39456.6,326.5,25.3,33.9,8.928816,0.927065,1079.022069
18,125,2017,2018,56928.0,57300.0,1.006535,4,1,0.878231,2.406638,0.591082,0.981169,Soybeans,Corn / soybean,0.0,0.0,108238.8,1180.4,86.4,650.6,20.734963,11.428471,1901.327993
18,127,2017,2018,110998.0,110952.0,0.999586,7,3,0.931549,2.538438,0.477441,0.979342,Soybeans,Corn / soybean,1155.0,0.01041,146563.1,6877.8,71.5,979.8,61.963279,8.827186,1320.412079
18,129,2017,2018,170545.0,180491.0,1.058319,6,5,1.008705,2.742049,0.451818,0.985606,Soybeans,Corn / soybean,62.0,0.000344,257066.4,2965.9,166.7,1846.2,17.390718,10.825295,1507.322994
18,131,2017,2018,206695.0,206861.0,1.000803,8,3,1.090208,2.974893,0.485099,0.969699,Corn,Corn / soybean,2.0,1e-05,228954.0,10249.4,97.4,1586.9,49.587073,7.677496,1107.690075
18,133,2017,2018,129567.0,129387.0,0.998611,7,3,0.912948,2.491657,0.47834,0.992063,Soybeans,Corn / soybean,23.0,0.000178,179727.0,2211.5,125.6,1064.3,17.068389,8.214283,1387.135613
18,135,2017,2018,221264.0,222464.0,1.005423,5,1,0.879746,2.410288,0.513517,0.9785,Soybeans,Corn / soybean,705.0,0.003169,219639.6,3131.1,226.6,601.2,14.150969,2.717116,992.658544
18,137,2017,2018,120241.0,121277.0,1.008616,8,3,0.913141,2.492137,0.599297,0.984037,Soybeans,Corn / soybean,128.0,0.001055,152224.3,1276.7,110.6,296.7,10.617842,2.467544,1265.993297
18,139,2017,2018,190215.0,190282.0,1.000352,5,4,0.91247,2.490467,0.480066,0.974039,Corn,Corn / soybean,0.0,0.0,211787.2,3853.9,182.6,827.8,20.260758,4.351918,1113.409563
18,141,2017,2018,128690.0,126358.0,0.981879,7,6,0.90232,2.465317,0.527541,0.980777,Corn,Corn / soybean,335.0,0.002651,126071.0,2215.4,106.8,437.5,17.215013,3.399643,979.648768
18,143,2017,2018,41301.0,41177.0,0.996998,5,4,0.972405,2.644296,0.47869,0.999393,Soybeans,Corn / soybean,25.0,0.000607,49004.3,372.9,38.6,57.4,9.028837,1.389797,1186.516065
18,145,2017,2018,205194.0,205456.0,1.001277,9,2,0.845966,2.330228,0.494777,0.982585,Soybeans,Corn / soybean,443.0,0.002156,188685.0,3369.4,168.2,767.5,16.420558,3.740363,919.544431
18,147,2017,2018,125821.0,127604.0,1.014171,6,2,0.9777,2.658334,0.509341,0.980534,Soybeans,Corn / soybean,191.0,0.001497,183947.5,2045.4,136.7,1257.1,16.256428,9.991178,1461.97773
18,149,2017,2018,115436.0,114103.0,0.988452,8,2,0.981535,2.66855,0.504325,0.975303,Corn,Corn / soybean,116.0,0.001017,124727.0,5479.5,53.7,905.9,47.467861,7.847639,1080.486157
18,151,2017,2018,91426.0,91549.0,1.001345,7,1,1.010566,2.747156,0.461982,0.967001,Corn,Corn / soybean,42.0,0.000459,113247.5,1559.2,56.2,885.7,17.05423,9.687616,1238.679369
18,153,2017,2018,133937.0,135763.0,1.013633,8,0,0.913838,2.493876,0.50983,0.974654,Soybeans,Corn / soybean,1288.0,0.009487,210361.3,2422.6,156.8,1512.0,18.087608,11.28889,1570.598864
18,155,2017,2018,24531.0,24478.0,0.997839,7,2,1.153765,3.170106,0.399542,0.985497,Soybeans,Corn / soybean,355.0,0.014503,24050.8,410.6,38.6,210.0,16.738005,8.560597,980.424769
18,157,2017,2018,192739.0,192873.0,1.000695,8,4,0.904046,2.469574,0.476837,0.977892,Corn,Corn / soybean,60.0,0.000311,246662.7,3051.6,163.2,1430.2,15.83281,7.420398,1279.775759
18,159,2017,2018,154351.0,154168.0,0.998814,4,4,0.765175,2.149371,0.501602,0.99461,Soybeans,Corn / soybean,0.0,0.0,143758.2,2496.3,133.4,514.8,16.172879,3.335255,931.372003
18,161,2017,2018,67736.0,67765.0,1.000428,4,4,0.81148,2.251238,0.510485,0.994658,Soybeans,Corn / soybean,0.0,0.0,66286.8,1088.2,65.3,265.3,16.065312,3.916677,978.605173
18,163,2017,2018,59738.0,61188.0,1.024273,7,2,0.892562,2.441375,0.518026,0.986321,Soybeans,Corn / soybean,108.0,0.001765,92668.5,1070.3,58.4,670.2,17.916569,11.21899,1551.248786
18,165,2017,2018,99623.0,99269.0,0.996447,5,4,0.846377,2.331185,0.492047,0.988123,Soybeans,Corn / soybean,0.0,0.0,116603.1,1443.2,72.4,652.4,14.486615,6.548689,1170.443572
18,167,2017,2018,97904.0,97121.0,0.992002,6,4,0.821141,2.273092,0.514513,0.992339,Soybeans,Corn / soybean,75.0,0.000772,136868.3,1670.7,100.0,845.4,17.064676,8.634989,1397.984761
18,169,2017,2018,178664.0,178435.0,0.998718,9,3,0.902901,2.466748,0.495721,0.978995,Soybeans,Corn / soybean,55.0,0.000308,169724.0,2646.8,189.2,640.2,14.8144,3.583262,949.96194
18,171,2017,2018,161741.0,161820.0,1.000488,5,1,0.87297,2.394011,0.489779,0.984575,Corn,Corn / soybean,3.0,1.9e-05,209293.5,2594.6,135.3,1189.3,16.041696,7.353114,1294.003994
18,173,2017,2018,82840.0,83306.0,1.005625,5,5,0.927974,2.529379,0.49904,0.983867,Soybeans,Corn / soybean,10.0,0.00012,112255.6,1254.8,86.6,704.8,15.147272,8.507967,1355.089329
18,175,2017,2018,137649.0,136543.0,0.991965,9,3,1.086872,2.964984,0.515691,0.976374,Soybeans,Corn / soybean,58.0,0.000425,143632.7,1232.6,104.7,126.5,8.95466,0.919004,1043.470712
18,177,2017,2018,121157.0,121848.0,1.005703,7,3,0.988777,2.687944,0.46883,0.983069,Soybeans,Corn / soybean,190.0,0.001559,137711.9,2591.6,140.3,997.6,21.390427,8.233944,1136.640062
18,179,2017,2018,212268.0,212791.0,1.002464,6,4,0.881365,2.414192,0.54812,0.975008,Soybeans,Corn / soybean,148.0,0.000696,261789.0,3291.0,155.0,1834.0,15.503986,8.640021,1233.294703
18,181,2017,2018,261838.0,262134.0,1.00113,8,0,0.911114,2.487093,0.539568,0.983569,Corn,Corn / soybean,30.0,0.000114,318865.9,14570.9,145.6,2260.3,55.648531,8.632437,1217.79841
18,183,2017,2018,148339.0,148273.0,0.999555,6,3,0.97989,2.664163,0.501157,0.962542,Soybeans,Corn / soybean,69.0,0.000465,180528.2,2268.9,93.5,1233.5,15.295371,8.315413,1216.997553
19,1,2017,2018,222414.0,221645.0,0.996542,4,6,0.956192,2.601771,0.465276,0.998204,Soybeans,Corn / soybean,0.0,0.0,263148.3,3380.2,72.7,1187.4,15.197784,5.338693,1183.146295
19,3,2017,2018,141820.0,141759.0,0.99957,6,2,0.967366,2.631005,0.447922,0.997771,Soybeans,Corn / soybean,2.0,1.4e-05,174350.4,2195.8,47.4,768.2,15.483007,5.416725,1229.378085
19,5,2017,2018,155114.0,155010.0,0.99933,7,2,1.065904,2.903463,0.551429,0.982588,Corn,Corn / soybean,51.0,0.000329,136134.5,3551.8,91.8,2670.2,22.897998,17.214436,877.641606
19,7,2017,2018,80783.0,80780.0,0.999963,6,1,1.102572,3.011903,0.393971,0.997685,Soybeans,Corn / soybean,26.0,0.000322,89424.0,1164.0,30.7,31.8,14.408972,0.393647,1106.965574
19,9,2017,2018,222960.0,222768.0,0.999139,4,4,0.826026,2.284224,0.511124,0.999138,Corn,Corn / soybean,0.0,0.0,237437.1,2239.0,58.7,283.8,10.04216,1.272874,1064.931378
19,11,2017,2018,360914.0,360518.0,0.998903,8,3,0.808293,2.244075,0.513977,0.998253,Corn,Corn / soybean,125.0,0.000347,471789.6,7119.0,376.5,4112.9,19.724921,11.39579,1307.207811
19,13,2017,2018,262410.0,262022.0,0.998521,6,2,0.754717,2.12701,0.587798,0.998546,Corn,Corn / soybean,135.0,0.000515,292361.2,3306.1,258.3,2417.1,12.598986,9.211158,1114.138943
19,15,2017,2018,274405.0,274403.0,0.999993,7,4,0.778326,2.177823,0.588773,0.997416,Corn,Corn / soybean,383.0,0.001396,327787.7,4429.0,126.6,2260.0,16.140376,8.236002,1194.539823
19,17,2017,2018,226649.0,226586.0,0.999722,7,3,0.763179,2.145084,0.620868,0.998597,Corn,Corn / soybean,89.0,0.000393,233254.7,2801.1,188.2,2033.1,12.358757,8.970258,1029.145066
19,19,2017,2018,296224.0,295829.0,0.998667,5,5,0.748771,2.1144,0.65667,0.996978,Corn,Corn / soybean,45.0,0.000152,334138.6,4075.1,232.4,3017.3,13.756819,10.185873,1127.993005
19,21,2017,2018,323820.0,323815.0,0.999985,8,0,0.772301,2.164741,0.540065,0.997437,Corn,Corn / soybean,21.0,6.5e-05,317198.5,9490.7,144.0,8853.2,29.308566,27.33988,979.551912
19,23,2017,2018,310594.0,310552.0,0.999865,5,3,0.764008,2.146864,0.569959,0.998654,Corn,Corn / soybean,20.0,6.4e-05,325486.7,3514.6,194.3,1976.0,11.315737,6.362003,1047.949091
19,25,2017,2018,313895.0,313891.0,0.999987,7,2,0.78233,2.18656,0.55424,0.991022,Corn,Corn / soybean,11.0,3.5e-05,366772.2,3379.0,89.8,340.1,10.764746,1.083483,1168.455057
19,27,2017,2018,301644.0,301608.0,0.999881,6,3,0.76487,2.148715,0.587551,0.99935,Corn,Corn / soybean,57.0,0.000189,355473.1,3449.7,72.9,327.6,11.436329,1.086048,1178.452414
19,29,2017,2018,222327.0,222302.0,0.999888,6,2,0.885679,2.42463,0.482839,0.999555,Corn,Corn / soybean,20.0,9e-05,307905.8,3716.6,82.9,1336.9,16.716818,6.013215,1384.923109
19,31,2017,2018,296278.0,296056.0,0.999251,8,3,0.800268,2.226138,0.545765,0.998331,Corn,Corn / soybean,91.0,0.000307,378924.5,5804.8,291.9,3287.5,19.59241,11.095998,1278.949163
19,33,2017,2018,289444.0,289399.0,0.999845,5,3,0.73747,2.09064,0.570441,0.999381,Corn,Corn / soybean,39.0,0.000135,332161.2,3421.1,212.7,2072.0,11.819557,7.158552,1147.583643
19,35,2017,2018,286832.0,286655.0,0.999383,6,5,0.804114,2.234716,0.51593,0.997624,Corn,Corn / soybean,33.0,0.000115,292954.4,8579.7,134.9,8015.0,29.911935,27.943186,1021.344899
19,37,2017,2018,254061.0,254012.0,0.999807,7,2,0.787554,2.198012,0.607963,0.998134,Corn,Corn / soybean,263.0,0.001035,289130.3,3436.6,248.4,2532.6,13.526673,9.968472,1138.03496
19,39,2017,2018,66881.0,66702.0,0.997324,6,4,1.13502,3.111235,0.347201,0.992834,Soybeans,Corn / soybean,42.0,0.00063,81726.6,1234.3,25.3,33.5,18.455167,0.50089,1221.970365
19,41,2017,2018,284860.0,284797.0,0.999779,6,3,0.758092,2.134201,0.528689,0.999596,Corn,Corn / soybean,21.0,7.4e-05,281914.2,8381.4,129.8,7851.8,29.422874,27.563716,989.65878
19,43,2017,2018,261572.0,261467.0,0.999599,8,3,0.920702,2.511052,0.629238,0.995747,Corn,Corn / soybean,54.0,0.000207,249724.1,4449.8,164.0,3299.1,17.01176,12.612589,954.705014
19,45,2017,2018,337237.0,337107.0,0.999615,7,3,0.808358,2.24422,0.599448,0.998938,Corn,Corn / soybean,75.0,0.000222,435380.6,6663.6,293.2,3704.9,19.759398,10.986042,1291.022634
19,47,2017,2018,365139.0,365118.0,0.999942,7,2,0.821244,2.273327,0.574061,0.997551,Corn,Corn / soybean,25.0,6.8e-05,411876.6,3977.7,94.1,449.5,10.89366,1.231038,1127.999474
19,49,2017,2018,242915.0,242506.0,0.998316,7,0,0.788996,2.201185,0.560695,0.997806,Corn,Corn / soybean,401.0,0.001654,287053.2,3933.4,116.7,1972.1,16.192495,8.118478,1181.702242
19,51,2017,2018,96757.0,96716.0,0.999576,8,3,1.144989,3.142407,0.374881,0.988461,Soybeans,Corn / soybean,99.0,0.001024,136713.2,2759.4,43.6,1520.7,28.518867,15.716692,1412.954102
19,53,2017,2018,98161.0,98094.0,0.999317,8,0,1.09146,2.97862,0.421392,0.996157,Soybeans,Corn / soybean,18.0,0.000183,92122.3,1416.9,28.7,36.2,14.43445,0.368782,938.481678
19,55,2017,2018,300541.0,300487.0,0.99982,8,2,0.711209,2.036453,0.754166,0.99569,Corn,Corn / soybean,27.0,9e-05,303730.7,4462.1,175.6,3323.3,14.846893,11.057726,1010.613194
19,57,2017,2018,132750.0,132679.0,0.999465,6,3,0.834301,2.303205,0.501443,0.996149,Corn,Corn / soybean,81.0,0.00061,197769.6,3135.8,56.9,2065.4,23.621846,15.558569,1489.789831
19,59,2017,2018,167805.0,167771.0,0.999797,5,2,0.761814,2.142158,0.527403,0.99972,Corn,Corn / soybean,7.0,4.2e-05,179414.8,5425.8,86.5,4971.6,32.333959,29.627246,1069.186258
19,61,2017,2018,238521.0,238461.0,0.999748,11,1,0.882521,2.416984,0.686381,0.991378,Corn,Corn / soybean,176.0,0.000738,230609.1,4896.7,114.3,3745.0,20.529429,15.700924,966.829336
19,63,2017,2018,202064.0,202057.0,0.999965,5,2,0.752258,2.121786,0.549459,0.999297,Corn,Corn / soybean,5.0,2.5e-05,206563.2,6171.1,89.2,5750.1,30.540324,28.456826,1022.266213
19,65,2017,2018,305653.0,305627.0,0.999915,6,2,0.866129,2.377689,0.566144,0.995239,Corn,Corn / soybean,17.0,5.6e-05,366369.2,4617.7,302.7,3357.4,15.107655,10.984352,1198.644214
19,67,2017,2018,264794.0,264660.0,0.999494,7,2,0.789803,2.202961,0.555464,0.997672,Corn,Corn / soybean,51.0,0.000193,281604.8,3283.3,178.3,1735.4,12.39945,6.553774,1063.486333
19,69,2017,2018,316532.0,316298.0,0.999261,6,2,0.701192,2.016154,0.61964,0.999617,Corn,Corn / soybean,20.0,6.3e-05,370167.1,3804.2,201.5,2258.8,12.018374,7.136087,1169.446059
19,71,2017,2018,233651.0,233421.0,0.999016,6,3,0.773416,2.167156,0.501703,0.998569,Soybeans,Corn / soybean,34.0,0.000146,279964.6,3064.3,76.2,1210.0,13.114859,5.178664,1198.216999
19,73,2017,2018,310871.0,310358.0,0.99835,5,5,0.769155,2.157942,0.527269,0.99818,Corn,Corn / soybean,32.0,0.000103,348176.7,3274.8,82.3,365.6,10.534273,1.176051,1120.003796
19,75,2017,2018,289456.0,289436.0,0.999931,5,3,0.72504,2.064814,0.543868,0.999865,Corn,Corn / soybean,4.0,1.4e-05,345926.5,4491.3,141.9,2353.8,15.516348,8.131806,1195.091827
19,77,2017,2018,232237.0,232196.0,0.999823,7,1,0.921104,2.512061,0.488316,0.997506,Corn,Corn / soybean,40.0,0.000172,234539.1,2294.9,60.4,280.8,9.881716,1.20911,1009.912718
19,79,2017,2018,284934.0,284247.0,0.997589,5,3,0.713788,2.041711,0.604837,0.999226,Corn,Corn / soybean,18.0,6.3e-05,386513.5,5093.3,132.6,2692.6,17.875368,9.449908,1356.501857
19,81,2017,2018,316980.0,316976.0,0.999987,8,1,0.713197,2.040505,0.617839,0.999016,Corn,Corn / soybean,35.0,0.00011,366540.9,3827.0,223.9,2251.9,12.073317,7.104234,1156.353398
19,83,2017,2018,296883.0,297190.0,1.001034,7,1,0.73772,2.091162,0.649944,0.995774,Corn,Corn / soybean,1068.0,0.003594,358565.0,4845.1,116.4,2530.5,16.319897,8.52356,1207.765349
19,85,2017,2018,315521.0,315353.0,0.999468,7,2,0.773674,2.167717,0.550583,0.998278,Corn,Corn / soybean,143.0,0.000453,364077.1,3414.5,86.6,401.6,10.821784,1.272815,1153.891817
19,87,2017,2018,184209.0,184004.0,0.998887,6,4,0.83832,2.312478,0.501821,0.999397,Corn,Corn / soybean,33.0,0.000179,215642.7,3412.8,56.0,2181.8,18.526782,11.844155,1170.6415
19,89,2017,2018,251990.0,252042.0,1.000206,8,2,0.822097,2.275266,0.556443,0.996239,Corn,Corn / soybean,190.0,0.000754,265379.5,3181.4,241.2,2343.7,12.625104,9.300766,1053.135045
19,91,2017,2018,217589.0,217580.0,0.999959,5,3,0.740626,2.097248,0.526459,0.999035,Corn,Corn / soybean,0.0,0.0,279584.6,2831.9,186.2,1742.8,13.014904,8.009596,1284.920653
19,93,2017,2018,231667.0,231667.0,1.0,7,0,0.81749,2.264809,0.54625,0.997384,Corn,Corn / soybean,64.0,0.000276,257034.0,2415.5,63.0,254.1,10.426604,1.096833,1109.497684
19,95,2017,2018,245982.0,245856.0,0.999488,8,4,0.886735,2.427192,0.522977,0.996628,Corn,Corn / soybean,43.0,0.000175,308351.5,4836.7,235.5,2661.6,19.662821,10.820304,1253.553106
19,97,2017,2018,194975.0,194926.0,0.999749,7,3,0.984418,2.676253,0.588254,0.993249,Corn,Corn / soybean,96.0,0.000492,248820.0,4819.1,126.3,2040.6,24.716502,10.465957,1276.163611
19,99,2017,2018,301254.0,301230.0,0.99992,7,2,0.83047,2.294396,0.521163,0.998496,Corn,Corn / soybean,89.0,0.000295,386953.4,5753.5,162.8,2645.8,19.098502,8.782622,1284.475559
19,101,2017,2018,142349.0,142205.0,0.998988,8,6,0.879614,2.40997,0.501965,0.997419,Corn,Corn / soybean,133.0,0.000935,198545.7,3261.4,57.1,2081.1,22.911295,14.619702,1394.781137
19,103,2017,2018,243323.0,242934.0,0.998401,9,1,0.918773,2.506214,0.491788,0.99322,Corn,Corn / soybean,374.0,0.00154,272646.5,4331.6,223.3,2403.5,17.801852,9.877817,1120.512652
19,105,2017,2018,262850.0,262560.0,0.998897,8,2,0.844162,2.326027,0.624391,0.998073,Corn,Corn / soybean,62.0,0.000236,322948.8,5142.0,177.6,2674.7,19.562488,10.175766,1228.642952
19,107,2017,2018,219563.0,219536.0,0.999877,9,2,0.879977,2.410845,0.510472,0.997563,Corn,Corn / soybean,58.0,0.000264,320392.4,5052.9,85.5,3266.6,23.01344,14.877734,1459.227648
19,109,2017,2018,539802.0,539600.0,0.999626,5,5,0.759065,2.136278,0.573732,0.994522,Corn,Corn / soybean,315.0,0.000584,622215.2,6329.6,407.5,4046.3,11.725781,7.495897,1152.673017
19,111,2017,2018,147223.0,147186.0,0.999749,8,1,0.953796,2.595544,0.480195,0.99307,Corn,Corn / soybean,188.0,0.001277,204154.6,3282.1,58.7,2152.6,22.293392,14.621357,1386.703165
19,113,2017,2018,266156.0,265414.0,0.997212,8,3,0.858665,2.360008,0.550197,0.996903,Corn,Corn / soybean,312.0,0.001176,357736.7,5459.3,256.4,3146.3,20.511655,11.821263,1344.086551
19,115,2017,2018,149708.0,149780.0,1.000481,8,1,0.798191,2.221518,0.53395,0.995013,Corn,Corn / soybean,531.0,0.003545,216130.7,3330.4,58.4,2205.0,22.245972,14.728672,1443.6817
19,117,2017,2018,76567.0,76212.0,0.995364,7,2,1.118787,3.061138,0.3548,0.996536,Soybeans,Corn / soybean,41.0,0.000538,83016.9,1049.4,25.5,32.7,13.705643,0.427077,1084.238641
19,119,2017,2018,313166.0,313065.0,0.999677,8,4,0.779888,2.181227,0.583531,0.997556,Corn,Corn / soybean,43.0,0.000137,305868.5,9171.1,124.7,8470.1,29.285108,27.046678,976.697662
19,121,2017,2018,155061.0,151978.0,0.980118,8,2,1.015952,2.761992,0.44132,0.996769,Soybeans,Corn / soybean,137.0,0.000901,161582.2,2142.9,44.5,78.7,13.819723,0.507542,1042.055707
19,123,2017,2018,229660.0,229602.0,0.999747,7,3,0.839815,2.315938,0.542704,0.998014,Corn,Corn / soybean,136.0,0.000592,337361.4,5156.6,81.8,3327.1,22.453192,14.487068,1468.960202
19,125,2017,2018,163839.0,163694.0,0.999115,7,3,0.963161,2.619966,0.460939,0.994587,Soybeans,Corn / soybean,317.0,0.001937,172009.1,2257.7,48.4,80.9,13.779991,0.493777,1049.866637
19,127,2017,2018,272789.0,272665.0,0.999545,7,3,0.785965,2.194523,0.527724,0.999509,Corn,Corn / soybean,89.0,0.000326,332811.1,4474.6,137.5,2274.3,16.403154,8.337213,1220.031233
19,129,2017,2018,179443.0,179306.0,0.999237,8,3,0.771562,2.163143,0.498137,0.999052,Soybeans,Corn / soybean,59.0,0.000329,234374.9,2642.0,67.1,1056.1,14.723338,5.885434,1306.124508
19,131,2017,2018,256255.0,256164.0,0.999645,7,3,0.783869,2.189929,0.604008,0.997314,Corn,Corn / soybean,316.0,0.001234,278476.1,3153.6,165.2,1759.7,12.306492,6.866988,1086.714796
19,133,2017,2018,271633.0,271608.0,0.999908,6,3,0.791976,2.207755,0.555529,0.997791,Corn,Corn / soybean,9.0,3.3e-05,358879.2,3343.8,89.5,381.9,12.309992,1.405941,1321.191461
19,135,2017,2018,79478.0,79429.0,0.999383,6,2,1.110005,3.034374,0.389216,0.996487,Corn,Corn / soybean,59.0,0.000743,70047.7,1020.9,20.0,29.4,12.845064,0.369914,881.347039
19,137,2017,2018,191971.0,191944.0,0.999859,3,2,0.830776,2.295098,0.485647,1.0,Corn,Corn / soybean,0.0,0.0,225273.0,2710.8,60.5,975.0,14.120883,5.078892,1173.474118
19,139,2017,2018,173762.0,173658.0,0.999401,7,2,0.856788,2.355582,0.518744,0.993481,Corn,Corn / soybean,685.0,0.003945,228657.0,3501.7,178.0,2029.4,20.152277,11.679193,1315.920627
19,141,2017,2018,286882.0,286784.0,0.999658,5,3,0.768785,2.157145,0.529733,0.9981,Corn,Corn / soybean,11.0,3.8e-05,312485.8,9310.2,146.0,8681.3,32.453064,30.260874,1089.248541
19,143,2017,2018,217697.0,217697.0,1.0,4,0,0.750862,2.118825,0.550922,0.999316,Corn,Corn / soybean,0.0,0.0,223448.4,6672.6,104.6,6238.9,30.650859,28.65864,1026.419289
19,145,2017,2018,255520.0,255386.0,0.999476,7,2,0.836884,2.309161,0.484561,0.999789,Soybeans,Corn / soybean,13.0,5.1e-05,278642.1,3182.7,74.4,1188.3,12.455776,4.650517,1090.490373
19,147,2017,2018,309960.0,309882.0,0.999748,6,3,0.742871,2.101963,0.602178,0.995166,Corn,Corn / soybean,14.0,4.5e-05,288354.8,8696.0,115.8,8097.4,28.055233,26.124016,930.296812
19,149,2017,2018,435918.0,435869.0,0.999888,7,3,0.786115,2.194852,0.533773,0.998243,Corn,Corn / soybean,60.0,0.000138,437329.6,13043.5,201.3,12015.1,29.921912,27.562753,1003.238224
19,151,2017,2018,309425.0,308695.0,0.997641,4,5,0.718255,2.050851,0.538966,0.999984,Corn,Corn / soybean,5.0,1.6e-05,333678.1,10020.5,147.3,9385.1,32.384261,30.330775,1078.381191
19,153,2017,2018,164262.0,163650.0,0.996274,6,2,0.839433,2.315053,0.515637,0.996987,Corn,Corn / soybean,493.0,0.003013,174497.3,2400.6,76.1,1227.1,14.614457,7.470383,1062.310821
19,155,2017,2018,449644.0,449319.0,0.999277,8,1,0.781389,2.184505,0.527425,0.998108,Corn,Corn / soybean,127.0,0.000283,544511.7,6013.6,133.0,2140.7,13.374136,4.760877,1210.984023
19,157,2017,2018,262578.0,262531.0,0.999821,6,3,0.867957,2.38204,0.520483,0.99789,Corn,Corn / soybean,49.0,0.000187,316863.9,4807.4,135.2,2143.2,18.308465,8.162146,1206.741997
19,159,2017,2018,138849.0,138724.0,0.9991,4,5,1.10793,3.028083,0.400097,0.995588,Soybeans,Corn / soybean,0.0,0.0,126491.5,1699.8,37.8,43.4,12.242076,0.31257,911.000439
19,161,2017,2018,317755.0,317692.0,0.999802,7,3,0.792522,2.208961,0.538027,0.99656,Corn,Corn / soybean,34.0,0.000107,354517.3,3279.9,91.5,384.5,10.322104,1.210052,1115.693852
19,163,2017,2018,190529.0,189698.0,0.995638,8,6,0.772955,2.166157,0.589653,0.997907,Corn,Corn / soybean,89.0,0.000469,250976.9,3781.5,166.8,2146.6,19.847372,11.266526,1317.263514
19,165,2017,2018,324997.0,324872.0,0.999615,7,2,0.790967,2.205527,0.524613,0.99904,Corn,Corn / soybean,39.0,0.00012,360684.7,3395.8,87.8,389.2,10.448712,1.19755,1109.809321
19,167,2017,2018,442691.0,442524.0,0.999623,7,2,0.764532,2.147989,0.609571,0.998994,Corn,Corn / soybean,121.0,0.000273,388570.1,11675.5,159.5,10874.0,26.373927,24.563409,877.745651
19,169,2017,2018,269685.0,269412.0,0.998988,7,6,0.761985,2.142525,0.591481,0.998163,Corn,Corn / soybean,208.0,0.000772,340688.9,4688.5,132.4,2447.8,17.385097,9.076515,1263.284573
19,171,2017,2018,329892.0,329878.0,0.999958,8,1,0.838071,2.311903,0.513935,0.998396,Corn,Corn / soybean,69.0,0.000209,384371.8,5736.0,163.3,2602.7,17.387509,7.889552,1165.14435
19,173,2017,2018,182735.0,182206.0,0.997105,4,2,0.940425,2.561069,0.465232,0.99899,Soybeans,Corn / soybean,0.0,0.0,203510.6,2591.5,56.9,950.0,14.181739,5.198785,1113.692506
19,175,2017,2018,147048.0,147048.0,1.0,5,0,1.019707,2.772381,0.427037,0.997865,Corn,Corn / soybean,49.0,0.000333,130257.2,1614.5,36.3,42.7,10.979408,0.290381,885.814156
19,177,2017,2018,109370.0,109319.0,0.999534,8,2,1.081443,2.948933,0.413853,0.992307,Corn,Corn / soybean,47.0,0.00043,140933.2,2556.9,41.4,1508.4,23.37844,13.791716,1288.591021
19,179,2017,2018,131984.0,131931.0,0.999598,5,2,0.985608,2.679441,0.453176,0.998575,Corn,Corn / soybean,6.0,4.5e-05,156581.2,2793.5,45.2,1659.4,21.165444,12.572736,1186.365014
19,181,2017,2018,152454.0,152279.0,0.998852,8,1,0.999787,2.717702,0.4515,0.997846,Soybeans,Corn / soybean,249.0,0.001635,153285.9,1881.7,46.4,97.4,12.342739,0.638881,1005.456728
19,183,2017,2018,226825.0,226798.0,0.999881,9,3,0.859104,2.361045,0.522222,0.997425,Corn,Corn / soybean,78.0,0.000344,310034.9,4819.0,75.4,3085.2,21.245454,13.601675,1366.846247
19,185,2017,2018,154469.0,154460.0,0.999942,6,2,1.051247,2.861216,0.445889,0.998479,Soybeans,Corn / soybean,65.0,0.000421,146162.1,1924.2,47.2,56.8,12.456868,0.367711,946.222867
19,187,2017,2018,371560.0,371531.0,0.999922,7,1,0.733083,2.081488,0.554691,0.999357,Corn,Corn / soybean,119.0,0.00032,430988.2,5556.8,179.5,2947.1,14.955324,7.931693,1159.942405
19,189,2017,2018,214957.0,214948.0,0.999958,5,2,0.729505,2.074053,0.578372,0.998469,Corn,Corn / soybean,135.0,0.000628,244501.3,2499.8,155.0,1564.5,11.629303,7.2782,1137.442837
19,191,2017,2018,288098.0,287857.0,0.999163,9,2,0.959954,2.611576,0.609758,0.989752,Corn,Corn / soybean,139.0,0.000483,270781.8,5041.3,184.8,3766.9,17.49856,13.075065,939.894758
19,193,2017,2018,359699.0,359658.0,0.999886,7,2,0.801046,2.22787,0.530251,0.997792,Corn,Corn / soybean,40.0,0.000111,415751.8,3902.8,108.1,447.2,10.850183,1.243262,1155.832516
19,195,2017,2018,211584.0,211489.0,0.999551,5,2,0.764457,2.147827,0.541144,0.998704,Corn,Corn / soybean,8.0,3.8e-05,237424.2,2524.3,162.6,1495.6,11.930486,7.068587,1122.127382
19,197,2017,2018,323228.0,323154.0,0.999771,4,2,0.725859,2.066505,0.564366,0.999972,Corn,Corn / soybean,9.0,2.8e-05,373143.0,3806.9,240.1,2314.5,11.777754,7.16058,1154.426597
20,1,2017,2018,115022.0,116005.0,1.008546,5,5,1.166683,3.211324,0.493186,0.956407,Soybeans,Corn / soybean,0.0,0.0,149335.0,4318.7,490.0,930.5,37.54673,8.089757,1298.316844
20,3,2017,2018,223859.0,225840.0,1.008849,9,2,1.163361,3.200673,0.51993,0.954468,Soybeans,Corn / soybean,26.0,0.000115,246344.1,2494.1,20.5,699.9,11.141388,3.126522,1100.443136
20,5,2017,2018,161279.0,161693.0,1.002567,7,3,1.050951,2.860369,0.440854,0.990241,Soybeans,Corn / soybean,42.0,0.00026,286390.2,1282.1,15.7,534.6,7.949578,3.314753,1775.743897
20,7,2017,2018,197456.0,204442.0,1.03538,9,3,1.331525,3.786815,0.620572,0.828744,Wheat,Hay & small grains,8022.0,0.039239,63786.9,2120.3,45.8,976.0,10.738088,4.942873,323.043615
20,9,2017,2018,315051.0,327847.0,1.040616,9,4,1.467326,4.33762,0.458403,0.760416,Wheat,Hay & small grains,20.0,6.1e-05,370246.4,5924.0,68.8,3779.8,18.803305,11.997423,1175.195127
20,11,2017,2018,109378.0,112755.0,1.030875,9,0,1.205569,3.338658,0.456663,0.936624,Hay & haylage,Hay & small grains,69.0,0.000612,76724.7,2136.5,248.3,467.5,19.533179,4.274168,701.463731
20,13,2017,2018,244983.0,245033.0,1.000204,6,4,0.896596,2.451245,0.4812,0.993617,Soybeans,Corn / soybean,16.0,6.5e-05,520738.5,2428.7,27.2,992.7,9.913749,4.052118,2125.610757
20,15,2017,2018,300538.0,316077.0,1.051704,8,4,1.387591,4.00519,0.31194,0.862913,Soybeans,Corn / soybean,212.0,0.000671,251621.2,6171.5,547.4,1143.1,20.534841,3.803512,837.23589
20,17,2017,2018,59669.0,61401.0,1.029027,5,2,1.291037,3.636557,0.480676,0.856045,Soybeans,Corn / soybean,0.0,0.0,65569.6,563.7,7.2,279.9,9.447117,4.690878,1098.88887
20,19,2017,2018,33542.0,35652.0,1.062906,6,2,1.25744,3.516407,0.455935,0.895237,Hay & haylage,Hay & small grains,278.0,0.007798,18805.3,471.5,57.8,116.3,14.057003,3.467295,560.649335
20,23,2017,2018,203258.0,205597.0,1.011508,7,5,1.344007,3.834377,0.454554,0.903967,Wheat,Hay & small grains,0.0,0.0,401764.7,6293.5,0.2,1292.0,30.963111,6.356453,1976.62429
20,25,2017,2018,76526.0,78676.0,1.028095,5,2,1.138636,3.122506,0.530225,0.961945,Wheat,Hay & small grains,0.0,0.0,102798.4,1735.0,0.1,1639.8,22.672033,21.428011,1343.313384
20,27,2017,2018,239122.0,249069.0,1.041598,7,0,1.373008,3.947205,0.445788,0.871044,Soybeans,Corn / soybean,7.0,2.8e-05,315564.4,4897.4,3.4,492.1,20.480759,2.057945,1319.679494
20,29,2017,2018,184352.0,193965.0,1.052145,8,2,1.445384,4.243481,0.379682,0.835233,Soybeans,Corn / soybean,17.0,8.8e-05,324815.6,4918.9,3.2,844.7,26.682108,4.581995,1761.931522
20,31,2017,2018,176298.0,181328.0,1.028531,5,6,1.222108,3.394334,0.441079,0.93632,Soybeans,Corn / soybean,0.0,0.0,206183.6,1912.0,21.2,689.0,10.845273,3.908156,1169.517521
20,33,2017,2018,101851.0,102999.0,1.011271,5,5,1.132032,3.101952,0.52918,0.960757,Wheat,Hay & small grains,0.0,0.0,49781.4,1626.4,6.2,673.5,15.968424,6.612601,488.766924
20,35,2017,2018,210260.0,241571.0,1.148916,8,4,1.434243,4.196466,0.426682,0.829292,Soybeans,Corn / soybean,8572.0,0.035484,189864.0,6235.5,713.8,1777.1,29.65614,8.451917,902.99629
20,37,2017,2018,191205.0,208681.0,1.091399,9,1,1.294878,3.65055,0.45134,0.85923,Soybeans,Corn / soybean,75.0,0.000359,166754.8,4387.6,432.8,887.8,22.947099,4.643184,872.125729
20,39,2017,2018,162082.0,169517.0,1.045872,6,3,1.186045,3.274106,0.430352,0.919406,Corn,Corn / soybean,0.0,0.0,335236.9,7040.2,0.1,516.4,43.436039,3.186042,2068.316655
20,41,2017,2018,313594.0,335374.0,1.069453,10,2,1.427627,4.168793,0.359357,0.824062,Wheat,Hay & small grains,27.0,8.1e-05,300231.7,6512.9,158.4,4854.8,20.768573,15.481164,957.38981
20,43,2017,2018,136766.0,136844.0,1.00057,5,3,0.840071,2.316531,0.491779,0.997501,Corn,Corn / soybean,30.0,0.000219,344663.6,1542.2,15.3,650.8,11.276194,4.758493,2520.0971
20,45,2017,2018,138165.0,139771.0,1.011624,9,2,1.209808,3.352842,0.431871,0.964614,Soybeans,Corn / soybean,384.0,0.002747,122460.9,1251.3,10.2,367.5,9.056563,2.659863,886.338074
20,47,2017,2018,205804.0,210137.0,1.021054,6,5,1.440272,4.221842,0.414135,0.819023,Wheat,Hay & small grains,0.0,0.0,321776.1,29763.5,188.4,3780.8,144.62061,18.370877,1563.507512
20,49,2017,2018,45438.0,45749.0,1.006844,6,1,1.159861,3.189491,0.414064,0.957551,Soybeans,Corn / soybean,12.0,0.000262,32938.1,888.6,103.6,195.3,19.556318,4.298165,724.902064
20,51,2017,2018,158856.0,166312.0,1.046936,6,5,1.172172,3.228997,0.437262,0.936643,Wheat,Hay & small grains,19.0,0.000114,201825.4,2180.3,1.8,582.6,13.725009,3.667472,1270.492773
20,53,2017,2018,143156.0,149811.0,1.046488,6,4,1.354878,3.876289,0.502326,0.847962,Wheat,Hay & small grains,0.0,0.0,130881.0,2127.1,33.0,1203.8,14.858616,8.409008,914.25438
20,55,2017,2018,451820.0,462585.0,1.023826,6,3,1.460074,4.306279,0.305248,0.851601,Corn,Corn / soybean,0.0,0.0,692851.6,46470.9,13.4,45806.1,102.852685,101.381302,1533.468195
20,57,2017,2018,323270.0,333052.0,1.03026,5,4,1.318857,3.739146,0.423889,0.898559,Wheat,Hay & small grains,0.0,0.0,539984.1,27889.2,11.2,27398.9,86.272156,84.755468,1670.381106
20,59,2017,2018,195486.0,198234.0,1.014057,7,2,1.185668,3.272872,0.496898,0.957278,Soybeans,Corn / soybean,118.0,0.000595,204868.9,1914.6,20.7,676.7,9.794052,3.461629,1047.997811
20,61,2017,2018,55387.0,57279.0,1.03416,5,3,1.418143,4.129447,0.321444,0.849055,Soybeans,Corn / soybean,0.0,0.0,63833.0,765.9,4.7,280.8,13.828155,5.069782,1152.490657
20,63,2017,2018,225647.0,231579.0,1.026289,7,3,1.230142,3.421716,0.427642,0.935387,Corn,Corn / soybean,0.0,0.0,223683.7,27555.5,2.5,429.4,122.117733,1.902972,991.299242
20,65,2017,2018,159984.0,168278.0,1.051843,6,4,1.381465,3.980731,0.369175,0.884346,Wheat,Hay & small grains,0.0,0.0,328854.7,2718.8,0.2,476.1,16.994199,2.975923,2055.54743
20,67,2017,2018,190036.0,200054.0,1.052716,9,1,1.286187,3.61896,0.426985,0.925855,Corn,Corn / soybean,1317.0,0.006583,322664.3,27511.5,1.3,27342.4,144.769938,143.880107,1697.911448
20,69,2017,2018,293962.0,310281.0,1.055514,5,3,1.418411,4.130554,0.310299,0.877092,Wheat,Hay & small grains,0.0,0.0,587781.0,41432.5,23.5,40946.9,140.945088,139.293174,1999.513543
20,71,2017,2018,242022.0,249505.0,1.030919,5,2,1.14696,3.148605,0.464151,0.978477,Wheat,Hay & small grains,0.0,0.0,334045.4,15560.4,0.2,360.5,64.293329,1.489534,1380.227417
20,73,2017,2018,88255.0,88518.0,1.00298,8,5,1.170305,3.222975,0.444508,0.940961,Soybeans,Corn / soybean,48.0,0.000542,58958.5,1546.6,191.7,362.5,17.52422,4.107416,668.047136
20,75,2017,2018,176596.0,184511.0,1.04482,6,4,1.118931,3.06158,0.520652,0.943711,Wheat,Hay & small grains,5.0,2.7e-05,351270.9,14238.9,0.0,13910.8,80.629799,78.771886,1989.121498
20,77,2017,2018,274631.0,287025.0,1.04513,8,3,1.154203,3.171496,0.681331,0.857082,Wheat,Hay & small grains,8316.0,0.028973,101508.3,3553.8,154.2,1886.3,12.940273,6.868489,369.61705
20,79,2017,2018,280678.0,303300.0,1.080598,8,3,1.386777,4.001931,0.346109,0.905361,Soybeans,Corn / soybean,2033.0,0.006703,317523.5,28417.4,596.6,4957.8,101.245555,17.663657,1131.273203
20,81,2017,2018,236018.0,239030.0,1.012762,5,5,1.320433,3.745044,0.454039,0.902991,Corn,Corn / soybean,0.0,0.0,503090.1,45446.1,20.9,45149.6,192.553534,191.297274,2131.575134
20,83,2017,2018,167301.0,173475.0,1.036904,5,2,1.15277,3.166953,0.548903,0.93455,Wheat,Hay & small grains,0.0,0.0,275564.8,11552.1,3.1,11379.2,69.049796,68.01633,1647.119862
20,85,2017,2018,146882.0,147823.0,1.006407,8,2,1.163599,3.201433,0.355506,0.984407,Hay & haylage,Hay & small grains,9.0,6.1e-05,188052.6,903.3,11.5,419.3,6.149835,2.854672,1280.297109
20,87,2017,2018,137896.0,138466.0,1.004134,10,1,1.245945,3.47622,0.370777,0.968187,Soybeans,Corn / soybean,346.0,0.002499,210693.5,932.2,11.1,397.2,6.760167,2.880432,1527.915966
20,89,2017,2018,267719.0,276917.0,1.034357,7,3,1.498136,4.473341,0.360686,0.815013,Soybeans,Corn / soybean,0.0,0.0,437429.0,6250.1,3.5,834.0,23.345747,3.115207,1633.910929
20,91,2017,2018,49858.0,48858.0,0.979943,6,3,1.23464,3.437142,0.403701,0.949445,Soybeans,Corn / soybean,126.0,0.002579,72362.0,702.5,6.6,210.6,14.090016,4.223996,1451.361868
20,93,2017,2018,228362.0,240201.0,1.051843,6,2,1.37068,3.938026,0.400219,0.871304,Wheat,Hay & small grains,0.0,0.0,447894.6,29218.7,4.7,28677.6,127.949046,125.579562,1961.335949
20,95,2017,2018,257625.0,269253.0,1.045135,7,6,1.19074,3.289513,0.643781,0.88428,Wheat,Hay & small grains,4227.0,0.015699,110577.6,5644.2,144.7,1568.3,21.908588,6.08753,429.219214
20,97,2017,2018,156813.0,162932.0,1.039021,6,2,1.574076,4.826281,0.370915,0.735012,Wheat,Hay & small grains,3328.0,0.020426,193599.4,15348.2,166.0,2794.0,97.875814,17.8174,1234.587694
20,99,2017,2018,209310.0,233404.0,1.115112,12,1,1.399013,4.0512,0.411077,0.821477,Soybeans,Corn / soybean,788.0,0.003376,168987.3,4470.1,437.5,953.5,21.356361,4.555444,807.354164
20,101,2017,2018,149389.0,151527.0,1.014312,5,3,1.098983,3.001113,0.456625,0.97741,Wheat,Hay & small grains,0.0,0.0,219094.3,4943.8,1.3,406.7,33.093467,2.722423,1466.602628
20,103,2017,2018,98798.0,99242.0,1.004494,8,3,1.176001,3.241385,0.389926,0.97756,Hay & haylage,Hay & small grains,196.0,0.001975,105769.4,535.8,6.2,251.4,5.423187,2.544586,1070.562157
20,105,2017,2018,151346.0,157511.0,1.040734,5,3,1.415505,4.118567,0.422497,0.835142,Wheat,Hay & small grains,0.0,0.0,170419.0,3024.5,46.5,1732.7,19.98401,11.448601,1126.022492
20,107,2017,2018,137937.0,138493.0,1.004031,9,1,1.062463,2.893488,0.576708,0.969702,Soybeans,Corn / soybean,46.0,0.000332,147321.0,1281.2,16.3,485.1,9.288298,3.516823,1068.031058
20,109,2017,2018,218855.0,221332.0,1.011318,6,4,1.192029,3.293757,0.398474,0.954467,Corn,Corn / soybean,0.0,0.0,177998.1,14717.4,0.5,428.1,67.247264,1.95609,813.315209
20,111,2017,2018,220473.0,221810.0,1.006064,8,3,1.184532,3.269158,0.487368,0.950092,Soybeans,Corn / soybean,43.0,0.000194,185802.1,1611.8,21.9,761.4,7.310646,3.453484,842.743102
20,113,2017,2018,380331.0,410055.0,1.078153,9,4,1.329086,3.777588,0.448971,0.883789,Wheat,Hay & small grains,11.0,2.7e-05,321264.3,7192.4,167.2,5603.9,18.910896,14.734271,844.696593
20,115,2017,2018,302166.0,324020.0,1.072324,9,3,1.473781,4.365711,0.339797,0.812067,Soybeans,Corn / soybean,0.0,0.0,319816.7,6858.0,160.3,5513.8,22.696134,18.247586,1058.413918
20,117,2017,2018,335229.0,340173.0,1.014748,10,0,1.134721,3.110305,0.483001,0.931256,Soybeans,Corn / soybean,18.0,5.3e-05,629805.5,3127.1,33.9,1388.9,9.32825,4.143138,1878.73215
20,119,2017,2018,211843.0,217865.0,1.028427,5,3,1.383281,3.987963,0.353871,0.846437,Wheat,Hay & small grains,0.0,0.0,521315.4,43197.2,44.3,42981.3,203.911387,202.892236,2460.857333
20,121,2017,2018,163621.0,162843.0,0.995245,9,3,1.183569,3.266011,0.407724,0.971242,Soybeans,Corn / soybean,457.0,0.002806,137789.0,1255.8,13.8,434.3,7.675054,2.654305,842.122955
20,123,2017,2018,267099.0,278891.0,1.044148,5,6,1.412792,4.107408,0.422835,0.829959,Wheat,Hay & small grains,0.0,0.0,298012.2,3846.2,2.4,600.1,14.399904,2.246732,1115.736862
20,125,2017,2018,192128.0,214246.0,1.115121,7,4,1.335774,3.802939,0.424717,0.818965,Soybeans,Corn / soybean,224.0,0.001046,133036.4,3695.3,383.4,752.0,19.233532,3.914057,692.436292
20,127,2017,2018,139424.0,145334.0,1.042389,5,4,1.428541,4.172607,0.37817,0.809948,Soybeans,Corn / soybean,0.0,0.0,103663.2,942.9,12.6,525.9,6.762824,3.771947,743.510443
20,129,2017,2018,149693.0,155739.0,1.040389,6,5,1.245798,3.475707,0.433764,0.939655,Wheat,Hay & small grains,792.0,0.005085,291975.7,14643.1,0.0,14445.1,97.820873,96.498166,1950.496683
20,131,2017,2018,265020.0,266005.0,1.003717,7,6,1.062751,2.894324,0.452458,0.975091,Soybeans,Corn / soybean,0.0,0.0,461654.1,2484.7,26.5,1229.7,9.375519,4.640027,1741.959475
20,133,2017,2018,152716.0,170216.0,1.114592,10,3,1.3589,3.89191,0.3885,0.82887,Soybeans,Corn / soybean,155.0,0.000911,137936.7,3571.9,345.3,702.4,23.389167,4.599387,903.223631
20,135,2017,2018,192785.0,209416.0,1.086267,6,2,1.128435,3.090815,0.49213,0.932116,Wheat,Hay & small grains,0.0,0.0,243925.7,5362.0,0.4,305.3,27.813367,1.583629,1265.273232
20,137,2017,2018,206615.0,210102.0,1.016877,6,1,1.270572,3.56289,0.540561,0.859206,Corn,Corn / soybean,0.0,0.0,283973.6,5493.9,0.5,1045.5,26.590035,5.060136,1374.409409
20,139,2017,2018,225544.0,227489.0,1.008624,8,4,1.182096,3.261202,0.478639,0.962297,Soybeans,Corn / soybean,44.0,0.000193,215518.0,1940.4,22.1,698.7,8.603199,3.097843,955.547476
20,141,2017,2018,178744.0,186798.0,1.045059,7,3,1.542181,4.674775,0.365202,0.750158,Wheat,Hay & small grains,0.0,0.0,312460.3,3470.3,1.6,410.1,19.414917,2.294343,1748.088327
20,143,2017,2018,218872.0,227449.0,1.039187,7,2,1.457827,4.296613,0.348755,0.812125,Wheat,Hay & small grains,0.0,0.0,220763.5,3640.8,2.6,752.4,16.63438,3.437626,1008.642037
20,145,2017,2018,243813.0,251820.0,1.032841,5,5,1.405792,4.078755,0.432964,0.848968,Wheat,Hay & small grains,0.0,0.0,349724.5,25281.5,137.0,4348.8,103.692174,17.836621,1434.396443
20,147,2017,2018,207403.0,217513.0,1.048746,6,5,1.518515,4.565439,0.33735,0.774266,Corn,Corn / soybean,0.0,0.0,304199.1,3223.7,0.6,459.5,15.54317,2.215494,1466.7054
20,149,2017,2018,135864.0,136995.0,1.008325,7,3,1.275888,3.581881,0.320457,0.94829,Soybeans,Corn / soybean,8.0,5.8e-05,173782.6,1249.8,9.8,793.8,9.198905,5.842607,1279.092328
20,151,2017,2018,293778.0,311055.0,1.05881,6,5,1.432672,4.189879,0.50656,0.810342,Wheat,Hay & small grains,17979.0,0.0578,285550.9,25416.1,416.6,5739.9,86.514647,19.538223,971.99552
20,153,2017,2018,228232.0,244087.0,1.069469,6,6,1.279874,3.596187,0.421284,0.917501,Wheat,Hay & small grains,0.0,0.0,496698.4,7741.4,0.3,1129.3,33.918995,4.948035,2176.287287
20,155,2017,2018,471515.0,500077.0,1.060575,15,1,1.452381,4.273278,0.440726,0.824037,Wheat,Hay & small grains,1679.0,0.003357,375630.8,21390.7,728.7,6353.6,45.365895,13.474863,796.646554
20,157,2017,2018,251264.0,259913.0,1.034422,7,5,1.347827,3.849054,0.389323,0.901713,Soybeans,Corn / soybean,0.0,0.0,434086.5,7390.4,3.6,944.6,29.412888,3.759393,1727.611198
20,159,2017,2018,317793.0,330620.0,1.040363,9,3,1.431369,4.184422,0.439341,0.808215,Wheat,Hay & small grains,15.0,4.5e-05,352376.7,6488.7,105.6,4590.8,20.418008,14.445881,1108.824612
20,161,2017,2018,96216.0,98316.0,1.021826,9,2,1.414628,4.114954,0.442461,0.849323,Soybeans,Corn / soybean,362.0,0.003682,108037.1,814.8,8.6,487.2,8.468446,5.063607,1122.860023
20,163,2017,2018,222145.0,236397.0,1.064156,9,1,1.475524,4.373328,0.423914,0.812591,Wheat,Hay & small grains,18.0,7.6e-05,256311.3,2065.4,0.7,455.4,9.297531,2.050012,1153.801796
20,165,2017,2018,189725.0,194105.0,1.023086,6,4,1.206614,3.342149,0.516365,0.904505,Wheat,Hay & small grains,0.0,0.0,240091.1,2652.5,8.8,1177.4,13.980762,6.205824,1265.468968
20,167,2017,2018,164709.0,173029.0,1.050513,6,2,1.404146,4.072048,0.434164,0.866369,Wheat,Hay & small grains,0.0,0.0,162434.4,2048.9,14.8,818.0,12.439515,4.966335,986.19019
20,169,2017,2018,196468.0,212895.0,1.083612,7,3,1.361736,3.902963,0.414495,0.853905,Wheat,Hay & small grains,0.0,0.0,177503.8,4132.5,125.9,2987.3,21.03396,15.205021,903.474357
20,171,2017,2018,253023.0,258125.0,1.020164,6,2,1.224054,3.400946,0.373168,0.970111,Wheat,Hay & small grains,0.0,0.0,291489.0,21018.5,0.8,377.4,83.069523,1.491564,1152.025705
20,173,2017,2018,378142.0,404288.0,1.069143,8,5,1.38862,4.009315,0.411907,0.852746,Wheat,Hay & small grains,1524.0,0.00377,316009.2,23102.4,645.1,5133.1,61.094509,13.57453,835.689238
20,175,2017,2018,167683.0,172448.0,1.028417,6,2,1.49439,4.456617,0.403037,0.795567,Corn,Corn / soybean,3282.0,0.019032,392048.2,35083.0,20.2,34769.4,209.222163,207.351968,2338.031882
20,177,2017,2018,115155.0,117056.0,1.016508,8,3,1.205551,3.338598,0.418851,0.963163,Soybeans,Corn / soybean,93.0,0.000794,153871.2,1665.5,10.8,401.9,14.463115,3.490079,1336.209457
20,179,2017,2018,265431.0,270120.0,1.017666,6,5,1.168618,3.217543,0.577358,0.89498,Corn,Corn / soybean,0.0,0.0,539711.0,10955.4,0.6,2119.6,41.274003,7.985503,2033.338231
20,181,2017,2018,293319.0,306588.0,1.045237,9,1,1.29293,3.643447,0.458531,0.906624,Corn,Corn / soybean,4.0,1.3e-05,591948.5,11645.7,0.2,1718.1,39.70319,5.857445,2018.104862
20,183,2017,2018,310748.0,321017.0,1.033046,6,1,1.483249,4.407242,0.319189,0.818916,Wheat,Hay & small grains,0.0,0.0,367411.2,4738.7,2.5,890.9,15.249334,2.866953,1182.344536
20,185,2017,2018,280693.0,297340.0,1.059307,9,2,1.536332,4.647512,0.413823,0.796099,Wheat,Hay & small grains,396.0,0.001332,267626.2,25111.5,136.3,3999.1,89.462509,14.247238,953.448073
20,187,2017,2018,221941.0,229080.0,1.032166,5,3,1.10708,3.02551,0.430029,0.98432,Wheat,Hay & small grains,0.0,0.0,469687.4,40099.9,0.4,39879.7,180.678198,179.686043,2116.271442
20,189,2017,2018,237934.0,247233.0,1.039082,8,4,1.347904,3.849349,0.529707,0.869961,Corn,Corn / soybean,11792.0,0.047696,622959.6,67436.9,18.4,67124.5,283.426917,282.113948,2618.203367
20,191,2017,2018,597446.0,666352.0,1.115334,10,2,1.376068,3.959304,0.47774,0.872815,Wheat,Hay & small grains,21413.0,0.032135,504932.1,26651.0,1200.9,9334.5,44.608216,15.624006,845.151026
20,193,2017,2018,386460.0,394996.0,1.022088,6,6,1.109329,3.032323,0.582145,0.930792,Corn,Corn / soybean,1.0,3e-06,610030.6,12655.0,0.4,1804.4,32.74595,4.669047,1578.509031
20,195,2017,2018,159125.0,163044.0,1.024628,5,2,1.165638,3.20797,0.457723,0.936238,Wheat,Hay & small grains,0.0,0.0,184218.3,4203.3,1.8,307.8,26.415082,1.934328,1157.695522
20,197,2017,2018,91188.0,92205.0,1.011153,7,4,1.218908,3.383492,0.371292,0.966922,Hay & haylage,Hay & small grains,29.0,0.000315,106169.5,1064.8,9.3,399.5,11.676975,4.381059,1164.292451
20,199,2017,2018,179926.0,183094.0,1.017607,6,2,1.228204,3.415092,0.405131,0.951833,Wheat,Hay & small grains,0.0,0.0,237463.0,22666.3,0.7,496.0,125.975679,2.756689,1319.781466
20,201,2017,2018,310086.0,317626.0,1.024316,7,4,1.402524,4.065447,0.420879,0.832287,Soybeans,Corn / soybean,2.0,6e-06,469336.9,7686.3,4.5,749.9,24.78764,2.418361,1513.570106
20,203,2017,2018,227475.0,229070.0,1.007012,6,4,1.099955,3.004031,0.467909,0.985594,Wheat,Hay & small grains,0.0,0.0,237276.4,23716.1,0.8,400.9,104.25805,1.762391,1043.087812
20,205,2017,2018,168052.0,180005.0,1.071127,5,5,1.247772,3.482576,0.486986,0.870048,Soybeans,Corn / soybean,0.0,0.0,176768.5,4785.4,487.0,947.4,28.47571,5.637541,1051.867874
20,207,2017,2018,120679.0,123299.0,1.02171,6,5,1.322494,3.752768,0.37783,0.906114,Soybeans,Corn / soybean,0.0,0.0,87579.7,2239.9,221.5,583.4,18.56081,4.834313,725.724443
21,1,2017,2018,59584.0,59575.0,0.999849,7,2,1.00369,2.728331,0.61086,0.980311,Hay & haylage,Hay & small grains,1173.0,0.019689,31042.8,337.4,28.5,279.1,5.662594,4.684143,520.992213
21,3,2017,2018,49767.0,51128.0,1.027347,11,2,1.093768,2.985503,0.688957,0.894383,Hay & haylage,Hay & small grains,3742.0,0.073189,30977.5,727.3,112.5,677.7,14.614102,13.617457,622.45062
21,5,2017,2018,22691.0,22674.0,0.999251,7,0,0.392842,1.481185,0.915763,0.975346,Hay & haylage,Hay & small grains,559.0,0.024654,5302.1,125.7,5.9,107.9,5.539641,4.755189,233.66533
21,7,2017,2018,69682.0,78598.0,1.127953,4,6,1.126882,3.08602,0.516922,0.946093,Soybeans,Corn / soybean,0.0,0.0,131362.2,2445.9,111.2,453.5,35.100887,6.508137,1885.166901
21,9,2017,2018,118559.0,118929.0,1.003121,9,2,1.213781,3.366189,0.493336,0.94643,Hay & haylage,Hay & small grains,5048.0,0.042445,79270.4,1519.7,239.5,1379.4,12.818091,11.634714,668.615626
21,11,2017,2018,36211.0,36196.0,0.999586,6,3,0.563723,1.757203,0.843353,0.993259,Hay & haylage,Hay & small grains,244.0,0.006741,16699.6,711.4,39.7,671.0,19.645964,18.530281,461.174781
21,15,2017,2018,28102.0,27889.0,0.99242,7,2,0.934663,2.546356,0.658145,0.987988,Hay & haylage,Hay & small grains,335.0,0.012012,10932.9,268.2,7.5,190.3,9.543805,6.77176,389.043484
21,17,2017,2018,59247.0,59899.0,1.011005,9,1,0.980005,2.664469,0.673667,0.951251,Hay & haylage,Hay & small grains,1276.0,0.021303,35200.1,917.4,42.1,796.2,15.484328,13.438655,594.124597
21,21,2017,2018,26500.0,26331.0,0.993623,7,4,0.635299,1.887587,0.822073,0.985037,Hay & haylage,Hay & small grains,394.0,0.014963,17370.9,303.3,12.2,268.4,11.445283,10.128302,655.50566
21,23,2017,2018,22030.0,22025.0,0.999773,6,2,0.532013,1.702356,0.869875,0.962906,Hay & haylage,Hay & small grains,836.0,0.037957,8698.2,429.2,26.4,307.0,19.482524,13.935542,394.834317
21,27,2017,2018,102430.0,103299.0,1.008484,9,3,1.216843,3.376512,0.406742,0.954966,Soybeans,Corn / soybean,3258.0,0.03154,93936.2,1303.2,158.3,1126.2,12.722835,10.994826,917.077028
21,29,2017,2018,16823.0,16633.0,0.988706,6,1,0.997553,2.711637,0.521493,0.996573,Hay & haylage,Hay & small grains,57.0,0.003427,11068.1,120.9,6.9,104.8,7.18659,6.229567,657.91476
21,31,2017,2018,59632.0,59726.0,1.001576,7,0,1.06164,2.891107,0.474986,0.996501,Soybeans,Corn / soybean,59.0,0.000988,67933.1,630.7,34.8,496.9,10.576536,8.332774,1139.20546
21,33,2017,2018,70471.0,77399.0,1.09831,7,3,1.241425,3.46054,0.420419,0.898784,Soybeans,Corn / soybean,562.0,0.007261,120935.0,1221.0,116.8,495.2,17.326276,7.027004,1716.095983
21,35,2017,2018,90675.0,96374.0,1.062851,8,4,1.260861,3.528459,0.478262,0.884803,Soybeans,Corn / soybean,2617.0,0.027155,159229.8,3264.7,159.1,621.0,36.004411,6.848635,1756.049628
21,37,2017,2018,13654.0,13584.0,0.994873,7,0,0.374734,1.454604,0.921746,0.984393,Hay & haylage,Hay & small grains,212.0,0.015607,3357.0,98.1,1.9,73.6,7.184708,5.390362,245.862018
21,39,2017,2018,68147.0,73301.0,1.075631,5,1,1.072206,2.921817,0.493322,0.954816,Soybeans,Corn / soybean,154.0,0.002101,111509.1,2059.7,86.6,312.3,30.224368,4.58274,1636.302405
21,41,2017,2018,15023.0,13779.0,0.917194,6,3,0.596282,1.815356,0.75274,0.996516,Hay & haylage,Hay & small grains,48.0,0.003484,9264.3,213.2,12.0,112.4,14.191573,7.481861,616.674433
21,43,2017,2018,16556.0,16559.0,1.000181,6,1,0.146586,1.157874,0.97367,0.995893,Hay & haylage,Hay & small grains,148.0,0.008938,3415.0,80.2,5.8,15.6,4.844165,0.942257,206.26963
21,45,2017,2018,51843.0,51825.0,0.999653,8,2,0.955797,2.600741,0.649474,0.984641,Hay & haylage,Hay & small grains,754.0,0.014549,24581.2,335.5,31.2,295.0,6.471462,5.690257,474.146944
21,49,2017,2018,47992.0,48348.0,1.007418,9,1,0.921778,2.513755,0.703731,0.963473,Hay & haylage,Hay & small grains,1348.0,0.027881,20328.4,499.6,24.3,458.9,10.410068,9.56201,423.57893
21,53,2017,2018,19729.0,19423.0,0.98449,5,4,0.472133,1.60341,0.874582,0.997941,Hay & haylage,Hay & small grains,40.0,0.002059,5808.2,71.4,7.6,63.5,3.619038,3.218612,294.399108
21,55,2017,2018,62040.0,66299.0,1.068649,8,3,1.307372,3.696446,0.332795,0.910059,Soybeans,Corn / soybean,87.0,0.001312,70460.6,562.3,41.1,213.8,9.063507,3.446164,1135.728562
21,57,2017,2018,17865.0,18122.0,1.014386,8,1,0.905244,2.472535,0.693301,0.978645,Hay & haylage,Hay & small grains,97.0,0.005353,9741.1,109.7,8.4,90.5,6.140498,5.065771,545.261685
21,59,2017,2018,183130.0,185086.0,1.010681,10,1,1.021476,2.777292,0.535654,0.959992,Soybeans,Corn / soybean,3443.0,0.018602,246914.5,2346.9,346.3,1275.2,12.815486,6.963359,1348.301753
21,61,2017,2018,28729.0,29760.0,1.035887,6,2,1.101903,3.009889,0.433333,0.952487,Hay & haylage,Hay & small grains,19.0,0.000638,24384.4,266.7,24.3,219.1,9.283303,7.62644,848.773017
21,65,2017,2018,11062.0,11057.0,0.999548,5,1,0.583906,1.793028,0.828706,0.998282,Hay & haylage,Hay & small grains,19.0,0.001718,3458.5,34.7,0.6,9.7,3.136865,0.876876,312.646899
21,67,2017,2018,25705.0,25354.0,0.986345,8,3,0.989675,2.69036,0.657253,0.95622,Hay & haylage,Hay & small grains,863.0,0.034038,21472.3,853.2,47.3,828.7,33.191986,32.238864,835.335538
21,69,2017,2018,65745.0,65459.0,0.99565,8,3,0.920971,2.511729,0.613529,0.977895,Hay & haylage,Hay & small grains,1126.0,0.017202,39038.9,906.7,40.7,808.5,13.791163,12.297513,593.792684
21,73,2017,2018,19782.0,19661.0,0.993883,8,3,0.555975,1.74364,0.866843,0.967652,Hay & haylage,Hay & small grains,636.0,0.032348,9821.7,271.4,13.6,253.2,13.719543,12.799515,496.496815
21,75,2017,2018,83058.0,87390.0,1.052156,4,2,0.875585,2.400278,0.636823,0.997368,Soybeans,Corn / soybean,0.0,0.0,126888.1,2243.8,123.6,358.0,27.014857,4.310241,1527.704736
21,77,2017,2018,11121.0,12305.0,1.106465,7,1,1.343474,3.832332,0.415197,0.866965,Hay & haylage,Hay & small grains,563.0,0.045754,6849.2,190.6,11.9,119.3,17.138747,10.727453,615.879867
21,79,2017,2018,42313.0,42377.0,1.001513,9,1,0.540257,1.716447,0.871605,0.966633,Hay & haylage,Hay & small grains,1730.0,0.040824,12341.1,617.3,34.9,570.9,14.588897,13.492307,291.662137
21,81,2017,2018,25299.0,25250.0,0.998063,7,1,0.418618,1.519859,0.909822,0.969307,Hay & haylage,Hay & small grains,836.0,0.033109,6206.4,318.7,16.6,196.2,12.597336,7.755247,245.321949
21,83,2017,2018,169885.0,185127.0,1.08972,8,4,1.160694,3.192149,0.492213,0.927693,Soybeans,Corn / soybean,2026.0,0.010944,306010.6,5806.6,266.6,1025.3,34.179592,6.035259,1801.280866
21,85,2017,2018,72227.0,72358.0,1.001814,9,1,1.103842,3.01573,0.500967,0.978758,Hay & haylage,Hay & small grains,535.0,0.007394,57894.2,585.7,41.0,471.2,8.109156,6.523876,801.558974
21,87,2017,2018,56700.0,57118.0,1.007372,8,1,1.276601,3.584437,0.432963,0.919693,Hay & haylage,Hay & small grains,3863.0,0.067632,38747.0,734.5,116.0,666.1,12.954145,11.747795,683.368607
21,89,2017,2018,12043.0,11737.0,0.974591,5,4,0.485193,1.624489,0.879697,0.989946,Hay & haylage,Hay & small grains,118.0,0.010054,4731.4,78.0,3.8,48.3,6.476791,4.010629,392.875529
21,91,2017,2018,18589.0,18360.0,0.987681,6,4,1.125429,3.081539,0.423802,0.98976,Soybeans,Corn / soybean,188.0,0.01024,39958.3,431.5,66.4,196.3,23.212653,10.560009,2149.566948
21,93,2017,2018,93215.0,93739.0,1.005621,8,6,1.189364,3.284993,0.406917,0.97381,Soybeans,Corn / soybean,467.0,0.004982,111987.4,1134.3,65.3,899.9,12.168642,9.654026,1201.388189
21,97,2017,2018,57542.0,57838.0,1.005144,8,2,0.850673,2.341221,0.763322,0.940524,Hay & haylage,Hay & small grains,2692.0,0.046544,25762.7,1122.0,61.4,1044.5,19.498801,18.151959,447.719926
21,99,2017,2018,47629.0,47751.0,1.002561,10,0,1.060112,2.886695,0.667023,0.922117,Hay & haylage,Hay & small grains,1850.0,0.038743,35333.7,638.6,84.0,563.1,13.407798,11.822629,741.852653
21,101,2017,2018,149031.0,148953.0,0.999477,7,4,0.903735,2.468806,0.554416,0.980007,Soybeans,Corn / soybean,383.0,0.002571,266257.0,2033.7,192.5,797.5,13.646154,5.351236,1786.588025
21,103,2017,2018,52863.0,52802.0,0.998846,7,1,0.910101,2.484573,0.677815,0.974868,Hay & haylage,Hay & small grains,1327.0,0.025132,38494.8,999.8,55.1,554.0,18.913039,10.47992,728.199308
21,105,2017,2018,95782.0,105450.0,1.100938,6,5,1.050086,2.857896,0.463831,0.983253,Soybeans,Corn / soybean,139.0,0.001318,168300.0,3112.0,125.2,502.7,32.490447,5.248377,1757.115116
21,107,2017,2018,79829.0,81472.0,1.020581,9,2,1.207571,3.345349,0.498318,0.94608,Soybeans,Corn / soybean,197.0,0.002418,113010.2,946.5,82.1,355.7,11.856593,4.455774,1415.653459
21,109,2017,2018,18261.0,18252.0,0.999507,7,0,0.109436,1.115648,0.983344,0.993699,Hay & haylage,Hay & small grains,124.0,0.006794,3053.7,80.9,5.8,21.6,4.430206,1.182849,167.225234
21,113,2017,2018,26151.0,26054.0,0.996291,7,3,0.550508,1.734133,0.852076,0.984263,Hay & haylage,Hay & small grains,410.0,0.015737,7837.5,168.9,7.9,159.7,6.458644,6.106841,299.701732
21,117,2017,2018,11481.0,11439.0,0.996342,7,1,0.340787,1.406054,0.932774,0.977708,Hay & haylage,Hay & small grains,255.0,0.022292,3479.1,177.5,6.9,122.7,15.460326,10.687222,303.031095
21,123,2017,2018,62017.0,65256.0,1.052228,7,1,1.292035,3.640188,0.430627,0.92724,Soybeans,Corn / soybean,991.0,0.015186,85711.0,902.6,61.9,737.4,14.554074,11.890288,1382.056533
21,125,2017,2018,26490.0,25686.0,0.969649,7,2,0.291429,1.338338,0.933582,0.993888,Hay & haylage,Hay & small grains,257.0,0.010005,3914.5,118.3,9.2,48.4,4.465836,1.827105,147.772744
21,135,2017,2018,28960.0,28942.0,0.999378,6,2,0.992238,2.697264,0.478647,0.975468,Hay & haylage,Hay & small grains,440.0,0.015203,11043.0,305.8,19.3,42.8,10.559392,1.477901,381.319061
21,137,2017,2018,61011.0,61166.0,1.002541,10,2,1.020174,2.773677,0.617124,0.981395,Hay & haylage,Hay & small grains,616.0,0.010071,40473.0,744.5,28.8,621.4,12.202718,10.185049,663.372179
21,139,2017,2018,46061.0,46827.0,1.01663,7,0,1.139621,3.125583,0.458774,0.972559,Soybeans,Corn / soybean,33.0,0.000705,68781.6,1207.8,68.1,199.7,26.221749,4.335555,1493.271965
21,143,2017,2018,14599.0,14486.0,0.99226,6,2,1.09828,2.999005,0.47363,0.984537,Hay & haylage,Hay & small grains,224.0,0.015463,30244.6,564.8,30.4,105.2,38.687581,7.205973,2071.689842
21,145,2017,2018,46251.0,50445.0,1.090679,8,1,1.211125,3.357258,0.538507,0.881733,Soybeans,Corn / soybean,381.0,0.007553,54195.3,995.6,52.6,211.1,21.526021,4.564226,1171.764935
21,149,2017,2018,98533.0,103350.0,1.048887,7,3,1.085432,2.960718,0.515685,0.942342,Soybeans,Corn / soybean,462.0,0.00447,157840.0,1222.4,129.4,511.4,12.405996,5.190139,1601.899871
21,151,2017,2018,55388.0,55538.0,1.002708,8,3,0.379644,1.461763,0.917246,0.986388,Hay & haylage,Hay & small grains,573.0,0.010317,11707.7,165.5,7.5,146.2,2.988012,2.639561,211.37611
21,155,2017,2018,72682.0,73755.0,1.014763,8,1,1.155032,3.174124,0.480659,0.967623,Hay & haylage,Hay & small grains,1085.0,0.014711,51462.1,632.4,48.9,520.0,8.700916,7.154454,708.044633
21,157,2017,2018,44564.0,46532.0,1.044161,7,3,1.109276,3.032162,0.595633,0.923622,Soybeans,Corn / soybean,109.0,0.002342,58775.2,1083.0,54.9,219.2,24.302127,4.918769,1318.894175
21,161,2017,2018,55889.0,55859.0,0.999463,8,2,1.017708,2.766845,0.628081,0.968779,Hay & haylage,Hay & small grains,1485.0,0.026585,38022.3,1040.0,49.9,939.1,18.608313,16.802949,680.318131
21,163,2017,2018,64318.0,65226.0,1.014117,8,3,1.189541,3.285573,0.401205,0.975501,Soybeans,Corn / soybean,569.0,0.008724,62751.8,719.7,54.5,581.8,11.189714,9.045679,975.649118
21,167,2017,2018,46230.0,46899.0,1.014471,8,3,0.926783,2.526369,0.708011,0.956609,Hay & haylage,Hay & small grains,510.0,0.010874,28546.4,573.3,23.3,481.3,12.401038,10.410989,617.486481
21,169,2017,2018,43087.0,43132.0,1.001044,8,1,1.011479,2.749665,0.676574,0.916257,Hay & haylage,Hay & small grains,3493.0,0.080984,25267.7,571.3,89.6,542.2,13.25922,12.583842,586.434423
21,171,2017,2018,49495.0,49995.0,1.010102,7,3,1.089528,2.972871,0.611021,0.941654,Hay & haylage,Hay & small grains,2254.0,0.045085,37974.6,948.4,171.0,888.0,19.161531,17.941206,767.241135
21,173,2017,2018,30628.0,31074.0,1.014562,8,0,0.651572,1.918554,0.834267,0.966725,Hay & haylage,Hay & small grains,534.0,0.017185,8682.5,435.1,25.2,411.7,14.205955,13.441949,283.482434
21,175,2017,2018,16452.0,16300.0,0.990761,5,3,0.257284,1.293413,0.941411,0.996196,Hay & haylage,Hay & small grains,152.0,0.009325,3585.5,74.9,5.9,18.4,4.552638,1.118405,217.937029
21,177,2017,2018,57980.0,58771.0,1.013643,8,3,1.20147,3.325001,0.47634,0.958194,Soybeans,Corn / soybean,927.0,0.015773,63581.0,588.9,75.4,254.3,10.156951,4.385995,1096.602277
21,179,2017,2018,98396.0,103273.0,1.049565,9,3,1.294404,3.648821,0.386413,0.934417,Hay & haylage,Hay & small grains,1041.0,0.01008,82182.5,906.5,56.2,723.2,9.212773,7.349892,835.22196
21,181,2017,2018,25316.0,25338.0,1.000869,8,2,0.791699,2.207142,0.776857,0.936064,Hay & haylage,Hay & small grains,2088.0,0.082406,9583.0,574.4,32.3,536.3,22.689208,21.184231,378.535314
21,183,2017,2018,75915.0,76553.0,1.008404,7,3,1.14719,3.14933,0.460243,0.976108,Soybeans,Corn / soybean,214.0,0.002795,115497.6,907.9,85.8,330.9,11.959428,4.358822,1521.406837
21,185,2017,2018,17939.0,18003.0,1.003568,7,4,1.08892,2.971065,0.490085,0.976893,Hay & haylage,Hay & small grains,108.0,0.005999,13741.5,166.3,4.2,31.4,9.270305,1.750376,766.012598
21,187,2017,2018,42783.0,42754.0,0.999322,7,0,0.47271,1.604336,0.89194,0.967114,Hay & haylage,Hay & small grains,1767.0,0.041329,13207.3,707.1,44.1,505.1,16.527593,11.806091,308.704392
21,191,2017,2018,26343.0,26333.0,0.99962,7,0,0.483061,1.621029,0.874758,0.986367,Hay & haylage,Hay & small grains,620.0,0.023545,10244.8,350.9,23.0,246.9,13.320427,9.372509,388.900277
21,199,2017,2018,84807.0,85877.0,1.012617,8,1,1.012628,2.752827,0.616661,0.976909,Hay & haylage,Hay & small grains,620.0,0.00722,38631.5,608.5,28.0,177.2,7.175115,2.08945,455.522539
21,201,2017,2018,12130.0,11978.0,0.987469,6,2,0.05591,1.057502,0.991651,0.999165,Hay & haylage,Hay & small grains,32.0,0.002672,3394.2,159.2,8.8,143.0,13.124485,11.788953,279.818631
21,203,2017,2018,18018.0,17863.0,0.991397,8,2,0.510217,1.665653,0.862509,0.996809,Hay & haylage,Hay & small grains,44.0,0.002463,7665.4,199.4,12.8,54.4,11.066711,3.019203,425.430125
21,207,2017,2018,34856.0,35041.0,1.005308,8,1,0.938719,2.556704,0.60766,0.989041,Hay & haylage,Hay & small grains,124.0,0.003539,19535.3,200.3,13.6,160.9,5.7465,4.616135,560.45731
21,209,2017,2018,40041.0,40112.0,1.001773,9,1,0.905487,2.473135,0.731876,0.956023,Hay & haylage,Hay & small grains,1333.0,0.033232,15171.6,511.9,26.8,523.4,12.784396,13.071602,378.901626
21,211,2017,2018,105111.0,105593.0,1.004586,8,1,1.212514,3.361926,0.440957,0.958956,Hay & haylage,Hay & small grains,1980.0,0.018751,92665.1,1896.2,83.5,1754.9,18.039977,16.695684,881.592792
21,215,2017,2018,29837.0,29161.0,0.977344,7,3,1.104277,3.017041,0.495559,0.968108,Hay & haylage,Hay & small grains,930.0,0.031892,26323.4,606.8,28.7,575.8,20.337165,19.298187,882.240172
21,217,2017,2018,50226.0,50425.0,1.003962,8,0,1.183755,3.266616,0.392603,0.978423,Hay & haylage,Hay & small grains,838.0,0.016619,45835.6,649.0,74.9,563.4,12.921594,11.217298,912.587106
21,221,2017,2018,65832.0,70935.0,1.077515,11,3,1.416316,4.121908,0.352506,0.830789,Soybeans,Corn / soybean,1924.0,0.027123,98087.3,2075.4,83.9,462.9,31.525702,7.031535,1489.963847
21,223,2017,2018,24691.0,24616.0,0.996962,5,5,1.042997,2.837708,0.449139,0.975422,Hay & haylage,Hay & small grains,605.0,0.024578,13811.9,261.0,11.6,94.9,10.570653,3.843506,559.390061
21,225,2017,2018,167410.0,172312.0,1.029281,6,2,0.968875,2.634978,0.49581,0.966984,Corn,Corn / soybean,20.0,0.000116,220150.4,1666.2,117.9,619.3,9.95281,3.699301,1315.037333
21,227,2017,2018,124469.0,138489.0,1.112638,8,0,1.36231,3.905204,0.323715,0.874568,Soybeans,Corn / soybean,699.0,0.005047,114737.5,1290.9,91.9,1129.2,10.371257,9.072138,921.815874
21,229,2017,2018,54280.0,54671.0,1.007203,8,0,0.661187,1.937091,0.819136,0.981562,Hay & haylage,Hay & small grains,354.0,0.006475,27988.8,536.7,22.7,475.9,9.88762,8.767502,515.637436
21,231,2017,2018,29258.0,30423.0,1.039818,7,2,1.131145,3.099203,0.525063,0.957466,Hay & haylage,Hay & small grains,122.0,0.00401,20659.5,276.3,10.8,79.8,9.443571,2.727459,706.114567
21,233,2017,2018,103183.0,103759.0,1.005582,7,1,0.957784,2.605915,0.507069,0.986613,Soybeans,Corn / soybean,251.0,0.002419,144302.6,1104.2,108.7,448.1,10.701375,4.34277,1398.511383
21,235,2017,2018,14592.0,14596.0,1.000274,6,0,0.312206,1.366436,0.922239,0.996985,Hay & haylage,Hay & small grains,119.0,0.008153,2513.4,20.7,0.0,7.5,1.418586,0.51398,172.245066
21,239,2017,2018,29323.0,29529.0,1.007025,8,1,0.993282,2.700083,0.67625,0.939923,Hay & haylage,Hay & small grains,1282.0,0.043415,15503.9,567.1,30.9,577.2,19.339767,19.684207,528.728302
22,1,2017,2018,128971.0,121717.0,0.943755,4,2,0.775663,2.172031,0.675863,0.999819,Rice,Southern row crops,82286.0,0.676044,143104.2,4777.4,284.7,997.5,37.042436,7.734297,1109.584325
22,3,2017,2018,23283.0,20953.0,0.899927,4,6,0.493826,1.638573,0.825276,0.998902,Rice,Southern row crops,17427.0,0.831719,32879.0,944.1,110.8,475.8,40.548898,20.435511,1412.146201
22,9,2017,2018,169285.0,155857.0,0.920678,9,0,1.351491,3.86318,0.591324,0.822061,Soybeans,Corn / soybean,27181.0,0.174397,252916.6,18092.3,1093.4,15578.7,106.874797,92.026464,1494.028414
22,11,2017,2018,23711.0,23261.0,0.981021,7,2,1.029229,2.798907,0.653153,0.923133,Hay & haylage,Hay & small grains,2005.0,0.086196,11030.5,513.7,30.4,91.9,21.66505,3.875838,465.206023
22,15,2017,2018,27777.0,27798.0,1.000756,8,2,1.32213,3.751403,0.450536,0.882797,Hay & haylage,Hay & small grains,3506.0,0.126124,82722.7,875.9,67.4,840.3,31.533283,30.251647,2978.100587
22,17,2017,2018,74852.0,74218.0,0.99153,8,1,1.48225,4.402841,0.290752,0.784904,Corn,Corn / soybean,20033.0,0.269921,227209.3,5304.3,1310.0,5276.0,70.863838,70.485759,3035.447283
22,19,2017,2018,22977.0,22937.0,0.998259,7,0,1.01638,2.763174,0.534072,0.955487,Rice,Southern row crops,12431.0,0.541963,25213.1,624.6,33.4,209.5,27.183705,9.117813,1097.319058
22,21,2017,2018,15510.0,14721.0,0.94913,4,3,1.314917,3.724443,0.345085,0.875212,Soybeans,Corn / soybean,1837.0,0.124788,49143.4,3697.8,820.8,1363.3,238.413926,87.89813,3168.497743
22,23,2017,2018,14830.0,14823.0,0.999528,3,2,0.874402,2.397441,0.543952,1.0,Hay & haylage,Hay & small grains,5810.0,0.391958,22188.8,500.3,32.9,82.8,33.735671,5.583277,1496.210384
22,25,2017,2018,126393.0,126330.0,0.999502,8,1,1.151769,3.163784,0.569271,0.951065,Soybeans,Corn / soybean,24673.0,0.195306,294722.5,24049.4,2672.9,15857.1,190.274778,125.458688,2331.794482
22,29,2017,2018,176638.0,174362.0,0.987115,6,4,0.933659,2.543799,0.721235,0.923011,Soybeans,Corn / soybean,29485.0,0.169102,371898.7,29836.3,2433.6,23214.5,168.912125,131.424156,2105.428617
22,31,2017,2018,23182.0,21936.0,0.946251,4,3,0.056345,1.057963,0.991612,0.998359,Hay & haylage,Hay & small grains,184.0,0.008388,36992.2,101.5,17.5,99.3,4.378397,4.283496,1595.729445
22,35,2017,2018,179400.0,179370.0,0.999833,6,1,0.823918,2.279413,0.705553,0.982862,Soybeans,Corn / soybean,13346.0,0.074405,488864.8,58313.5,1202.3,56618.3,325.04738,315.598105,2724.998885
22,37,2017,2018,14306.0,12676.0,0.886062,4,2,0.039281,1.040063,0.994557,0.999053,Hay & haylage,Hay & small grains,69.0,0.005443,20817.6,947.1,33.8,0.0,66.202992,0.0,1455.165665
22,39,2017,2018,79332.0,78029.0,0.983575,4,3,0.959637,2.610748,0.563021,0.99058,Rice,Southern row crops,43932.0,0.563021,99073.8,4042.2,222.1,3243.5,50.952957,40.885141,1248.850401
22,41,2017,2018,152328.0,148625.0,0.975691,7,4,1.185325,3.27175,0.496659,0.913998,Corn,Corn / soybean,12022.0,0.080888,366377.6,37479.2,915.8,34714.0,246.04275,227.889817,2405.188803
22,43,2017,2018,14792.0,14744.0,0.996755,6,2,1.500693,4.484795,0.325081,0.808397,Soybeans,Corn / soybean,6009.0,0.407556,21291.5,1684.1,197.8,1068.6,113.852082,72.241752,1439.392915
22,53,2017,2018,84966.0,83020.0,0.977097,6,2,0.682402,1.978625,0.776885,0.999518,Rice,Southern row crops,64537.0,0.777367,120833.4,2260.9,135.2,750.8,26.609467,8.836476,1422.138267
22,61,2017,2018,10114.0,10116.0,1.000198,4,0,0.095687,1.100414,0.984282,0.997924,Hay & haylage,Hay & small grains,159.0,0.015718,7106.4,30.6,0.8,30.6,3.025509,3.025509,702.630018
22,65,2017,2018,176648.0,176469.0,0.998987,5,3,1.038952,2.826255,0.575291,0.975933,Soybeans,Corn / soybean,24482.0,0.138733,486888.3,56834.9,1313.1,54633.7,321.740976,309.280037,2756.262737
22,67,2017,2018,184194.0,182738.0,0.992095,8,4,1.364669,3.914428,0.414276,0.882389,Soybeans,Corn / soybean,38042.0,0.208178,451858.3,43924.7,732.8,41853.2,238.469766,227.223471,2453.165141
22,69,2017,2018,65795.0,63562.0,0.966061,6,2,1.374253,3.952124,0.34497,0.886347,Hay & haylage,Hay & small grains,7224.0,0.113653,146160.1,5096.8,440.6,4876.6,77.464853,74.118094,2221.446918
22,73,2017,2018,43174.0,42975.0,0.995391,7,1,1.340394,3.820547,0.375614,0.888144,Soybeans,Corn / soybean,4807.0,0.111856,94599.5,6236.8,1038.2,3406.9,144.457312,78.910919,2191.121972
22,79,2017,2018,109791.0,96224.0,0.876429,8,3,1.382762,3.985894,0.531707,0.778901,Soybeans,Corn / soybean,21275.0,0.221099,144333.7,11335.1,1284.7,7306.7,103.242524,66.550992,1314.622328
22,81,2017,2018,20012.0,18758.0,0.937338,5,2,1.226879,3.41057,0.453726,0.913797,Hay & haylage,Hay & small grains,1617.0,0.086203,86179.5,805.2,87.8,777.7,40.235858,38.861683,4306.391165
22,83,2017,2018,116381.0,116308.0,0.999373,8,2,1.458699,4.300361,0.371892,0.857929,Soybeans,Corn / soybean,29810.0,0.256302,309836.0,31764.9,829.1,29902.6,272.938882,256.937129,2662.255867
22,85,2017,2018,12717.0,12449.0,0.978926,3,1,0.089061,1.093147,0.984095,1.0,Hay & haylage,Hay & small grains,198.0,0.015905,4236.0,0.0,0.0,0.0,0.0,0.0,333.097429
22,97,2017,2018,155907.0,142838.0,0.916174,8,1,0.99107,2.694115,0.679896,0.932882,Soybeans,Corn / soybean,21639.0,0.151493,230293.8,15612.0,774.4,14041.0,100.13662,90.0601,1477.1229
22,105,2017,2018,22266.0,20828.0,0.935417,6,3,0.469138,1.598616,0.899414,0.968648,Hay & haylage,Hay & small grains,653.0,0.031352,9568.3,195.7,6.7,8.2,8.789185,0.368274,429.726938
22,107,2017,2018,150016.0,149580.0,0.997094,7,3,1.214268,3.367828,0.409319,0.971139,Soybeans,Corn / soybean,41057.0,0.274482,498728.3,59902.8,2085.5,56611.3,399.309407,377.368414,3324.50072
22,111,2017,2018,14632.0,14461.0,0.988313,3,1,0.07698,1.080021,0.986308,1.0,Hay & haylage,Hay & small grains,198.0,0.013692,8501.8,3.4,0.1,3.4,0.232367,0.232367,581.041553
22,117,2017,2018,21774.0,20604.0,0.946266,6,2,0.862492,2.369057,0.706416,0.987138,Hay & haylage,Hay & small grains,265.0,0.012862,11811.9,344.6,12.3,0.2,15.826215,0.009185,542.477266
22,123,2017,2018,93948.0,93728.0,0.997658,7,2,1.106157,3.02272,0.536094,0.957985,Soybeans,Corn / soybean,3938.0,0.042015,245349.4,27177.4,545.6,26274.7,289.281305,279.672798,2611.544684
23,1,2017,2018,19313.0,19106.0,0.989282,6,4,0.77243,2.165022,0.762274,0.967392,Hay & haylage,Hay & small grains,1631.0,0.085366,2970.2,109.4,13.3,757.0,5.664578,39.196396,153.792782
23,3,2017,2018,116305.0,114725.0,0.986415,10,7,1.44606,4.24635,0.458505,0.823439,Vegetables,Specialty (veg / orchard / berry),52846.0,0.460632,223228.6,11045.5,2983.2,9360.1,94.970122,80.478913,1919.337948
23,5,2017,2018,12431.0,11999.0,0.965248,5,3,0.541471,1.718533,0.870406,0.970831,Hay & haylage,Hay & small grains,1100.0,0.091674,87.5,1.6,0.2,244.3,0.12871,19.652482,7.038854
23,9,2017,2018,12090.0,11877.0,0.982382,5,3,0.630402,1.878366,0.773091,0.992843,Berries,Specialty (veg / orchard / berry),9472.0,0.797508,32.5,2.5,0.2,138.0,0.206782,11.414392,2.688172
23,11,2017,2018,31875.0,31279.0,0.981302,6,7,0.564708,1.758934,0.811663,0.990984,Hay & haylage,Hay & small grains,586.0,0.018735,327.7,2.4,0.3,995.1,0.075294,31.218824,10.280784
23,17,2017,2018,14505.0,14079.0,0.970631,5,3,1.044813,2.842865,0.639392,0.948363,Hay & haylage,Hay & small grains,2667.0,0.189431,4843.5,184.7,22.3,646.6,12.73354,44.577732,333.919338
23,19,2017,2018,35358.0,33020.0,0.933876,6,8,0.924363,2.520263,0.666233,0.977983,Hay & haylage,Hay & small grains,3367.0,0.101969,10395.5,1372.4,86.7,1326.9,38.814413,37.527575,294.007014
23,25,2017,2018,23170.0,22720.0,0.980578,7,3,0.666263,1.946949,0.715361,0.993266,Hay & haylage,Hay & small grains,288.0,0.012676,263.9,7.4,0.4,372.4,0.319379,16.072508,11.389728
23,27,2017,2018,17793.0,17563.0,0.987074,8,1,0.688281,1.990292,0.8096,0.972214,Hay & haylage,Hay & small grains,1288.0,0.073336,160.7,6.3,0.4,277.2,0.354072,15.57916,9.031642
23,29,2017,2018,27982.0,27733.0,0.991101,5,0,0.326795,1.386517,0.917211,0.996502,Berries,Specialty (veg / orchard / berry),25738.0,0.928064,58.0,3.0,0.2,308.5,0.107212,11.024945,2.072761
23,31,2017,2018,15496.0,13515.0,0.872161,8,5,0.601862,1.825514,0.862449,0.953829,Hay & haylage,Hay & small grains,1305.0,0.096559,209.3,4.9,0.6,799.4,0.316211,51.587506,13.506711
24,1,2017,2018,10185.0,9889.0,0.970938,7,3,0.791952,2.207701,0.787845,0.940338,Hay & haylage,Hay & small grains,68.0,0.006876,1972.2,105.6,4.7,106.0,10.368189,10.407462,193.637703
24,3,2017,2018,12644.0,12676.0,1.002531,7,4,1.381956,3.982683,0.334885,0.894762,Soybeans,Corn / soybean,256.0,0.020196,13358.5,19.4,1.5,641.7,1.534325,50.751345,1056.509016
24,5,2017,2018,46654.0,49410.0,1.059073,9,2,1.465731,4.330706,0.384396,0.860534,Corn,Corn / soybean,1127.0,0.022809,91002.9,555.6,7.7,605.0,11.908947,12.967806,1950.591589
24,9,2017,2018,10812.0,11792.0,1.09064,8,3,1.629199,5.099789,0.276713,0.740078,Soybeans,Corn / soybean,263.0,0.022303,9209.9,10.4,0.8,485.7,0.961894,44.922309,851.82205
24,13,2017,2018,96722.0,102490.0,1.059635,11,1,1.47101,4.35363,0.359411,0.869831,Corn,Corn / soybean,2865.0,0.027954,172160.6,1538.7,69.1,1087.0,15.90848,11.238395,1779.952855
24,15,2017,2018,47824.0,50681.0,1.05974,9,5,1.434923,4.199323,0.357649,0.862828,Soybeans,Corn / soybean,738.0,0.014562,73350.6,938.8,28.4,976.5,19.630311,20.418618,1533.761291
24,17,2017,2018,22682.0,25081.0,1.105767,9,5,1.611192,5.00878,0.352538,0.757506,Soybeans,Corn / soybean,531.0,0.021171,19640.6,20.4,0.3,692.7,0.899392,30.539635,865.911295
24,21,2017,2018,127086.0,134443.0,1.05789,11,5,1.43244,4.188907,0.308703,0.868323,Soybeans,Corn / soybean,757.0,0.005631,215803.9,1609.3,47.7,648.5,12.663079,5.102844,1698.093417
24,23,2017,2018,35124.0,34920.0,0.994192,9,3,1.041979,2.834822,0.585882,0.969931,Hay & haylage,Hay & small grains,165.0,0.004725,11570.7,716.8,1.6,719.7,20.407698,20.490263,329.424325
24,25,2017,2018,44214.0,47759.0,1.080178,8,3,1.437169,4.208766,0.377876,0.868758,Corn,Corn / soybean,961.0,0.020122,98581.0,835.8,34.6,811.3,18.903515,18.349392,2229.633148
24,29,2017,2018,102166.0,116642.0,1.141691,8,5,1.225924,3.407315,0.403885,0.942851,Soybeans,Corn / soybean,796.0,0.006824,158017.8,983.9,23.2,1129.0,9.630405,11.050643,1546.676977
24,31,2017,2018,43201.0,44305.0,1.025555,7,2,1.443461,4.235329,0.328609,0.805304,Soybeans,Corn / soybean,868.0,0.019591,73576.0,777.0,31.1,551.3,17.985695,12.761279,1703.108724
24,33,2017,2018,13662.0,14122.0,1.03367,9,5,1.730916,5.645821,0.25563,0.697068,Soybeans,Corn / soybean,528.0,0.037388,6914.3,4.2,0.1,335.1,0.307422,24.527888,506.097204
24,35,2017,2018,129538.0,142478.0,1.099893,9,3,1.194597,3.302225,0.418794,0.946588,Corn,Corn / soybean,2068.0,0.014515,197099.2,1089.6,11.8,1544.4,8.411431,11.92237,1521.555065
24,37,2017,2018,32050.0,36558.0,1.140655,11,2,1.489954,4.436891,0.411839,0.837108,Soybeans,Corn / soybean,1031.0,0.028202,34356.6,51.5,3.2,1265.1,1.606864,39.472699,1071.968799
24,41,2017,2018,76591.0,87770.0,1.145957,7,4,1.211437,3.358306,0.447841,0.955395,Soybeans,Corn / soybean,42.0,0.000479,127388.0,810.7,27.7,972.9,10.584795,12.702537,1663.224139
24,43,2017,2018,74609.0,80436.0,1.0781,10,3,1.528043,4.609148,0.317345,0.853349,Corn,Corn / soybean,1812.0,0.022527,131820.9,3233.5,252.0,3063.1,43.339275,41.055369,1766.823037
24,45,2017,2018,60094.0,59605.0,0.991863,10,3,1.291649,3.638783,0.419076,0.89058,Soybeans,Corn / soybean,2616.0,0.043889,57290.8,820.7,0.0,3310.7,13.656937,55.092022,953.35308
24,47,2017,2018,66019.0,70318.0,1.065118,7,3,1.044846,2.842961,0.474999,0.968543,Soybeans,Corn / soybean,766.0,0.010893,91058.6,1299.5,0.0,5269.8,19.683727,79.822475,1379.278692
25,3,2017,2018,17684.0,17184.0,0.971726,5,4,0.660856,1.936448,0.768564,0.988536,Hay & haylage,Hay & small grains,548.0,0.03189,9245.7,885.0,29.1,926.7,50.045239,52.403302,522.828546
25,5,2017,2018,10363.0,10107.0,0.975297,5,4,1.296019,3.654719,0.510438,0.859108,Hay & haylage,Hay & small grains,3045.0,0.301276,10523.5,1718.6,63.5,1808.6,165.840008,174.524752,1015.487793
25,11,2017,2018,20093.0,19038.0,0.947494,6,6,1.112785,3.04282,0.590398,0.947999,Hay & haylage,Hay & small grains,4963.0,0.260689,24941.8,3995.2,154.3,4270.5,198.835415,212.536704,1241.317872
25,15,2017,2018,17031.0,16407.0,0.963361,9,5,1.152547,3.166249,0.545682,0.955019,Hay & haylage,Hay & small grains,5092.0,0.310355,20312.9,3023.1,113.8,3448.4,177.505725,202.477835,1192.701544
25,23,2017,2018,15575.0,15154.0,0.97297,4,3,0.758742,2.135588,0.754784,0.989178,Berries,Specialty (veg / orchard / berry),13009.0,0.858453,8065.3,1731.7,42.6,1777.0,111.184591,114.093098,517.836276
25,27,2017,2018,27432.0,26159.0,0.953594,5,6,0.873585,2.395483,0.742574,0.926641,Hay & haylage,Hay & small grains,4008.0,0.153217,47559.2,10729.0,159.8,11312.2,391.112569,412.372412,1733.712453
26,1,2017,2018,20042.0,19930.0,0.994412,10,3,1.322624,3.753258,0.559458,0.875464,Hay & haylage,Hay & small grains,65.0,0.003261,10040.3,181.6,2.2,39.5,9.060972,1.970861,500.962978
26,5,2017,2018,181865.0,180578.0,0.992923,12,2,1.390723,4.017753,0.465837,0.897164,Corn,Corn / soybean,10922.0,0.060484,621125.9,14271.2,1788.4,13006.9,78.471394,71.519534,3415.313007
26,7,2017,2018,35668.0,35551.0,0.99672,11,3,1.543747,4.6821,0.414109,0.834885,Hay & haylage,Hay & small grains,236.0,0.006638,19768.5,482.0,9.2,213.0,13.513514,5.971739,554.23629
26,9,2017,2018,24661.0,22959.0,0.930984,9,2,1.566527,4.789985,0.379415,0.806438,Hay & haylage,Hay & small grains,8700.0,0.378936,123925.5,7419.6,281.4,6682.3,300.863712,270.966303,5025.161186
26,11,2017,2018,63460.0,64620.0,1.018279,9,3,1.67614,5.344883,0.332931,0.745357,Soybeans,Corn / soybean,4508.0,0.069762,73313.4,922.5,28.8,820.2,14.536716,12.924677,1155.269461
26,15,2017,2018,107854.0,108993.0,1.010561,10,2,1.245315,3.474028,0.408283,0.950639,Corn,Corn / soybean,217.0,0.001991,84301.0,1611.9,30.8,586.8,14.945204,5.440688,781.621451
26,17,2017,2018,183785.0,184986.0,1.006535,11,4,1.607779,4.991712,0.339685,0.784659,Soybeans,Corn / soybean,18053.0,0.097591,274866.3,3445.2,194.0,3193.4,18.745817,17.375738,1495.586147
26,21,2017,2018,112819.0,112598.0,0.998041,9,1,1.348333,3.851002,0.404306,0.887414,Corn,Corn / soybean,19056.0,0.169239,234420.5,16160.1,1125.9,14118.6,143.239171,125.143814,2077.84593
26,23,2017,2018,191614.0,191617.0,1.000016,8,5,0.973114,2.646171,0.502899,0.97327,Corn,Corn / soybean,1754.0,0.009154,241793.1,4133.8,179.7,1896.0,21.57358,9.894893,1261.875959
26,25,2017,2018,163533.0,163895.0,1.002214,10,6,1.041933,2.834691,0.452241,0.963617,Corn,Corn / soybean,683.0,0.004167,188661.1,3162.5,70.2,933.8,19.338604,5.710162,1153.657672
26,27,2017,2018,154451.0,154675.0,1.00145,10,5,1.123119,3.074428,0.497243,0.932762,Corn,Corn / soybean,9860.0,0.063747,126401.9,3627.2,256.9,2375.7,23.484471,15.381577,818.394831
26,29,2017,2018,10203.0,9922.0,0.972459,10,1,1.179875,3.253969,0.556743,0.933683,Hay & haylage,Hay & small grains,992.0,0.09998,15297.7,1098.2,32.2,806.7,107.635009,79.064981,1499.333529
26,31,2017,2018,15719.0,13713.0,0.872384,7,5,0.446668,1.563095,0.908262,0.961788,Hay & haylage,Hay & small grains,82.0,0.00598,10475.4,226.5,4.8,110.4,14.409314,7.023348,666.416439
26,33,2017,2018,30835.0,30348.0,0.984206,7,4,0.191779,1.211403,0.962238,0.996837,Hay & haylage,Hay & small grains,237.0,0.007809,2034.2,46.3,0.2,30.0,1.50154,0.97292,65.970488
26,35,2017,2018,24957.0,24709.0,0.990063,10,5,1.187177,3.277813,0.600065,0.92007,Hay & haylage,Hay & small grains,55.0,0.002226,15721.0,633.3,2.6,78.9,25.375646,3.161438,629.923468
26,37,2017,2018,186551.0,186707.0,1.000836,11,8,1.257108,3.515239,0.411795,0.902794,Soybeans,Corn / soybean,702.0,0.00376,221285.4,3984.3,189.4,2006.6,21.357698,10.756308,1186.192516
26,41,2017,2018,21424.0,20639.0,0.963359,10,4,1.142415,3.13433,0.70643,0.861573,Hay & haylage,Hay & small grains,890.0,0.043122,31643.1,302.4,95.5,278.1,14.115011,12.980769,1476.993092
26,45,2017,2018,168296.0,168424.0,1.000761,12,3,1.1336,3.10682,0.533992,0.924874,Soybeans,Corn / soybean,394.0,0.002339,169107.4,3192.8,191.8,1036.2,18.971336,6.157009,1004.821267
26,47,2017,2018,12896.0,12418.0,0.962934,9,2,0.837778,2.311226,0.790868,0.935336,Hay & haylage,Hay & small grains,403.0,0.032453,9408.5,469.4,8.0,73.4,36.398883,5.691687,729.567308
26,49,2017,2018,96854.0,95868.0,0.98982,11,4,1.196747,3.309332,0.510713,0.932887,Soybeans,Corn / soybean,1099.0,0.011464,100906.4,2688.2,86.8,1487.9,27.755178,15.362298,1041.840296
26,51,2017,2018,29550.0,29573.0,1.000778,12,5,1.625879,5.082884,0.377202,0.838468,Hay & haylage,Hay & small grains,1341.0,0.045345,22547.9,689.1,22.8,117.0,23.319797,3.959391,763.042301
26,55,2017,2018,29997.0,29422.0,0.980831,11,3,1.706077,5.507315,0.352151,0.776324,Hay & haylage,Hay & small grains,7533.0,0.256033,119130.3,9177.2,285.5,8614.2,305.93726,287.168717,3971.407141
26,57,2017,2018,259408.0,262007.0,1.010019,10,2,1.368586,3.929791,0.405878,0.860935,Corn,Corn / soybean,11694.0,0.044632,165259.3,3697.8,435.2,1565.8,14.254765,6.036051,637.063236
26,59,2017,2018,191068.0,191481.0,1.002162,10,3,1.105759,3.021516,0.475891,0.947086,Soybeans,Corn / soybean,578.0,0.003019,226124.4,4321.7,202.4,2071.4,22.618649,10.841166,1183.47604
26,63,2017,2018,430557.0,435649.0,1.011827,12,2,1.760883,5.817574,0.273681,0.640183,Corn,Corn / soybean,58795.0,0.13496,482233.1,5696.0,231.0,5289.8,13.229375,12.285946,1120.021507
26,65,2017,2018,144920.0,144272.0,0.995529,8,4,1.16163,3.195137,0.454184,0.914273,Soybeans,Corn / soybean,269.0,0.001865,168922.1,3074.3,221.8,1371.4,21.213773,9.463152,1165.623102
26,67,2017,2018,187157.0,187428.0,1.001448,10,4,1.201292,3.324408,0.437752,0.929968,Corn,Corn / soybean,1557.0,0.008307,189407.8,5519.9,343.0,3027.8,29.49342,16.177861,1012.026267
26,69,2017,2018,19239.0,19129.0,0.994282,8,4,1.160406,3.19123,0.528674,0.949658,Hay & haylage,Hay & small grains,54.0,0.002823,13219.8,246.4,2.1,54.1,12.807318,2.811996,687.135506
26,73,2017,2018,158504.0,159691.0,1.007489,15,4,1.418895,4.132552,0.442166,0.880413,Soybeans,Corn / soybean,1809.0,0.011328,81558.0,1952.9,11.1,338.4,12.320825,2.134962,514.548529
26,75,2017,2018,114362.0,113973.0,0.996599,9,2,1.208308,3.347816,0.4226,0.935932,Corn,Corn / soybean,601.0,0.005273,131631.2,2645.7,60.9,1065.7,23.134433,9.318655,1151.004704
26,77,2017,2018,106116.0,105638.0,0.995495,11,3,1.141666,3.131983,0.507138,0.952299,Corn,Corn / soybean,1894.0,0.017929,93032.2,2391.3,78.7,1300.0,22.534773,12.250744,876.702853
26,81,2017,2018,114998.0,115602.0,1.005252,12,1,1.593345,4.920181,0.405062,0.804969,Corn,Corn / soybean,13055.0,0.112931,308120.7,33457.9,1998.7,31469.5,290.943321,273.652585,2679.357032
26,87,2017,2018,120062.0,119381.0,0.994328,11,2,1.352971,3.868903,0.43723,0.902355,Soybeans,Corn / soybean,3610.0,0.030239,97565.1,2091.9,36.4,1124.2,17.423498,9.363496,812.622645
26,89,2017,2018,23968.0,23769.0,0.991697,10,0,1.149749,3.1574,0.639741,0.930582,Orchards (fruit & tree nuts),Specialty (veg / orchard / berry),15507.0,0.652404,211551.5,15585.2,495.2,15073.4,650.250334,628.896862,8826.414386
26,91,2017,2018,322729.0,325193.0,1.007635,11,4,1.162016,3.196371,0.468199,0.931761,Soybeans,Corn / soybean,3027.0,0.009308,222813.6,4133.3,76.4,2099.9,12.80734,6.506698,690.404643
26,93,2017,2018,59573.0,59652.0,1.001326,7,5,1.326847,3.769142,0.407782,0.904563,Soybeans,Corn / soybean,1221.0,0.020469,40518.5,703.5,9.4,279.8,11.809041,4.696759,680.148725
26,97,2017,2018,10347.0,10310.0,0.996424,6,4,0.481613,1.618682,0.882444,0.983123,Hay & haylage,Hay & small grains,42.0,0.004074,2302.7,28.7,3.2,13.8,2.773751,1.33372,222.547598
26,99,2017,2018,61906.0,59382.0,0.959229,8,1,1.139451,3.125053,0.591779,0.917669,Soybeans,Corn / soybean,2755.0,0.046395,49836.9,2187.4,37.1,1759.5,35.334216,28.422124,805.041515
26,101,2017,2018,13199.0,12722.0,0.963861,9,1,1.355874,3.880153,0.40937,0.902688,Corn,Corn / soybean,1736.0,0.136457,29320.9,2404.2,78.3,2194.7,182.150163,166.277748,2221.448595
26,105,2017,2018,51987.0,52010.0,1.000442,10,1,1.722942,5.600983,0.318112,0.74105,Corn,Corn / soybean,7150.0,0.137474,166008.4,9473.7,319.5,8265.0,182.232096,158.982053,3193.267548
26,107,2017,2018,67217.0,67332.0,1.001711,11,4,1.528722,4.612278,0.36375,0.811516,Hay & haylage,Hay & small grains,6871.0,0.102047,58366.5,2222.1,78.2,635.2,33.058601,9.44999,868.32944
26,109,2017,2018,38250.0,37406.0,0.977935,9,4,1.042883,2.837384,0.596108,0.934422,Hay & haylage,Hay & small grains,94.0,0.002513,33834.3,141.3,0.2,81.4,3.694118,2.128105,884.556863
26,111,2017,2018,61885.0,61868.0,0.999725,10,4,1.430452,4.180588,0.449425,0.86607,Soybeans,Corn / soybean,3211.0,0.051901,50956.1,1085.6,98.5,293.1,17.542215,4.736204,823.399855
26,113,2017,2018,79495.0,69897.0,0.879263,7,2,0.806971,2.241109,0.533256,0.98824,Hay & haylage,Hay & small grains,101.0,0.001445,67586.4,848.2,65.0,111.7,10.669853,1.40512,850.196868
26,115,2017,2018,188153.0,187799.0,0.998119,7,6,1.119613,3.063668,0.532026,0.944584,Soybeans,Corn / soybean,5930.0,0.031576,179568.2,3369.9,190.9,1445.3,17.910424,7.681515,954.373303
26,117,2017,2018,176344.0,176259.0,0.999518,11,3,1.667403,5.298391,0.410878,0.714812,Corn,Corn / soybean,21145.0,0.119966,760895.9,21125.0,1283.4,8378.5,119.794266,47.512249,4314.838611
26,119,2017,2018,13634.0,13109.0,0.961493,7,3,1.167846,3.21506,0.529331,0.925013,Hay & haylage,Hay & small grains,49.0,0.003738,8604.4,163.5,8.6,65.2,11.992079,4.782162,631.098724
26,121,2017,2018,39560.0,39798.0,1.006016,9,3,1.697842,5.462145,0.293733,0.786522,Corn,Corn / soybean,6409.0,0.161038,105968.1,4209.6,168.1,3584.3,106.410516,90.604146,2678.667846
26,123,2017,2018,86982.0,88022.0,1.011956,10,4,1.527658,4.607373,0.36951,0.838234,Corn,Corn / soybean,9514.0,0.108087,114177.9,5628.9,205.1,4988.8,64.713389,57.354395,1312.66124
26,125,2017,2018,14321.0,13122.0,0.916277,9,2,1.347506,3.847817,0.521872,0.882259,Hay & haylage,Hay & small grains,884.0,0.067368,10974.2,607.9,9.5,464.2,42.448153,32.413938,766.301236
26,127,2017,2018,78595.0,77826.0,0.990216,9,5,1.79105,5.995743,0.298846,0.667219,Corn,Corn / soybean,28933.0,0.371765,422814.5,41942.1,1310.2,38617.6,533.648451,491.349322,5379.661556
26,129,2017,2018,43589.0,42237.0,0.968983,7,5,1.283234,3.608289,0.443024,0.907806,Hay & haylage,Hay & small grains,46.0,0.001089,22699.4,470.0,20.1,140.5,10.782537,3.22329,520.759825
26,133,2017,2018,53698.0,52164.0,0.971433,8,6,0.889928,2.434954,0.676942,0.956253,Hay & haylage,Hay & small grains,37.0,0.000709,35312.0,1564.8,32.7,310.6,29.14075,5.784201,657.603635
26,137,2017,2018,12562.0,12169.0,0.968715,10,2,1.270652,3.563174,0.638179,0.785028,Hay & haylage,Hay & small grains,917.0,0.075355,11816.2,190.2,15.4,60.9,15.140901,4.847954,940.630473
26,139,2017,2018,138227.0,135850.0,0.982804,11,3,1.49804,4.472911,0.410688,0.854855,Corn,Corn / soybean,15131.0,0.11138,165144.4,13188.6,820.2,11949.1,95.412618,86.445485,1194.733301
26,141,2017,2018,32240.0,31947.0,0.990912,10,2,1.583093,4.869997,0.396876,0.779009,Hay & haylage,Hay & small grains,1561.0,0.048862,73934.7,1483.6,187.1,638.0,46.01737,19.789082,2293.259926
26,145,2017,2018,281625.0,283782.0,1.007659,12,2,1.332064,3.788857,0.451579,0.883354,Soybeans,Corn / soybean,21764.0,0.076693,349145.0,4025.9,109.0,3546.0,14.295251,12.591212,1239.751443
26,147,2017,2018,148193.0,147525.0,0.995492,10,4,1.115079,3.04981,0.634184,0.918488,Soybeans,Corn / soybean,2698.0,0.018288,98414.1,1626.2,32.2,603.0,10.973528,4.069018,664.094121
26,149,2017,2018,197620.0,197877.0,1.0013,12,6,1.17261,3.230412,0.525549,0.920137,Corn,Corn / soybean,14826.0,0.074925,445269.2,8359.2,858.6,6206.2,42.299362,31.404716,2253.158587
26,151,2017,2018,379179.0,380733.0,1.004098,12,2,1.608733,4.996477,0.366162,0.751566,Soybeans,Corn / soybean,25500.0,0.066976,388546.4,4252.0,35.6,3674.4,11.213701,9.69041,1024.704427
26,155,2017,2018,175854.0,176109.0,1.00145,10,7,1.204019,3.333487,0.535492,0.909726,Soybeans,Corn / soybean,713.0,0.004049,188054.4,3376.6,203.6,1002.5,19.201156,5.700752,1069.378007
26,157,2017,2018,279531.0,283153.0,1.012957,13,5,1.679736,5.364141,0.304768,0.749478,Corn,Corn / soybean,19475.0,0.068779,355089.9,4445.7,156.5,4039.2,15.904139,14.449918,1270.305977
26,159,2017,2018,104976.0,104413.0,0.994637,10,2,1.57026,4.807896,0.397144,0.761103,Corn,Corn / soybean,24982.0,0.239261,164263.4,12371.0,744.0,10510.9,117.845984,100.126696,1564.770995
26,161,2017,2018,139750.0,139431.0,0.997717,10,6,1.259269,3.522845,0.449556,0.909131,Soybeans,Corn / soybean,1330.0,0.009539,101486.1,2125.6,53.3,983.8,15.210018,7.039714,726.197496
27,1,2017,2018,45661.0,44964.0,0.984735,8,3,0.826991,2.286429,0.768926,0.945423,Hay & haylage,Hay & small grains,127.0,0.002824,10210.1,784.2,11.1,753.5,17.174394,16.502048,223.606579
27,3,2017,2018,26945.0,23768.0,0.882093,9,3,1.271572,3.566455,0.464322,0.941686,Corn,Corn / soybean,715.0,0.030082,13481.6,927.6,25.6,960.3,34.425682,35.639265,500.337725
27,5,2017,2018,226915.0,224600.0,0.989798,11,5,1.477244,4.380857,0.383958,0.818744,Soybeans,Corn / soybean,4560.0,0.020303,141217.7,2450.4,45.4,1352.7,10.798757,5.961263,622.337439
27,7,2017,2018,68263.0,67071.0,0.982538,10,5,1.342537,3.828744,0.508834,0.867961,Hay & haylage,Hay & small grains,69.0,0.001029,17930.3,2521.6,1.3,85.6,36.939484,1.253974,262.664987
27,9,2017,2018,146183.0,143533.0,0.981872,8,7,1.174346,3.236025,0.440198,0.959912,Corn,Corn / soybean,4007.0,0.027917,85247.5,4241.8,37.0,2964.8,29.017054,20.281428,583.156044
27,11,2017,2018,231596.0,231272.0,0.998601,7,3,0.962027,2.616996,0.508509,0.977269,Soybeans,Corn / soybean,26.0,0.000112,202137.7,9214.5,84.4,8414.8,39.786957,36.333961,872.803071
27,13,2017,2018,342744.0,337663.0,0.985176,9,4,0.795762,2.21613,0.501231,0.991687,Corn,Corn / soybean,1346.0,0.003986,343894.9,10813.3,213.2,8057.0,31.549203,23.507341,1003.3579
27,15,2017,2018,309845.0,309965.0,1.000387,9,3,0.949208,2.583663,0.501979,0.972384,Corn,Corn / soybean,11561.0,0.037298,256622.6,8680.0,107.6,6461.7,28.014007,20.854621,828.228953
27,17,2017,2018,37057.0,36101.0,0.974202,7,3,0.201982,1.223825,0.962716,0.994903,Hay & haylage,Hay & small grains,137.0,0.003795,3102.5,1529.1,1.4,1436.5,41.263459,38.764606,83.722374
27,19,2017,2018,129117.0,128697.0,0.996747,8,0,0.996173,2.707899,0.519484,0.98899,Corn,Corn / soybean,296.0,0.0023,85046.2,4643.8,4.1,3496.9,35.965829,27.083188,658.675465
27,23,2017,2018,302453.0,302837.0,1.00127,11,2,1.183608,3.266137,0.483214,0.948292,Corn,Corn / soybean,34203.0,0.112942,319312.9,9867.3,74.3,8747.8,32.624242,28.922841,1055.743868
27,25,2017,2018,74829.0,72640.0,0.970747,10,3,1.169841,3.221479,0.431828,0.970099,Soybeans,Corn / soybean,1495.0,0.020581,68919.3,2777.0,76.9,2557.0,37.11128,34.171244,921.023935
27,27,2017,2018,507417.0,506096.0,0.997397,13,5,1.40807,4.088057,0.415848,0.871702,Soybeans,Corn / soybean,42655.0,0.084282,399245.0,8209.9,137.8,5929.1,16.179789,11.684867,786.818337
27,29,2017,2018,65646.0,64257.0,0.978841,7,7,1.370906,3.938917,0.496366,0.83303,Hay & haylage,Hay & small grains,0.0,0.0,33296.1,550.1,6.7,206.1,8.379795,3.139567,507.206837
27,33,2017,2018,329040.0,328809.0,0.999298,9,1,0.787356,2.197578,0.519818,0.992929,Corn,Corn / soybean,779.0,0.002369,338389.7,11217.4,278.1,8670.7,34.091296,26.351507,1028.415086
27,35,2017,2018,37367.0,35724.0,0.956031,9,9,1.147524,3.150384,0.601444,0.933434,Hay & haylage,Hay & small grains,62.0,0.001736,15820.7,1490.8,7.7,1370.9,39.896165,36.687451,423.386946
27,37,2017,2018,196549.0,196976.0,1.002172,9,7,1.079134,2.942132,0.536675,0.953487,Corn,Corn / soybean,16770.0,0.085137,192532.1,4800.8,194.7,2060.0,24.425461,10.480847,979.562857
27,39,2017,2018,227125.0,227937.0,1.003575,9,3,0.886776,2.427291,0.546177,0.977441,Corn,Corn / soybean,4288.0,0.018812,266699.5,6509.0,318.0,2755.5,28.658228,12.132086,1174.241057
27,41,2017,2018,180126.0,179149.0,0.994576,10,2,1.204951,3.336594,0.459539,0.921228,Soybeans,Corn / soybean,170.0,0.000949,133507.1,6197.9,53.7,5497.9,34.408692,30.522523,741.18728
27,43,2017,2018,379969.0,379181.0,0.997926,7,6,0.810764,2.249627,0.523729,0.990962,Corn,Corn / soybean,5726.0,0.015101,380331.1,12048.1,228.8,8820.0,31.708113,23.21242,1000.952972
27,45,2017,2018,262059.0,262248.0,1.000721,10,1,1.02167,2.777828,0.554269,0.985441,Corn,Corn / soybean,1557.0,0.005937,314545.0,10049.6,308.8,3229.7,38.348616,12.324324,1200.283142
27,47,2017,2018,360587.0,360660.0,1.000202,9,3,0.847046,2.332746,0.528656,0.985441,Corn,Corn / soybean,7434.0,0.020612,343129.5,10793.0,195.6,7751.3,29.93175,21.496338,951.585886
27,49,2017,2018,309916.0,309703.0,0.999313,10,2,1.021826,2.778264,0.527922,0.97765,Corn,Corn / soybean,4636.0,0.014969,322647.6,8750.4,364.4,3393.8,28.234747,10.950709,1041.080809
27,51,2017,2018,280145.0,279036.0,0.996041,6,8,1.079216,2.942371,0.451831,0.940208,Soybeans,Corn / soybean,11822.0,0.042367,265313.2,10426.3,90.0,9366.4,37.217512,33.434114,947.056703
27,53,2017,2018,34395.0,34124.0,0.992121,9,2,1.179567,3.252964,0.432687,0.974036,Soybeans,Corn / soybean,519.0,0.015209,31143.1,1560.8,28.8,1736.8,45.378689,50.495712,905.454281
27,55,2017,2018,107172.0,105389.0,0.983363,10,3,1.152043,3.164651,0.468759,0.97885,Corn,Corn / soybean,39.0,0.00037,94348.3,4068.6,99.4,989.1,37.963274,9.22909,880.34468
27,57,2017,2018,46107.0,40011.0,0.867786,10,3,1.453986,4.28014,0.384944,0.893029,Hay & haylage,Hay & small grains,39.0,0.000975,26391.1,1008.5,23.2,92.6,21.873034,2.008372,572.388141
27,59,2017,2018,87663.0,85433.0,0.974562,9,2,1.104398,3.017407,0.434539,0.976859,Corn,Corn / soybean,213.0,0.002493,78886.4,2925.9,79.9,2468.3,33.376681,28.156691,899.882505
27,63,2017,2018,323756.0,323739.0,0.999947,8,1,0.765329,2.149702,0.494828,0.998313,Corn,Corn / soybean,49.0,0.000151,358789.8,12496.9,241.2,9627.0,38.599748,29.735356,1108.210504
27,65,2017,2018,61657.0,61423.0,0.996205,8,2,1.179296,3.252084,0.398792,0.980561,Hay & haylage,Hay & small grains,66.0,0.001075,42830.6,3017.5,26.6,2765.2,48.940104,44.848111,694.659163
27,67,2017,2018,361522.0,361387.0,0.999627,12,2,1.23146,3.426229,0.492447,0.900597,Corn,Corn / soybean,24698.0,0.068342,341131.3,14165.8,120.1,9192.5,39.183784,25.427222,943.597623
27,69,2017,2018,329127.0,328042.0,0.996703,11,4,1.503353,4.496743,0.459237,0.820303,Soybeans,Corn / soybean,23543.0,0.071768,259934.8,5552.9,98.4,4447.3,16.871603,13.512413,789.770514
27,71,2017,2018,23961.0,23616.0,0.985602,6,5,0.989015,2.688584,0.671917,0.949356,Hay & haylage,Hay & small grains,11.0,0.000466,3103.1,656.5,0.3,7.6,27.39869,0.317182,129.506281
27,73,2017,2018,343238.0,342742.0,0.998555,11,2,0.863825,2.372216,0.483985,0.985989,Soybeans,Corn / soybean,38.0,0.000111,328674.7,14268.4,129.4,12922.4,41.569989,37.648512,957.57084
27,77,2017,2018,56367.0,52627.0,0.933649,7,7,1.198066,3.313701,0.624375,0.904137,Soybeans,Corn / soybean,0.0,0.0,18034.3,1083.0,24.5,75.9,19.21337,1.346533,319.944294
27,79,2017,2018,203903.0,204004.0,1.000495,8,3,0.868277,2.382802,0.489098,0.98452,Soybeans,Corn / soybean,2274.0,0.011147,155242.2,5272.4,71.0,4154.7,25.857393,20.375865,761.353192
27,81,2017,2018,238313.0,237907.0,0.998296,6,3,0.946987,2.577931,0.492869,0.97357,Corn,Corn / soybean,7.0,2.9e-05,210939.5,7830.6,144.9,6152.9,32.858468,25.818566,885.136354
27,83,2017,2018,347042.0,346731.0,0.999104,6,4,0.838058,2.311873,0.522079,0.989219,Corn,Corn / soybean,506.0,0.001459,326740.1,10990.0,201.6,8204.8,31.667637,23.642095,941.500164
27,85,2017,2018,237904.0,237783.0,0.999491,11,0,1.030577,2.802682,0.505053,0.964535,Corn,Corn / soybean,4451.0,0.018719,194417.5,10863.6,10.2,7477.3,45.663797,31.429904,817.209883
27,87,2017,2018,173972.0,173210.0,0.99562,9,7,1.305761,3.690495,0.481612,0.91411,Soybeans,Corn / soybean,2773.0,0.016009,86757.0,1433.2,32.4,957.1,8.238107,5.50146,498.683696
27,89,2017,2018,680360.0,680268.0,0.999865,15,2,1.512764,4.539261,0.472759,0.835696,Soybeans,Corn / soybean,40883.0,0.060098,434067.3,8974.0,60.4,6916.0,13.190076,10.165207,637.996502
27,91,2017,2018,427112.0,427165.0,1.000124,6,4,0.757085,2.132053,0.566968,0.993447,Corn,Corn / soybean,3108.0,0.007276,361755.3,10916.9,211.7,7833.7,25.559806,18.341091,846.979949
27,93,2017,2018,241359.0,241250.0,0.999548,13,1,1.019098,2.770694,0.467486,0.966819,Corn,Corn / soybean,4920.0,0.020394,200631.9,11579.6,10.5,7926.7,47.976665,32.841949,831.259245
27,95,2017,2018,81641.0,81011.0,0.992283,9,4,1.165512,3.207565,0.410154,0.984385,Corn,Corn / soybean,119.0,0.001469,49445.5,2869.8,34.1,2660.1,35.151456,32.582893,605.645448
27,97,2017,2018,210362.0,210013.0,0.998341,13,2,1.314708,3.723664,0.443187,0.938994,Corn,Corn / soybean,1731.0,0.008242,131872.7,4812.0,57.3,3417.4,22.874854,16.245329,626.884608
27,99,2017,2018,406191.0,407129.0,1.002309,9,4,0.917715,2.503564,0.523554,0.974976,Corn,Corn / soybean,13105.0,0.032189,420614.2,11734.7,486.0,4711.9,28.889611,11.600208,1035.508418
27,101,2017,2018,346082.0,346017.0,0.999812,7,3,0.831136,2.295926,0.499267,0.995804,Corn,Corn / soybean,16.0,4.6e-05,336024.4,12028.9,232.4,9350.7,34.75737,27.018741,970.938679
27,103,2017,2018,238885.0,238558.0,0.998631,6,6,0.840663,2.317902,0.532424,0.990426,Corn,Corn / soybean,794.0,0.003328,185587.1,6037.8,75.8,4385.9,25.274923,18.35988,776.88888
27,105,2017,2018,380893.0,380831.0,0.999837,7,3,0.801751,2.229441,0.513023,0.996881,Corn,Corn / soybean,140.0,0.000368,374697.3,12871.4,242.6,9823.2,33.792692,25.78992,983.733752
27,107,2017,2018,474773.0,474132.0,0.99865,10,6,1.393934,4.030674,0.456944,0.877049,Soybeans,Corn / soybean,40653.0,0.085742,403408.2,8310.3,103.4,6144.1,17.503733,12.941132,849.686482
27,109,2017,2018,216630.0,217401.0,1.003559,9,4,1.115403,3.050797,0.528112,0.943887,Corn,Corn / soybean,10682.0,0.049135,240648.6,6881.6,276.0,2619.0,31.766607,12.089738,1110.87384
27,111,2017,2018,502572.0,497129.0,0.98917,12,8,1.402679,4.066078,0.366223,0.890356,Corn,Corn / soybean,73.0,0.000147,568240.7,17431.8,849.1,13947.8,34.685179,27.752839,1130.665258
27,113,2017,2018,218152.0,217665.0,0.997768,11,4,1.351998,3.865141,0.507459,0.888131,Soybeans,Corn / soybean,15.0,6.9e-05,165026.1,2631.0,13.9,1679.2,12.060398,7.697385,756.47301
27,115,2017,2018,69230.0,68545.0,0.990105,9,1,1.020472,2.774505,0.607513,0.981924,Hay & haylage,Hay & small grains,71.0,0.001036,42531.2,3455.1,27.5,3188.6,49.907555,46.058067,614.346382
27,117,2017,2018,198596.0,198042.0,0.99721,5,5,0.923707,2.51861,0.511195,0.987038,Corn,Corn / soybean,0.0,0.0,208423.5,7019.8,125.2,5191.9,35.347137,26.143024,1049.484884
27,119,2017,2018,840247.0,835160.0,0.993946,13,4,1.599092,4.948538,0.372575,0.788133,Soybeans,Corn / soybean,91636.0,0.109723,746204.3,17259.2,261.2,13862.2,20.540627,16.497768,888.077315
27,121,2017,2018,246281.0,246165.0,0.999529,11,2,1.197142,3.31064,0.486751,0.920513,Corn,Corn / soybean,6740.0,0.02738,223427.6,8277.8,122.4,7111.9,33.6112,28.877177,907.205996
27,125,2017,2018,167953.0,167415.0,0.996797,10,3,1.39531,4.036225,0.428982,0.900845,Soybeans,Corn / soybean,2509.0,0.014987,106833.1,1718.3,42.4,1122.7,10.230838,6.684608,636.089263
27,127,2017,2018,474337.0,474755.0,1.000881,9,1,0.904022,2.469516,0.498411,0.970439,Corn,Corn / soybean,12221.0,0.025742,462031.7,15776.0,289.2,12140.9,33.259054,25.595515,974.057896
27,129,2017,2018,579341.0,580977.0,1.002824,9,4,1.187202,3.277898,0.45796,0.93024,Corn,Corn / soybean,70928.0,0.122084,595868.1,28795.7,187.2,17331.1,49.704233,29.915197,1028.527413
27,131,2017,2018,177101.0,176697.0,0.997719,9,0,0.964173,2.622617,0.502668,0.99026,Corn,Corn / soybean,666.0,0.003769,153178.5,5166.0,63.9,4055.1,29.169796,22.897104,864.921711
27,133,2017,2018,259762.0,259161.0,0.997686,5,4,0.837076,2.309603,0.525573,0.993371,Corn,Corn / soybean,0.0,0.0,233750.6,8040.5,150.1,6145.6,30.953334,23.65858,899.864491
27,135,2017,2018,361883.0,361411.0,0.998696,11,4,1.518908,4.567235,0.520991,0.815858,Soybeans,Corn / soybean,24.0,6.6e-05,216945.6,3298.0,94.4,2002.1,9.113443,5.532451,599.490996
27,137,2017,2018,55785.0,47425.0,0.850139,10,6,0.227902,1.255962,0.962003,0.984207,Hay & haylage,Hay & small grains,222.0,0.004681,2868.6,1243.0,3.3,1339.8,22.281975,24.017209,51.422425
27,139,2017,2018,91052.0,90802.0,0.997254,9,2,1.054112,2.869426,0.453911,0.984483,Corn,Corn / soybean,323.0,0.003557,57975.4,3534.9,3.9,3001.6,38.82287,32.965778,636.728463
27,141,2017,2018,71515.0,68311.0,0.955198,10,2,1.422458,4.147301,0.429858,0.86762,Corn,Corn / soybean,10416.0,0.152479,322595.3,3767.7,767.5,3096.9,52.684052,43.304202,4510.87604
27,143,2017,2018,315230.0,315655.0,1.001348,8,3,0.955661,2.600389,0.524522,0.964585,Corn,Corn / soybean,8822.0,0.027948,286381.1,14332.1,105.6,9635.9,45.465533,30.567839,908.483012
27,145,2017,2018,462585.0,462300.0,0.999384,14,3,1.316436,3.730103,0.482522,0.935994,Corn,Corn / soybean,6608.0,0.014294,370143.0,14606.7,137.7,10163.8,31.576251,21.971746,800.162132
27,147,2017,2018,221014.0,220873.0,0.999362,10,6,0.905381,2.472873,0.549365,0.972464,Corn,Corn / soybean,5029.0,0.022769,194158.6,5865.5,107.8,4120.7,26.539043,18.64452,878.49005
27,149,2017,2018,289168.0,288457.0,0.997541,7,6,1.129537,3.094223,0.475613,0.918158,Corn,Corn / soybean,5439.0,0.018855,267677.9,9389.9,78.7,8134.7,32.472127,28.131398,925.682994
27,151,2017,2018,286488.0,286489.0,1.000003,10,1,1.000061,2.718449,0.538537,0.950665,Corn,Corn / soybean,5681.0,0.01983,333792.8,11423.9,95.0,9944.8,39.875667,34.712798,1165.119656
27,153,2017,2018,178434.0,177745.0,0.996139,12,4,1.414928,4.116188,0.368027,0.919413,Corn,Corn / soybean,1486.0,0.00836,172221.5,7066.2,140.3,5107.3,39.601197,28.622908,965.183205
27,155,2017,2018,332332.0,330683.0,0.995038,5,5,0.932562,2.54101,0.506754,0.972596,Soybeans,Corn / soybean,5452.0,0.016487,274772.1,12221.7,109.6,11172.7,36.775574,33.619092,826.800007
27,157,2017,2018,158783.0,159487.0,1.004434,10,1,1.244777,3.472161,0.496078,0.937851,Corn,Corn / soybean,7166.0,0.044932,161535.1,4696.9,159.4,2149.4,29.580623,13.536714,1017.33246
27,159,2017,2018,65340.0,61255.0,0.937481,10,5,1.377334,3.964319,0.38294,0.92337,Hay & haylage,Hay & small grains,29.0,0.000473,187548.7,2095.0,383.7,1710.6,32.063055,26.179982,2870.350474
27,161,2017,2018,220201.0,220064.0,0.999378,6,4,0.848446,2.336013,0.52831,0.983137,Corn,Corn / soybean,4133.0,0.018781,191531.7,6104.2,74.8,4299.5,27.721037,19.525343,869.803952
27,163,2017,2018,54175.0,53047.0,0.979179,11,4,1.251156,3.494379,0.418007,0.947726,Corn,Corn / soybean,1613.0,0.030407,41042.5,2270.2,35.7,2723.2,41.904938,50.266728,757.59114
27,165,2017,2018,231991.0,231998.0,1.00003,6,3,0.784045,2.190315,0.534203,0.993771,Corn,Corn / soybean,2723.0,0.011737,211047.4,6805.4,87.1,4906.5,29.334759,21.149527,909.72236
27,167,2017,2018,394883.0,394556.0,0.999172,9,4,1.376219,3.9599,0.43186,0.874312,Soybeans,Corn / soybean,37204.0,0.094293,280346.4,14369.2,199.2,13583.4,36.3885,34.398543,709.94801
27,169,2017,2018,165353.0,165179.0,0.998948,10,5,1.134316,3.109046,0.530655,0.973617,Corn,Corn / soybean,1480.0,0.00896,130579.8,5337.6,109.4,1861.7,32.280031,11.258943,789.703241
27,171,2017,2018,190596.0,189736.0,0.995488,9,4,1.04931,2.855681,0.458801,0.980436,Soybeans,Corn / soybean,1156.0,0.006093,140003.6,8625.3,8.2,6542.9,45.25436,34.328632,734.556864
27,173,2017,2018,329705.0,329357.0,0.998945,8,5,0.900449,2.460707,0.485698,0.980243,Corn,Corn / soybean,1952.0,0.005927,352105.6,14125.6,124.4,12575.5,42.843148,38.141672,1067.941342
28,3,2017,2018,32840.0,31673.0,0.964464,6,1,1.205005,3.336776,0.536514,0.896505,Soybeans,Corn / soybean,3278.0,0.103495,33517.2,1393.0,15.7,212.5,42.417783,6.470767,1020.621194
28,5,2017,2018,11012.0,10978.0,0.996912,5,1,0.27222,1.312876,0.938696,0.993624,Hay & haylage,Hay & small grains,138.0,0.012571,9419.1,538.5,10.7,522.0,48.901199,47.402833,855.34871
28,9,2017,2018,20921.0,20208.0,0.965919,5,2,0.875235,2.399439,0.662361,0.98946,Soybeans,Corn / soybean,213.0,0.01054,41181.1,1413.5,63.3,53.3,67.563692,2.547679,1968.409732
28,11,2017,2018,359945.0,361934.0,1.005526,8,1,0.767899,2.155233,0.799386,0.946009,Soybeans,Corn / soybean,41129.0,0.113637,727430.6,21576.5,921.9,15067.0,59.94388,41.859173,2020.949312
28,13,2017,2018,62688.0,62646.0,0.99933,6,3,1.475955,4.375212,0.418925,0.752897,Soybeans,Corn / soybean,20353.0,0.324889,94337.7,4425.3,246.4,1348.0,70.592458,21.503318,1504.876531
28,15,2017,2018,60207.0,60156.0,0.999153,6,2,1.490643,4.439947,0.36392,0.789797,Cotton,Southern row crops,25654.0,0.426458,61627.7,3992.5,184.4,3112.9,66.312887,51.70329,1023.596924
28,17,2017,2018,68948.0,68876.0,0.998956,6,1,1.219708,3.386197,0.564957,0.874252,Soybeans,Corn / soybean,9322.0,0.135345,93544.6,6348.9,16.3,2959.1,92.082439,42.917851,1356.741312
28,21,2017,2018,14636.0,13906.0,0.950123,7,3,1.438023,4.212361,0.328563,0.824536,Hay & haylage,Hay & small grains,3364.0,0.24191,14631.6,968.3,122.9,753.7,66.158787,51.49631,999.699371
28,25,2017,2018,18431.0,17605.0,0.955184,6,1,0.917603,2.503284,0.670491,0.977506,Hay & haylage,Hay & small grains,396.0,0.022494,36039.4,3300.4,14.2,2401.8,179.067875,130.31306,1955.368672
28,27,2017,2018,227205.0,228134.0,1.004089,9,2,1.176322,3.242427,0.455285,0.944782,Soybeans,Corn / soybean,99132.0,0.434534,563459.4,46273.4,674.1,43001.5,203.663652,189.263,2479.960388
28,29,2017,2018,11634.0,10179.0,0.874936,5,3,0.459137,1.582708,0.887415,0.986934,Hay & haylage,Hay & small grains,432.0,0.04244,4801.5,231.2,85.1,97.8,19.872787,8.406395,412.712739
28,33,2017,2018,59843.0,57932.0,0.968066,8,3,1.100666,3.006166,0.665349,0.885486,Soybeans,Corn / soybean,6389.0,0.110284,122248.2,5069.0,270.7,1179.0,84.704978,19.701552,2042.815367
28,39,2017,2018,16535.0,15219.0,0.920411,8,1,1.508828,4.521429,0.372758,0.837834,Hay & haylage,Hay & small grains,7699.0,0.505881,30776.2,2070.0,342.5,2608.4,125.188993,157.750227,1861.276081
28,49,2017,2018,34888.0,33848.0,0.97019,8,2,1.455432,4.286333,0.320403,0.842472,Hay & haylage,Hay & small grains,4888.0,0.14441,56312.4,4676.9,1008.6,3192.9,134.054689,91.518574,1614.090805
28,51,2017,2018,102435.0,102341.0,0.999082,7,3,1.411311,4.101328,0.42973,0.835227,Cotton,Southern row crops,49258.0,0.481312,190977.3,14456.1,690.2,11224.3,141.124616,109.574852,1864.375458
28,53,2017,2018,118281.0,117290.0,0.991622,5,4,1.040499,2.83063,0.627453,0.958632,Soybeans,Corn / soybean,26279.0,0.224051,325317.1,24676.5,941.8,12808.7,208.626068,108.290427,2750.374955
28,55,2017,2018,82544.0,82044.0,0.993943,3,3,0.731322,2.077827,0.748257,1.0,Soybeans,Corn / soybean,7833.0,0.095473,199992.1,15290.1,601.2,7502.3,185.235753,90.888496,2422.854478
28,57,2017,2018,17020.0,17551.0,1.031199,6,2,1.25693,3.514613,0.479289,0.913908,Soybeans,Corn / soybean,2257.0,0.128597,29184.5,1005.3,11.7,164.3,59.065805,9.653349,1714.717979
28,67,2017,2018,14997.0,14868.0,0.991398,6,2,0.788704,2.200543,0.757802,0.969801,Hay & haylage,Hay & small grains,449.0,0.030199,11989.7,64.7,1.4,153.3,4.314196,10.222044,799.473228
28,71,2017,2018,20171.0,20177.0,1.000297,7,0,1.221196,3.39124,0.465679,0.930118,Hay & haylage,Hay & small grains,3270.0,0.162066,37455.4,2137.1,134.9,904.0,105.949135,44.816816,1856.89356
28,77,2017,2018,12313.0,11134.0,0.904248,5,1,0.762924,2.144539,0.525777,0.993174,Hay & haylage,Hay & small grains,144.0,0.012933,4373.2,199.3,46.5,253.6,16.186145,20.596118,355.169333
28,79,2017,2018,16622.0,15857.0,0.953977,5,4,0.521867,1.685172,0.857728,0.996405,Hay & haylage,Hay & small grains,1353.0,0.085325,12284.6,280.8,10.6,228.9,16.893274,13.770906,739.056672
28,81,2017,2018,66116.0,65617.0,0.992453,7,3,0.949005,2.583138,0.693403,0.945014,Soybeans,Corn / soybean,6541.0,0.099685,84302.6,4035.5,51.2,657.0,61.036663,9.93708,1275.071087
28,83,2017,2018,217171.0,216883.0,0.998674,7,4,1.073304,2.925028,0.57709,0.976619,Soybeans,Corn / soybean,47974.0,0.221198,545583.8,44071.7,1559.9,26295.5,202.935475,121.082005,2512.231375
28,85,2017,2018,10993.0,9781.0,0.889748,6,2,0.056903,1.058553,0.991719,0.998978,Hay & haylage,Hay & small grains,75.0,0.007668,4269.5,137.3,2.8,136.8,12.489766,12.444283,388.383517
28,87,2017,2018,51932.0,51888.0,0.999153,8,2,1.412566,4.106481,0.342314,0.819939,Soybeans,Corn / soybean,13452.0,0.259251,94196.1,16243.1,87.4,14554.2,312.776323,280.254949,1813.8354
28,89,2017,2018,31455.0,30728.0,0.976888,7,3,1.36608,3.919954,0.380272,0.829797,Soybeans,Corn / soybean,5045.0,0.164183,68095.3,4431.4,204.3,3444.0,140.880623,109.489747,2164.848196
28,91,2017,2018,11098.0,10367.0,0.934132,3,4,0.315216,1.370555,0.913765,1.0,Hay & haylage,Hay & small grains,61.0,0.005884,4697.2,106.1,0.0,216.7,9.560281,19.526041,423.247432
28,93,2017,2018,50144.0,47986.0,0.956964,8,3,1.249684,3.489239,0.449569,0.899762,Soybeans,Corn / soybean,2648.0,0.055183,71166.5,2697.4,136.0,363.0,53.793076,7.239151,1419.242581
28,95,2017,2018,70618.0,70518.0,0.998584,9,1,1.390468,4.01673,0.497986,0.833106,Soybeans,Corn / soybean,11058.0,0.156811,114721.4,8959.6,30.0,5236.3,126.874168,74.14965,1624.534821
28,97,2017,2018,16097.0,15530.0,0.964776,4,2,1.306296,3.692472,0.372569,0.863748,Hay & haylage,Hay & small grains,4967.0,0.319833,38323.0,2997.4,157.8,2260.9,186.20861,140.454743,2380.754178
28,99,2017,2018,21695.0,21596.0,0.995437,4,3,0.012838,1.012921,0.998426,0.999861,Hay & haylage,Hay & small grains,34.0,0.001574,5818.0,6.1,0.0,0.0,0.281171,0.0,268.17239
28,101,2017,2018,19833.0,19449.0,0.980638,5,2,0.857292,2.356769,0.637668,0.996966,Hay & haylage,Hay & small grains,59.0,0.003034,12897.2,228.0,2.7,215.1,11.495992,10.84556,650.289921
28,103,2017,2018,83133.0,81082.0,0.975329,6,2,1.343123,3.830987,0.346069,0.8651,Corn,Corn / soybean,23142.0,0.285415,171160.1,31519.5,171.1,28432.1,379.145466,342.007386,2058.870725
28,105,2017,2018,12854.0,12061.0,0.938307,5,6,0.557002,1.745432,0.777216,0.998176,Hay & haylage,Hay & small grains,57.0,0.004726,13707.4,1371.4,7.3,1223.1,106.690524,95.15326,1066.391785
28,107,2017,2018,92530.0,92731.0,1.002172,10,2,1.572003,4.816286,0.335993,0.81346,Soybeans,Corn / soybean,38796.0,0.418371,172791.3,10210.4,658.7,4718.1,110.346915,50.989949,1867.408408
28,109,2017,2018,11167.0,10104.0,0.904809,5,1,0.275727,1.317488,0.947051,0.983571,Hay & haylage,Hay & small grains,460.0,0.045527,13350.3,145.4,7.9,201.9,13.020507,18.080057,1195.513567
28,113,2017,2018,10543.0,9476.0,0.898795,5,1,0.132108,1.141232,0.977417,0.995884,Hay & haylage,Hay & small grains,168.0,0.017729,5228.7,124.8,0.0,195.6,11.837238,18.552594,495.940434
28,115,2017,2018,48785.0,48779.0,0.999877,6,2,0.906377,2.475338,0.658706,0.978802,Soybeans,Corn / soybean,1034.0,0.021198,58487.7,2723.8,35.3,446.8,55.832735,9.158553,1198.886953
28,117,2017,2018,33372.0,33103.0,0.991939,5,3,0.84897,2.337239,0.723379,0.96958,Soybeans,Corn / soybean,2698.0,0.081503,38762.5,1109.7,12.3,192.0,33.252427,5.753326,1161.527628
28,119,2017,2018,123533.0,122322.0,0.990197,7,2,1.009032,2.742946,0.647202,0.929964,Soybeans,Corn / soybean,34763.0,0.284193,295767.8,17995.7,377.6,15879.8,145.675245,128.547028,2394.241215
28,121,2017,2018,26486.0,26324.0,0.993884,5,2,1.008123,2.740452,0.539052,0.966532,Hay & haylage,Hay & small grains,1893.0,0.071912,44024.3,2056.2,72.5,1741.4,77.633467,65.747942,1662.172468
28,123,2017,2018,24731.0,24634.0,0.996078,7,0,0.841786,2.320507,0.730779,0.95559,Hay & haylage,Hay & small grains,1094.0,0.04441,22894.6,510.7,4.8,486.3,20.650196,19.66358,925.745016
28,125,2017,2018,132143.0,131368.0,0.994135,5,4,0.808316,2.244126,0.719239,0.994306,Soybeans,Corn / soybean,13787.0,0.104949,286700.1,19779.2,813.5,7913.7,149.680271,59.887395,2169.620033
28,127,2017,2018,16683.0,16490.0,0.988431,6,0,0.971931,2.643043,0.634748,0.984051,Hay & haylage,Hay & small grains,263.0,0.015949,10041.5,232.9,0.0,537.9,13.960319,32.242402,601.900138
28,129,2017,2018,15609.0,14020.0,0.8982,4,4,0.141053,1.151486,0.973538,0.997076,Hay & haylage,Hay & small grains,330.0,0.023538,6733.0,174.5,21.6,277.2,11.179448,17.758985,431.353706
28,135,2017,2018,209347.0,203320.0,0.97121,8,3,1.190114,3.287455,0.553969,0.934851,Soybeans,Corn / soybean,50156.0,0.246685,361522.2,16673.8,409.6,13912.9,79.646711,66.458559,1726.904135
28,137,2017,2018,57637.0,58518.0,1.015285,10,1,1.543596,4.681395,0.406661,0.801309,Soybeans,Corn / soybean,9857.0,0.168444,89499.0,4371.5,252.4,1467.7,75.845377,25.464545,1552.804622
28,139,2017,2018,28870.0,28787.0,0.997125,7,0,1.158962,3.186624,0.512488,0.927189,Soybeans,Corn / soybean,3465.0,0.120367,32256.9,1091.4,13.1,208.3,37.803949,7.215102,1117.315552
28,141,2017,2018,14589.0,14592.0,1.000206,5,2,0.749438,2.11581,0.664748,0.994655,Cotton,Southern row crops,9756.0,0.668586,15024.4,816.6,10.2,127.0,55.973679,8.705189,1029.844403
28,145,2017,2018,36442.0,35570.0,0.976072,4,3,0.857789,2.357942,0.627073,0.999297,Soybeans,Corn / soybean,25.0,0.000703,47375.0,1734.0,21.3,289.4,47.58246,7.941386,1300.010976
28,147,2017,2018,19453.0,19057.0,0.979643,6,2,0.700411,2.014581,0.768589,0.990974,Hay & haylage,Hay & small grains,172.0,0.009026,6805.0,127.9,0.0,263.4,6.574821,13.540328,349.817509
28,149,2017,2018,32589.0,31936.0,0.979963,8,1,1.254319,3.505449,0.489479,0.88383,Soybeans,Corn / soybean,9243.0,0.289423,58473.3,5366.3,777.5,4350.0,164.665992,133.480622,1794.264936
28,151,2017,2018,336194.0,336777.0,1.001734,8,1,0.835409,2.305756,0.744567,0.96223,Soybeans,Corn / soybean,33247.0,0.098721,730942.3,50998.3,2044.2,22162.3,151.69307,65.921165,2174.168189
28,153,2017,2018,12707.0,11880.0,0.934918,5,3,0.579988,1.786018,0.846717,0.983081,Hay & haylage,Hay & small grains,739.0,0.062205,10872.6,40.1,0.0,55.5,3.155741,4.367671,855.638624
28,155,2017,2018,25460.0,25408.0,0.997958,5,2,1.507511,4.515478,0.361185,0.769443,Soybeans,Corn / soybean,9124.0,0.359099,37707.2,3393.8,187.3,2548.4,133.299293,100.094266,1481.036921
28,161,2017,2018,22417.0,22398.0,0.999152,6,1,1.326915,3.769399,0.399098,0.912894,Hay & haylage,Hay & small grains,6773.0,0.302393,44085.1,2929.2,196.3,1431.0,130.668689,63.835482,1966.592318
28,163,2017,2018,142549.0,142168.0,0.997327,9,2,1.388094,4.007204,0.380873,0.906315,Soybeans,Corn / soybean,35084.0,0.246778,315145.2,25988.3,888.0,16207.9,182.311346,113.700552,2210.785063
29,1,2017,2018,115649.0,115843.0,1.001677,8,2,1.083235,2.95422,0.43054,0.988683,Hay & haylage,Hay & small grains,45.0,0.000388,70816.3,1445.1,13.4,262.2,12.495568,2.267205,612.338196
29,3,2017,2018,139858.0,140392.0,1.003818,6,4,1.021636,2.777734,0.472377,0.987749,Soybeans,Corn / soybean,7.0,5e-05,179902.1,1926.0,22.3,981.3,13.771111,7.016402,1286.319696
29,5,2017,2018,263944.0,263898.0,0.999826,6,2,0.78433,2.190938,0.525597,0.994661,Soybeans,Corn / soybean,9.0,3.4e-05,401587.9,3499.1,40.3,1599.0,13.256979,6.058103,1521.489028
29,7,2017,2018,310551.0,315999.0,1.017543,12,3,1.105448,3.020577,0.51722,0.939687,Soybeans,Corn / soybean,156.0,0.000494,343513.8,6104.1,192.2,1938.0,19.655709,6.240521,1106.142952
29,9,2017,2018,81884.0,83959.0,1.025341,9,6,1.108274,3.029125,0.663836,0.911088,Hay & haylage,Hay & small grains,181.0,0.002156,31044.1,264.0,6.7,30.8,3.224073,0.376142,379.122906
29,11,2017,2018,201494.0,224927.0,1.116296,9,2,1.326989,3.769676,0.410724,0.847057,Soybeans,Corn / soybean,174.0,0.000774,201508.5,3369.8,116.7,613.2,16.724071,3.043267,1000.071962
29,13,2017,2018,253429.0,260152.0,1.026528,9,4,1.244665,3.471772,0.43445,0.944033,Soybeans,Corn / soybean,959.0,0.003686,258483.8,1765.0,44.5,921.5,6.964475,3.636127,1019.945626
29,15,2017,2018,69919.0,71804.0,1.02696,8,1,1.088429,2.969604,0.588561,0.955615,Hay & haylage,Hay & small grains,34.0,0.000474,38806.2,741.9,12.1,480.6,10.61085,6.873668,555.016519
29,17,2017,2018,70248.0,71351.0,1.015702,8,2,1.133559,3.106694,0.423792,0.95916,Soybeans,Corn / soybean,27.0,0.000378,59051.6,859.2,23.0,3.8,12.230953,0.054094,840.616103
29,19,2017,2018,116729.0,118226.0,1.012825,10,4,1.288963,3.62902,0.415442,0.923528,Soybeans,Corn / soybean,345.0,0.002918,78876.4,1494.9,31.3,875.7,12.806586,7.501992,675.7224
29,21,2017,2018,134197.0,134577.0,1.002832,9,1,1.075061,2.93017,0.473848,0.980428,Soybeans,Corn / soybean,127.0,0.000944,151578.4,1483.8,19.7,662.7,11.056879,4.938262,1129.521524
29,23,2017,2018,199308.0,202319.0,1.015107,8,1,1.123885,3.076784,0.566926,0.943011,Soybeans,Corn / soybean,54613.0,0.269935,434562.1,4960.7,270.9,4064.7,24.889618,20.394063,2180.354527
29,25,2017,2018,129205.0,129533.0,1.002539,10,4,1.182567,3.262739,0.507979,0.957254,Soybeans,Corn / soybean,13.0,0.0001,110224.2,1108.4,18.4,408.6,8.578615,3.162416,853.095468
29,27,2017,2018,144756.0,150445.0,1.039301,9,7,1.260555,3.527377,0.451727,0.926624,Soybeans,Corn / soybean,141.0,0.000937,98738.1,1522.6,34.4,787.3,10.51839,5.438807,682.100224
29,29,2017,2018,20084.0,19941.0,0.99288,4,3,0.154772,1.167392,0.96625,0.999699,Hay & haylage,Hay & small grains,32.0,0.001605,2663.8,294.0,0.1,291.6,14.638518,14.51902,132.632942
29,31,2017,2018,183405.0,196460.0,1.071181,10,3,1.207513,3.345154,0.506434,0.914339,Soybeans,Corn / soybean,71.0,0.000361,257855.4,4582.5,86.8,3437.3,24.985687,18.741583,1405.934407
29,33,2017,2018,272286.0,272974.0,1.002527,5,9,0.991817,2.696128,0.524109,0.987742,Soybeans,Corn / soybean,25.0,9.2e-05,235324.4,3500.2,39.9,995.8,12.854866,3.657184,864.254497
29,37,2017,2018,178533.0,178353.0,0.998992,7,6,1.125944,3.083126,0.477536,0.981324,Soybeans,Corn / soybean,152.0,0.000852,136176.8,999.1,24.2,459.8,5.596164,2.575434,762.754225
29,39,2017,2018,52548.0,54153.0,1.030544,8,3,0.868128,2.382447,0.727476,0.952837,Hay & haylage,Hay & small grains,31.0,0.000572,19955.8,175.4,2.8,80.6,3.337901,1.533836,379.763264
29,41,2017,2018,236587.0,239194.0,1.011019,7,4,1.120179,3.065403,0.507747,0.964807,Soybeans,Corn / soybean,944.0,0.003947,230864.3,3581.2,40.7,852.8,15.136926,3.604594,975.811435
29,43,2017,2018,38119.0,37843.0,0.99276,6,1,0.109069,1.115239,0.982242,0.995851,Hay & haylage,Hay & small grains,170.0,0.004492,16412.6,297.6,1.3,6.6,7.80713,0.173142,430.562187
29,45,2017,2018,169519.0,169805.0,1.001687,6,3,1.004147,2.729578,0.480751,0.987963,Corn,Corn / soybean,7.0,4.1e-05,150589.5,2881.8,84.9,887.0,16.999864,5.232452,888.334051
29,47,2017,2018,53478.0,53500.0,1.000411,7,3,1.221745,3.393104,0.411832,0.954748,Soybeans,Corn / soybean,86.0,0.001607,53282.2,563.4,7.8,253.0,10.535173,4.730917,996.338681
29,49,2017,2018,129843.0,129746.0,0.999253,7,1,0.997819,2.712359,0.514544,0.995599,Soybeans,Corn / soybean,82.0,0.000632,144333.1,1371.6,20.1,539.3,10.563527,4.153478,1111.597083
29,51,2017,2018,57660.0,57774.0,1.001977,8,5,0.923911,2.519125,0.657424,0.982033,Hay & haylage,Hay & small grains,147.0,0.002544,18483.3,460.6,8.0,311.0,7.988207,5.393687,320.556712
29,53,2017,2018,142897.0,147988.0,1.035627,8,4,1.272237,3.568826,0.424426,0.91452,Soybeans,Corn / soybean,73.0,0.000493,137383.0,1933.1,46.2,955.1,13.527926,6.683835,961.412766
29,55,2017,2018,27375.0,27356.0,0.999306,5,2,0.440219,1.553048,0.898414,0.985159,Hay & haylage,Hay & small grains,146.0,0.005337,2400.5,173.8,0.9,126.8,6.348858,4.631963,87.689498
29,57,2017,2018,103346.0,117474.0,1.136706,9,3,1.438743,4.215392,0.341642,0.804229,Hay & haylage,Hay & small grains,42.0,0.000358,77347.7,1297.3,35.3,265.4,12.552977,2.568072,748.434385
29,59,2017,2018,44006.0,43871.0,0.996932,9,3,0.46042,1.58474,0.896401,0.979736,Hay & haylage,Hay & small grains,119.0,0.002712,5938.7,376.9,0.6,368.4,8.564741,8.371586,134.952052
29,61,2017,2018,147154.0,147692.0,1.003656,8,6,1.098497,2.999655,0.511856,0.984948,Soybeans,Corn / soybean,96.0,0.00065,173774.4,1771.3,26.6,639.7,12.03705,4.347147,1180.90164
29,63,2017,2018,113826.0,113939.0,1.000993,7,3,1.103931,3.016,0.451382,0.993224,Soybeans,Corn / soybean,68.0,0.000597,132056.4,1358.6,17.0,639.1,11.935762,5.61471,1160.160245
29,65,2017,2018,21245.0,21047.0,0.99068,6,2,0.132516,1.141697,0.977099,0.997672,Hay & haylage,Hay & small grains,49.0,0.002328,7650.4,120.0,0.1,0.0,5.648388,0.0,360.103554
29,67,2017,2018,39179.0,39171.0,0.999796,5,0,0.038594,1.039349,0.99423,0.999617,Hay & haylage,Hay & small grains,31.0,0.000791,10681.1,133.2,0.3,0.0,3.39978,0.0,272.623089
29,69,2017,2018,272832.0,286157.0,1.04884,9,4,1.454253,4.281285,0.402436,0.82858,Soybeans,Corn / soybean,125450.0,0.438396,733110.8,62243.8,461.3,57643.4,228.139661,211.278003,2687.04111
29,71,2017,2018,100261.0,100574.0,1.003122,9,0,1.120957,3.067788,0.515193,0.971583,Hay & haylage,Hay & small grains,412.0,0.004096,65480.6,2024.4,44.4,319.9,20.191301,3.190672,653.101405
29,73,2017,2018,60530.0,61095.0,1.009334,8,2,1.084926,2.959219,0.552189,0.970014,Hay & haylage,Hay & small grains,321.0,0.005254,28492.0,1108.8,16.8,429.3,18.318189,7.092351,470.708739
29,75,2017,2018,111926.0,112457.0,1.004744,9,5,1.142123,3.133413,0.455445,0.982633,Soybeans,Corn / soybean,4.0,3.6e-05,139385.6,1576.3,22.3,627.0,14.083412,5.601916,1245.337098
29,77,2017,2018,67828.0,68857.0,1.015171,9,3,0.593924,1.81108,0.862875,0.951348,Hay & haylage,Hay & small grains,85.0,0.001234,23730.4,404.5,5.7,21.7,5.963614,0.319927,349.861414
29,79,2017,2018,122245.0,122726.0,1.003935,6,3,1.083623,2.955368,0.55135,0.971538,Soybeans,Corn / soybean,52.0,0.000424,117438.5,1863.6,21.6,466.8,15.244795,3.818561,960.681418
29,81,2017,2018,190310.0,190633.0,1.001697,7,3,1.106484,3.023708,0.437311,0.992152,Soybeans,Corn / soybean,21.0,0.00011,202149.6,2218.3,27.7,1060.1,11.656245,5.570385,1062.21218
29,83,2017,2018,178894.0,187527.0,1.048258,9,1,1.238027,3.448804,0.449349,0.930335,Soybeans,Corn / soybean,12.0,6.4e-05,120537.3,823.1,24.7,395.0,4.601049,2.208011,673.791743
29,85,2017,2018,44558.0,44428.0,0.997082,6,4,0.602594,1.826851,0.831908,0.990907,Hay & haylage,Hay & small grains,33.0,0.000743,9211.6,237.4,2.0,193.6,5.327887,4.344899,206.732798
29,87,2017,2018,179254.0,178973.0,0.998432,5,3,0.789695,2.202725,0.494332,0.998491,Soybeans,Corn / soybean,7.0,3.9e-05,273276.2,2420.4,28.5,1111.8,13.502628,6.202372,1524.519397
29,89,2017,2018,108909.0,110214.0,1.011982,8,4,1.209068,3.35036,0.446731,0.955786,Soybeans,Corn / soybean,203.0,0.001842,86890.8,1418.8,28.2,829.0,13.02739,7.611859,797.82938
29,91,2017,2018,43455.0,41931.0,0.964929,8,2,0.178451,1.195365,0.968281,0.993799,Hay & haylage,Hay & small grains,51.0,0.001216,16594.0,239.5,0.0,0.0,5.511449,0.0,381.866298
29,95,2017,2018,65792.0,66167.0,1.0057,7,1,1.144705,3.141513,0.486375,0.973627,Soybeans,Corn / soybean,260.0,0.003929,72751.2,502.6,12.0,258.9,7.639227,3.935129,1105.775778
29,99,2017,2018,29672.0,29413.0,0.991271,8,2,0.978626,2.660799,0.661986,0.970897,Hay & haylage,Hay & small grains,182.0,0.006188,14000.4,624.5,9.3,293.4,21.046778,9.88811,471.838771
29,101,2017,2018,188465.0,192607.0,1.021978,10,1,1.24603,3.476512,0.377473,0.953506,Soybeans,Corn / soybean,185.0,0.000961,162200.7,1100.6,28.7,514.8,5.839811,2.731542,860.640968
29,103,2017,2018,132563.0,134028.0,1.011051,6,7,1.164684,3.20491,0.421427,0.974461,Soybeans,Corn / soybean,0.0,0.0,172655.3,3180.5,105.0,929.7,23.992366,7.013269,1302.439595
29,105,2017,2018,56998.0,56982.0,0.999719,8,3,0.409358,1.505851,0.903548,0.989611,Hay & haylage,Hay & small grains,59.0,0.001035,9249.2,697.2,1.2,671.7,12.232008,11.784624,162.27236
29,107,2017,2018,247679.0,248739.0,1.00428,7,3,1.02124,2.776636,0.46554,0.986677,Soybeans,Corn / soybean,931.0,0.003743,287444.0,1973.7,40.8,1011.5,7.968782,4.083915,1160.550551
29,109,2017,2018,105224.0,110932.0,1.054246,11,3,1.14893,3.154816,0.63666,0.893728,Hay & haylage,Hay & small grains,276.0,0.002488,60155.9,739.1,18.9,109.4,7.024063,1.039687,571.69372
29,111,2017,2018,133064.0,133919.0,1.006425,7,2,1.051786,2.862758,0.452341,0.974776,Soybeans,Corn / soybean,35.0,0.000261,181775.8,3299.0,95.3,1160.6,24.792581,8.722119,1366.077978
29,113,2017,2018,143034.0,144393.0,1.009501,8,1,1.13802,3.120582,0.520801,0.951514,Soybeans,Corn / soybean,41.0,0.000284,153760.3,4487.0,97.1,392.1,31.370164,2.741306,1074.991261
29,115,2017,2018,159307.0,161015.0,1.010721,7,6,1.158137,3.183995,0.466012,0.964451,Soybeans,Corn / soybean,14.0,8.7e-05,123920.6,1981.8,24.1,436.8,12.440131,2.741876,777.872912
29,117,2017,2018,181574.0,182311.0,1.004059,9,3,1.005565,2.733451,0.630966,0.972991,Soybeans,Corn / soybean,18.0,9.9e-05,163778.9,2631.6,33.6,571.9,14.493264,3.14968,901.99533
29,119,2017,2018,37264.0,37647.0,1.010278,7,1,0.403963,1.497748,0.911972,0.979998,Hay & haylage,Hay & small grains,173.0,0.004595,18035.6,94.8,1.9,21.0,2.54401,0.563547,483.995277
29,121,2017,2018,191982.0,192999.0,1.005297,5,4,1.152796,3.167037,0.449826,0.975839,Soybeans,Corn / soybean,32.0,0.000166,132777.8,2278.2,27.1,522.1,11.866738,2.719526,691.615881
29,123,2017,2018,18754.0,18749.0,0.999733,3,2,0.274773,1.316232,0.935197,1.0,Hay & haylage,Hay & small grains,0.0,0.0,4978.9,92.0,0.8,0.0,4.90562,0.0,265.484697
29,125,2017,2018,46130.0,46375.0,1.005311,10,2,0.647133,1.910057,0.826803,0.978005,Hay & haylage,Hay & small grains,27.0,0.000582,10911.2,262.1,2.3,218.1,5.681769,4.727943,236.531541
29,127,2017,2018,171028.0,171487.0,1.002684,6,3,0.966572,2.628917,0.49644,0.982728,Soybeans,Corn / soybean,12.0,7e-05,160523.7,2879.9,76.0,1107.1,16.838763,6.473209,938.581402
29,129,2017,2018,71293.0,71740.0,1.00627,8,4,1.152593,3.166394,0.407262,0.986395,Soybeans,Corn / soybean,10.0,0.000139,58571.0,1316.8,9.7,221.3,18.470257,3.104092,821.553308
29,131,2017,2018,55614.0,55679.0,1.001169,9,1,0.499375,1.647692,0.871711,0.989817,Hay & haylage,Hay & small grains,36.0,0.000647,11466.3,1046.0,3.2,987.9,18.808214,17.763513,206.176502
29,133,2017,2018,238290.0,260294.0,1.092341,5,4,0.907016,2.476921,0.658363,0.993534,Soybeans,Corn / soybean,0.0,0.0,488664.0,7865.6,188.4,6578.9,33.008519,27.608796,2050.711318
29,135,2017,2018,89386.0,91074.0,1.018884,12,1,1.248269,3.484305,0.463338,0.939313,Hay & haylage,Hay & small grains,186.0,0.002042,46311.8,949.7,16.5,607.3,10.624706,6.794129,518.110219
29,137,2017,2018,190774.0,194512.0,1.019594,10,3,1.149164,3.155554,0.478443,0.955468,Soybeans,Corn / soybean,57.0,0.000293,201401.3,3558.1,114.8,1148.7,18.650864,6.021261,1055.706228
29,139,2017,2018,130829.0,134153.0,1.025407,9,0,1.221176,3.391173,0.478916,0.920576,Soybeans,Corn / soybean,62.0,0.000462,162033.0,4773.6,103.8,424.3,36.487323,3.243165,1238.509811
29,141,2017,2018,70849.0,72938.0,1.029485,10,4,1.22127,3.391491,0.54024,0.929324,Hay & haylage,Hay & small grains,138.0,0.001892,22038.9,563.6,7.3,424.1,7.954946,5.98597,311.068611
29,143,2017,2018,403985.0,423927.0,1.049363,8,4,1.194981,3.303495,0.571183,0.913827,Soybeans,Corn / soybean,99162.0,0.233913,932166.0,66276.9,542.1,60648.9,164.057824,150.126614,2307.427256
29,145,2017,2018,76836.0,79173.0,1.030415,10,6,0.980403,2.665531,0.710659,0.913657,Hay & haylage,Hay & small grains,88.0,0.001111,37556.2,466.9,13.3,82.9,6.076579,1.078921,488.783903
29,147,2017,2018,279267.0,279641.0,1.001339,8,3,1.040512,2.830667,0.457154,0.991961,Soybeans,Corn / soybean,35.0,0.000125,415454.0,4509.8,47.7,2384.6,16.148704,8.538782,1487.658764
29,149,2017,2018,22127.0,21861.0,0.987978,3,3,0.004254,1.004263,0.999543,1.0,Hay & haylage,Hay & small grains,10.0,0.000457,9179.8,79.2,0.0,0.0,3.579337,0.0,414.868712
29,151,2017,2018,79791.0,80024.0,1.00292,8,3,0.943656,2.569357,0.665213,0.980981,Hay & haylage,Hay & small grains,32.0,0.0004,28790.3,617.6,8.9,422.3,7.740221,5.292577,360.821396
29,153,2017,2018,24377.0,24041.0,0.986217,4,2,0.012132,1.012205,0.998586,0.999667,Hay & haylage,Hay & small grains,34.0,0.001414,9509.7,68.7,0.2,0.0,2.81823,0.0,390.109529
29,155,2017,2018,281893.0,301288.0,1.068803,6,4,1.211843,3.35967,0.604515,0.854684,Soybeans,Corn / soybean,75373.0,0.250169,615527.5,30217.1,391.6,27289.9,107.19351,96.809428,2183.550141
29,157,2017,2018,103121.0,106767.0,1.035357,10,2,1.29242,3.641588,0.425122,0.918046,Soybeans,Corn / soybean,24.0,0.000225,105435.6,3269.2,71.4,439.1,31.702563,4.258105,1022.445477
29,159,2017,2018,219887.0,221789.0,1.00865,9,5,1.238572,3.450682,0.436464,0.94763,Soybeans,Corn / soybean,52.0,0.000234,166847.9,2402.0,59.0,1182.5,10.923793,5.377762,758.789287
29,161,2017,2018,24881.0,24893.0,1.000482,7,2,0.220801,1.247075,0.959467,0.988913,Hay & haylage,Hay & small grains,81.0,0.003254,2707.6,225.6,0.2,222.0,9.06716,8.922471,108.821993
29,163,2017,2018,181742.0,184963.0,1.017723,7,3,1.132931,3.104744,0.471602,0.95837,Soybeans,Corn / soybean,75.0,0.000405,189634.6,3597.4,99.6,1137.2,19.793994,6.257222,1043.427496
29,165,2017,2018,113077.0,112826.0,0.99778,7,3,1.017539,2.766379,0.503315,0.991234,Soybeans,Corn / soybean,126.0,0.001117,131057.1,1225.4,16.9,529.0,10.836863,4.678228,1159.007579
29,167,2017,2018,83643.0,84086.0,1.005296,9,6,0.754305,2.126134,0.800431,0.958138,Hay & haylage,Hay & small grains,87.0,0.001035,13413.8,582.5,3.5,547.4,6.964121,6.544481,160.369666
29,169,2017,2018,20377.0,19863.0,0.974775,2,5,0.004327,1.004336,0.999497,1.0,Hay & haylage,Hay & small grains,10.0,0.000503,3455.9,387.9,0.3,399.6,19.036168,19.610345,169.598076
29,171,2017,2018,91485.0,91494.0,1.000098,4,3,1.024579,2.785923,0.488677,0.997978,Hay & haylage,Hay & small grains,0.0,0.0,50826.9,907.6,7.6,178.5,9.920752,1.95114,555.576324
29,173,2017,2018,153560.0,155863.0,1.014997,10,0,1.115614,3.05144,0.445936,0.966605,Soybeans,Corn / soybean,24.0,0.000154,163835.5,3070.0,89.4,984.9,19.992185,6.41378,1066.915212
29,175,2017,2018,101316.0,100736.0,0.994275,10,3,1.204165,3.333975,0.498114,0.945134,Soybeans,Corn / soybean,250.0,0.002482,86602.9,1346.2,15.9,331.9,13.287141,3.275889,854.780094
29,177,2017,2018,155420.0,155815.0,1.002542,8,1,1.122385,3.072174,0.488862,0.97671,Soybeans,Corn / soybean,252.0,0.001617,165523.7,1690.2,26.5,573.2,10.875048,3.688071,1065.009008
29,181,2017,2018,28760.0,28690.0,0.997566,7,2,1.232443,3.429599,0.485465,0.89763,Hay & haylage,Hay & small grains,4608.0,0.160613,25550.1,250.9,14.6,20.2,8.723922,0.702364,888.390125
29,183,2017,2018,113024.0,113341.0,1.002805,8,2,1.025536,2.78859,0.541807,0.961303,Soybeans,Corn / soybean,411.0,0.003626,121453.2,3611.5,76.0,223.8,31.95339,1.98011,1074.578851
29,185,2017,2018,97581.0,100521.0,1.030129,10,2,1.345178,3.838868,0.399807,0.89052,Hay & haylage,Hay & small grains,317.0,0.003154,66415.3,440.3,12.5,224.3,4.512149,2.298603,680.617128
29,186,2017,2018,63479.0,65508.0,1.031963,7,2,1.220422,3.388617,0.397402,0.946358,Hay & haylage,Hay & small grains,211.0,0.003221,40427.8,1307.2,28.6,252.4,20.592637,3.976118,636.868886
29,187,2017,2018,28417.0,28596.0,1.006299,6,5,0.626311,1.870696,0.836376,0.967058,Hay & haylage,Hay & small grains,49.0,0.001714,7170.9,326.4,4.6,148.8,11.486082,5.236302,252.345427
29,189,2017,2018,12295.0,12123.0,0.986011,6,2,0.855406,2.352329,0.727378,0.964778,Soybeans,Corn / soybean,49.0,0.004042,13980.4,388.5,11.1,43.2,31.598211,3.513623,1137.080114
29,195,2017,2018,331900.0,332332.0,1.001302,7,3,0.925627,2.52345,0.478106,0.991418,Soybeans,Corn / soybean,133.0,0.0004,307633.4,3656.9,87.2,1614.6,11.018078,4.864718,926.885809
29,197,2017,2018,64655.0,64588.0,0.998964,7,2,1.046768,2.848431,0.510962,0.994906,Hay & haylage,Hay & small grains,45.0,0.000697,37400.3,739.5,7.2,143.4,11.437631,2.217926,578.459516
29,199,2017,2018,146493.0,148465.0,1.013461,10,2,1.146325,3.146609,0.455434,0.973994,Soybeans,Corn / soybean,49.0,0.00033,132752.9,2574.5,68.2,802.7,17.574219,5.479443,906.20644
29,201,2017,2018,189112.0,204446.0,1.081084,7,7,1.239068,3.452395,0.522304,0.921251,Soybeans,Corn / soybean,10812.0,0.052884,410520.8,9434.9,136.5,8432.5,49.890541,44.589978,2170.781336
29,203,2017,2018,19942.0,19826.0,0.994183,4,2,0.035447,1.036083,0.994956,0.999546,Hay & haylage,Hay & small grains,26.0,0.001311,4282.8,88.5,0.0,0.0,4.43787,0.0,214.762812
29,205,2017,2018,180843.0,182595.0,1.009688,7,3,0.98693,2.682984,0.596101,0.973017,Soybeans,Corn / soybean,33.0,0.000181,204296.5,3688.3,133.4,1089.1,20.395039,6.022351,1129.689841
29,207,2017,2018,418546.0,435141.0,1.039649,11,4,1.492447,4.447968,0.47879,0.818507,Soybeans,Corn / soybean,111554.0,0.256363,857030.5,46712.4,459.2,42693.3,111.606371,102.003842,2047.637536
29,209,2017,2018,17213.0,17155.0,0.99663,4,2,0.19943,1.220707,0.954241,0.999009,Hay & haylage,Hay & small grains,55.0,0.003206,16283.7,183.9,3.0,23.1,10.683786,1.342009,946.011735
29,211,2017,2018,107408.0,107619.0,1.001964,7,1,1.020624,2.774926,0.522937,0.989742,Hay & haylage,Hay & small grains,25.0,0.000232,60998.4,1097.2,12.2,235.3,10.215254,2.190712,567.913005
29,213,2017,2018,15118.0,14988.0,0.991401,5,3,0.027045,1.027414,0.996531,0.999333,Hay & haylage,Hay & small grains,48.0,0.003203,4822.1,59.9,0.1,0.0,3.962164,0.0,318.964149
29,215,2017,2018,64647.0,63707.0,0.985459,8,1,0.389935,1.476885,0.909508,0.993188,Hay & haylage,Hay & small grains,142.0,0.002229,19117.4,214.8,0.2,0.0,3.32266,0.0,295.719832
29,217,2017,2018,231356.0,240566.0,1.039809,9,2,1.361662,3.902673,0.414689,0.90115,Soybeans,Corn / soybean,5831.0,0.024239,209288.1,1447.4,32.8,702.6,6.256159,3.036878,904.614966
29,219,2017,2018,75183.0,75089.0,0.99875,7,2,1.147981,3.151822,0.507584,0.967119,Soybeans,Corn / soybean,409.0,0.005447,65181.2,1871.4,43.5,150.1,24.891265,1.996462,866.967267
29,221,2017,2018,16159.0,15947.0,0.98688,6,3,0.248012,1.281475,0.945319,0.997931,Hay & haylage,Hay & small grains,33.0,0.002069,2068.7,175.9,1.6,147.2,10.885575,9.109475,128.021536
29,223,2017,2018,28002.0,28073.0,1.002536,6,2,1.129697,3.09472,0.388986,0.987176,Soybeans,Corn / soybean,16.0,0.00057,8516.7,125.8,2.5,0.0,4.492536,0.0,304.146132
29,225,2017,2018,62941.0,62903.0,0.999396,11,1,0.404933,1.499202,0.911101,0.986567,Hay & haylage,Hay & small grains,182.0,0.002893,13004.0,388.3,1.0,0.1,6.16927,0.001589,206.606187
29,227,2017,2018,51417.0,51405.0,0.999767,4,2,1.09041,2.975495,0.38576,0.999767,Soybeans,Corn / soybean,12.0,0.000233,53388.6,896.5,8.4,537.0,17.435868,10.444017,1038.345294
29,229,2017,2018,50924.0,50257.0,0.986902,7,3,0.127913,1.136454,0.979525,0.993354,Hay & haylage,Hay & small grains,179.0,0.003562,13791.9,624.6,0.3,0.0,12.265337,0.0,270.833006
30,1,2017,2018,139731.0,137586.0,0.984649,4,6,0.462171,1.587516,0.878156,0.998474,Hay & haylage,Hay & small grains,0.0,0.0,53818.4,2409.5,14.0,91.6,17.243847,0.655545,385.157195
30,3,2017,2018,141866.0,140545.0,0.990688,8,7,1.319317,3.740867,0.407265,0.893529,Hay & haylage,Hay & small grains,4980.0,0.035433,109064.5,2383.5,0.0,417.8,16.801066,2.945033,768.785333
30,5,2017,2018,340763.0,337648.0,0.990859,12,4,1.261758,3.531626,0.604277,0.89176,Wheat,Hay & small grains,11.0,3.3e-05,381224.6,186.1,0.0,59.0,0.546127,0.173141,1118.738243
30,7,2017,2018,60658.0,56975.0,0.939283,7,8,1.105167,3.019729,0.549223,0.92867,Hay & haylage,Hay & small grains,1433.0,0.025151,95296.6,430.0,24.8,3.2,7.088925,0.052755,1571.047512
30,9,2017,2018,103740.0,103354.0,0.996279,10,3,1.186673,3.276164,0.663912,0.875999,Hay & haylage,Hay & small grains,3483.0,0.0337,24646.0,1468.3,0.1,260.1,14.153653,2.50723,237.574706
30,11,2017,2018,112920.0,111420.0,0.986716,5,5,0.771887,2.163847,0.721791,0.985398,Hay & haylage,Hay & small grains,0.0,0.0,26900.3,764.4,0.0,37.8,6.769394,0.33475,238.224407
30,13,2017,2018,255757.0,255103.0,0.997443,10,6,1.292416,3.641573,0.47061,0.915481,Wheat,Hay & small grains,45.0,0.000176,218770.7,877.8,0.1,2.7,3.432164,0.010557,855.384994
30,15,2017,2018,719217.0,717223.0,0.997228,13,5,1.224698,3.403139,0.695332,0.82914,Wheat,Hay & small grains,18.0,2.5e-05,825251.0,559.3,0.0,428.1,0.777651,0.595231,1147.429774
30,17,2017,2018,63556.0,62969.0,0.990764,4,6,0.673711,1.961502,0.799139,0.987867,Hay & haylage,Hay & small grains,0.0,0.0,29414.1,590.1,0.0,96.8,9.284725,1.523066,462.806029
30,19,2017,2018,358369.0,357067.0,0.996367,9,7,1.214859,3.369817,0.619248,0.882574,Wheat,Hay & small grains,0.0,0.0,221984.6,4398.3,0.0,5.1,12.273104,0.014231,619.430252
30,21,2017,2018,199493.0,198872.0,0.996887,12,6,1.414777,4.11557,0.597153,0.818496,Wheat,Hay & small grains,2568.0,0.012913,142399.5,2074.0,0.0,33.1,10.396355,0.165921,713.807001
30,25,2017,2018,99599.0,98452.0,0.988484,8,6,1.281996,3.603825,0.574219,0.887265,Hay & haylage,Hay & small grains,0.0,0.0,23024.9,911.2,0.0,46.6,9.148686,0.467876,231.176016
30,27,2017,2018,390992.0,390600.0,0.998997,10,7,1.131641,3.100741,0.519777,0.946654,Hay & haylage,Hay & small grains,0.0,0.0,215663.1,1678.2,1.4,1.3,4.292159,0.003325,551.579316
30,29,2017,2018,74532.0,73184.0,0.981914,9,7,1.262502,3.534254,0.472426,0.924423,Hay & haylage,Hay & small grains,424.0,0.005794,19341.4,915.1,0.3,6.5,12.277948,0.087211,259.504642
30,31,2017,2018,144075.0,143035.0,0.992782,14,3,1.494513,4.457167,0.392463,0.890516,Hay & haylage,Hay & small grains,6388.0,0.04466,253368.6,2927.8,67.2,533.3,20.32136,3.701544,1758.588235
30,33,2017,2018,118740.0,116651.0,0.982407,7,5,1.139894,3.126436,0.47613,0.935166,Wheat,Hay & small grains,0.0,0.0,80135.2,778.9,0.0,0.2,6.55971,0.001684,674.879569
30,35,2017,2018,321880.0,321855.0,0.999922,9,2,1.608889,4.997254,0.451088,0.769993,Wheat,Hay & small grains,35.0,0.000109,254863.2,322.4,0.0,265.9,1.001616,0.826084,791.7957
30,37,2017,2018,45741.0,42881.0,0.937474,2,4,0.629634,1.876924,0.67629,1.0,Hay & haylage,Hay & small grains,0.0,0.0,46339.6,280.4,0.0,4.0,6.130168,0.087449,1013.086727
30,39,2017,2018,25069.0,24768.0,0.987993,2,3,0.043821,1.044795,0.992571,1.0,Hay & haylage,Hay & small grains,0.0,0.0,3294.1,358.5,0.0,0.7,14.300531,0.027923,131.401332
30,41,2017,2018,662360.0,661123.0,0.998132,13,6,1.009137,2.743232,0.758627,0.876619,Wheat,Hay & small grains,0.0,0.0,736081.1,663.3,0.0,426.2,1.001419,0.643457,1111.300652
30,43,2017,2018,29411.0,29288.0,0.995818,4,2,0.493897,1.63869,0.808113,0.999932,Hay & haylage,Hay & small grains,21.0,0.000717,3910.7,618.7,0.0,5.4,21.036347,0.183605,132.967257
30,45,2017,2018,198023.0,196421.0,0.99191,6,12,1.17303,3.23177,0.558963,0.901721,Hay & haylage,Hay & small grains,0.0,0.0,79601.1,875.0,0.8,4.1,4.418679,0.020705,401.979063
30,47,2017,2018,64314.0,63629.0,0.989349,11,2,0.807395,2.242061,0.794905,0.935313,Hay & haylage,Hay & small grains,2031.0,0.031919,104908.0,2012.6,43.6,232.4,31.293342,3.613521,1631.184501
30,49,2017,2018,60055.0,58483.0,0.973824,7,6,1.053,2.866238,0.633261,0.952585,Hay & haylage,Hay & small grains,63.0,0.001077,23562.1,200.6,0.2,0.1,3.340271,0.001665,392.34202
30,51,2017,2018,403865.0,399101.0,0.988204,9,7,1.226553,3.409457,0.669936,0.823621,Wheat,Hay & small grains,35.0,8.8e-05,395962.8,413.8,0.0,283.8,1.0246,0.70271,980.433561
30,55,2017,2018,319986.0,318493.0,0.995334,9,6,1.361123,3.900571,0.588766,0.802517,Wheat,Hay & small grains,0.0,0.0,188176.3,3042.7,0.0,8.9,9.508854,0.027814,588.076666
30,57,2017,2018,99723.0,99584.0,0.998606,9,3,0.816133,2.261737,0.762251,0.964563,Hay & haylage,Hay & small grains,369.0,0.003705,58648.2,2946.4,14.8,98.5,29.545842,0.987736,588.111068
30,59,2017,2018,62451.0,58910.0,0.9433,4,6,0.676819,1.967608,0.799304,0.988338,Hay & haylage,Hay & small grains,0.0,0.0,17922.0,170.2,0.0,0.0,2.725337,0.0,286.97699
30,63,2017,2018,13905.0,12619.0,0.907515,5,6,0.07629,1.079275,0.988509,0.997068,Hay & haylage,Hay & small grains,76.0,0.006023,3611.5,365.7,0.1,2.2,26.299892,0.158216,259.726717
30,65,2017,2018,66340.0,59732.0,0.900392,5,6,0.896496,2.451,0.561408,0.987009,Hay & haylage,Hay & small grains,1.0,1.7e-05,33513.7,308.9,0.0,8.9,4.656316,0.134157,505.180886
30,67,2017,2018,65988.0,64742.0,0.981118,6,5,0.576897,1.780505,0.843502,0.987736,Hay & haylage,Hay & small grains,4.0,6.2e-05,12448.8,1810.9,0.0,221.5,27.442868,3.356671,188.652482
30,69,2017,2018,46244.0,43050.0,0.930932,3,7,0.864039,2.372724,0.58137,1.0,Hay & haylage,Hay & small grains,0.0,0.0,55254.8,165.2,0.0,0.6,3.572355,0.012975,1194.853386
30,71,2017,2018,265039.0,260273.0,0.982018,11,7,1.372702,3.945997,0.45088,0.861634,Wheat,Hay & small grains,0.0,0.0,250844.6,191.9,0.0,115.4,0.724044,0.435408,946.444108
30,73,2017,2018,326318.0,324827.0,0.995431,13,6,1.554469,4.732573,0.506867,0.808203,Wheat,Hay & small grains,45.0,0.000139,319342.1,232.0,0.0,157.1,0.710963,0.481432,978.622387
30,75,2017,2018,90600.0,89868.0,0.991921,5,5,0.301374,1.351714,0.940235,0.983186,Hay & haylage,Hay & small grains,0.0,0.0,14458.0,610.4,0.0,4.7,6.737307,0.051876,159.580574
30,77,2017,2018,44961.0,44862.0,0.997798,2,3,0.078541,1.081708,0.984842,1.0,Hay & haylage,Hay & small grains,0.0,0.0,6387.4,808.4,0.0,0.0,17.980027,0.0,142.065346
30,79,2017,2018,67210.0,65826.0,0.979408,8,5,1.567736,4.795777,0.357837,0.789445,Hay & haylage,Hay & small grains,0.0,0.0,30469.9,470.7,0.0,27.0,7.003422,0.401726,453.353668
30,81,2017,2018,39573.0,38572.0,0.974705,9,10,0.406938,1.50221,0.916053,0.978923,Hay & haylage,Hay & small grains,289.0,0.007492,9513.0,436.0,1.0,23.4,11.017613,0.591312,240.391176
30,83,2017,2018,260196.0,259139.0,0.995938,11,5,1.423687,4.152401,0.571531,0.840981,Wheat,Hay & small grains,16978.0,0.065517,177731.9,2766.0,0.0,145.6,10.630448,0.559578,683.069302
30,85,2017,2018,483365.0,481319.0,0.995767,12,5,1.351742,3.864149,0.598836,0.815912,Wheat,Hay & small grains,1335.0,0.002774,240448.7,3754.5,0.0,50.2,7.767422,0.103855,497.447478
30,87,2017,2018,82857.0,80590.0,0.97264,8,9,1.154042,3.170984,0.626864,0.897742,Hay & haylage,Hay & small grains,2803.0,0.034781,39047.1,470.4,0.0,55.1,5.677251,0.665001,471.258916
30,89,2017,2018,28713.0,27284.0,0.950232,3,8,0.021561,1.021795,0.997105,1.0,Hay & haylage,Hay & small grains,79.0,0.002895,4405.8,687.9,0.1,1.7,23.957789,0.059207,153.442691
30,91,2017,2018,627971.0,627650.0,0.999489,10,3,1.316164,3.729088,0.53291,0.887112,Wheat,Hay & small grains,0.0,0.0,303044.3,5025.8,0.0,23.5,8.003236,0.037422,482.576902
30,95,2017,2018,107482.0,103992.0,0.967529,7,8,0.809054,2.245782,0.714343,0.967574,Hay & haylage,Hay & small grains,8.0,7.7e-05,50750.3,2800.1,0.0,366.3,26.051804,3.408013,472.174876
30,97,2017,2018,39175.0,38901.0,0.993006,3,3,0.170577,1.185989,0.966299,1.0,Hay & haylage,Hay & small grains,0.0,0.0,7408.9,1106.3,0.0,135.8,28.239949,3.466496,189.123165
30,99,2017,2018,281754.0,281405.0,0.998761,13,6,1.498293,4.474043,0.445074,0.842053,Wheat,Hay & small grains,16.0,5.7e-05,290829.0,204.8,0.0,165.0,0.726875,0.585617,1032.208948
30,101,2017,2018,416771.0,414638.0,0.994882,9,6,1.501695,4.48929,0.521332,0.799119,Wheat,Hay & small grains,0.0,0.0,462670.4,434.5,0.0,289.2,1.042539,0.693906,1110.130983
30,103,2017,2018,47954.0,47749.0,0.995725,9,2,1.904339,6.714971,0.280152,0.632977,Hay & haylage,Hay & small grains,4400.0,0.092149,20882.6,418.8,0.0,118.1,8.733369,2.462777,435.471494
30,105,2017,2018,525680.0,524280.0,0.997337,10,8,1.446818,4.24957,0.548171,0.80766,Wheat,Hay & small grains,0.0,0.0,261543.6,4592.9,0.0,22.4,8.737064,0.042611,497.533861
30,107,2017,2018,81579.0,79844.0,0.978732,7,7,1.220229,3.387962,0.482904,0.902698,Hay & haylage,Hay & small grains,54.0,0.000676,31224.8,352.9,0.1,1.2,4.325868,0.01471,382.755366
30,109,2017,2018,67278.0,64883.0,0.964401,10,5,1.512851,4.539656,0.383552,0.840482,Hay & haylage,Hay & small grains,0.0,0.0,29263.4,708.9,0.0,55.1,10.536877,0.81899,434.962395
30,111,2017,2018,186765.0,185698.0,0.994287,13,7,1.488731,4.431469,0.393332,0.839481,Wheat,Hay & small grains,4811.0,0.025908,122035.6,3032.1,0.0,557.3,16.234841,2.983964,653.417932
31,1,2017,2018,294550.0,294336.0,0.999273,8,4,0.906532,2.475723,0.6114,0.965607,Corn,Corn / soybean,3.0,1e-05,348641.3,9501.3,79.9,3991.0,32.257002,13.549482,1183.640469
31,3,2017,2018,326866.0,325379.0,0.995451,8,4,1.014421,2.757767,0.525845,0.968554,Corn,Corn / soybean,5.0,1.5e-05,414460.8,7242.1,113.1,4094.8,22.156174,12.527458,1267.983822
31,5,2017,2018,24955.0,23703.0,0.94983,2,3,0.371825,1.45038,0.877526,1.0,Hay & haylage,Hay & small grains,0.0,0.0,5712.2,386.0,0.0,164.8,15.467842,6.603887,228.90002
31,7,2017,2018,105627.0,104592.0,0.990201,10,6,1.492878,4.449885,0.47562,0.85541,Wheat,Hay & small grains,27.0,0.000258,82286.9,2482.9,0.0,22.0,23.5063,0.20828,779.032823
31,9,2017,2018,23201.0,23201.0,1.0,3,0,0.428099,1.534339,0.87285,1.0,Hay & haylage,Hay & small grains,0.0,0.0,4164.8,388.3,0.0,215.5,16.736348,9.288393,179.509504
31,11,2017,2018,290483.0,290300.0,0.99937,8,1,0.885056,2.423121,0.563803,0.997895,Corn,Corn / soybean,4.0,1.4e-05,346556.4,6311.3,107.5,3771.0,21.726917,12.981827,1193.035049
31,13,2017,2018,244211.0,241925.0,0.990639,12,2,1.651952,5.217154,0.329999,0.778568,Corn,Corn / soybean,20919.0,0.086469,323043.1,10734.0,0.0,328.2,43.953794,1.34392,1322.803232
31,15,2017,2018,116564.0,116563.0,0.999991,6,0,1.218276,3.381354,0.386563,0.96963,Corn,Corn / soybean,0.0,0.0,64712.3,3564.4,12.0,1460.4,30.578909,12.52874,555.165403
31,17,2017,2018,81892.0,81851.0,0.999499,3,2,0.925235,2.522462,0.55419,1.0,Hay & haylage,Hay & small grains,0.0,0.0,51320.8,1861.2,6.8,216.9,22.727495,2.64861,626.68881
31,19,2017,2018,303729.0,303561.0,0.999447,9,3,0.954493,2.597354,0.601398,0.990519,Corn,Corn / soybean,58.0,0.000191,333682.8,9154.2,110.2,3563.9,30.139368,11.733815,1098.620152
31,21,2017,2018,251591.0,250991.0,0.997615,5,2,0.783639,2.189426,0.512632,0.999793,Corn,Corn / soybean,52.0,0.000207,299457.9,5403.1,103.0,3685.8,21.475728,14.649968,1190.256806
31,23,2017,2018,297113.0,297215.0,1.000343,8,4,0.848737,2.336694,0.515351,0.997154,Corn,Corn / soybean,66.0,0.000222,397630.0,4751.2,154.0,1663.1,15.991222,5.597534,1338.312359
31,25,2017,2018,294271.0,291991.0,0.992252,7,3,0.795696,2.215982,0.488844,0.997568,Corn,Corn / soybean,183.0,0.000627,357507.5,4098.4,161.6,1729.8,13.927298,5.878255,1214.892055
31,27,2017,2018,361515.0,361424.0,0.999748,9,2,0.915747,2.498642,0.540589,0.993343,Corn,Corn / soybean,6.0,1.7e-05,376084.7,6897.9,117.3,4121.3,19.080536,11.40008,1040.301786
31,29,2017,2018,280005.0,279291.0,0.99745,12,5,1.358348,3.889763,0.634403,0.83935,Corn,Corn / soybean,2923.0,0.010466,328997.1,14345.0,0.0,4227.9,51.231228,15.099373,1174.968661
31,31,2017,2018,331558.0,330298.0,0.9962,11,1,0.525163,1.690734,0.875785,0.972373,Hay & haylage,Hay & small grains,10.0,3e-05,32430.8,1882.8,1.4,979.6,5.678644,2.954536,97.813354
31,33,2017,2018,299788.0,299060.0,0.997572,13,5,1.531957,4.627224,0.519535,0.829593,Wheat,Hay & small grains,1180.0,0.003946,209848.5,4890.6,0.0,17.3,16.313528,0.057707,699.989659
31,35,2017,2018,251763.0,251664.0,0.999607,6,5,0.776816,2.174537,0.629844,0.990916,Corn,Corn / soybean,50.0,0.000199,485669.1,4400.4,60.5,2651.8,17.478343,10.532922,1929.07258
31,37,2017,2018,228429.0,228373.0,0.999755,6,2,0.907902,2.479116,0.522496,0.995494,Corn,Corn / soybean,0.0,0.0,283932.8,3551.2,101.9,1177.8,15.546187,5.156088,1242.980532
31,39,2017,2018,317824.0,317730.0,0.999704,6,3,0.854289,2.349704,0.530579,0.99853,Corn,Corn / soybean,4.0,1.3e-05,342787.1,6345.0,115.4,3918.0,19.963879,12.327578,1078.543785
31,41,2017,2018,412573.0,412430.0,0.999653,9,1,1.038335,2.824511,0.595359,0.98175,Corn,Corn / soybean,20.0,4.8e-05,383974.2,11455.0,107.6,4080.0,27.764783,9.889159,930.681843
31,43,2017,2018,141508.0,141376.0,0.999067,5,3,0.870832,2.388898,0.516446,0.999894,Corn,Corn / soybean,15.0,0.000106,140721.5,2504.0,44.4,1513.5,17.695113,10.695508,994.44201
31,45,2017,2018,102559.0,102372.0,0.998177,11,3,1.05917,2.883978,0.658403,0.95403,Hay & haylage,Hay & small grains,6.0,5.9e-05,48935.9,4994.2,0.0,132.2,48.695873,1.289014,477.148763
31,47,2017,2018,289517.0,289512.0,0.999983,11,0,1.042371,2.835934,0.594701,0.980032,Corn,Corn / soybean,59.0,0.000204,317313.0,9646.2,82.5,3448.3,33.318251,11.910527,1096.008179
31,49,2017,2018,138338.0,136910.0,0.989677,10,4,1.467432,4.338079,0.485509,0.828289,Wheat,Hay & small grains,0.0,0.0,130982.3,3952.2,0.0,14.1,28.569157,0.101924,946.828059
31,51,2017,2018,201551.0,201455.0,0.999524,4,2,0.829773,2.292799,0.528148,0.999216,Corn,Corn / soybean,0.0,0.0,241552.0,4429.3,83.3,2988.5,21.976076,14.827513,1198.465897
31,53,2017,2018,305697.0,305035.0,0.997834,5,5,0.769048,2.157711,0.522261,0.999852,Corn,Corn / soybean,45.0,0.000148,382262.7,4497.2,147.6,1601.5,14.711299,5.238848,1250.462713
31,55,2017,2018,74651.0,73683.0,0.987033,7,1,0.995447,2.705933,0.485594,0.974146,Corn,Corn / soybean,419.0,0.005687,67120.4,799.4,29.9,344.5,10.708497,4.614808,899.122584
31,57,2017,2018,155141.0,150821.0,0.972154,7,8,1.081429,2.948891,0.643286,0.93487,Corn,Corn / soybean,0.0,0.0,200303.0,8753.1,0.0,2481.9,56.420289,15.997705,1291.102932
31,59,2017,2018,300205.0,300154.0,0.99983,5,1,0.809096,2.245876,0.592346,0.987796,Corn,Corn / soybean,0.0,0.0,543974.2,4919.6,75.9,2910.7,16.387469,9.695708,1812.009127
31,61,2017,2018,170783.0,170633.0,0.999122,6,4,1.000684,2.720142,0.562494,0.958584,Corn,Corn / soybean,0.0,0.0,196102.8,5369.6,41.5,2213.2,31.441068,12.959135,1148.257145
31,63,2017,2018,174254.0,174090.0,0.999059,8,3,1.238349,3.449913,0.585324,0.868924,Corn,Corn / soybean,1.0,6e-06,242166.6,10465.2,0.0,2687.4,60.057158,15.422315,1389.733378
31,65,2017,2018,247672.0,247435.0,0.999043,7,2,1.233071,3.431752,0.557601,0.903874,Corn,Corn / soybean,35.0,0.000141,268691.8,7224.2,38.5,2983.7,29.168416,12.046981,1084.869505
31,67,2017,2018,416936.0,416841.0,0.999772,9,0,0.914198,2.494773,0.472974,0.983445,Soybeans,Corn / soybean,55.0,0.000132,639431.6,6271.0,109.7,3856.0,15.040678,9.248422,1533.644492
31,69,2017,2018,120954.0,119494.0,0.987929,8,6,1.380226,3.975798,0.390823,0.921235,Hay & haylage,Hay & small grains,0.0,0.0,101698.1,3663.1,0.0,19.2,30.285067,0.158738,840.799808
31,71,2017,2018,60785.0,60581.0,0.996644,4,4,0.682805,1.979422,0.754643,0.999983,Hay & haylage,Hay & small grains,1.0,1.7e-05,13154.8,748.5,1.2,274.6,12.313893,4.517562,216.415234
31,73,2017,2018,133685.0,133567.0,0.999117,6,1,1.008315,2.740979,0.607575,0.942291,Corn,Corn / soybean,0.0,0.0,160075.9,4542.2,31.2,1890.5,33.976886,14.141452,1197.411078
31,75,2017,2018,47326.0,47326.0,1.0,1,0,-0.0,1.0,1.0,1.0,Hay & haylage,Hay & small grains,0.0,0.0,121.9,44.2,0.0,38.0,0.933948,0.802941,2.575751
31,77,2017,2018,138118.0,138114.0,0.999971,7,0,1.01601,2.762153,0.560515,0.991949,Corn,Corn / soybean,0.0,0.0,130034.3,3562.0,51.5,1302.3,25.789542,9.428894,941.472509
31,79,2017,2018,264556.0,263580.0,0.996311,8,4,0.683826,1.981444,0.761977,0.993748,Corn,Corn / soybean,18.0,6.8e-05,271970.9,7547.1,58.8,3057.0,28.52742,11.555209,1028.027714
31,81,2017,2018,281549.0,281332.0,0.999229,7,5,0.777463,2.175944,0.681671,0.98023,Corn,Corn / soybean,3.0,1.1e-05,441138.5,5297.1,115.3,1684.9,18.814132,5.984393,1566.826734
31,83,2017,2018,191460.0,190659.0,0.995816,8,5,1.130751,3.097981,0.567254,0.93727,Corn,Corn / soybean,3.0,1.6e-05,227324.4,5976.5,44.9,2503.8,31.215397,13.077405,1187.320589
31,85,2017,2018,144999.0,143497.0,0.989641,8,3,1.289969,3.632672,0.594438,0.858882,Corn,Corn / soybean,0.0,0.0,171851.3,7227.7,0.0,2008.8,49.846551,13.853889,1185.189553
31,87,2017,2018,150064.0,149838.0,0.998494,6,3,1.257746,3.517486,0.435384,0.90389,Corn,Corn / soybean,0.0,0.0,179759.3,7142.4,0.0,1840.1,47.595693,12.262102,1197.884236
31,89,2017,2018,552705.0,546740.0,0.989208,9,6,1.250395,3.491723,0.424875,0.95231,Hay & haylage,Hay & small grains,0.0,0.0,240533.9,9046.8,44.8,1742.7,16.368225,3.153038,435.194
31,93,2017,2018,164447.0,164250.0,0.998802,8,2,0.997657,2.711921,0.614454,0.982758,Corn,Corn / soybean,219.0,0.001333,164198.7,4739.6,55.0,1735.7,28.821444,10.554768,998.490091
31,95,2017,2018,267279.0,267127.0,0.999431,6,3,0.955635,2.600322,0.488633,0.974926,Corn,Corn / soybean,0.0,0.0,380727.2,3624.1,59.7,2230.4,13.55924,8.344838,1424.456093
31,97,2017,2018,119488.0,119435.0,0.999556,7,3,1.060896,2.888958,0.450253,0.979604,Corn,Corn / soybean,20.0,0.000167,213957.9,2079.7,37.3,1254.6,17.405095,10.499799,1790.622489
31,99,2017,2018,240041.0,237108.0,0.987781,8,2,0.932363,2.540505,0.599469,0.977403,Corn,Corn / soybean,12.0,5.1e-05,323561.4,8834.7,75.5,3724.3,36.804962,15.515266,1347.942227
31,101,2017,2018,183434.0,181996.0,0.992161,8,5,1.32735,3.771037,0.573837,0.843826,Corn,Corn / soybean,0.0,0.0,232352.3,9930.1,0.0,2714.0,54.134457,14.795512,1266.680659
31,103,2017,2018,84323.0,81718.0,0.969107,5,2,0.865934,2.377225,0.674796,0.981791,Hay & haylage,Hay & small grains,0.0,0.0,23260.4,1785.3,2.2,953.3,21.172159,11.305338,275.848819
31,105,2017,2018,195509.0,192673.0,0.985494,12,3,1.537518,4.653028,0.485725,0.796676,Wheat,Hay & small grains,0.0,0.0,161648.0,4799.2,0.0,42.6,24.547208,0.217893,826.805927
31,107,2017,2018,275534.0,275480.0,0.999804,8,2,1.155436,3.175407,0.476187,0.976165,Corn,Corn / soybean,3.0,1.1e-05,291116.8,5599.1,87.6,3294.2,20.320904,11.955693,1056.554908
31,109,2017,2018,341422.0,341082.0,0.999004,9,2,0.946135,2.575736,0.462508,0.991325,Corn,Corn / soybean,341.0,0.001,391400.1,4514.7,170.3,1701.0,13.223225,4.982104,1146.38219
31,111,2017,2018,374240.0,372490.0,0.995324,11,3,1.248016,3.483424,0.563741,0.927657,Corn,Corn / soybean,1038.0,0.002787,377990.2,17732.8,0.0,4473.4,47.383497,11.953292,1010.020842
31,113,2017,2018,33846.0,33736.0,0.99675,6,2,1.08618,2.962935,0.477709,0.976731,Hay & haylage,Hay & small grains,0.0,0.0,29091.9,1205.5,5.1,278.2,35.617207,8.219583,859.537316
31,115,2017,2018,22195.0,22042.0,0.993107,5,2,0.853944,2.348893,0.698802,0.96357,Hay & haylage,Hay & small grains,1.0,4.5e-05,9155.6,517.3,1.1,203.7,23.307051,9.177743,412.507321
31,117,2017,2018,18860.0,18210.0,0.965536,2,3,0.315321,1.3707,0.904393,1.0,Hay & haylage,Hay & small grains,0.0,0.0,5682.8,303.5,0.2,90.4,16.092259,4.793213,301.314952
31,119,2017,2018,285913.0,285873.0,0.99986,9,1,0.886846,2.427462,0.511822,0.996901,Corn,Corn / soybean,45.0,0.000157,306635.1,5525.4,97.8,3423.0,19.325459,11.972173,1072.476942
31,121,2017,2018,189835.0,189570.0,0.998604,8,2,0.939386,2.558411,0.581147,0.973793,Corn,Corn / soybean,0.0,0.0,283147.9,3491.4,85.2,1267.1,18.391761,6.674744,1491.547396
31,123,2017,2018,174474.0,174014.0,0.997364,10,3,1.428812,4.173736,0.477146,0.832243,Corn,Corn / soybean,6778.0,0.038951,211884.5,8455.1,0.0,80.7,48.460516,0.462533,1214.418767
31,125,2017,2018,150246.0,150127.0,0.999208,6,3,0.946268,2.576079,0.540716,0.995124,Corn,Corn / soybean,0.0,0.0,206036.1,2594.5,63.0,811.3,17.268347,5.399811,1371.325027
31,127,2017,2018,216157.0,216144.0,0.99994,9,2,0.819142,2.268552,0.49852,0.990872,Soybeans,Corn / soybean,67.0,0.00031,291337.9,2749.8,55.7,1591.9,12.721309,7.364554,1347.806918
31,129,2017,2018,245106.0,244948.0,0.999355,7,2,1.102632,3.012083,0.534509,0.934798,Corn,Corn / soybean,2.0,8e-06,387390.3,3441.5,46.2,2110.3,14.040864,8.609744,1580.501089
31,131,2017,2018,315519.0,315484.0,0.999889,7,1,0.846574,2.331646,0.480994,0.995562,Corn,Corn / soybean,151.0,0.000479,447452.4,4326.3,83.3,2544.8,13.711694,8.065441,1418.147243
31,133,2017,2018,165417.0,165269.0,0.999105,6,4,1.024522,2.785764,0.476278,0.98212,Soybeans,Corn / soybean,0.0,0.0,238210.4,2187.9,42.2,1294.6,13.226573,7.826281,1440.05997
31,135,2017,2018,360285.0,359341.0,0.99738,13,5,1.278383,3.590828,0.611912,0.893472,Corn,Corn / soybean,0.0,0.0,474610.0,21714.4,0.0,6575.0,60.270064,18.249441,1317.318234
31,137,2017,2018,264181.0,263251.0,0.99648,5,4,0.819142,2.268554,0.624864,0.983856,Corn,Corn / soybean,0.0,0.0,340173.8,9397.9,76.0,3994.2,35.573717,15.11918,1287.654298
31,139,2017,2018,249870.0,249724.0,0.999416,7,2,0.917018,2.50182,0.533273,0.994266,Corn,Corn / soybean,5.0,2e-05,299510.5,5463.4,96.3,3311.6,21.86497,13.253292,1198.665306
31,141,2017,2018,322292.0,320515.0,0.994486,7,2,0.829365,2.291862,0.553353,0.994431,Corn,Corn / soybean,0.0,0.0,482509.7,5822.5,164.2,2183.7,18.065915,6.775533,1497.119693
31,143,2017,2018,214895.0,214696.0,0.999074,5,5,0.839291,2.314725,0.550844,0.996432,Corn,Corn / soybean,0.0,0.0,306334.3,3629.1,111.0,1252.2,16.887782,5.827032,1425.506875
31,145,2017,2018,192374.0,191208.0,0.993939,7,3,1.296669,3.657094,0.523514,0.852307,Corn,Corn / soybean,8.0,4.2e-05,289971.1,12080.9,0.0,2980.0,62.799027,15.490659,1507.329993
31,147,2017,2018,251097.0,251078.0,0.999924,8,1,0.887837,2.429868,0.486729,0.989215,Corn,Corn / soybean,25.0,0.0001,369575.7,3665.9,65.8,2229.9,14.599537,8.880632,1471.844347
31,149,2017,2018,107703.0,105756.0,0.981923,3,3,0.872788,2.393576,0.660662,1.0,Hay & haylage,Hay & small grains,0.0,0.0,30570.7,1235.9,6.8,299.0,11.475075,2.776153,283.842604
31,151,2017,2018,294084.0,293978.0,0.99964,6,3,0.909788,2.483795,0.525696,0.982312,Corn,Corn / soybean,0.0,0.0,464514.2,4306.4,74.0,2563.3,14.643435,8.716217,1579.528978
31,153,2017,2018,88710.0,88300.0,0.995378,7,1,0.814055,2.257042,0.509989,0.996897,Soybeans,Corn / soybean,202.0,0.002288,86696.0,1006.5,37.0,464.3,11.345959,5.233908,977.29681
31,155,2017,2018,401777.0,400615.0,0.997108,9,5,0.846967,2.332561,0.526768,0.994561,Corn,Corn / soybean,36.0,9e-05,498441.1,5866.7,211.3,2168.7,14.601881,5.39777,1240.591423
31,157,2017,2018,182229.0,181043.0,0.993492,8,5,1.370435,3.937064,0.433008,0.90067,Corn,Corn / soybean,9928.0,0.054838,257471.4,11647.2,0.0,84.3,63.915184,0.462605,1412.900252
31,159,2017,2018,286817.0,286712.0,0.999634,9,2,0.908494,2.480583,0.512842,0.984518,Corn,Corn / soybean,44.0,0.000153,373336.1,4375.3,145.0,1724.1,15.254675,6.01115,1301.652622
31,161,2017,2018,208513.0,206139.0,0.988615,12,7,1.525535,4.597605,0.456779,0.854986,Hay & haylage,Hay & small grains,5304.0,0.02573,163852.6,7949.9,0.0,152.6,38.12664,0.731849,785.814793
31,163,2017,2018,140373.0,140145.0,0.998376,5,4,0.968439,2.633829,0.568254,0.997324,Corn,Corn / soybean,0.0,0.0,130954.3,3786.6,43.8,1340.5,26.975273,9.549557,932.902339
31,165,2017,2018,70658.0,70276.0,0.994594,7,3,1.056906,2.877453,0.625334,0.935312,Hay & haylage,Hay & small grains,862.0,0.012266,45405.0,3106.2,0.0,39.1,43.961052,0.55337,642.602395
31,167,2017,2018,186147.0,185897.0,0.998657,6,3,0.945301,2.573588,0.491482,0.996966,Corn,Corn / soybean,10.0,5.4e-05,215431.7,3927.3,69.4,2394.0,21.097842,12.860804,1157.32029
31,169,2017,2018,243564.0,243442.0,0.999499,7,4,0.960258,2.61237,0.536859,0.963724,Corn,Corn / soybean,11.0,4.5e-05,463524.8,4128.4,65.6,2460.8,16.94996,10.103299,1903.092411
31,173,2017,2018,194807.0,194807.0,1.0,6,0,0.9387,2.556655,0.50202,0.990729,Corn,Corn / soybean,0.0,0.0,220457.8,4088.8,70.7,2469.5,20.988979,12.676649,1131.672886
31,175,2017,2018,154407.0,154120.0,0.998141,7,4,1.178128,3.248287,0.519121,0.956995,Corn,Corn / soybean,0.0,0.0,125725.2,3593.5,41.6,1263.2,23.272909,8.180976,814.245468
31,177,2017,2018,205394.0,205264.0,0.999367,8,1,0.902929,2.466818,0.478779,0.998865,Corn,Corn / soybean,77.0,0.000375,232414.5,2881.9,99.7,1018.9,14.031082,4.96071,1131.554476
31,179,2017,2018,244345.0,243967.0,0.998453,6,6,0.842155,2.321365,0.529268,0.998512,Corn,Corn / soybean,8.0,3.3e-05,274091.5,4999.5,90.9,3335.1,20.460824,13.649144,1121.739753
31,181,2017,2018,184235.0,183681.0,0.996993,7,4,1.284343,3.612296,0.445544,0.88755,Corn,Corn / soybean,0.0,0.0,207995.2,5371.4,49.7,2097.4,29.155155,11.384373,1128.966809
31,183,2017,2018,73590.0,73430.0,0.997826,4,1,1.00484,2.731471,0.52119,0.993667,Hay & haylage,Hay & small grains,0.0,0.0,48340.6,1773.3,8.0,221.2,24.097024,3.005843,656.890882
31,185,2017,2018,320370.0,320181.0,0.99941,6,4,0.716341,2.046929,0.647687,0.995815,Corn,Corn / soybean,84.0,0.000262,474839.4,5583.0,136.3,2050.2,17.426725,6.399476,1482.159378
32,1,2017,2018,42703.0,42174.0,0.987612,6,5,0.420827,1.52322,0.87497,0.998672,Hay & haylage,Hay & small grains,48.0,0.001138,9495.7,580.5,1.0,603.5,13.593893,14.132497,222.36611
32,5,2017,2018,18904.0,17565.0,0.929168,4,4,0.013473,1.013564,0.998406,0.999658,Hay & haylage,Hay & small grains,22.0,0.001252,1205.1,141.1,0.1,141.1,7.464029,7.464029,63.748413
32,7,2017,2018,127257.0,127226.0,0.999756,2,3,0.001184,1.001185,0.999882,1.0,Hay & haylage,Hay & small grains,15.0,0.000118,12822.1,625.0,2.7,640.5,4.911321,5.033122,100.757522
32,9,2017,2018,13353.0,12873.0,0.964053,1,1,-0.0,1.0,1.0,1.0,Hay & haylage,Hay & small grains,0.0,0.0,11816.8,1733.9,0.4,1735.3,129.85097,129.955815,884.954692
32,11,2017,2018,46433.0,46108.0,0.993001,2,1,0.059845,1.061672,0.989156,1.0,Hay & haylage,Hay & small grains,0.0,0.0,5409.6,783.3,0.0,783.3,16.869468,16.869468,116.503349
32,13,2017,2018,126104.0,115042.0,0.912279,4,7,0.14966,1.161439,0.967638,0.999957,Hay & haylage,Hay & small grains,5.0,4.3e-05,340987.8,4155.3,443.6,4212.8,32.951373,33.407346,2704.020491
32,15,2017,2018,34142.0,33637.0,0.985209,2,2,0.001194,1.001194,0.999881,1.0,Hay & haylage,Hay & small grains,4.0,0.000119,4249.8,839.1,0.0,839.1,24.576768,24.576768,124.474255
32,17,2017,2018,19189.0,18631.0,0.970921,3,2,0.373566,1.452907,0.878536,1.0,Hay & haylage,Hay & small grains,11.0,0.00059,56589.6,1538.4,61.3,1703.9,80.170931,88.795664,2949.064568
32,19,2017,2018,46569.0,44594.0,0.95759,6,2,0.397956,1.488779,0.907297,0.9889,Hay & haylage,Hay & small grains,1281.0,0.028726,179564.9,5402.4,172.4,5408.9,116.008504,116.148081,3855.889111
32,23,2017,2018,14067.0,14065.0,0.999858,3,0,0.103463,1.109005,0.980377,1.0,Hay & haylage,Hay & small grains,276.0,0.019623,119268.8,1615.8,47.0,2085.3,114.864577,148.240563,8478.623729
32,27,2017,2018,36893.0,37100.0,1.005611,6,2,0.908942,2.481694,0.74407,0.937466,Hay & haylage,Hay & small grains,0.0,0.0,10557.6,930.7,0.0,939.6,25.227008,25.468246,286.168108
32,31,2017,2018,17893.0,17656.0,0.986755,3,1,0.083413,1.086991,0.984425,1.0,Hay & haylage,Hay & small grains,275.0,0.015575,2092.6,132.3,1.1,134.3,7.393953,7.505728,116.950763
32,33,2017,2018,25226.0,24291.0,0.962935,1,3,-0.0,1.0,1.0,1.0,Hay & haylage,Hay & small grains,0.0,0.0,44274.8,445.0,55.2,757.2,17.64053,30.016649,1755.125664
33,7,2017,2018,11069.0,10069.0,0.909658,5,1,0.475864,1.609404,0.839309,0.996921,Hay & haylage,Hay & small grains,70.0,0.006952,1606.4,8.5,5.0,129.6,0.76791,11.708375,145.126028
33,9,2017,2018,13527.0,12600.0,0.93147,5,1,0.665008,1.944506,0.784524,0.982143,Hay & haylage,Hay & small grains,526.0,0.041746,2469.8,18.3,8.0,363.2,1.35285,26.850004,182.582982
33,13,2017,2018,13181.0,12677.0,0.961763,5,1,0.76374,2.146288,0.741421,0.976493,Hay & haylage,Hay & small grains,764.0,0.060267,3813.2,57.8,29.7,861.6,4.3851,65.366816,289.295198
34,1,2017,2018,16058.0,14645.0,0.912006,6,6,1.213661,3.365785,0.473336,0.92168,Berries,Specialty (veg / orchard / berry),12388.0,0.845886,4151.8,300.2,30.3,925.1,18.694732,57.609914,258.550255
34,5,2017,2018,46095.0,40486.0,0.878317,9,8,1.599589,4.950997,0.464901,0.728029,Soybeans,Corn / soybean,8890.0,0.219582,33729.2,1065.4,107.0,3048.2,23.113136,66.128647,731.732292
34,15,2017,2018,33112.0,32412.0,0.97886,9,3,1.773363,5.89063,0.304239,0.698568,Soybeans,Corn / soybean,8118.0,0.250463,60530.7,6222.8,267.0,6911.9,187.931868,208.743054,1828.059314
34,19,2017,2018,57106.0,55403.0,0.970178,10,8,1.266768,3.549361,0.58051,0.908633,Hay & haylage,Hay & small grains,1555.0,0.028067,34294.9,1797.6,97.7,1802.7,31.478304,31.567611,600.548104
34,21,2017,2018,12724.0,11457.0,0.900424,9,4,1.422012,4.145453,0.480143,0.859649,Soybeans,Corn / soybean,1352.0,0.118006,7941.6,218.0,19.6,556.2,17.132977,43.712669,624.143351
34,33,2017,2018,74941.0,78003.0,1.040859,9,4,1.567972,4.796911,0.369781,0.772637,Soybeans,Corn / soybean,13694.0,0.175557,53235.9,1617.1,69.6,4243.6,21.578308,56.625879,710.370825
34,37,2017,2018,20441.0,19780.0,0.967663,9,3,0.948873,2.582797,0.704954,0.935288,Hay & haylage,Hay & small grains,1008.0,0.050961,18086.4,921.4,61.1,919.7,45.076073,44.992906,884.809941
34,41,2017,2018,42758.0,41465.0,0.96976,10,5,1.344144,3.834903,0.444495,0.921669,Corn,Corn / soybean,2163.0,0.052164,47478.7,1902.8,111.4,1903.4,44.501614,44.515646,1110.40507
35,9,2017,2018,168118.0,175535.0,1.044118,7,3,1.424305,4.154968,0.372057,0.833526,Wheat,Hay & small grains,6012.0,0.03425,189995.4,7663.3,76.4,7712.9,45.582864,45.877895,1130.131217
35,13,2017,2018,76223.0,76738.0,1.006756,8,4,1.448447,4.256499,0.449621,0.834932,Orchards (fruit & tree nuts),Specialty (veg / orchard / berry),53300.0,0.694571,313368.7,5777.6,612.7,6222.7,75.798643,81.638088,4111.209215
35,25,2017,2018,48333.0,48517.0,1.003807,8,6,1.635377,5.131393,0.337511,0.799349,Cotton,Southern row crops,23783.0,0.490199,86765.2,665.4,55.0,4056.0,13.766991,83.91782,1795.154449
35,29,2017,2018,20168.0,19915.0,0.987455,7,2,1.583648,4.872698,0.343962,0.781622,Hay & haylage,Hay & small grains,10803.0,0.542455,197388.2,1161.2,155.2,2811.3,57.576359,139.39409,9787.197541
35,33,2017,2018,10486.0,9471.0,0.903204,5,5,0.082596,1.086103,0.986379,0.999155,Hay & haylage,Hay & small grains,123.0,0.012987,3861.3,173.8,0.0,175.8,16.57448,16.765211,368.233836
35,37,2017,2018,41965.0,39863.0,0.949911,5,7,1.150575,3.16001,0.539673,0.938013,Wheat,Hay & small grains,2471.0,0.061987,47714.6,2752.6,1.3,2738.5,65.592756,65.256762,1137.009413
35,39,2017,2018,15556.0,15435.0,0.992222,8,2,0.261481,1.298852,0.948235,0.994299,Hay & haylage,Hay & small grains,735.0,0.047619,29789.7,679.8,22.9,721.3,43.70018,46.367961,1914.997429
35,49,2017,2018,15812.0,14902.0,0.942449,5,3,0.788447,2.199978,0.491545,0.991411,Hay & haylage,Hay & small grains,281.0,0.018857,11731.3,182.0,10.9,199.6,11.510245,12.623324,741.923855
35,53,2017,2018,14351.0,14436.0,1.005923,6,1,0.851496,2.343149,0.70248,0.983375,Hay & haylage,Hay & small grains,240.0,0.016625,25809.0,872.4,12.8,937.9,60.790189,65.354331,1798.411261
35,55,2017,2018,11799.0,11563.0,0.979998,6,4,0.259883,1.296778,0.949148,0.989276,Hay & haylage,Hay & small grains,246.0,0.021275,9162.0,504.6,1.5,510.2,42.766336,43.240953,776.506484
35,57,2017,2018,12144.0,11673.0,0.961215,5,5,1.193883,3.299871,0.565664,0.898398,Hay & haylage,Hay & small grains,424.0,0.036323,29215.3,3021.5,1.7,3027.2,248.805995,249.275362,2405.73946
35,59,2017,2018,20898.0,21609.0,1.034022,3,4,1.076825,2.935346,0.430006,1.0,Corn,Corn / soybean,0.0,0.0,23086.9,3502.9,4.1,3516.0,167.618911,168.245765,1104.742081
35,61,2017,2018,15597.0,14683.0,0.941399,4,6,0.256049,1.291817,0.9432,0.999591,Hay & haylage,Hay & small grains,834.0,0.0568,15139.9,517.6,4.5,548.6,33.185869,35.173431,970.693082
36,1,2017,2018,28306.0,27869.0,0.984562,7,3,0.570971,1.769985,0.8489,0.983351,Hay & haylage,Hay & small grains,1284.0,0.046073,15607.7,2172.6,39.8,2152.6,76.754045,76.047481,551.391931
36,3,2017,2018,71998.0,68673.0,0.953818,11,5,1.007487,2.738709,0.654551,0.932244,Hay & haylage,Hay & small grains,1840.0,0.026794,18183.2,381.3,13.9,126.2,5.29598,1.752826,252.55146
36,7,2017,2018,26979.0,26119.0,0.968123,6,3,0.677351,1.968657,0.740955,0.986791,Hay & haylage,Hay & small grains,527.0,0.020177,5626.7,418.7,18.9,383.8,15.519478,14.225879,208.558508
36,9,2017,2018,67314.0,66499.0,0.987893,10,6,1.027347,2.793644,0.629904,0.948841,Hay & haylage,Hay & small grains,1446.0,0.021745,27006.9,706.9,13.3,96.9,10.50153,1.439522,401.207773
36,11,2017,2018,155963.0,155791.0,0.998897,14,4,1.419117,4.133469,0.387692,0.906535,Corn,Corn / soybean,3864.0,0.024802,83755.3,6410.2,104.9,6274.3,41.100774,40.229413,537.020319
36,13,2017,2018,104436.0,103540.0,0.991421,8,6,1.366317,3.920883,0.444678,0.903641,Hay & haylage,Hay & small grains,20309.0,0.196146,32290.7,983.2,49.8,531.8,9.414378,5.092114,309.191275
36,15,2017,2018,26637.0,26194.0,0.983369,9,4,0.959664,2.610819,0.654577,0.958426,Hay & haylage,Hay & small grains,421.0,0.016072,7380.2,1000.6,22.7,891.6,37.56429,33.472238,277.065736
36,17,2017,2018,65359.0,64835.0,0.991983,9,3,0.664456,1.943432,0.775538,0.983435,Hay & haylage,Hay & small grains,444.0,0.006848,13124.6,303.2,11.3,202.5,4.638994,3.098273,200.807846
36,19,2017,2018,67019.0,65769.0,0.981349,6,5,0.943284,2.568403,0.569341,0.977315,Hay & haylage,Hay & small grains,3980.0,0.060515,81022.7,6944.6,134.9,6948.0,103.621361,103.672093,1208.951193
36,21,2017,2018,54856.0,51185.0,0.933079,10,6,1.298667,3.664407,0.492859,0.90423,Hay & haylage,Hay & small grains,3927.0,0.076722,92850.0,18197.9,266.4,17569.0,331.739463,320.274902,1692.613388
36,23,2017,2018,48244.0,47527.0,0.985138,12,2,0.900529,2.460905,0.640604,0.975509,Hay & haylage,Hay & small grains,364.0,0.007659,12635.5,276.7,9.6,210.6,5.735428,4.36531,261.908217
36,25,2017,2018,53990.0,53761.0,0.995758,8,5,0.503347,1.654248,0.851305,0.990067,Hay & haylage,Hay & small grains,523.0,0.009728,21798.7,746.2,12.9,672.7,13.821078,12.459715,403.754399
36,27,2017,2018,32371.0,31108.0,0.960984,8,2,0.94788,2.580234,0.7139,0.932365,Hay & haylage,Hay & small grains,1824.0,0.058634,37329.6,6161.7,113.0,5948.8,190.346298,183.769423,1153.180316
36,29,2017,2018,79342.0,77537.0,0.97725,11,6,1.306906,3.694724,0.544682,0.886609,Hay & haylage,Hay & small grains,4912.0,0.06335,61148.6,810.0,175.7,825.4,10.208969,10.403065,770.696479
36,31,2017,2018,18500.0,17671.0,0.955189,12,7,0.505468,1.657761,0.873691,0.977307,Hay & haylage,Hay & small grains,382.0,0.021617,6187.8,571.9,10.2,534.8,30.913514,28.908108,334.475676
36,33,2017,2018,61482.0,61067.0,0.99325,13,1,0.939722,2.55927,0.664876,0.946551,Hay & haylage,Hay & small grains,1045.0,0.017112,27414.3,299.6,3.5,242.2,4.872971,3.939364,445.89148
36,37,2017,2018,133858.0,135152.0,1.009667,14,5,1.563015,4.77319,0.355866,0.799574,Corn,Corn / soybean,21992.0,0.16272,133124.8,2065.1,271.7,2068.9,15.427543,15.455931,994.522554
36,39,2017,2018,11197.0,10959.0,0.978744,7,3,0.757691,2.133344,0.778264,0.981659,Hay & haylage,Hay & small grains,1259.0,0.114883,13885.8,2539.5,68.1,2471.5,226.801822,220.728767,1240.135751
36,43,2017,2018,54066.0,53177.0,0.983557,11,6,0.884098,2.420799,0.683641,0.970702,Hay & haylage,Hay & small grains,363.0,0.006826,18003.7,423.4,17.5,332.6,7.831169,6.15174,332.994858
36,45,2017,2018,143762.0,143025.0,0.994873,13,1,0.907337,2.477715,0.655927,0.970551,Hay & haylage,Hay & small grains,529.0,0.003699,111386.3,411.7,12.9,571.9,2.863761,3.978103,774.796539
36,49,2017,2018,94878.0,93566.0,0.986172,11,3,0.776355,2.173536,0.643898,0.986138,Hay & haylage,Hay & small grains,185.0,0.001977,52761.7,44.0,0.3,60.5,0.463753,0.637661,556.100466
36,51,2017,2018,131567.0,131322.0,0.998138,11,3,1.479105,4.389017,0.410586,0.834232,Corn,Corn / soybean,2844.0,0.021657,138287.8,1352.2,98.7,1352.7,10.277653,10.281454,1051.082718
36,53,2017,2018,87665.0,87304.0,0.995882,12,6,1.173031,3.231772,0.561234,0.925628,Hay & haylage,Hay & small grains,2610.0,0.029896,27406.8,654.5,31.9,531.8,7.465921,6.066275,312.631039
36,55,2017,2018,69903.0,70006.0,1.001473,13,5,1.722889,5.600684,0.340599,0.703925,Corn,Corn / soybean,8967.0,0.128089,108474.6,3562.1,803.5,3717.4,50.957756,53.179406,1551.787477
36,57,2017,2018,70918.0,70687.0,0.996743,11,3,0.941052,2.562676,0.671099,0.965086,Hay & haylage,Hay & small grains,672.0,0.009507,32453.3,963.0,17.5,966.2,13.579063,13.624186,457.617248
36,63,2017,2018,93999.0,95909.0,1.020319,10,4,1.607759,4.991614,0.335818,0.789874,Corn,Corn / soybean,9746.0,0.101617,135267.3,5627.5,556.3,6310.0,59.867658,67.128374,1439.029139
36,65,2017,2018,92679.0,91679.0,0.98921,9,10,1.14548,3.143949,0.55751,0.940728,Hay & haylage,Hay & small grains,2786.0,0.030389,48667.0,1060.2,47.0,763.2,11.439485,8.234875,525.113564
36,67,2017,2018,91655.0,91172.0,0.99473,12,4,1.391199,4.019667,0.40066,0.881707,Corn,Corn / soybean,2963.0,0.032499,52241.9,2145.9,117.2,1813.7,23.412798,19.788337,569.98418
36,69,2017,2018,136315.0,136846.0,1.003895,16,5,1.554128,4.730959,0.369759,0.838746,Corn,Corn / soybean,5282.0,0.038598,108457.1,1745.2,297.4,1760.5,12.8027,12.91494,795.635843
36,71,2017,2018,37078.0,36210.0,0.97659,10,4,1.23168,3.426983,0.609224,0.888622,Hay & haylage,Hay & small grains,6682.0,0.184535,66167.0,12815.9,237.4,12426.3,345.647014,335.139436,1784.535304
36,73,2017,2018,93030.0,94131.0,1.011835,11,1,1.631659,5.112349,0.363207,0.734636,Corn,Corn / soybean,19432.0,0.206436,257722.9,13352.9,984.4,13373.7,143.533269,143.756853,2770.320327
36,75,2017,2018,30902.0,30176.0,0.976506,8,5,1.197128,3.310594,0.595341,0.88809,Hay & haylage,Hay & small grains,3260.0,0.108033,37285.4,2312.4,73.2,2026.3,74.830108,65.571808,1206.569154
36,77,2017,2018,65997.0,65441.0,0.991575,10,8,0.699523,2.012792,0.776256,0.979569,Hay & haylage,Hay & small grains,419.0,0.006403,14339.5,363.5,15.2,274.6,5.507826,4.160795,217.275028
36,83,2017,2018,38332.0,37396.0,0.975582,10,5,1.015011,2.759393,0.632153,0.941705,Hay & haylage,Hay & small grains,1839.0,0.049176,41384.7,4752.6,96.8,4693.1,123.985182,122.432954,1079.638422
36,89,2017,2018,150423.0,149924.0,0.996683,12,5,0.795539,2.215634,0.693018,0.985192,Hay & haylage,Hay & small grains,460.0,0.003068,54162.9,420.2,11.9,587.1,2.793456,3.902994,360.070601
36,91,2017,2018,35821.0,34088.0,0.951621,9,1,0.85873,2.360162,0.633419,0.972512,Hay & haylage,Hay & small grains,858.0,0.02517,37884.2,4051.4,71.3,4047.8,113.101253,113.000754,1057.597499
36,95,2017,2018,52862.0,52854.0,0.999849,12,3,0.715013,2.044213,0.78942,0.970371,Hay & haylage,Hay & small grains,1383.0,0.026166,23852.1,3362.6,58.1,3338.9,63.610911,63.162574,451.214483
36,97,2017,2018,38951.0,38713.0,0.99389,11,4,1.15779,3.182891,0.629737,0.912252,Hay & haylage,Hay & small grains,1393.0,0.035983,7121.6,498.7,14.0,499.0,12.803266,12.810968,182.834844
36,99,2017,2018,86552.0,86118.0,0.994986,15,4,1.554995,4.735063,0.361794,0.86191,Corn,Corn / soybean,2950.0,0.034255,60537.2,319.5,50.6,318.5,3.691422,3.679869,699.431556
36,101,2017,2018,203734.0,200683.0,0.985025,16,1,1.213644,3.365727,0.5843,0.89324,Hay & haylage,Hay & small grains,6176.0,0.030775,60575.2,2517.4,84.9,625.8,12.356308,3.071652,297.324943
36,105,2017,2018,20039.0,19731.0,0.98463,5,3,0.212395,1.236636,0.954893,0.99706,Hay & haylage,Hay & small grains,165.0,0.008362,5790.7,552.6,9.2,523.6,27.576226,26.129048,288.971506
36,107,2017,2018,43887.0,42721.0,0.973432,7,5,0.750767,2.118624,0.733574,0.981063,Hay & haylage,Hay & small grains,253.0,0.005922,8853.9,680.7,36.8,658.0,15.510288,14.99305,201.743113
36,109,2017,2018,51122.0,50308.0,0.984077,13,2,1.24287,3.465547,0.594955,0.900592,Hay & haylage,Hay & small grains,1303.0,0.0259,17781.0,1568.0,59.6,1538.3,30.671726,30.090763,347.815031
36,111,2017,2018,18016.0,17636.0,0.978908,7,5,1.274265,3.576071,0.493763,0.890565,Hay & haylage,Hay & small grains,7097.0,0.402416,205106.0,60433.6,810.3,58586.7,3354.440497,3251.926066,11384.658082
36,115,2017,2018,87802.0,87160.0,0.992688,11,3,0.763149,2.145021,0.679807,0.984821,Hay & haylage,Hay & small grains,1166.0,0.013378,65560.1,7836.6,120.2,7823.9,89.253092,89.108449,746.681169
36,117,2017,2018,95575.0,94478.0,0.988522,12,6,1.604811,4.976919,0.288427,0.789253,Corn,Corn / soybean,29340.0,0.310548,428430.2,37246.1,1934.4,37373.0,389.705467,391.03322,4482.659691
36,121,2017,2018,148788.0,147254.0,0.98969,10,5,1.163054,3.19969,0.433754,0.927133,Corn,Corn / soybean,8947.0,0.060759,149304.6,4932.7,259.4,4949.5,33.152539,33.265452,1003.472054
36,123,2017,2018,67518.0,67336.0,0.997304,17,4,1.778179,5.919069,0.384252,0.744906,Hay & haylage,Hay & small grains,8191.0,0.121644,36180.6,690.6,68.4,732.0,10.228384,10.841553,535.865991
37,1,2017,2018,25343.0,25610.0,1.010535,9,5,1.307425,3.696644,0.569856,0.874697,Hay & haylage,Hay & small grains,1784.0,0.06966,25569.4,515.4,15.4,270.2,20.336977,10.661721,1008.933433
37,3,2017,2018,18618.0,19179.0,1.030132,9,2,1.281346,3.601482,0.600813,0.864591,Hay & haylage,Hay & small grains,989.0,0.051567,40631.1,1814.6,8.7,2051.6,97.464819,110.194435,2182.355785
37,13,2017,2018,114813.0,124024.0,1.080226,10,3,1.286971,3.621801,0.477875,0.894972,Soybeans,Corn / soybean,11630.0,0.093772,360693.0,6575.9,642.1,4655.8,57.274873,40.551157,3141.569334
37,15,2017,2018,100830.0,105828.0,1.049569,9,5,1.852814,6.377744,0.330319,0.650565,Soybeans,Corn / soybean,35844.0,0.338701,385951.9,19931.6,3030.5,19320.5,197.675295,191.614599,3827.748686
37,17,2017,2018,61700.0,59489.0,0.964165,12,3,1.710307,5.53066,0.348384,0.758174,Corn,Corn / soybean,12694.0,0.213384,79483.8,3368.8,270.0,1775.1,54.599676,28.769854,1288.230146
37,19,2017,2018,20933.0,20112.0,0.96078,7,4,1.07932,2.942679,0.458681,0.96614,Soybeans,Corn / soybean,491.0,0.024413,25928.2,940.5,46.4,608.2,44.929059,29.054603,1238.628004
37,21,2017,2018,14350.0,13931.0,0.970801,9,3,0.65334,1.92195,0.825282,0.980475,Hay & haylage,Hay & small grains,1056.0,0.075802,27569.4,841.6,82.5,867.1,58.648084,60.425087,1921.212544
37,25,2017,2018,28292.0,31000.0,1.095716,9,5,1.462914,4.318527,0.425839,0.817097,Hay & haylage,Hay & small grains,384.0,0.012387,25149.7,691.5,1.4,153.3,24.441538,5.418493,888.933267
37,27,2017,2018,11984.0,10894.0,0.909045,7,2,1.050755,2.85981,0.688636,0.893795,Hay & haylage,Hay & small grains,364.0,0.033413,4755.4,227.5,0.4,28.3,18.983645,2.361482,396.812417
37,29,2017,2018,53445.0,52894.0,0.98969,4,5,0.920121,2.509595,0.578894,0.997467,Soybeans,Corn / soybean,0.0,0.0,83491.0,2284.8,70.5,2192.0,42.750491,41.014127,1562.185424
37,33,2017,2018,19052.0,18876.0,0.990762,8,3,1.478062,4.38444,0.432295,0.77384,Hay & haylage,Hay & small grains,2449.0,0.129741,37740.9,849.9,38.5,600.4,44.60949,31.513752,1980.941633
37,35,2017,2018,31460.0,34290.0,1.089955,10,2,1.462627,4.317285,0.350073,0.845961,Soybeans,Corn / soybean,845.0,0.024643,22144.8,611.0,9.8,185.1,19.421488,5.883662,703.903369
37,37,2017,2018,27195.0,27900.0,1.025924,12,3,1.185907,3.273656,0.682258,0.878172,Hay & haylage,Hay & small grains,898.0,0.032186,15357.3,327.4,2.8,153.2,12.038978,5.633388,564.710425
37,41,2017,2018,41625.0,44717.0,1.074282,8,6,1.751088,5.760868,0.359349,0.695351,Soybeans,Corn / soybean,16845.0,0.376702,116347.4,7727.4,1331.6,7598.3,185.643243,182.541742,2795.132733
37,47,2017,2018,101461.0,106316.0,1.047851,12,2,1.429719,4.177524,0.462997,0.845686,Soybeans,Corn / soybean,13099.0,0.123208,181812.9,7179.7,297.5,4937.3,70.76315,48.662047,1791.948631
37,49,2017,2018,58565.0,58921.0,1.006079,10,1,1.364567,3.914027,0.44692,0.858624,Soybeans,Corn / soybean,7627.0,0.129445,183412.1,3610.2,454.1,2651.1,61.644327,45.267651,3131.769828
37,51,2017,2018,31082.0,33954.0,1.092401,11,2,1.714263,5.552584,0.395771,0.700389,Soybeans,Corn / soybean,6344.0,0.186841,179737.4,4734.6,354.9,3549.9,152.326105,114.210797,5782.684512
37,53,2017,2018,34672.0,38004.0,1.096101,7,3,1.02219,2.779275,0.544732,0.988896,Soybeans,Corn / soybean,147.0,0.003868,51270.8,990.9,0.1,1053.6,28.579257,30.387633,1478.737886
37,57,2017,2018,37894.0,39507.0,1.042566,12,2,1.451215,4.268298,0.418508,0.891159,Hay & haylage,Hay & small grains,933.0,0.023616,37604.0,1653.8,11.1,1073.3,43.642793,28.323745,992.347073
37,59,2017,2018,33749.0,36123.0,1.070343,8,3,1.341012,3.822911,0.369488,0.901835,Hay & haylage,Hay & small grains,178.0,0.004928,25983.8,1109.3,3.2,446.7,32.869122,13.235948,769.913183
37,61,2017,2018,142837.0,151366.0,1.059711,12,3,1.698206,5.464135,0.396668,0.770285,Soybeans,Corn / soybean,20443.0,0.135057,208306.1,9543.9,503.3,6746.7,66.816721,47.23356,1458.348327
37,65,2017,2018,98642.0,104254.0,1.056893,12,2,1.84525,6.329681,0.401788,0.678593,Soybeans,Corn / soybean,32633.0,0.313014,408711.5,13986.1,1884.0,13359.5,141.78646,135.434196,4143.382129
37,67,2017,2018,12364.0,12258.0,0.991427,9,4,1.342128,3.82718,0.501387,0.86882,Hay & haylage,Hay & small grains,1131.0,0.092266,18416.6,478.5,16.4,337.2,38.701068,27.272727,1489.534131
37,69,2017,2018,37105.0,38067.0,1.025926,9,2,1.444721,4.240669,0.424121,0.85431,Soybeans,Corn / soybean,4099.0,0.107679,71523.2,1903.0,76.2,946.6,51.286889,25.511387,1927.589274
37,71,2017,2018,13301.0,13479.0,1.013382,7,6,0.999784,2.717694,0.62475,0.966986,Hay & haylage,Hay & small grains,135.0,0.010016,10077.2,201.3,0.8,151.2,15.1342,11.367566,757.627246
37,73,2017,2018,43874.0,47600.0,1.084925,7,5,1.345307,3.839365,0.507647,0.830357,Soybeans,Corn / soybean,13846.0,0.290882,130489.3,9596.4,1334.9,9503.4,218.726353,216.606646,2974.182887
37,77,2017,2018,27303.0,27458.0,1.005677,8,4,1.532596,4.630181,0.394421,0.761927,Hay & haylage,Hay & small grains,3929.0,0.143091,44172.8,1264.1,81.8,597.6,46.298942,21.887705,1617.873494
37,79,2017,2018,66612.0,69700.0,1.046358,10,5,1.817669,6.157489,0.396844,0.662052,Soybeans,Corn / soybean,23405.0,0.335796,409055.4,7247.4,960.8,5800.5,108.800216,87.078905,6140.866511
37,81,2017,2018,33102.0,34371.0,1.038336,11,2,1.581882,4.864101,0.370661,0.788164,Hay & haylage,Hay & small grains,2823.0,0.082133,39227.9,990.3,34.4,495.1,29.916621,14.9568,1185.061326
37,83,2017,2018,123274.0,126875.0,1.029211,12,6,1.595122,4.928928,0.382203,0.7968,Cotton,Southern row crops,62843.0,0.495314,485503.0,35220.9,4579.7,34634.8,285.712316,280.957866,3938.405503
37,85,2017,2018,59854.0,62266.0,1.040298,11,5,1.700955,5.479178,0.457312,0.705008,Soybeans,Corn / soybean,19105.0,0.306829,180337.2,6623.1,407.1,5592.4,110.654259,93.434023,3012.951515
37,89,2017,2018,18597.0,16774.0,0.901973,7,2,1.553299,4.727041,0.266484,0.788423,Hay & haylage,Hay & small grains,6283.0,0.374568,30721.4,1014.4,87.9,5973.2,54.546432,321.19159,1651.954616
37,91,2017,2018,53364.0,56019.0,1.049753,10,3,1.810098,6.111046,0.308681,0.716239,Soybeans,Corn / soybean,23254.0,0.415109,248692.2,11926.2,1761.3,11563.7,223.487745,216.694776,4660.299078
37,93,2017,2018,27545.0,27282.0,0.990452,7,5,1.433906,4.195052,0.375669,0.85408,Soybeans,Corn / soybean,5700.0,0.208929,58856.1,2177.9,406.6,1417.9,79.066981,51.475767,2136.725359
37,95,2017,2018,84879.0,93748.0,1.10449,6,3,1.333762,3.795296,0.433311,0.855602,Soybeans,Corn / soybean,13092.0,0.139651,218773.2,4033.9,388.6,2858.8,47.525301,33.680887,2577.471459
37,97,2017,2018,61586.0,64872.0,1.053356,10,2,1.330974,3.784729,0.433746,0.904412,Hay & haylage,Hay & small grains,168.0,0.00259,39848.2,1517.1,4.0,527.7,24.633845,8.568506,647.033417
37,101,2017,2018,118446.0,123185.0,1.04001,14,3,1.723567,5.604482,0.485895,0.715396,Soybeans,Corn / soybean,35014.0,0.284239,494914.5,7653.7,773.0,6031.8,64.617632,50.924472,4178.397751
37,103,2017,2018,45858.0,49119.0,1.071111,9,2,1.507071,4.51349,0.311264,0.863149,Soybeans,Corn / soybean,14784.0,0.300983,207557.7,4022.8,518.3,3087.0,87.722971,67.316499,4526.095774
37,105,2017,2018,16005.0,15851.0,0.990378,9,3,1.542209,4.674905,0.449498,0.819759,Soybeans,Corn / soybean,3364.0,0.212226,70696.4,3434.4,68.2,3255.4,214.582943,203.398938,4417.144642
37,107,2017,2018,82568.0,88051.0,1.066406,10,3,1.622175,5.064091,0.41468,0.767396,Soybeans,Corn / soybean,18156.0,0.206199,404137.5,5326.2,575.3,4044.2,64.506831,48.980234,4894.602025
37,109,2017,2018,25985.0,26836.0,1.03275,10,3,1.29609,3.654978,0.419138,0.905724,Hay & haylage,Hay & small grains,243.0,0.009055,22939.9,453.5,6.3,256.2,17.452376,9.859534,882.813161
37,117,2017,2018,97775.0,100397.0,1.026817,12,4,1.718082,5.573829,0.327809,0.747353,Soybeans,Corn / soybean,47295.0,0.47108,395312.4,21572.5,3271.0,20918.0,220.634109,213.940169,4043.082588
37,125,2017,2018,17909.0,18519.0,1.034061,9,3,1.69936,5.470445,0.362115,0.737567,Hay & haylage,Hay & small grains,2803.0,0.151358,45083.1,1578.9,5.6,1471.4,88.162376,82.159808,2517.343235
37,127,2017,2018,85870.0,86418.0,1.006382,12,4,1.777402,5.914471,0.397232,0.721655,Soybeans,Corn / soybean,38733.0,0.448205,442760.1,14692.9,1748.0,13869.1,171.106324,161.512752,5156.167462
37,131,2017,2018,101343.0,107171.0,1.057508,10,5,1.392478,4.024809,0.404867,0.852647,Cotton,Southern row crops,48928.0,0.456541,338678.9,29291.0,3848.3,28853.8,289.028349,284.714287,3341.907186
37,133,2017,2018,29784.0,28810.0,0.967298,10,1,1.514486,4.547081,0.434849,0.816626,Soybeans,Corn / soybean,4149.0,0.144012,129710.8,3113.8,328.7,2187.3,104.546065,73.438759,4355.049691
37,135,2017,2018,25012.0,25444.0,1.017272,9,2,1.473589,4.364874,0.475436,0.834971,Hay & haylage,Hay & small grains,1531.0,0.060171,18634.7,390.1,12.4,276.8,15.596514,11.066688,745.030385
37,137,2017,2018,36022.0,36396.0,1.010383,5,4,0.940684,2.561734,0.4975,0.990988,Soybeans,Corn / soybean,18.0,0.000495,85768.8,1229.5,80.3,761.5,34.131919,21.139859,2381.011604
37,139,2017,2018,68559.0,70610.0,1.029916,4,4,0.949769,2.585113,0.650998,0.947175,Soybeans,Corn / soybean,3730.0,0.052825,122916.8,5932.3,328.1,5748.5,86.528392,83.847489,1792.861623
37,141,2017,2018,31410.0,32295.0,1.028176,7,5,1.311639,3.712255,0.418641,0.878371,Soybeans,Corn / soybean,1255.0,0.038861,48689.3,1675.0,63.0,838.1,53.326966,26.682585,1550.120981
37,143,2017,2018,73020.0,83552.0,1.144234,9,4,1.351906,3.864787,0.542417,0.866239,Soybeans,Corn / soybean,7365.0,0.088149,140960.3,7920.4,720.8,7749.2,108.468913,106.124349,1930.434128
37,145,2017,2018,36385.0,38864.0,1.068132,9,5,1.516787,4.55756,0.385215,0.798271,Soybeans,Corn / soybean,5592.0,0.143886,67861.9,1760.8,69.2,1014.8,48.393569,27.890614,1865.1065
37,147,2017,2018,135203.0,136436.0,1.00912,11,2,1.50719,4.514027,0.512423,0.809141,Soybeans,Corn / soybean,31136.0,0.22821,424753.2,7469.2,934.0,4745.7,55.244336,35.100553,3141.595971
37,151,2017,2018,54527.0,56146.0,1.029692,11,4,1.445685,4.244757,0.403982,0.892744,Hay & haylage,Hay & small grains,1296.0,0.023083,53195.0,2320.2,35.1,1709.6,42.551397,31.353275,975.571735
37,153,2017,2018,15232.0,13642.0,0.895614,9,3,1.422257,4.146467,0.436006,0.885354,Soybeans,Corn / soybean,511.0,0.037458,35865.5,1318.2,113.0,624.8,86.541492,41.018908,2354.615284
37,155,2017,2018,192147.0,208255.0,1.083832,14,0,1.526579,4.602404,0.432287,0.850645,Soybeans,Corn / soybean,20428.0,0.098091,244323.0,8949.7,452.4,5627.1,46.57736,29.285391,1271.542101
37,157,2017,2018,32925.0,33883.0,1.029096,8,1,1.433033,4.191394,0.458873,0.817283,Hay & haylage,Hay & small grains,5574.0,0.164507,45709.9,1076.2,47.2,770.1,32.686409,23.389522,1388.303721
37,159,2017,2018,60433.0,67770.0,1.121407,13,2,1.607424,4.989939,0.333348,0.812749,Soybeans,Corn / soybean,1618.0,0.023875,32450.5,1351.2,18.5,326.5,22.358645,5.402677,536.966558
37,161,2017,2018,13115.0,12962.0,0.988334,6,4,0.638686,1.89399,0.811603,0.981176,Hay & haylage,Hay & small grains,244.0,0.018824,13936.8,525.5,41.0,592.9,40.068624,45.207777,1062.661075
37,163,2017,2018,177866.0,189895.0,1.06763,13,5,1.892149,6.633609,0.354822,0.666742,Soybeans,Corn / soybean,50844.0,0.267748,432667.0,16739.6,841.7,13425.4,94.113546,75.480418,2432.544725
37,165,2017,2018,27421.0,29410.0,1.072536,8,3,1.52746,4.606461,0.470962,0.794866,Soybeans,Corn / soybean,5400.0,0.183611,50707.6,1826.0,282.0,1008.7,66.591299,36.785675,1849.225046
37,167,2017,2018,49883.0,57160.0,1.145881,10,6,1.6373,5.14127,0.258467,0.662544,Soybeans,Corn / soybean,10793.0,0.188821,106039.9,3368.1,320.8,1083.7,67.519997,21.724836,2125.772307
37,169,2017,2018,23730.0,23480.0,0.989465,9,2,1.05362,2.868014,0.668995,0.91431,Hay & haylage,Hay & small grains,1844.0,0.078535,23660.9,467.7,20.2,343.8,19.709229,14.48799,997.088074
37,171,2017,2018,57966.0,53507.0,0.923076,8,3,1.467132,4.336778,0.391388,0.869083,Hay & haylage,Hay & small grains,4330.0,0.080924,66759.1,3852.4,59.3,1944.1,66.459649,33.538626,1151.694097
37,177,2017,2018,50232.0,55362.0,1.102126,3,5,1.028346,2.796436,0.476554,1.0,Soybeans,Corn / soybean,0.0,0.0,108108.1,3164.7,160.6,3145.1,63.001672,62.611483,2152.175904
37,181,2017,2018,14498.0,15105.0,1.041868,8,2,1.405863,4.079047,0.385369,0.821384,Soybeans,Corn / soybean,2531.0,0.16756,24107.9,679.1,24.5,371.0,46.840944,25.589737,1662.843151
37,183,2017,2018,36851.0,36233.0,0.98323,12,5,1.727362,5.625792,0.412994,0.727983,Soybeans,Corn / soybean,10318.0,0.284768,162975.2,7942.0,117.4,7562.3,215.51654,205.212884,4422.544843
37,185,2017,2018,20314.0,19776.0,0.973516,9,3,1.381787,3.982013,0.468649,0.856088,Soybeans,Corn / soybean,1534.0,0.077569,34259.8,1169.3,87.2,297.9,57.561288,14.664763,1686.511765
37,187,2017,2018,67996.0,70365.0,1.03484,8,7,1.400376,4.056725,0.45345,0.86391,Soybeans,Corn / soybean,11076.0,0.157408,186616.0,8452.7,861.9,8359.2,124.311724,122.936643,2744.514383
37,191,2017,2018,123617.0,136030.0,1.100415,13,0,1.680916,5.370471,0.450364,0.76417,Soybeans,Corn / soybean,22058.0,0.162155,482820.9,7500.0,842.0,5153.2,60.671267,41.686823,3905.780758
37,193,2017,2018,34798.0,35692.0,1.025691,10,3,1.131902,3.101549,0.583632,0.918553,Hay & haylage,Hay & small grains,609.0,0.017063,22429.4,1111.5,11.3,890.0,31.941491,25.576183,644.560032
37,195,2017,2018,95746.0,98689.0,1.030738,10,4,1.729587,5.638323,0.415203,0.686753,Soybeans,Corn / soybean,35838.0,0.363141,445234.4,6726.7,789.4,5309.4,70.255676,55.452969,4650.161887
37,197,2017,2018,44370.0,47284.0,1.065675,11,0,1.550726,4.714892,0.345635,0.837493,Soybeans,Corn / soybean,3309.0,0.069981,71547.0,3712.5,41.2,1591.9,83.6714,35.877845,1612.508452
38,1,2017,2018,289199.0,289199.0,1.0,11,0,1.714521,5.554016,0.298158,0.768191,Wheat,Hay & small grains,0.0,0.0,86825.1,1466.9,0.0,252.3,5.072286,0.87241,300.226142
38,3,2017,2018,722914.0,722416.0,0.999311,11,3,1.163495,3.201101,0.564377,0.938457,Soybeans,Corn / soybean,66.0,9.1e-05,575390.8,7416.4,24.1,3651.9,10.259035,5.051638,795.932573
38,5,2017,2018,503944.0,503791.0,0.999696,11,5,1.660751,5.263263,0.402665,0.769686,Soybeans,Corn / soybean,0.0,0.0,446676.6,9884.2,5.2,9023.6,19.613687,17.905958,886.36158
38,7,2017,2018,87556.0,86813.0,0.991514,8,4,1.26408,3.539835,0.508495,0.885202,Hay & haylage,Hay & small grains,0.0,0.0,42324.8,985.2,0.0,123.2,11.252227,1.407099,483.402622
38,9,2017,2018,765191.0,762814.0,0.996894,11,8,1.580159,4.855728,0.36075,0.833655,Wheat,Hay & small grains,0.0,0.0,639780.0,14390.0,9.4,13285.0,18.805762,17.361678,836.104972
38,11,2017,2018,232332.0,230921.0,0.993927,11,3,1.525263,4.59635,0.406836,0.834428,Wheat,Hay & small grains,0.0,0.0,123757.2,3331.9,0.0,279.4,14.341115,1.202589,532.673932
38,13,2017,2018,315550.0,314027.0,0.995174,11,3,1.83312,6.253368,0.380681,0.69822,Wheat,Hay & small grains,0.0,0.0,109570.5,2368.5,0.0,73.5,7.505942,0.232927,347.236571
38,15,2017,2018,341199.0,340713.0,0.998576,14,1,1.900958,6.692301,0.295181,0.653233,Hay & haylage,Hay & small grains,187.0,0.000549,393421.4,10514.7,35.7,4080.2,30.816913,11.958417,1153.055548
38,17,2017,2018,1045202.0,1044445.0,0.999276,12,3,1.148029,3.151976,0.563798,0.941457,Soybeans,Corn / soybean,17627.0,0.016877,884218.1,12760.2,35.6,7176.4,12.208358,6.866041,845.978194
38,19,2017,2018,823328.0,823219.0,0.999868,13,2,1.451948,4.271429,0.359392,0.909367,Wheat,Hay & small grains,21.0,2.6e-05,435696.9,9002.8,30.9,8583.6,10.934646,10.425493,529.189946
38,21,2017,2018,455957.0,452574.0,0.99258,11,6,1.23944,3.453678,0.467716,0.917658,Soybeans,Corn / soybean,0.0,0.0,373474.2,8702.2,236.5,6224.3,19.085572,13.651068,819.099608
38,23,2017,2018,433046.0,432403.0,0.998515,16,1,1.787781,5.976177,0.452985,0.664873,Wheat,Hay & small grains,0.0,0.0,220215.3,3544.8,0.0,60.3,8.185735,0.139246,508.526346
38,25,2017,2018,315667.0,313978.0,0.994649,11,4,1.368962,3.931268,0.41407,0.887024,Hay & haylage,Hay & small grains,0.0,0.0,68872.4,391.8,0.2,100.9,1.241181,0.319641,218.180551
38,27,2017,2018,225420.0,225180.0,0.998935,11,1,1.723205,5.602456,0.369704,0.738165,Soybeans,Corn / soybean,0.0,0.0,172457.4,4207.4,5.6,402.9,18.664715,1.78733,765.049241
38,29,2017,2018,435870.0,432220.0,0.991626,11,4,1.771821,5.881553,0.282109,0.671737,Soybeans,Corn / soybean,4.0,9e-06,457248.6,8231.4,40.9,3175.1,18.884989,7.284511,1049.048111
38,31,2017,2018,299987.0,299938.0,0.999837,14,3,1.466523,4.334139,0.485637,0.863618,Soybeans,Corn / soybean,28.0,9.3e-05,208728.5,4294.8,9.4,532.6,14.31662,1.77541,695.791818
38,33,2017,2018,171764.0,171333.0,0.997491,11,5,1.644018,5.175925,0.437429,0.766747,Wheat,Hay & small grains,0.0,0.0,55746.6,1163.3,0.0,158.2,6.772665,0.921031,324.553457
38,35,2017,2018,646860.0,645962.0,0.998612,11,4,1.692552,5.433331,0.378618,0.747946,Soybeans,Corn / soybean,46682.0,0.072267,825280.5,15536.9,215.4,14679.7,24.018953,22.693782,1275.825526
38,37,2017,2018,292548.0,290894.0,0.994346,10,4,1.584588,4.877281,0.364033,0.815679,Hay & haylage,Hay & small grains,0.0,0.0,149216.1,14170.6,5.0,4521.5,48.438547,15.455583,510.056811
38,39,2017,2018,305764.0,305373.0,0.998721,13,2,1.499766,4.480639,0.458613,0.835568,Soybeans,Corn / soybean,10.0,3.3e-05,181275.5,3593.3,2.4,1586.3,11.751874,5.187988,592.860834
38,41,2017,2018,468172.0,467629.0,0.99884,11,5,1.396587,4.041381,0.55788,0.840205,Wheat,Hay & small grains,0.0,0.0,292159.2,7824.9,0.0,554.1,16.713729,1.183539,624.042446
38,43,2017,2018,316750.0,316258.0,0.998447,14,2,1.778701,5.922161,0.36752,0.778387,Hay & haylage,Hay & small grains,6339.0,0.020044,267968.9,13698.3,138.7,938.2,43.246409,2.961957,845.994949
38,45,2017,2018,568231.0,567837.0,0.999307,11,4,1.139821,3.126208,0.58767,0.932946,Soybeans,Corn / soybean,0.0,0.0,464274.1,9068.1,328.2,5986.7,15.958475,10.53568,817.051692
38,47,2017,2018,288475.0,287771.0,0.99756,11,5,1.572792,4.820088,0.378791,0.804584,Soybeans,Corn / soybean,0.0,0.0,171933.2,8327.4,120.3,6822.7,28.866973,23.650923,596.00728
38,49,2017,2018,499325.0,499261.0,0.999872,12,3,1.743507,5.717359,0.290459,0.741704,Hay & haylage,Hay & small grains,0.0,0.0,408721.5,8753.0,4.6,7848.0,17.529665,15.717218,818.54804
38,51,2017,2018,257023.0,255259.0,0.993137,10,4,1.58643,4.886274,0.329328,0.76543,Soybeans,Corn / soybean,0.0,0.0,207558.8,9202.8,147.9,7297.7,35.805356,28.393179,807.549519
38,53,2017,2018,342035.0,341239.0,0.997673,15,3,1.538308,4.656702,0.463215,0.829052,Wheat,Hay & small grains,11026.0,0.032312,163498.5,2253.1,3.4,135.9,6.587338,0.397328,478.01687
38,55,2017,2018,729466.0,728501.0,0.998677,13,4,1.916243,6.795381,0.355103,0.650868,Wheat,Hay & small grains,0.0,0.0,456548.7,8164.5,9.5,508.2,11.192434,0.696674,625.867004
38,57,2017,2018,180750.0,177433.0,0.981649,10,4,1.827548,6.218618,0.356794,0.701594,Hay & haylage,Hay & small grains,0.0,0.0,125485.9,1507.7,2.4,126.0,8.341355,0.697095,694.251176
38,59,2017,2018,450014.0,449366.0,0.99856,13,4,1.588884,4.89828,0.393441,0.800673,Wheat,Hay & small grains,33.0,7.3e-05,273452.1,13439.9,9.1,4767.9,29.865515,10.595004,607.652429
38,61,2017,2018,630440.0,630375.0,0.999897,13,3,1.776604,5.909753,0.379718,0.724891,Wheat,Hay & small grains,0.0,0.0,237453.9,5143.7,0.0,110.1,8.158905,0.17464,376.647897
38,63,2017,2018,360775.0,358595.0,0.993957,10,4,1.603243,4.96912,0.42321,0.789292,Soybeans,Corn / soybean,0.0,0.0,280057.8,5338.3,4.6,4912.2,14.796757,13.615688,776.267203
38,65,2017,2018,136062.0,135586.0,0.996502,11,3,1.766871,5.852511,0.342889,0.753234,Hay & haylage,Hay & small grains,0.0,0.0,96964.2,1681.7,2.3,57.7,12.359807,0.424071,712.647176
38,67,2017,2018,594939.0,594664.0,0.999538,12,3,1.681186,5.371922,0.365704,0.761253,Soybeans,Corn / soybean,71090.0,0.119547,766213.6,19013.1,392.7,18278.5,31.958066,30.723318,1287.885985
38,69,2017,2018,363005.0,362655.0,0.999036,14,1,1.71612,5.562905,0.356774,0.747341,Wheat,Hay & small grains,4.0,1.1e-05,309922.2,7023.5,4.5,6446.1,19.348218,17.757607,853.768405
38,71,2017,2018,529017.0,528822.0,0.999631,11,3,1.68179,5.37517,0.349944,0.742159,Soybeans,Corn / soybean,0.0,0.0,367363.9,6976.9,18.8,6453.7,13.188423,12.199419,694.4274
38,73,2017,2018,337943.0,336126.0,0.994623,10,6,1.304021,3.68408,0.441602,0.883279,Soybeans,Corn / soybean,0.0,0.0,267471.0,5605.8,165.8,3718.7,16.588004,11.003927,791.467792
38,75,2017,2018,498177.0,497051.0,0.99774,12,4,1.745004,5.725923,0.32087,0.795918,Wheat,Hay & small grains,1.0,2e-06,223810.1,5938.6,0.0,83.7,11.920663,0.168013,449.258195
38,77,2017,2018,773174.0,773068.0,0.999863,10,3,1.20449,3.335059,0.4546,0.92332,Soybeans,Corn / soybean,28167.0,0.036435,644221.6,12404.0,364.5,7692.8,16.042961,9.949636,833.216844
38,79,2017,2018,320999.0,319921.0,0.996642,10,2,1.705613,5.504759,0.332638,0.756093,Wheat,Hay & small grains,0.0,0.0,166203.3,2372.8,6.7,2261.8,7.391923,7.046128,517.768903
38,81,2017,2018,427772.0,427374.0,0.99907,9,1,1.105157,3.019698,0.50844,0.936428,Soybeans,Corn / soybean,3825.0,0.00895,319433.8,5876.9,209.9,3742.3,13.738393,8.748352,746.738449
38,83,2017,2018,347936.0,345680.0,0.993516,13,4,1.792388,6.003771,0.318396,0.73531,Wheat,Hay & small grains,15.0,4.3e-05,208802.8,4328.2,3.5,892.5,12.439644,2.565127,600.118413
38,85,2017,2018,145806.0,143686.0,0.98546,7,5,1.394853,4.034379,0.411794,0.827415,Hay & haylage,Hay & small grains,0.0,0.0,75957.6,5303.4,1.3,1244.8,36.372989,8.537372,520.949755
38,87,2017,2018,202552.0,201266.0,0.993651,10,2,1.298404,3.663445,0.586264,0.861561,Wheat,Hay & small grains,0.0,0.0,137459.4,4043.9,0.0,232.7,19.96475,1.148841,678.637584
38,89,2017,2018,401715.0,401002.0,0.998225,15,4,1.481507,4.399572,0.53597,0.829697,Wheat,Hay & small grains,0.0,0.0,230419.0,6429.8,0.0,400.9,16.005875,0.997971,573.58824
38,91,2017,2018,372477.0,372086.0,0.99895,7,3,1.39997,4.05508,0.464441,0.852174,Soybeans,Corn / soybean,0.0,0.0,355398.4,3635.3,2.0,1865.1,9.759797,5.007289,954.148578
38,93,2017,2018,937500.0,937487.0,0.999986,16,1,1.3381,3.811792,0.5317,0.871243,Soybeans,Corn / soybean,8.0,9e-06,868487.8,15338.8,23.6,1057.7,16.361387,1.128213,926.386987
38,95,2017,2018,463782.0,462459.0,0.997147,11,2,1.588853,4.898126,0.363172,0.841984,Wheat,Hay & small grains,0.0,0.0,295843.8,6520.2,19.8,6033.2,14.05876,13.008698,637.894097
38,97,2017,2018,509495.0,508906.0,0.998844,10,4,1.508804,4.521318,0.437476,0.832297,Soybeans,Corn / soybean,29798.0,0.058553,512141.9,7926.9,57.3,5466.7,15.558347,10.729644,1005.195144
38,99,2017,2018,643446.0,643395.0,0.999921,13,2,1.908255,6.741314,0.30056,0.682616,Wheat,Hay & small grains,75823.0,0.117848,921117.2,16322.2,661.7,15766.2,25.366853,24.502755,1431.537689
38,101,2017,2018,873331.0,873293.0,0.999956,16,0,1.745862,5.730842,0.392007,0.77769,Wheat,Hay & small grains,44.0,5e-05,411336.5,11861.3,0.0,142.4,13.581678,0.163054,470.997251
38,103,2017,2018,621906.0,621352.0,0.999109,13,5,1.648306,5.198164,0.383071,0.796866,Soybeans,Corn / soybean,5.0,8e-06,531351.9,8214.6,6.5,1642.1,13.208749,2.640431,854.392625
38,105,2017,2018,674223.0,671602.0,0.996113,15,5,1.690136,5.420218,0.47876,0.753811,Wheat,Hay & small grains,756.0,0.001126,411071.5,6207.2,0.0,145.8,9.206449,0.216249,609.696643
39,1,2017,2018,74414.0,74799.0,1.005174,9,2,1.159785,3.189247,0.400834,0.971403,Hay & haylage,Hay & small grains,593.0,0.007928,73457.6,970.5,39.7,270.9,13.041901,3.640444,987.14758
39,3,2017,2018,166454.0,167059.0,1.003635,6,3,0.983302,2.673268,0.519457,0.963456,Soybeans,Corn / soybean,8.0,4.8e-05,181080.1,2373.3,50.9,1320.2,14.257993,7.93132,1087.86872
39,5,2017,2018,106108.0,106800.0,1.006522,12,4,1.303452,3.681985,0.401751,0.92589,Soybeans,Corn / soybean,381.0,0.003567,87432.2,1780.5,45.3,854.8,16.780073,8.055943,823.992536
39,7,2017,2018,88835.0,86059.0,0.968751,10,6,1.251293,3.494857,0.480415,0.946618,Soybeans,Corn / soybean,1227.0,0.014258,64728.3,1159.5,6.6,764.2,13.052288,8.602465,728.63511
39,9,2017,2018,22460.0,22535.0,1.003339,8,0,0.899584,2.458579,0.713202,0.97089,Hay & haylage,Hay & small grains,224.0,0.00994,5360.4,53.7,2.9,12.6,2.390917,0.560997,238.664292
39,11,2017,2018,184671.0,185127.0,1.002469,7,5,1.02914,2.798658,0.520075,0.952503,Soybeans,Corn / soybean,0.0,0.0,202407.1,3408.4,156.2,1023.4,18.456607,5.541747,1096.041609
39,13,2017,2018,33470.0,33346.0,0.996295,9,1,0.266423,1.305287,0.952198,0.982277,Hay & haylage,Hay & small grains,302.0,0.009057,2120.1,395.5,0.2,60.9,11.816552,1.81954,63.343293
39,15,2017,2018,141997.0,142400.0,1.002838,8,3,0.880288,2.411593,0.697177,0.986622,Soybeans,Corn / soybean,520.0,0.003652,156338.5,1683.2,83.8,402.3,11.853772,2.833158,1100.998613
39,17,2017,2018,86233.0,86226.0,0.999919,8,1,1.122696,3.073128,0.476968,0.968281,Soybeans,Corn / soybean,179.0,0.002076,77673.3,2829.4,45.6,2292.1,32.811105,26.580311,900.737537
39,19,2017,2018,55498.0,54058.0,0.974053,10,1,1.259192,3.522573,0.474601,0.944282,Hay & haylage,Hay & small grains,232.0,0.004292,20777.2,918.0,10.1,88.8,16.541137,1.600058,374.377455
39,21,2017,2018,161304.0,161400.0,1.000595,7,3,0.992948,2.699181,0.474046,0.967869,Soybeans,Corn / soybean,2149.0,0.013315,215458.5,3642.0,143.3,1330.7,22.578485,8.24964,1335.72943
39,23,2017,2018,146507.0,145705.0,0.994526,7,1,0.924533,2.52069,0.496085,0.981874,Soybeans,Corn / soybean,185.0,0.00127,162074.7,2610.1,113.5,856.1,17.815531,5.843407,1106.259087
39,25,2017,2018,59471.0,60038.0,1.009534,7,1,1.016727,2.764133,0.613845,0.974433,Soybeans,Corn / soybean,190.0,0.003165,57586.2,1203.0,44.1,896.8,20.228347,15.079619,968.307242
39,27,2017,2018,185767.0,186607.0,1.004522,7,5,0.829043,2.291124,0.61682,0.98477,Soybeans,Corn / soybean,84.0,0.00045,196600.7,5166.5,124.4,3756.5,27.811721,20.221568,1058.318754
39,29,2017,2018,87597.0,88072.0,1.005423,10,3,1.366505,3.921621,0.312506,0.921814,Corn,Corn / soybean,661.0,0.007505,66509.3,2057.2,4.8,624.2,23.484823,7.125815,759.264587
39,31,2017,2018,81673.0,82319.0,1.00791,8,3,1.228519,3.416166,0.356212,0.965743,Hay & haylage,Hay & small grains,488.0,0.005928,47256.5,1411.1,17.4,118.6,17.277436,1.452132,578.606149
39,33,2017,2018,214627.0,214880.0,1.001179,7,5,0.936443,2.550891,0.523688,0.978239,Soybeans,Corn / soybean,44.0,0.000205,204048.0,3043.1,103.1,868.7,14.178552,4.047487,950.709836
39,37,2017,2018,306343.0,307461.0,1.00365,9,4,0.957229,2.604469,0.504005,0.968572,Soybeans,Corn / soybean,648.0,0.002108,329950.2,5319.5,238.4,1399.6,17.364523,4.568735,1077.061333
39,39,2017,2018,191375.0,192911.0,1.008026,7,3,0.93576,2.549149,0.636371,0.970468,Soybeans,Corn / soybean,141.0,0.000731,172561.5,2462.7,53.1,1319.1,12.868452,6.89275,901.693011
39,41,2017,2018,111929.0,111339.0,0.994729,10,3,0.944637,2.571881,0.605439,0.97196,Soybeans,Corn / soybean,179.0,0.001608,145243.3,1613.2,87.3,824.7,14.412708,7.368064,1297.637788
39,43,2017,2018,72506.0,72590.0,1.001159,9,3,1.172874,3.231266,0.521077,0.920044,Soybeans,Corn / soybean,1534.0,0.021132,76152.1,1702.0,47.5,1191.8,23.473919,16.43726,1050.286873
39,45,2017,2018,146252.0,146528.0,1.001887,8,5,1.067046,2.906779,0.470825,0.95708,Soybeans,Corn / soybean,465.0,0.003173,177284.9,2317.7,87.7,1496.9,15.847305,10.235074,1212.187868
39,47,2017,2018,179923.0,181771.0,1.010271,6,4,0.890638,2.436683,0.536598,0.975178,Soybeans,Corn / soybean,38.0,0.000209,261024.9,2869.4,138.8,1784.5,15.947933,9.918132,1450.758936
39,49,2017,2018,42858.0,41421.0,0.966471,7,2,0.96505,2.624919,0.605949,0.954395,Soybeans,Corn / soybean,244.0,0.005891,54455.8,699.2,32.2,387.8,16.31434,9.048486,1270.609921
39,51,2017,2018,175537.0,175804.0,1.001521,9,1,1.007096,2.73764,0.485745,0.971275,Soybeans,Corn / soybean,1303.0,0.007412,205558.4,2620.2,69.4,1504.6,14.926768,8.571412,1171.026051
39,53,2017,2018,31481.0,31361.0,0.996188,8,1,0.948036,2.580637,0.644877,0.989637,Hay & haylage,Hay & small grains,191.0,0.00609,12687.9,276.8,9.2,143.8,8.792605,4.567835,403.033576
39,55,2017,2018,29703.0,29268.0,0.985355,10,1,1.362629,3.906451,0.467781,0.906417,Hay & haylage,Hay & small grains,570.0,0.019475,11971.7,649.5,4.1,375.3,21.866478,12.635087,403.04683
39,57,2017,2018,144814.0,144545.0,0.998142,9,1,0.921634,2.513395,0.505462,0.979404,Soybeans,Corn / soybean,154.0,0.001065,142018.5,3110.9,84.6,2048.4,21.482039,14.145041,980.695927
39,59,2017,2018,50041.0,49802.0,0.995224,8,2,0.68367,1.981136,0.789968,0.99504,Hay & haylage,Hay & small grains,137.0,0.002751,7524.4,96.2,3.6,54.8,1.922424,1.095102,150.364701
39,63,2017,2018,217827.0,218703.0,1.004022,8,5,0.971005,2.640598,0.594103,0.977321,Soybeans,Corn / soybean,738.0,0.003374,268099.9,3605.6,78.3,2081.7,16.552585,9.556667,1230.792785
39,65,2017,2018,229014.0,229431.0,1.001821,9,3,0.945274,2.573518,0.523844,0.97312,Soybeans,Corn / soybean,8.0,3.5e-05,253961.7,3809.0,189.2,910.4,16.632171,3.975303,1108.935262
39,67,2017,2018,33461.0,33361.0,0.997011,7,2,0.810617,2.249296,0.757142,0.970115,Hay & haylage,Hay & small grains,85.0,0.002548,7375.3,363.5,3.2,50.1,10.863393,1.497265,220.414811
39,69,2017,2018,219936.0,221808.0,1.008512,8,1,1.143407,3.137439,0.514819,0.947252,Soybeans,Corn / soybean,2908.0,0.01311,228748.9,2885.5,72.1,1611.3,13.119726,7.326222,1040.070293
39,71,2017,2018,197435.0,198684.0,1.006326,11,3,0.966434,2.628554,0.63907,0.974578,Soybeans,Corn / soybean,614.0,0.00309,221819.1,2038.6,72.9,213.2,10.325424,1.079849,1123.504445
39,73,2017,2018,10272.0,10216.0,0.994548,7,5,1.18512,3.271079,0.457322,0.971124,Hay & haylage,Hay & small grains,113.0,0.011061,7204.3,75.7,3.0,52.4,7.369548,5.101246,701.353193
39,75,2017,2018,89085.0,89714.0,1.007061,13,2,1.317938,3.73571,0.364871,0.944479,Hay & haylage,Hay & small grains,564.0,0.006287,32871.3,1304.6,12.2,265.4,14.644441,2.979177,368.988045
39,77,2017,2018,201230.0,206290.0,1.025145,11,1,1.073538,2.925712,0.587106,0.944016,Soybeans,Corn / soybean,4185.0,0.020287,181758.2,2916.2,110.8,914.0,14.491875,4.542066,903.236098
39,79,2017,2018,20550.0,20485.0,0.996837,7,2,0.826815,2.286026,0.726288,0.986185,Hay & haylage,Hay & small grains,145.0,0.007078,13101.7,232.0,3.1,240.8,11.289538,11.717762,637.552311
39,81,2017,2018,26927.0,26753.0,0.993538,9,1,0.45047,1.569049,0.895787,0.98146,Hay & haylage,Hay & small grains,65.0,0.00243,3320.3,441.7,0.2,28.8,16.40361,1.069558,123.307461
39,83,2017,2018,128884.0,128463.0,0.996733,11,3,1.175631,3.240185,0.426442,0.968645,Soybeans,Corn / soybean,345.0,0.002686,153827.2,2254.1,74.7,1335.6,17.48937,10.362807,1193.532168
39,87,2017,2018,10865.0,10657.0,0.980856,6,2,0.667115,1.948608,0.805574,0.989678,Hay & haylage,Hay & small grains,110.0,0.010322,4076.8,64.1,0.6,32.6,5.899678,3.00046,375.223194
39,89,2017,2018,150390.0,150992.0,1.004003,10,4,1.161001,3.193128,0.459574,0.962799,Soybeans,Corn / soybean,713.0,0.004722,173480.4,2295.0,88.9,1761.7,15.260323,11.71421,1153.536804
39,91,2017,2018,172338.0,172799.0,1.002675,10,3,1.00211,2.724023,0.513174,0.970231,Soybeans,Corn / soybean,214.0,0.001238,193497.6,3360.2,145.3,979.1,19.497731,5.681277,1122.779654
39,93,2017,2018,90936.0,91044.0,1.001188,9,2,1.075234,2.930679,0.634353,0.929287,Soybeans,Corn / soybean,1060.0,0.011643,92409.8,2272.2,67.6,1380.6,24.986804,15.182106,1016.207003
39,95,2017,2018,59959.0,59779.0,0.996998,6,4,1.025895,2.789592,0.499256,0.967898,Soybeans,Corn / soybean,516.0,0.008632,64633.1,1524.6,23.1,1137.9,25.427375,18.977968,1077.954936
39,97,2017,2018,226248.0,226832.0,1.002581,6,4,0.922075,2.514503,0.544967,0.969665,Soybeans,Corn / soybean,134.0,0.000591,276483.9,3133.8,154.0,1778.0,13.851172,7.858633,1222.03909
39,99,2017,2018,50236.0,50695.0,1.009137,9,4,1.405408,4.07719,0.350824,0.900957,Corn,Corn / soybean,1394.0,0.027498,41412.1,870.3,11.1,461.4,17.32423,9.184648,824.351063
39,101,2017,2018,178130.0,179129.0,1.005608,7,2,0.834034,2.302589,0.636982,0.97925,Soybeans,Corn / soybean,30.0,0.000167,217612.0,2556.1,125.8,1268.3,14.349632,7.120081,1221.647112
39,103,2017,2018,71918.0,71559.0,0.995008,9,1,1.172638,3.230503,0.545885,0.948672,Soybeans,Corn / soybean,650.0,0.009083,60273.1,1154.4,6.8,546.5,16.051614,7.598932,838.08087
39,105,2017,2018,26175.0,26168.0,0.999733,8,2,1.033623,2.811233,0.593932,0.981657,Hay & haylage,Hay & small grains,305.0,0.011655,6428.4,70.9,2.3,33.4,2.708691,1.276027,245.593123
39,107,2017,2018,239223.0,240532.0,1.005472,11,3,1.060662,2.888283,0.456538,0.9434,Soybeans,Corn / soybean,73.0,0.000303,247710.1,3838.0,170.8,1057.5,16.043608,4.420562,1035.477776
39,109,2017,2018,150623.0,150906.0,1.001879,7,8,0.948834,2.582695,0.503863,0.970333,Soybeans,Corn / soybean,249.0,0.00165,191571.2,3305.7,134.2,1046.2,21.946847,6.945818,1271.858879
39,111,2017,2018,22999.0,22950.0,0.997869,8,1,0.324703,1.383619,0.92549,0.992636,Hay & haylage,Hay & small grains,84.0,0.00366,2501.4,45.0,0.0,10.3,1.956607,0.447846,108.76125
39,113,2017,2018,88636.0,86580.0,0.976804,9,3,0.968702,2.634523,0.515535,0.975583,Soybeans,Corn / soybean,303.0,0.0035,85475.3,1123.5,51.1,515.4,12.675437,5.814793,964.340674
39,115,2017,2018,29887.0,29924.0,1.001238,10,1,0.890027,2.435195,0.693891,0.983859,Hay & haylage,Hay & small grains,74.0,0.002473,7792.6,98.5,2.6,71.3,3.295747,2.385653,260.735437
39,117,2017,2018,132219.0,133174.0,1.007223,10,2,1.069806,2.914814,0.52728,0.944291,Soybeans,Corn / soybean,293.0,0.0022,154159.9,1726.8,89.9,968.5,13.06015,7.324968,1165.943624
39,119,2017,2018,76555.0,76528.0,0.999647,8,3,1.13991,3.126486,0.479223,0.982137,Hay & haylage,Hay & small grains,556.0,0.007265,41339.5,466.5,13.6,136.1,6.093658,1.777807,539.997387
39,121,2017,2018,19984.0,19901.0,0.995847,4,4,0.168335,1.183333,0.963369,0.999397,Hay & haylage,Hay & small grains,43.0,0.002161,1329.0,19.6,0.0,20.9,0.980785,1.045837,66.503203
39,123,2017,2018,108003.0,109674.0,1.015472,7,3,0.97924,2.662431,0.689261,0.923045,Soybeans,Corn / soybean,1728.0,0.015756,77681.8,1814.6,59.1,999.4,16.801385,9.253447,719.255947
39,125,2017,2018,199982.0,201076.0,1.00547,7,5,0.997491,2.711469,0.600211,0.976213,Soybeans,Corn / soybean,7.0,3.5e-05,204332.1,2675.5,60.7,1494.6,13.378704,7.473673,1021.752458
39,127,2017,2018,52513.0,51835.0,0.987089,7,3,1.182868,3.263722,0.342471,0.980187,Soybeans,Corn / soybean,175.0,0.003376,43959.4,467.2,17.9,16.2,8.896845,0.308495,837.114619
39,129,2017,2018,256325.0,258493.0,1.008458,8,3,0.951314,2.589109,0.512234,0.964924,Soybeans,Corn / soybean,195.0,0.000754,279796.7,3225.2,144.4,1857.0,12.582464,7.244709,1091.570077
39,131,2017,2018,45713.0,45435.0,0.993919,7,5,1.189788,3.286384,0.430527,0.96813,Soybeans,Corn / soybean,275.0,0.006053,45830.7,499.2,11.1,97.5,10.920307,2.132872,1002.57476
39,133,2017,2018,53731.0,53386.0,0.993579,9,3,1.290912,3.636103,0.443,0.936444,Soybeans,Corn / soybean,749.0,0.01403,45335.0,962.7,7.1,434.6,17.917031,8.088441,843.740113
39,135,2017,2018,181122.0,181905.0,1.004323,9,1,0.927428,2.528,0.526984,0.977268,Soybeans,Corn / soybean,218.0,0.001198,182491.5,2780.7,107.8,1372.3,15.352635,7.576661,1007.561202
39,137,2017,2018,283644.0,286235.0,1.009135,9,5,1.069083,2.912706,0.57014,0.962353,Soybeans,Corn / soybean,1700.0,0.005939,250042.6,3688.9,74.1,2016.9,13.005387,7.110674,881.536715
39,139,2017,2018,103922.0,104268.0,1.003329,12,2,1.26854,3.555659,0.40699,0.9365,Soybeans,Corn / soybean,473.0,0.004536,91747.6,1996.5,50.1,1090.4,19.211524,10.492485,882.850599
39,141,2017,2018,133320.0,134592.0,1.009541,8,3,1.151266,3.162192,0.474538,0.937463,Soybeans,Corn / soybean,190.0,0.001412,150420.4,1814.3,78.0,982.2,13.608611,7.367237,1128.265827
39,143,2017,2018,160417.0,161962.0,1.009631,6,5,1.006762,2.736726,0.550228,0.952594,Soybeans,Corn / soybean,2690.0,0.016609,186393.0,3295.3,107.2,1519.6,20.542087,9.472811,1161.927975
39,145,2017,2018,35764.0,35838.0,1.002069,7,2,1.150536,3.159885,0.43373,0.980328,Soybeans,Corn / soybean,169.0,0.004716,36736.7,359.2,9.7,266.5,10.043619,7.451627,1027.197741
39,147,2017,2018,230886.0,232245.0,1.005886,10,0,1.029845,2.800632,0.530134,0.977403,Soybeans,Corn / soybean,184.0,0.000792,262268.7,3851.4,145.1,1187.1,16.680959,5.141498,1135.922923
39,149,2017,2018,189544.0,190937.0,1.007349,9,1,0.997674,2.711966,0.514641,0.955771,Soybeans,Corn / soybean,52.0,0.000272,199953.1,3158.1,149.4,775.4,16.661567,4.090871,1054.916537
39,151,2017,2018,92962.0,93638.0,1.007272,11,2,1.36907,3.931693,0.328606,0.919253,Corn,Corn / soybean,1107.0,0.011822,81867.1,1939.5,7.6,645.4,20.863364,6.942622,880.651234
39,155,2017,2018,74890.0,74439.0,0.993978,9,4,1.187838,3.279983,0.456266,0.964427,Soybeans,Corn / soybean,363.0,0.004876,62908.2,1195.4,2.2,288.4,15.962078,3.850981,840.008012
39,157,2017,2018,71863.0,72104.0,1.003354,9,1,1.212602,3.362222,0.416204,0.963289,Hay & haylage,Hay & small grains,205.0,0.002843,32686.1,798.7,13.5,139.5,11.114203,1.941194,454.839069
39,159,2017,2018,183772.0,185013.0,1.006753,7,4,0.941053,2.562678,0.611741,0.956635,Soybeans,Corn / soybean,113.0,0.000611,218470.0,2502.3,134.4,1252.8,13.616329,6.817143,1188.810047
39,161,2017,2018,235808.0,236697.0,1.00377,8,3,0.978809,2.661284,0.59994,0.951288,Soybeans,Corn / soybean,70.0,0.000296,244274.9,3241.9,80.2,1961.3,13.748049,8.31736,1035.905907
39,163,2017,2018,10585.0,10444.0,0.986679,4,4,1.036515,2.819374,0.523363,0.997319,Hay & haylage,Hay & small grains,28.0,0.002681,4151.1,47.7,1.6,2.3,4.506377,0.217289,392.168162
39,165,2017,2018,66299.0,65995.0,0.995415,7,1,1.005753,2.733964,0.602849,0.971468,Soybeans,Corn / soybean,333.0,0.005046,75460.0,2595.2,47.8,2158.3,39.143878,32.554036,1138.177046
39,167,2017,2018,49824.0,50079.0,1.005118,10,1,1.179191,3.251744,0.505821,0.965255,Hay & haylage,Hay & small grains,745.0,0.014876,15768.5,172.2,6.9,52.2,3.456166,1.047688,316.484024
39,169,2017,2018,188757.0,188597.0,0.999152,14,2,1.379809,3.974144,0.393495,0.920725,Corn,Corn / soybean,1183.0,0.006273,128138.6,3619.2,12.2,1201.2,19.173858,6.363738,678.854824
39,171,2017,2018,170386.0,170463.0,1.000452,6,2,1.019104,2.77071,0.555382,0.966169,Soybeans,Corn / soybean,35.0,0.000205,174811.3,2502.1,57.5,1407.3,14.684892,8.259481,1025.972204
39,173,2017,2018,242352.0,243469.0,1.004609,7,4,1.061981,2.892096,0.545117,0.957485,Soybeans,Corn / soybean,962.0,0.003951,293603.9,4009.5,86.9,2080.1,16.544118,8.58297,1211.477108
39,175,2017,2018,193978.0,195308.0,1.006856,8,3,0.901244,2.462666,0.563203,0.983733,Soybeans,Corn / soybean,257.0,0.001316,202513.9,2908.2,107.9,858.3,14.992422,4.424729,1044.004475
40,1,2017,2018,40276.0,40264.0,0.999702,5,4,0.044767,1.045784,0.993865,0.998709,Hay & haylage,Hay & small grains,52.0,0.001291,22632.5,336.5,0.0,332.0,8.354852,8.243122,561.935147
40,3,2017,2018,261390.0,269408.0,1.030674,11,6,0.988547,2.687326,0.724886,0.932831,Wheat,Hay & small grains,138.0,0.000512,183900.6,7333.7,170.1,1290.1,28.056544,4.935537,703.54872
40,5,2017,2018,50932.0,50930.0,0.999961,4,3,0.287383,1.332935,0.921716,0.999647,Hay & haylage,Hay & small grains,3987.0,0.078284,28139.8,705.5,16.2,113.9,13.851802,2.236315,552.497448
40,7,2017,2018,111154.0,114994.0,1.034547,6,2,1.244661,3.471757,0.526027,0.925257,Wheat,Hay & small grains,2623.0,0.02281,142111.5,4257.8,14.2,380.6,38.305414,3.424078,1278.509995
40,9,2017,2018,94520.0,95821.0,1.013764,7,5,1.516256,4.555139,0.321485,0.855282,Wheat,Hay & small grains,26142.0,0.272821,68176.5,3930.8,257.7,2688.8,41.586966,28.44689,721.29179
40,11,2017,2018,216338.0,215203.0,0.994754,11,6,0.920957,2.511694,0.67848,0.962844,Wheat,Hay & small grains,3468.0,0.016115,63476.1,2616.9,40.4,1102.8,12.096349,5.097579,293.411698
40,13,2017,2018,81627.0,77538.0,0.949906,9,2,0.725275,2.065299,0.830548,0.935761,Hay & haylage,Hay & small grains,5277.0,0.068057,55943.7,2576.8,26.4,318.8,31.567986,3.90557,685.357786
40,15,2017,2018,209440.0,217120.0,1.036669,15,3,1.674831,5.337892,0.389402,0.779233,Wheat,Hay & small grains,28952.0,0.133346,131343.8,3892.8,208.8,3236.8,18.586707,15.454545,627.118984
40,17,2017,2018,187118.0,185882.0,0.993395,12,4,1.076921,2.935626,0.584328,0.933264,Wheat,Hay & small grains,3261.0,0.017543,77791.1,7784.8,83.4,7182.3,41.603694,38.383801,415.732853
40,19,2017,2018,39921.0,39744.0,0.995566,6,0,0.645524,1.906986,0.757951,0.997886,Hay & haylage,Hay & small grains,8615.0,0.216762,46363.9,2417.2,44.0,336.8,60.549585,8.436662,1161.391248
40,21,2017,2018,31030.0,30696.0,0.989236,4,1,0.108225,1.114299,0.978369,0.999642,Hay & haylage,Hay & small grains,664.0,0.021631,19740.0,237.3,0.0,236.1,7.647438,7.608766,636.158556
40,23,2017,2018,49760.0,48717.0,0.979039,4,3,0.525996,1.692144,0.867993,0.973623,Hay & haylage,Hay & small grains,3225.0,0.066199,46867.9,2213.6,0.1,2195.6,44.485531,44.123794,941.879019
40,25,2017,2018,191177.0,210020.0,1.098563,5,5,1.190353,3.288241,0.46257,0.919274,Wheat,Hay & small grains,1408.0,0.006704,288776.5,15512.8,18.9,2515.9,81.143652,13.160056,1510.519048
40,27,2017,2018,26097.0,25517.0,0.977775,8,2,0.331276,1.392745,0.935298,0.979543,Hay & haylage,Hay & small grains,321.0,0.01258,9326.2,867.6,0.4,814.8,33.245201,31.22198,357.366747
40,29,2017,2018,46499.0,46338.0,0.996538,5,2,0.340491,1.405637,0.911887,0.999353,Hay & haylage,Hay & small grains,3440.0,0.074237,21919.8,30.3,0.5,12.5,0.651627,0.268823,471.403686
40,31,2017,2018,87602.0,88615.0,1.011564,8,3,1.188056,3.280696,0.389934,0.979552,Hay & haylage,Hay & small grains,24881.0,0.280776,48587.1,2000.9,98.3,1648.3,22.840803,18.81578,554.634597
40,33,2017,2018,107106.0,108990.0,1.01759,7,3,1.065409,2.902025,0.658271,0.919029,Wheat,Hay & small grains,8382.0,0.076906,47454.7,952.6,37.1,808.8,8.893993,7.551398,443.062947
40,35,2017,2018,84666.0,86875.0,1.026091,7,5,0.948078,2.580745,0.73044,0.914429,Hay & haylage,Hay & small grains,1978.0,0.022768,55075.6,796.4,67.7,224.1,9.406373,2.646871,650.504335
40,37,2017,2018,44352.0,44576.0,1.005051,7,1,0.44492,1.560365,0.903917,0.969625,Hay & haylage,Hay & small grains,2002.0,0.044912,18529.8,451.7,2.5,332.5,10.184434,7.496843,417.789502
40,39,2017,2018,192481.0,194772.0,1.011902,10,4,1.333915,3.795875,0.596446,0.844654,Wheat,Hay & small grains,8442.0,0.043343,95747.2,4510.1,146.8,2306.0,23.431404,11.980403,497.43715
40,41,2017,2018,54699.0,54310.0,0.992888,7,5,0.371032,1.449229,0.922887,0.978494,Hay & haylage,Hay & small grains,431.0,0.007936,29151.7,334.6,18.2,1.7,6.117114,0.031079,532.947586
40,43,2017,2018,86711.0,85360.0,0.98442,4,6,0.68259,1.978997,0.709337,0.995783,Wheat,Hay & small grains,0.0,0.0,37546.0,1390.8,10.7,510.0,16.039487,5.881607,433.00158
40,45,2017,2018,45914.0,44463.0,0.968397,6,4,0.96015,2.612089,0.514428,0.962418,Hay & haylage,Hay & small grains,0.0,0.0,90998.2,8197.6,81.5,7417.6,178.542492,161.55421,1981.927081
40,47,2017,2018,353282.0,381631.0,1.080245,10,7,1.444227,4.238576,0.562698,0.805225,Wheat,Hay & small grains,0.0,0.0,360793.6,12883.5,511.3,3419.2,36.468034,9.678387,1021.262334
40,49,2017,2018,73329.0,76970.0,1.049653,9,2,1.274723,3.577712,0.602572,0.827114,Hay & haylage,Hay & small grains,7244.0,0.094115,69867.3,6617.9,35.8,493.7,90.249424,6.732671,952.79221
40,51,2017,2018,146462.0,139586.0,0.953053,11,5,1.087452,2.966704,0.573073,0.925315,Hay & haylage,Hay & small grains,5144.0,0.036852,78642.5,12165.8,113.6,11273.7,83.064549,76.973549,536.94815
40,53,2017,2018,341016.0,364989.0,1.070299,7,8,1.233309,3.43257,0.597648,0.871377,Wheat,Hay & small grains,3512.0,0.009622,368581.7,10409.6,765.9,4444.6,30.525254,13.033406,1080.834037
40,55,2017,2018,79135.0,75735.0,0.957035,6,6,1.076882,2.935513,0.598614,0.966819,Wheat,Hay & small grains,15394.0,0.203261,85521.4,2473.6,217.3,1881.1,31.257977,23.770771,1080.702597
40,57,2017,2018,81122.0,81921.0,1.009849,6,2,1.179469,3.252645,0.412202,0.958826,Wheat,Hay & small grains,32477.0,0.396443,141758.2,3171.1,399.3,2340.3,39.090506,28.849141,1747.469244
40,59,2017,2018,67982.0,68267.0,1.004192,3,6,0.850938,2.341843,0.624767,1.0,Wheat,Hay & small grains,0.0,0.0,40963.2,827.3,0.0,87.5,12.169398,1.287105,602.559501
40,61,2017,2018,37197.0,35191.0,0.946071,3,3,0.017237,1.017386,0.997585,1.0,Hay & haylage,Hay & small grains,85.0,0.002415,24592.3,451.4,0.0,447.3,12.135387,12.025163,661.136651
40,63,2017,2018,44288.0,44004.0,0.993587,6,3,0.368737,1.445907,0.91503,0.988251,Hay & haylage,Hay & small grains,770.0,0.017498,48150.3,559.1,0.0,539.7,12.624187,12.186145,1087.208725
40,65,2017,2018,256340.0,266490.0,1.039596,5,12,0.884846,2.422612,0.54017,0.984202,Cotton,Southern row crops,143966.0,0.54023,495457.8,10185.0,1605.8,6827.6,39.732387,26.634938,1932.815011
40,67,2017,2018,30147.0,29011.0,0.962318,5,1,0.981732,2.669074,0.506291,0.99028,Hay & haylage,Hay & small grains,2742.0,0.094516,56640.6,979.3,19.6,146.0,32.484161,4.842936,1878.813812
40,69,2017,2018,30837.0,30836.0,0.999968,6,1,0.514143,1.672204,0.86999,0.98638,Hay & haylage,Hay & small grains,2429.0,0.078772,25326.0,903.1,17.6,150.0,29.286247,4.864286,821.286117
40,71,2017,2018,288932.0,322900.0,1.117564,11,2,1.297859,3.661451,0.452382,0.901787,Soybeans,Corn / soybean,6789.0,0.021025,508903.3,14153.5,1268.6,6567.0,48.985574,22.728531,1761.325502
40,73,2017,2018,238578.0,245699.0,1.029848,8,10,1.20211,3.327129,0.615989,0.892873,Wheat,Hay & small grains,0.0,0.0,92431.5,7842.9,60.6,7228.5,32.873526,30.298267,387.426754
40,75,2017,2018,232232.0,247803.0,1.067049,12,3,1.256425,3.512841,0.647777,0.875671,Wheat,Hay & small grains,31876.0,0.128634,104941.2,3329.9,192.5,2591.5,14.338679,11.1591,451.880878
40,77,2017,2018,31312.0,31289.0,0.999265,4,2,0.014843,1.014953,0.998146,0.999808,Hay & haylage,Hay & small grains,52.0,0.001662,19091.6,276.3,0.0,274.7,8.824093,8.772994,609.721513
40,79,2017,2018,90407.0,92136.0,1.019125,7,4,0.765607,2.150298,0.752214,0.971216,Hay & haylage,Hay & small grains,182.0,0.001975,75844.7,10690.4,0.0,10662.1,118.247481,117.934452,838.925083
40,81,2017,2018,91164.0,90964.0,0.997806,9,2,0.659601,1.93402,0.851117,0.930478,Hay & haylage,Hay & small grains,7048.0,0.077481,25366.7,909.2,5.1,671.5,9.973235,7.365846,278.253477
40,83,2017,2018,103993.0,105497.0,1.014463,11,3,1.124755,3.079462,0.516517,0.92959,Hay & haylage,Hay & small grains,257.0,0.002436,37573.8,1592.0,14.2,1409.7,15.308723,13.55572,361.310857
40,85,2017,2018,25601.0,25061.0,0.978907,4,6,0.61345,1.846792,0.764375,0.998683,Hay & haylage,Hay & small grains,5495.0,0.219265,22609.5,133.0,1.8,12.2,5.19511,0.476544,883.149096
40,87,2017,2018,66794.0,68356.0,1.023385,7,3,1.053562,2.86785,0.684622,0.898707,Hay & haylage,Hay & small grains,1101.0,0.016107,42261.7,3424.0,31.5,3182.5,51.262089,47.646495,632.717011
40,89,2017,2018,62580.0,62135.0,0.992889,7,2,0.882362,2.4166,0.745216,0.926853,Hay & haylage,Hay & small grains,3648.0,0.058711,71609.1,4177.7,1.4,3088.8,66.75775,49.357622,1144.28092
40,91,2017,2018,41682.0,41680.0,0.999952,5,0,0.104739,1.110421,0.982006,0.999496,Hay & haylage,Hay & small grains,401.0,0.009621,26927.2,1753.4,0.0,1676.8,42.06612,40.228396,646.015066
40,93,2017,2018,143851.0,149904.0,1.042078,12,6,1.536306,4.647389,0.510653,0.806276,Wheat,Hay & small grains,3044.0,0.020306,127823.5,7014.4,24.1,3787.1,48.761566,26.326546,888.582631
40,95,2017,2018,18338.0,17994.0,0.981241,9,1,0.646035,1.907961,0.817773,0.987274,Hay & haylage,Hay & small grains,1936.0,0.107591,16977.0,707.3,14.5,113.9,38.570182,6.211146,925.782528
40,97,2017,2018,67886.0,70524.0,1.038859,8,3,0.942026,2.565173,0.710978,0.944884,Hay & haylage,Hay & small grains,153.0,0.002169,31144.7,590.2,31.8,91.8,8.693987,1.352267,458.779424
40,99,2017,2018,17959.0,17474.0,0.972994,2,4,0.285989,1.331078,0.91702,1.0,Hay & haylage,Hay & small grains,1450.0,0.08298,21157.4,923.3,12.2,92.2,51.411549,5.133916,1178.094549
40,101,2017,2018,80546.0,86486.0,1.073747,6,4,0.916301,2.500025,0.710612,0.94857,Hay & haylage,Hay & small grains,661.0,0.007643,75887.7,1023.9,0.5,808.1,12.711991,10.032776,942.165967
40,103,2017,2018,152752.0,168222.0,1.101275,8,3,1.405839,4.078947,0.426329,0.87444,Wheat,Hay & small grains,1992.0,0.011841,175622.4,6183.7,252.7,1677.7,40.481958,10.983162,1149.722426
40,105,2017,2018,51064.0,52769.0,1.033389,8,1,1.033833,2.811822,0.651784,0.942788,Hay & haylage,Hay & small grains,73.0,0.001383,32987.0,612.3,38.7,40.3,11.990835,0.789206,645.993263
40,107,2017,2018,55833.0,57354.0,1.027242,6,1,0.919766,2.508703,0.740646,0.902832,Hay & haylage,Hay & small grains,3969.0,0.069202,15167.1,78.0,0.1,92.8,1.397023,1.662099,271.651174
40,109,2017,2018,25329.0,24128.0,0.952584,8,3,1.269284,3.558304,0.586331,0.871021,Hay & haylage,Hay & small grains,4689.0,0.194339,15223.8,1234.1,11.4,1117.8,48.722808,44.131233,601.042284
40,111,2017,2018,60675.0,61274.0,1.009872,6,2,0.539899,1.715833,0.873552,0.964128,Hay & haylage,Hay & small grains,3448.0,0.056272,42954.0,817.1,0.0,758.0,13.466831,12.492789,707.935723
40,113,2017,2018,80638.0,83758.0,1.038691,8,3,1.116194,3.053213,0.607823,0.942835,Hay & haylage,Hay & small grains,1436.0,0.017145,132905.0,1205.3,68.8,151.8,14.947047,1.882487,1648.168357
40,115,2017,2018,82408.0,91804.0,1.114018,8,2,1.511629,4.534112,0.397063,0.797373,Hay & haylage,Hay & small grains,6519.0,0.07101,76001.3,1389.3,132.6,18.6,16.8588,0.225706,922.256334
40,117,2017,2018,50836.0,55059.0,1.083071,5,2,1.017769,2.767016,0.624984,0.962658,Hay & haylage,Hay & small grains,60.0,0.00109,31148.9,658.5,31.8,12.9,12.953419,0.253757,612.733103
40,119,2017,2018,56358.0,56094.0,0.995316,7,5,0.624309,1.866956,0.826238,0.973437,Hay & haylage,Hay & small grains,227.0,0.004047,31081.4,1043.3,19.0,896.5,18.512012,15.907236,551.499343
40,121,2017,2018,60097.0,59305.0,0.986821,5,3,0.135121,1.144676,0.976326,0.997875,Hay & haylage,Hay & small grains,684.0,0.011534,58059.9,1010.7,0.0,982.2,16.817811,16.343578,966.103133
40,123,2017,2018,45272.0,45045.0,0.994986,6,3,0.371682,1.450172,0.904385,0.992896,Hay & haylage,Hay & small grains,3669.0,0.081452,29588.9,1464.7,30.1,224.9,32.353331,4.96775,653.58058
40,125,2017,2018,52773.0,53223.0,1.008527,8,2,0.77831,2.177788,0.800669,0.928565,Hay & haylage,Hay & small grains,1697.0,0.031885,34229.5,1368.5,30.1,1073.6,25.931821,20.343736,648.617664
40,127,2017,2018,24010.0,24007.0,0.999875,4,0,0.024108,1.024401,0.996834,0.999833,Hay & haylage,Hay & small grains,76.0,0.003166,28811.9,0.7,0.1,0.3,0.029155,0.012495,1199.995835
40,129,2017,2018,60451.0,58850.0,0.973516,3,5,1.031957,2.806554,0.443347,1.0,Wheat,Hay & small grains,10201.0,0.173339,25597.6,1090.1,36.0,510.3,18.032787,8.441548,423.443781
40,131,2017,2018,59423.0,59699.0,1.004645,8,1,0.644826,1.905656,0.847435,0.948056,Hay & haylage,Hay & small grains,3703.0,0.062028,28164.1,748.5,17.1,402.7,12.596133,6.776837,473.959578
40,133,2017,2018,32307.0,31890.0,0.987093,3,3,0.189527,1.208678,0.953935,1.0,Hay & haylage,Hay & small grains,1469.0,0.046065,13377.9,688.7,0.0,524.7,21.317362,16.241062,414.08673
40,135,2017,2018,60683.0,66804.0,1.100868,7,1,1.20406,3.333625,0.524175,0.882851,Hay & haylage,Hay & small grains,184.0,0.002754,55915.7,848.0,0.0,713.4,13.97426,11.756176,921.439283
40,137,2017,2018,46615.0,44959.0,0.964475,5,4,0.516034,1.67537,0.832091,0.998132,Hay & haylage,Hay & small grains,793.0,0.017638,46595.4,1111.9,4.9,40.2,23.852837,0.862383,999.579534
40,139,2017,2018,345635.0,361490.0,1.045872,6,6,1.443812,4.236814,0.347644,0.876528,Corn,Corn / soybean,10193.0,0.028197,420865.5,41779.3,24.5,3111.6,120.876937,9.002561,1217.658802
40,141,2017,2018,249874.0,262516.0,1.050593,8,3,1.234725,3.437433,0.537834,0.913929,Cotton,Southern row crops,141460.0,0.538862,414577.5,9828.6,1191.2,6712.3,39.334224,26.862739,1659.14621
40,143,2017,2018,36743.0,34343.0,0.934681,6,0,0.831928,2.297744,0.741053,0.969164,Hay & haylage,Hay & small grains,4416.0,0.128585,15279.2,737.6,18.8,494.1,20.074572,13.447459,415.839752
40,145,2017,2018,92200.0,91559.0,0.993048,9,1,1.240134,3.456077,0.441508,0.940803,Soybeans,Corn / soybean,1199.0,0.013095,67336.9,2016.3,225.9,155.8,21.868764,1.689805,730.335141
40,147,2017,2018,43266.0,43986.0,1.016641,4,3,0.980411,2.665552,0.645319,0.935116,Hay & haylage,Hay & small grains,2854.0,0.064884,30693.9,1136.4,59.2,508.2,26.265428,11.745944,709.423104
40,149,2017,2018,268209.0,272361.0,1.01548,10,6,1.155957,3.177063,0.608292,0.94139,Wheat,Hay & small grains,49254.0,0.180841,158938.9,8613.7,453.1,5330.7,32.115626,19.875172,592.593463
40,151,2017,2018,168579.0,169754.0,1.00697,5,3,0.742204,2.10056,0.764117,0.97213,Wheat,Hay & small grains,0.0,0.0,61178.9,1990.4,23.5,544.4,11.806927,3.229346,362.909378
40,153,2017,2018,66762.0,66849.0,1.001303,6,7,0.920481,2.510497,0.537031,0.964996,Wheat,Hay & small grains,5.0,7.5e-05,44458.8,1136.8,18.2,179.7,17.02765,2.691651,665.92972
41,1,2017,2018,80098.0,80547.0,1.005606,8,1,0.799308,2.224001,0.759693,0.96885,Hay & haylage,Hay & small grains,4321.0,0.053646,284191.7,4547.7,187.4,2378.6,56.776699,29.696122,3548.049889
41,3,2017,2018,60696.0,54993.0,0.90604,10,7,1.29653,3.656585,0.597167,0.837379,Grass & legume seed,Hay & small grains,8542.0,0.155329,29114.0,2257.1,10.8,2287.9,37.186965,37.694411,479.669171
41,11,2017,2018,11205.0,11093.0,0.990004,5,3,0.453403,1.573658,0.859641,0.997115,Hay & haylage,Hay & small grains,1545.0,0.139277,840.1,22.6,0.2,39.5,2.016957,3.525212,74.975457
41,13,2017,2018,35972.0,34929.0,0.971005,3,4,0.079433,1.082673,0.984941,1.0,Hay & haylage,Hay & small grains,9.0,0.000258,11249.9,491.8,1.5,315.5,13.671745,8.770711,312.740465
41,17,2017,2018,25356.0,24282.0,0.957643,8,4,0.349626,1.418536,0.924965,0.983733,Hay & haylage,Hay & small grains,111.0,0.004571,8466.6,429.8,1.2,340.3,16.950623,13.420887,333.909134
41,19,2017,2018,36663.0,36191.0,0.987126,8,4,0.456077,1.577872,0.892238,0.981349,Hay & haylage,Hay & small grains,3642.0,0.100633,13977.0,152.0,20.8,317.8,4.145869,8.66814,381.229032
41,21,2017,2018,86027.0,83717.0,0.973148,4,7,0.301343,1.351672,0.925176,0.999833,Wheat,Hay & small grains,14.0,0.000167,60663.1,3210.6,7.6,126.9,37.320841,1.475118,705.163495
41,23,2017,2018,36992.0,36847.0,0.99608,3,7,0.035584,1.036224,0.994816,1.0,Hay & haylage,Hay & small grains,56.0,0.00152,6074.0,219.4,0.9,187.6,5.931012,5.071367,164.197664
41,25,2017,2018,173533.0,172642.0,0.994866,1,5,-0.0,1.0,1.0,1.0,Hay & haylage,Hay & small grains,0.0,0.0,36317.2,2176.4,0.0,1914.6,12.541707,11.03306,209.281232
41,27,2017,2018,17847.0,17668.0,0.98997,4,3,0.391515,1.47922,0.898574,0.995529,Orchards (fruit & tree nuts),Specialty (veg / orchard / berry),16255.0,0.920025,621266.0,17098.2,1581.1,8104.6,958.043369,454.115538,34810.66846
41,29,2017,2018,29666.0,28177.0,0.949808,13,4,0.751333,2.119823,0.720694,0.98151,Hay & haylage,Hay & small grains,7502.0,0.266246,148079.0,1502.4,364.8,3239.1,50.643835,109.1856,4991.539136
41,31,2017,2018,48092.0,40943.0,0.851347,8,8,1.077922,2.938566,0.580685,0.962484,Hay & haylage,Hay & small grains,716.0,0.017488,38901.0,1122.9,13.9,890.0,23.348998,18.506196,808.887133
41,35,2017,2018,117259.0,115746.0,0.987097,7,4,1.054397,2.870243,0.6589,0.911617,Hay & haylage,Hay & small grains,8277.0,0.07151,802706.1,28062.7,253.3,4455.9,239.322355,38.000495,6845.582002
41,37,2017,2018,140136.0,139860.0,0.99803,4,4,0.053999,1.055484,0.992028,0.999042,Hay & haylage,Hay & small grains,0.0,0.0,39730.5,2534.6,1.8,2257.0,18.086716,16.105783,283.513872
41,39,2017,2018,83074.0,79098.0,0.952139,10,4,1.183076,3.264401,0.523654,0.928241,Hay & haylage,Hay & small grains,7731.0,0.09774,36818.0,1672.2,43.2,1848.2,20.129042,22.247635,443.195224
41,43,2017,2018,186015.0,179747.0,0.966304,13,13,1.107255,3.02604,0.704791,0.892449,Grass & legume seed,Hay & small grains,16934.0,0.09421,42499.3,2528.4,23.9,2628.1,13.592452,14.128431,228.472435
41,45,2017,2018,179008.0,179150.0,1.000793,12,5,1.475035,4.371189,0.523399,0.807999,Hay & haylage,Hay & small grains,23780.0,0.132738,1454061.7,30767.3,689.0,22385.7,171.876676,125.054188,8122.886687
41,47,2017,2018,197080.0,172347.0,0.874503,16,10,1.732146,5.652773,0.461488,0.714796,Grass & legume seed,Hay & small grains,58827.0,0.341329,186753.9,9119.5,108.3,9543.3,46.273087,48.423483,947.604526
41,49,2017,2018,275833.0,260446.0,0.944216,7,3,1.124195,3.077739,0.635011,0.90332,Wheat,Hay & small grains,31767.0,0.121972,2564130.4,53111.6,534.7,13956.0,192.54984,50.595832,9295.952261
41,53,2017,2018,87078.0,79647.0,0.914663,12,7,1.671166,5.318368,0.449006,0.774053,Grass & legume seed,Hay & small grains,16310.0,0.204779,29607.7,1927.2,25.9,2828.9,22.131882,32.486966,340.013551
41,55,2017,2018,137438.0,137343.0,0.999309,4,2,0.197784,1.218699,0.957486,0.999651,Wheat,Hay & small grains,48.0,0.000349,141697.9,3510.9,7.2,58.7,25.545337,0.427102,1030.995067
41,59,2017,2018,406088.0,406359.0,1.000667,14,7,1.13113,3.099156,0.70436,0.89162,Wheat,Hay & small grains,46609.0,0.114699,1099045.2,18781.8,719.3,14257.9,46.250566,35.11037,2706.421268
41,61,2017,2018,86744.0,86184.0,0.993544,12,5,1.532998,4.632042,0.489987,0.83338,Hay & haylage,Hay & small grains,2006.0,0.023276,57691.0,1629.9,33.7,778.9,18.789772,8.979295,665.071936
41,63,2017,2018,50052.0,47557.0,0.950152,6,13,0.792532,2.208982,0.720504,0.982505,Hay & haylage,Hay & small grains,9.0,0.000189,14128.5,705.5,5.0,135.1,14.095341,2.699193,282.276433
41,65,2017,2018,95152.0,94994.0,0.998339,7,1,0.723758,2.062168,0.782765,0.98681,Wheat,Hay & small grains,10861.0,0.114334,227120.2,13049.6,683.3,11209.4,137.144779,117.805196,2386.919876
41,67,2017,2018,63418.0,57858.0,0.912328,10,9,1.662787,5.273989,0.457793,0.735266,Grass & legume seed,Hay & small grains,15408.0,0.266307,133365.0,12524.9,57.2,12590.1,197.497556,198.525655,2102.951843
41,71,2017,2018,97311.0,92501.0,0.950571,9,7,1.425747,4.160964,0.449325,0.89492,Grass & legume seed,Hay & small grains,27732.0,0.299802,68204.5,2658.3,86.3,3206.2,27.317569,32.947971,700.891985
42,1,2017,2018,114458.0,117064.0,1.022768,11,3,1.651858,5.216664,0.291576,0.765667,Hay & haylage,Hay & small grains,16314.0,0.13936,312807.7,25407.0,3001.3,22449.7,221.97662,196.139195,2732.947457
42,3,2017,2018,10125.0,9884.0,0.976198,7,4,1.237674,3.447585,0.5776,0.869587,Hay & haylage,Hay & small grains,1139.0,0.115237,4076.4,325.7,17.4,194.1,32.167901,19.17037,402.607407
42,5,2017,2018,61436.0,61722.0,1.004655,11,2,1.400291,4.056381,0.463287,0.891562,Hay & haylage,Hay & small grains,518.0,0.008392,32578.9,2330.4,11.6,147.1,37.932157,2.394362,530.290058
42,7,2017,2018,23042.0,21825.0,0.947183,12,1,1.155515,3.175659,0.615945,0.927606,Hay & haylage,Hay & small grains,452.0,0.02071,15091.6,1478.0,26.4,303.9,64.143738,13.188959,654.960507
42,9,2017,2018,100010.0,100445.0,1.00435,12,4,1.278393,3.590865,0.493305,0.919797,Hay & haylage,Hay & small grains,1304.0,0.012982,99094.1,5219.1,253.7,2374.6,52.185781,23.743626,990.841916
42,11,2017,2018,168524.0,172263.0,1.022187,13,5,1.422956,4.14937,0.402779,0.903874,Corn,Corn / soybean,2104.0,0.012214,145763.0,3927.1,284.3,2676.5,23.302912,15.882011,864.939118
42,13,2017,2018,45126.0,45167.0,1.000909,10,1,1.135606,3.113058,0.498638,0.958266,Corn,Corn / soybean,467.0,0.010339,58657.4,1711.7,59.0,1523.0,37.931569,33.749945,1299.858175
42,15,2017,2018,136278.0,136142.0,0.999002,13,4,0.829497,2.292165,0.730171,0.97626,Hay & haylage,Hay & small grains,508.0,0.003731,50811.4,2064.1,14.3,846.9,15.146245,6.214503,372.851084
42,17,2017,2018,51746.0,50247.0,0.971032,11,1,1.423789,4.152827,0.399029,0.9109,Hay & haylage,Hay & small grains,1538.0,0.030609,17228.8,755.4,83.4,914.7,14.59823,17.676729,332.949407
42,19,2017,2018,69704.0,70748.0,1.014978,11,8,1.381264,3.979928,0.420719,0.910966,Hay & haylage,Hay & small grains,1174.0,0.016594,48316.1,3324.2,27.9,320.6,47.690233,4.599449,693.161081
42,21,2017,2018,40216.0,39013.0,0.970087,11,3,1.514017,4.544949,0.335504,0.866967,Hay & haylage,Hay & small grains,1155.0,0.029606,29514.3,819.9,9.8,443.6,20.387408,11.030436,733.89447
42,27,2017,2018,73310.0,74150.0,1.011458,12,4,1.373409,3.94879,0.42116,0.914322,Hay & haylage,Hay & small grains,1545.0,0.020836,62302.4,1697.9,36.6,1063.9,23.160551,14.512345,849.848588
42,29,2017,2018,95018.0,97248.0,1.023469,13,6,1.455249,4.285551,0.364666,0.88916,Corn,Corn / soybean,2679.0,0.027548,81322.7,1754.8,133.5,1257.9,18.46808,13.238544,855.866257
42,31,2017,2018,40489.0,41223.0,1.018128,11,5,1.223975,3.400678,0.519855,0.933799,Hay & haylage,Hay & small grains,274.0,0.006647,24599.6,1845.9,11.5,144.7,45.59016,3.57381,607.562548
42,33,2017,2018,23212.0,22645.0,0.975573,8,4,0.94273,2.566979,0.689159,0.941179,Hay & haylage,Hay & small grains,155.0,0.006845,5881.1,376.9,14.7,185.4,16.237291,7.987248,253.364639
42,35,2017,2018,23380.0,23628.0,1.010607,11,3,1.443005,4.233399,0.397579,0.880946,Corn,Corn / soybean,654.0,0.027679,18878.6,627.3,11.0,297.1,26.830624,12.707442,807.467921
42,37,2017,2018,62614.0,58185.0,0.929265,11,3,1.517226,4.55956,0.387282,0.835559,Corn,Corn / soybean,4077.0,0.07007,57185.4,1452.7,61.5,1846.4,23.200882,29.488613,913.30054
42,39,2017,2018,105499.0,102365.0,0.970294,10,8,1.225065,3.404387,0.445875,0.963015,Hay & haylage,Hay & small grains,410.0,0.004005,79313.4,855.5,11.4,733.3,8.109082,6.950777,751.792908
42,41,2017,2018,129065.0,132870.0,1.029481,13,3,1.454323,4.281585,0.370121,0.892015,Corn,Corn / soybean,2195.0,0.01652,101228.7,4646.5,221.8,2720.9,36.00124,21.081626,784.323403
42,43,2017,2018,55534.0,56252.0,1.012929,12,5,1.412814,4.107496,0.358441,0.905301,Hay & haylage,Hay & small grains,933.0,0.016586,42983.0,923.1,14.6,633.6,16.622249,11.409227,773.99431
42,49,2017,2018,75612.0,74348.0,0.983283,9,6,1.60774,4.991519,0.352599,0.759429,Hay & haylage,Hay & small grains,14522.0,0.195325,61011.3,1072.3,28.5,877.1,14.181611,11.600011,806.899698
42,51,2017,2018,45121.0,44563.0,0.987633,8,6,0.88715,2.428199,0.697686,0.979108,Hay & haylage,Hay & small grains,627.0,0.01407,40184.2,2307.0,10.9,2039.5,51.129186,45.200683,890.587531
42,55,2017,2018,196502.0,201748.0,1.026697,13,3,1.454452,4.282136,0.383959,0.876911,Corn,Corn / soybean,4106.0,0.020352,207929.6,9735.8,332.6,3843.9,49.545552,19.561633,1058.155133
42,57,2017,2018,39419.0,39382.0,0.999061,11,3,1.111217,3.038053,0.62945,0.911508,Hay & haylage,Hay & small grains,117.0,0.002971,13590.0,523.1,1.1,101.4,13.27025,2.572364,344.757604
42,59,2017,2018,29338.0,29183.0,0.994717,6,3,0.243666,1.275918,0.945585,0.997567,Hay & haylage,Hay & small grains,71.0,0.002433,8125.1,366.6,5.2,301.0,12.495739,10.259731,276.947986
42,61,2017,2018,56790.0,57171.0,1.006709,11,1,1.135137,3.111601,0.522188,0.942453,Hay & haylage,Hay & small grains,572.0,0.010005,51484.0,1334.9,17.8,756.0,23.505899,13.312203,906.568058
42,63,2017,2018,76732.0,75703.0,0.98659,9,4,1.382802,3.986056,0.344372,0.920611,Corn,Corn / soybean,1150.0,0.015191,56262.9,3588.0,31.4,344.3,46.760152,4.487046,733.239066
42,65,2017,2018,35902.0,35884.0,0.999499,11,4,1.253536,3.502706,0.546427,0.908706,Hay & haylage,Hay & small grains,340.0,0.009475,22009.9,1693.2,10.6,139.7,47.161718,3.891148,613.054983
42,67,2017,2018,47011.0,48456.0,1.030737,14,3,1.439306,4.217769,0.379912,0.896525,Hay & haylage,Hay & small grains,722.0,0.0149,37535.7,1119.5,30.2,635.5,23.813576,13.518113,798.445045
42,69,2017,2018,15104.0,14745.0,0.976231,5,2,0.64923,1.914067,0.780739,0.990234,Hay & haylage,Hay & small grains,527.0,0.035741,5727.0,406.3,22.8,345.1,26.900159,22.848252,379.171081
42,71,2017,2018,292813.0,301207.0,1.028667,15,5,1.44581,4.245288,0.486483,0.876666,Corn,Corn / soybean,12501.0,0.041503,326696.9,6076.5,611.0,5285.2,20.752152,18.049745,1115.718564
42,73,2017,2018,45410.0,45863.0,1.009976,10,2,1.379896,3.97449,0.346641,0.916381,Corn,Corn / soybean,389.0,0.008482,42853.6,2754.5,15.9,185.2,60.658445,4.078397,943.70403
42,75,2017,2018,82077.0,85346.0,1.039828,13,2,1.430247,4.179732,0.443313,0.893082,Corn,Corn / soybean,1096.0,0.012842,111924.9,1802.0,44.5,979.2,21.954993,11.930261,1363.657297
42,77,2017,2018,59933.0,60885.0,1.015884,11,4,1.551243,4.717332,0.367841,0.839731,Corn,Corn / soybean,2493.0,0.040946,58991.5,2738.4,158.7,1992.7,45.691022,33.248794,984.290791
42,79,2017,2018,20867.0,21003.0,1.006517,9,2,1.533196,4.632961,0.389992,0.842118,Hay & haylage,Hay & small grains,1412.0,0.067228,37330.1,2326.0,157.3,2031.4,111.467868,97.349883,1788.953851
42,81,2017,2018,56347.0,53359.0,0.946971,12,5,1.37301,3.947214,0.397627,0.921288,Hay & haylage,Hay & small grains,1131.0,0.021196,41757.3,1859.4,35.6,1272.6,32.999095,22.585053,741.074059
42,83,2017,2018,12307.0,11858.0,0.963517,6,3,0.287926,1.333658,0.936667,0.99182,Hay & haylage,Hay & small grains,97.0,0.00818,2312.0,236.2,3.5,114.7,19.19233,9.319899,187.860567
42,85,2017,2018,84835.0,85442.0,1.007155,10,5,1.328251,3.774436,0.34826,0.941422,Corn,Corn / soybean,741.0,0.008673,85490.6,1080.0,13.6,1126.3,12.730595,13.27636,1007.727942
42,87,2017,2018,42575.0,42924.0,1.008197,12,5,1.295393,3.652431,0.425869,0.939032,Corn,Corn / soybean,413.0,0.009622,33500.9,1102.8,39.6,805.2,25.902525,18.912507,786.86788
42,91,2017,2018,17467.0,16841.0,0.964161,9,5,1.394271,4.032036,0.447539,0.88053,Hay & haylage,Hay & small grains,553.0,0.032837,14620.0,389.9,41.9,408.1,22.322093,23.364058,837.006927
42,93,2017,2018,22779.0,23059.0,1.012292,11,2,1.423404,4.151226,0.344551,0.915695,Soybeans,Corn / soybean,489.0,0.021206,26257.0,734.4,38.5,445.1,32.240221,19.539927,1152.68449
42,95,2017,2018,45756.0,45294.0,0.989903,10,3,1.378878,3.970445,0.416037,0.912682,Corn,Corn / soybean,793.0,0.017508,54008.1,2455.0,67.7,1670.3,53.654166,36.504502,1180.350118
42,97,2017,2018,81640.0,82638.0,1.012224,14,4,1.451532,4.269649,0.436676,0.891708,Corn,Corn / soybean,2196.0,0.026574,90500.2,2326.5,85.4,1744.6,28.49706,21.369427,1108.527683
42,99,2017,2018,68342.0,69325.0,1.014384,14,2,1.437336,4.209467,0.360966,0.894886,Corn,Corn / soybean,461.0,0.00665,57919.1,1243.2,12.1,750.5,18.190864,10.981534,847.489099
42,105,2017,2018,33540.0,33298.0,0.992785,9,4,1.06612,2.90409,0.642411,0.925071,Hay & haylage,Hay & small grains,1848.0,0.055499,15136.1,521.7,6.1,373.5,15.554562,11.135957,451.285033
42,107,2017,2018,59819.0,58692.0,0.98116,11,4,1.519532,4.570086,0.407432,0.867427,Corn,Corn / soybean,1939.0,0.033037,54103.1,2563.0,98.5,1944.1,42.845919,32.499707,904.446748
42,109,2017,2018,62674.0,63214.0,1.008616,12,5,1.510404,4.528558,0.384915,0.886671,Corn,Corn / soybean,1943.0,0.030737,46266.3,1755.6,97.8,1525.0,28.011616,24.332259,738.205636
42,111,2017,2018,114898.0,116617.0,1.014961,11,3,1.227339,3.412138,0.505321,0.93392,Hay & haylage,Hay & small grains,366.0,0.003138,116460.4,8244.3,13.3,7765.0,71.753207,67.581681,1013.598148
42,113,2017,2018,15941.0,15928.0,0.999184,6,2,0.826565,2.285455,0.726833,0.971434,Hay & haylage,Hay & small grains,48.0,0.003014,4619.1,153.5,3.1,289.1,9.629258,18.135625,289.762248
42,115,2017,2018,57138.0,56604.0,0.990654,8,4,0.388358,1.474557,0.897021,0.991838,Hay & haylage,Hay & small grains,375.0,0.006625,5006.3,684.4,25.8,561.2,11.978018,9.821835,87.617698
42,117,2017,2018,96533.0,95300.0,0.987227,9,2,0.731949,2.079128,0.78341,0.969349,Hay & haylage,Hay & small grains,482.0,0.005058,30111.6,1397.2,10.4,708.0,14.473807,7.334279,311.930635
42,119,2017,2018,44756.0,45211.0,1.010166,13,4,1.378356,3.968372,0.38818,0.928845,Corn,Corn / soybean,330.0,0.007299,34739.6,998.1,30.2,549.3,22.300921,12.273215,776.199839
42,121,2017,2018,24432.0,24578.0,1.005976,9,2,1.323996,3.758409,0.45496,0.924892,Hay & haylage,Hay & small grains,269.0,0.010945,18652.3,382.8,3.9,235.5,15.667976,9.638998,763.437295
42,123,2017,2018,22773.0,22704.0,0.99697,9,4,0.920699,2.511044,0.68794,0.957893,Hay & haylage,Hay & small grains,234.0,0.010307,16527.9,259.7,2.9,205.9,11.403855,9.041409,725.767356
42,125,2017,2018,68002.0,67573.0,0.993691,12,4,0.584362,1.793847,0.86653,0.968819,Hay & haylage,Hay & small grains,692.0,0.010241,25781.1,1338.4,34.0,901.1,19.681774,13.251081,379.122673
42,127,2017,2018,37496.0,36948.0,0.985385,7,2,0.35663,1.428507,0.913717,0.991204,Hay & haylage,Hay & small grains,416.0,0.011259,3642.0,493.4,25.4,446.6,13.158737,11.910604,97.130361
42,129,2017,2018,76173.0,76502.0,1.004319,12,2,1.381512,3.980917,0.399388,0.921714,Hay & haylage,Hay & small grains,737.0,0.009634,71635.0,4375.9,24.0,3825.9,57.446864,50.226458,940.425085
42,131,2017,2018,22060.0,21910.0,0.9932,8,1,0.782854,2.187708,0.76367,0.970014,Hay & haylage,Hay & small grains,373.0,0.017024,10255.6,635.3,12.6,535.9,28.798731,24.292838,464.895739
42,133,2017,2018,184606.0,191596.0,1.037864,14,4,1.462099,4.315005,0.426152,0.859063,Corn,Corn / soybean,3199.0,0.016697,207084.6,8486.1,228.4,3561.9,45.968712,19.294606,1121.765273
45,1,2017,2018,11568.0,11393.0,0.984872,6,6,0.281882,1.325622,0.945581,0.987097,Hay & haylage,Hay & small grains,147.0,0.012903,9291.6,22.6,0.2,51.7,1.953665,4.469225,803.215768
45,3,2017,2018,38550.0,38065.0,0.987419,11,3,1.671935,5.322459,0.479233,0.747432,Hay & haylage,Hay & small grains,8830.0,0.231972,310080.7,4186.8,117.3,1482.5,108.607004,38.45655,8043.597925
45,5,2017,2018,25815.0,25782.0,0.998722,10,1,1.72183,5.594757,0.302808,0.752075,Corn,Corn / soybean,5184.0,0.201071,230910.3,6096.3,153.6,3282.1,236.153399,127.13926,8944.811156
45,7,2017,2018,49162.0,50470.0,1.026606,9,6,0.884889,2.422716,0.750149,0.946959,Hay & haylage,Hay & small grains,659.0,0.013057,30615.4,313.8,6.2,283.8,6.382979,5.772751,622.74521
45,9,2017,2018,36378.0,35488.0,0.975535,11,3,1.841627,6.306788,0.240617,0.666169,Cotton,Southern row crops,15507.0,0.436965,196349.8,4478.5,143.4,2620.5,123.110122,72.035296,5397.487492
45,11,2017,2018,24955.0,25050.0,1.003807,10,4,1.582145,4.865379,0.450739,0.788303,Cotton,Southern row crops,16683.0,0.665988,273567.0,5498.3,206.5,3612.2,220.328591,144.748547,10962.412342
45,17,2017,2018,70607.0,68715.0,0.973204,9,5,1.443139,4.233968,0.418904,0.863247,Cotton,Southern row crops,45866.0,0.667482,547798.9,14542.3,2876.3,10227.9,205.961165,144.856742,7758.421969
45,21,2017,2018,16546.0,17158.0,1.036988,6,4,1.009817,2.745098,0.618837,0.972957,Hay & haylage,Hay & small grains,68.0,0.003963,9117.6,40.2,0.4,41.7,2.42959,2.520247,551.04557
45,23,2017,2018,17345.0,16920.0,0.975497,7,4,0.97971,2.663684,0.638121,0.945804,Hay & haylage,Hay & small grains,5057.0,0.298877,25581.0,975.9,190.6,933.3,56.264053,53.808014,1474.834246
45,25,2017,2018,41290.0,42136.0,1.020489,9,3,1.529191,4.614442,0.396098,0.777577,Soybeans,Corn / soybean,1339.0,0.031778,98713.3,3369.9,121.6,2819.4,81.615403,68.282877,2390.731412
45,27,2017,2018,85940.0,92176.0,1.072562,12,4,1.650402,5.209073,0.365171,0.784304,Corn,Corn / soybean,16811.0,0.182379,358645.8,11904.4,1325.9,6936.0,138.519898,80.70747,4173.211543
45,29,2017,2018,24461.0,23844.0,0.974776,11,3,1.827757,6.21992,0.23746,0.612146,Corn,Corn / soybean,9620.0,0.403456,202628.9,4722.0,164.1,2719.2,193.041985,111.164711,8283.75373
45,31,2017,2018,91996.0,93270.0,1.013848,13,3,1.601146,4.958711,0.323437,0.831403,Soybeans,Corn / soybean,33532.0,0.359515,307507.8,15668.8,889.2,12823.3,170.320449,139.389756,3342.621418
45,33,2017,2018,67354.0,71655.0,1.063857,12,4,1.544979,4.687874,0.453116,0.802791,Soybeans,Corn / soybean,9282.0,0.129537,180385.2,7043.7,298.7,5287.8,104.577308,78.507587,2678.166107
45,35,2017,2018,27027.0,26558.0,0.982647,9,5,1.642763,5.169435,0.269147,0.6903,Corn,Corn / soybean,11400.0,0.429249,187118.0,4038.0,125.7,2725.8,149.406149,100.854701,6923.372923
45,37,2017,2018,17744.0,15225.0,0.858037,6,5,1.186039,3.274086,0.481314,0.912906,Orchards (fruit & tree nuts),Specialty (veg / orchard / berry),7364.0,0.483678,26405.1,1162.0,12.7,860.1,65.486925,48.472723,1488.114292
45,41,2017,2018,90975.0,91627.0,1.007167,11,2,1.426507,4.16413,0.482009,0.857335,Soybeans,Corn / soybean,15450.0,0.168618,212184.4,7132.1,399.7,5346.1,78.396263,58.764496,2332.337455
45,45,2017,2018,12220.0,11116.0,0.909656,7,3,0.685823,1.985405,0.843379,0.933519,Hay & haylage,Hay & small grains,781.0,0.070259,30727.8,723.8,5.0,746.9,59.230769,61.121113,2514.549918
45,47,2017,2018,10701.0,10498.0,0.98103,5,3,0.116982,1.124099,0.98152,0.993237,Hay & haylage,Hay & small grains,92.0,0.008764,4910.0,8.2,0.1,29.0,0.766284,2.710027,458.835623
45,49,2017,2018,33601.0,33782.0,1.005387,9,3,1.461855,4.313956,0.469303,0.837783,Cotton,Southern row crops,23071.0,0.682938,369282.1,7730.6,320.2,4869.9,230.070534,144.933187,10990.211601
45,51,2017,2018,93094.0,95313.0,1.023836,12,2,1.761571,5.821574,0.394154,0.727162,Soybeans,Corn / soybean,28148.0,0.295322,313525.5,9031.9,526.8,6646.8,97.019142,71.398801,3367.837884
45,57,2017,2018,13408.0,14333.0,1.068989,7,4,1.002504,2.725098,0.66755,0.936371,Hay & haylage,Hay & small grains,170.0,0.011861,10093.8,268.2,0.0,137.1,20.002983,10.225239,752.819212
45,59,2017,2018,31612.0,31145.0,0.985227,9,2,0.368636,1.445761,0.925991,0.982886,Hay & haylage,Hay & small grains,322.0,0.010339,15316.6,66.5,1.0,177.8,2.103632,5.624446,484.518537
45,61,2017,2018,67577.0,73513.0,1.087841,9,1,1.479002,4.388564,0.355148,0.847687,Soybeans,Corn / soybean,15167.0,0.206317,348856.5,12391.9,1712.8,8007.2,183.374521,118.490019,5162.355535
45,63,2017,2018,34203.0,35903.0,1.049703,12,3,1.689218,5.415244,0.371835,0.794669,Hay & haylage,Hay & small grains,11570.0,0.322257,90081.4,3336.2,539.7,2479.1,97.541151,72.481946,2633.728036
45,67,2017,2018,22694.0,22781.0,1.003834,11,2,1.76356,5.833164,0.331987,0.677802,Soybeans,Corn / soybean,6458.0,0.283482,129721.4,6517.8,234.4,5101.3,287.203666,224.786287,5716.109985
45,69,2017,2018,50130.0,51974.0,1.036784,9,5,1.661271,5.265997,0.265306,0.765671,Cotton,Southern row crops,19485.0,0.374899,192987.0,9389.5,497.3,7310.4,187.303012,145.828845,3849.7307
45,71,2017,2018,24476.0,22448.0,0.917143,8,6,1.184355,3.268577,0.584061,0.904134,Hay & haylage,Hay & small grains,160.0,0.007128,28962.1,302.4,0.8,106.9,12.35496,4.367544,1183.285668
45,73,2017,2018,14683.0,15401.0,1.0489,8,4,0.934952,2.547092,0.729823,0.939939,Hay & haylage,Hay & small grains,248.0,0.016103,13766.2,128.9,0.1,360.3,8.77886,24.538582,937.560444
45,75,2017,2018,135886.0,133414.0,0.981808,10,5,1.664263,5.281779,0.29733,0.729751,Corn,Corn / soybean,59073.0,0.44278,914788.3,21359.6,3639.9,13145.2,157.187643,96.736971,6732.027582
45,79,2017,2018,17323.0,17077.0,0.985799,10,4,1.58616,4.884956,0.391872,0.767465,Corn,Corn / soybean,2320.0,0.135855,220788.1,3871.3,378.6,1795.7,223.477458,103.659874,12745.373203
45,81,2017,2018,25823.0,24227.0,0.938195,8,3,1.247528,3.481727,0.566599,0.914022,Hay & haylage,Hay & small grains,5074.0,0.209436,327467.6,23431.0,3.3,23322.4,907.369399,903.163846,12681.237656
45,83,2017,2018,26045.0,25708.0,0.987061,9,0,1.193084,3.297235,0.650809,0.883033,Hay & haylage,Hay & small grains,3231.0,0.125681,133974.3,4648.7,18.3,4807.2,178.487234,184.572855,5143.954694
45,85,2017,2018,78237.0,78760.0,1.006685,10,4,1.528323,4.610438,0.365198,0.817509,Corn,Corn / soybean,10969.0,0.139271,229299.4,6768.5,597.6,2849.1,86.512775,36.416274,2930.830681
45,89,2017,2018,84630.0,84489.0,0.998334,10,4,1.463309,4.32023,0.422706,0.885512,Soybeans,Corn / soybean,23148.0,0.273976,189912.9,7432.2,450.1,5752.8,87.819922,67.975895,2244.037575
45,91,2017,2018,27934.0,27138.0,0.971504,8,2,0.977756,2.658485,0.674,0.953792,Hay & haylage,Hay & small grains,6269.0,0.231004,64588.8,2714.7,357.0,2686.6,97.182645,96.176702,2312.193026
46,3,2017,2018,204840.0,204546.0,0.998565,7,3,1.301924,3.676364,0.387927,0.935095,Corn,Corn / soybean,0.0,0.0,179650.5,2036.4,81.7,383.4,9.941418,1.871705,877.028412
46,5,2017,2018,497788.0,497649.0,0.999721,11,1,1.130778,3.098067,0.425181,0.966201,Corn,Corn / soybean,108.0,0.000217,434579.4,7229.4,207.5,3992.0,14.52305,8.019478,873.021045
46,7,2017,2018,175530.0,173735.0,0.989774,9,5,1.687102,5.403797,0.384793,0.751754,Hay & haylage,Hay & small grains,0.0,0.0,39180.6,3313.1,0.0,261.5,18.874836,1.489774,223.213126
46,9,2017,2018,206886.0,206655.0,0.998883,6,4,1.062046,2.892282,0.43696,0.982846,Corn,Corn / soybean,0.0,0.0,245784.0,5813.4,61.5,175.0,28.099533,0.845876,1188.016589
46,11,2017,2018,286523.0,286474.0,0.999829,8,5,1.069547,2.914058,0.453556,0.980351,Corn,Corn / soybean,59.0,0.000206,359036.4,8366.1,158.2,5043.5,29.198703,17.602426,1253.080555
46,13,2017,2018,771781.0,771676.0,0.999864,10,5,0.987908,2.68561,0.493947,0.975387,Soybeans,Corn / soybean,6.0,8e-06,998288.5,6930.7,85.7,716.7,8.980138,0.928631,1293.486753
46,15,2017,2018,228639.0,227650.0,0.995674,7,3,1.418688,4.131694,0.337509,0.869919,Soybeans,Corn / soybean,0.0,0.0,192174.2,4714.0,87.7,2441.5,20.617655,10.678406,840.513648
46,17,2017,2018,74195.0,73385.0,0.989083,6,1,1.399987,4.055146,0.372924,0.899816,Corn,Corn / soybean,0.0,0.0,72594.3,3751.9,18.7,3052.9,50.568098,41.146978,978.42577
46,19,2017,2018,81073.0,80405.0,0.991761,7,4,0.380471,1.462974,0.915117,0.990038,Hay & haylage,Hay & small grains,49.0,0.000609,19219.9,3614.3,0.1,42.7,44.58081,0.526686,237.069061
46,21,2017,2018,206637.0,206635.0,0.99999,6,1,1.460106,4.306414,0.347308,0.803455,Soybeans,Corn / soybean,0.0,0.0,214689.0,4944.6,17.2,221.1,23.928919,1.069992,1038.966884
46,23,2017,2018,397907.0,397105.0,0.997984,8,6,1.393866,4.030404,0.371589,0.858471,Soybeans,Corn / soybean,0.0,0.0,317470.5,8925.3,90.3,2063.5,22.430618,5.185885,797.851005
46,25,2017,2018,400622.0,400566.0,0.99986,7,2,1.133008,3.104982,0.449102,0.93791,Soybeans,Corn / soybean,0.0,0.0,335522.0,4149.1,221.9,2057.8,10.356645,5.136513,837.502683
46,27,2017,2018,204924.0,204906.0,0.999912,7,3,0.907534,2.478204,0.472919,0.995427,Soybeans,Corn / soybean,9.0,4.4e-05,198345.1,4389.9,61.4,98.8,21.422088,0.48213,967.895903
46,29,2017,2018,230280.0,230213.0,0.999709,7,1,1.300488,3.671088,0.397002,0.890293,Soybeans,Corn / soybean,8.0,3.5e-05,242027.1,3341.1,144.5,1576.8,14.508859,6.847316,1051.012246
46,31,2017,2018,292697.0,288205.0,0.984653,10,5,1.483298,4.407459,0.430575,0.793088,Hay & haylage,Hay & small grains,0.0,0.0,115865.5,14106.9,0.4,553.0,48.196258,1.889326,395.854758
46,33,2017,2018,34331.0,34277.0,0.998427,5,2,0.456508,1.578552,0.892639,0.977011,Hay & haylage,Hay & small grains,0.0,0.0,8276.6,1354.9,0.0,55.6,39.465789,1.619528,241.082404
46,35,2017,2018,192356.0,192088.0,0.998607,6,5,1.128794,3.091926,0.422619,0.962751,Soybeans,Corn / soybean,0.0,0.0,216187.4,5280.0,90.0,3225.0,27.449105,16.765788,1123.892158
46,37,2017,2018,392578.0,391768.0,0.997937,8,5,1.134449,3.109461,0.469857,0.92422,Soybeans,Corn / soybean,5.0,1.3e-05,349115.2,4571.9,222.4,2151.1,11.645839,5.479421,889.288753
46,39,2017,2018,190336.0,190178.0,0.99917,9,5,1.213931,3.366694,0.40736,0.942538,Soybeans,Corn / soybean,30.0,0.000158,209301.8,2721.1,127.7,1451.0,14.296297,7.623361,1099.643788
46,41,2017,2018,129016.0,128936.0,0.99938,9,1,1.338148,3.811976,0.563791,0.852345,Hay & haylage,Hay & small grains,0.0,0.0,59321.0,8808.0,0.1,284.7,68.270602,2.206703,459.795684
46,43,2017,2018,190476.0,190333.0,0.999249,6,1,1.124308,3.078088,0.427425,0.962424,Soybeans,Corn / soybean,0.0,0.0,177208.5,4061.1,48.5,111.3,21.320796,0.584326,930.345555
46,45,2017,2018,514439.0,514034.0,0.999213,7,3,1.161389,3.194366,0.488993,0.920548,Soybeans,Corn / soybean,0.0,0.0,523675.1,7196.8,46.8,458.8,13.989608,0.891845,1017.953732
46,47,2017,2018,47226.0,45831.0,0.970461,6,7,0.517396,1.677654,0.875172,0.976435,Hay & haylage,Hay & small grains,9.0,0.000196,11045.8,2775.1,0.0,37.0,58.762123,0.783467,233.892347
46,49,2017,2018,364999.0,364390.0,0.998332,7,5,1.233531,3.43333,0.456014,0.907212,Soybeans,Corn / soybean,0.0,0.0,435512.7,6064.4,40.3,355.5,16.61484,0.973975,1193.188748
46,51,2017,2018,283987.0,281223.0,0.990267,5,8,1.176391,3.24265,0.417416,0.945175,Corn,Corn / soybean,0.0,0.0,237094.5,3033.3,150.4,1567.8,10.681123,5.520675,834.878005
46,53,2017,2018,191649.0,190893.0,0.996055,7,2,1.336586,3.806026,0.384509,0.911301,Hay & haylage,Hay & small grains,9.0,4.7e-05,111535.7,4111.4,27.5,249.1,21.45276,1.299772,581.979035
46,55,2017,2018,190737.0,189415.0,0.993069,11,3,1.772343,5.884624,0.307357,0.758161,Hay & haylage,Hay & small grains,0.0,0.0,112549.4,5801.7,0.0,97.5,30.417276,0.511175,590.076388
46,57,2017,2018,221708.0,219140.0,0.988417,7,2,1.0421,2.835164,0.466944,0.961947,Corn,Corn / soybean,4.0,1.8e-05,208635.8,2712.3,125.1,1377.0,12.233659,6.210872,941.038663
46,59,2017,2018,521841.0,521094.0,0.998569,6,4,1.245906,3.476081,0.468109,0.934893,Soybeans,Corn / soybean,0.0,0.0,446332.0,12415.6,243.2,9172.3,23.791921,17.57681,855.302669
46,61,2017,2018,210853.0,210653.0,0.999051,6,1,0.954293,2.596834,0.47508,0.980337,Soybeans,Corn / soybean,0.0,0.0,224785.5,4079.1,93.9,1868.0,19.345705,8.859253,1066.07684
46,63,2017,2018,96615.0,91617.0,0.948269,7,4,1.058365,2.881655,0.638244,0.929314,Hay & haylage,Hay & small grains,0.0,0.0,25604.2,5444.5,0.0,57.7,56.352533,0.597216,265.012679
46,65,2017,2018,184497.0,182519.0,0.989279,12,3,1.841212,6.304176,0.23717,0.631041,Sunflower,Other,50.0,0.000274,223324.1,30010.4,36.7,28131.7,162.660639,152.477818,1210.448408
46,67,2017,2018,327021.0,326997.0,0.999927,8,2,0.972912,2.645638,0.46731,0.989914,Corn,Corn / soybean,25.0,7.6e-05,326236.8,7263.6,99.7,185.0,22.211418,0.565713,997.601989
46,69,2017,2018,171676.0,171359.0,0.998153,9,1,1.787892,5.976839,0.260395,0.674899,Corn,Corn / soybean,0.0,0.0,116517.3,3968.0,27.6,2388.1,23.113306,13.910506,678.704653
46,71,2017,2018,114233.0,113246.0,0.99136,7,4,1.193999,3.300253,0.604171,0.907211,Hay & haylage,Hay & small grains,0.0,0.0,63689.7,3801.3,0.0,23.3,33.276724,0.203969,557.542041
46,73,2017,2018,195650.0,192770.0,0.98528,6,5,1.281629,3.602503,0.422498,0.922063,Soybeans,Corn / soybean,0.0,0.0,124577.6,3003.2,56.0,1535.0,15.349859,7.845643,636.73703
46,75,2017,2018,178612.0,178154.0,0.997436,10,1,1.739465,5.694294,0.284086,0.665245,Hay & haylage,Hay & small grains,0.0,0.0,108284.1,3504.5,1.6,560.5,19.620742,3.138087,606.253219
46,77,2017,2018,356452.0,355418.0,0.997099,7,3,1.079652,2.943655,0.445684,0.960199,Soybeans,Corn / soybean,5.0,1.4e-05,383376.4,8816.0,181.2,5494.5,24.732643,15.414418,1075.534434
46,79,2017,2018,203422.0,203165.0,0.998737,6,4,0.938375,2.555824,0.493761,0.987828,Corn,Corn / soybean,0.0,0.0,292429.4,5095.1,133.3,2350.0,25.046947,11.552339,1437.550511
46,81,2017,2018,23023.0,22920.0,0.995526,4,5,0.122693,1.130537,0.975087,0.999564,Hay & haylage,Hay & small grains,31.0,0.001353,3566.5,734.2,0.0,0.1,31.889849,0.004343,154.910307
46,83,2017,2018,252973.0,252615.0,0.998585,7,3,0.833393,2.301114,0.489132,0.997478,Corn,Corn / soybean,63.0,0.000249,277288.0,6037.6,84.5,110.6,23.866579,0.437201,1096.116977
46,85,2017,2018,284093.0,278559.0,0.98052,9,4,1.820212,6.173166,0.235562,0.632132,Wheat,Hay & small grains,0.0,0.0,307411.0,5329.4,24.4,1013.5,18.75935,3.567494,1082.078756
46,87,2017,2018,271326.0,270922.0,0.998511,6,7,0.941857,2.564741,0.466555,0.993094,Soybeans,Corn / soybean,26.0,9.6e-05,299046.3,5271.4,131.7,2372.4,19.428289,8.743725,1102.166029
46,89,2017,2018,286770.0,286740.0,0.999895,14,1,1.52088,4.576251,0.318937,0.858799,Soybeans,Corn / soybean,9.0,3.1e-05,278465.9,8269.0,24.3,276.5,28.834955,0.964187,971.042647
46,91,2017,2018,278897.0,278736.0,0.999423,6,3,1.120013,3.064895,0.445888,0.965013,Soybeans,Corn / soybean,0.0,0.0,237512.9,2811.9,147.7,1510.3,10.082217,5.415261,851.615112
46,93,2017,2018,204457.0,203547.0,0.995549,10,3,1.022917,2.781295,0.727095,0.890477,Hay & haylage,Hay & small grains,5.0,2.5e-05,108976.8,10398.6,0.1,59.9,50.859594,0.292971,533.005962
46,95,2017,2018,111439.0,101427.0,0.910157,6,2,0.994097,2.702282,0.687578,0.931281,Hay & haylage,Hay & small grains,0.0,0.0,52260.3,4175.3,0.1,389.2,37.467134,3.492494,468.958803
46,97,2017,2018,205109.0,204474.0,0.996904,5,3,1.16392,3.202462,0.421389,0.931145,Soybeans,Corn / soybean,0.0,0.0,220370.3,4068.6,100.1,2139.3,19.836282,10.430064,1074.405804
46,99,2017,2018,301993.0,301579.0,0.998629,7,4,0.937766,2.554269,0.483114,0.997719,Corn,Corn / soybean,124.0,0.000411,392554.9,7090.7,167.7,3230.3,23.479683,10.696606,1299.880792
46,101,2017,2018,210670.0,210652.0,0.999915,7,3,0.878148,2.406438,0.519843,0.998158,Corn,Corn / soybean,12.0,5.7e-05,288713.7,5152.2,120.4,2217.6,24.456259,10.526416,1370.45474
46,102,2017,2018,64815.0,64558.0,0.996035,6,2,1.205213,3.337471,0.496484,0.946808,Hay & haylage,Hay & small grains,0.0,0.0,5653.8,1117.3,0.0,48.2,17.238294,0.743655,87.229808
46,103,2017,2018,124052.0,120896.0,0.974559,9,6,1.446919,4.249999,0.438294,0.837993,Hay & haylage,Hay & small grains,22.0,0.000182,107419.7,4705.9,0.3,34.2,37.934898,0.275691,865.924773
46,105,2017,2018,177102.0,175012.0,0.988199,10,2,1.240274,3.456561,0.624426,0.897807,Hay & haylage,Hay & small grains,0.0,0.0,83306.3,12973.7,0.1,286.9,73.255525,1.61997,470.385992
46,107,2017,2018,330022.0,328997.0,0.996894,9,6,1.542543,4.676468,0.267841,0.785144,Corn,Corn / soybean,13.0,4e-05,315913.0,8979.4,21.0,530.1,27.208489,1.606257,957.248305
46,109,2017,2018,400198.0,400193.0,0.999988,10,3,1.073214,2.924765,0.475296,0.960659,Soybeans,Corn / soybean,28.0,7e-05,383482.9,4837.9,245.3,2350.3,12.088766,5.872843,958.232925
46,111,2017,2018,160213.0,159857.0,0.997778,9,2,1.264369,3.540859,0.392914,0.953759,Corn,Corn / soybean,52.0,0.000325,180089.8,8932.6,68.9,7392.4,55.754527,46.141075,1124.064839
46,115,2017,2018,761144.0,760751.0,0.999484,9,4,1.03384,2.811842,0.524682,0.949421,Soybeans,Corn / soybean,99.0,0.00013,897574.6,7790.9,80.6,655.4,10.235777,0.861072,1179.244138
46,117,2017,2018,129496.0,128719.0,0.994,8,4,1.627683,5.092063,0.326269,0.78147,Wheat,Hay & small grains,0.0,0.0,70760.3,2966.1,0.7,84.9,22.904955,0.655619,546.428461
46,119,2017,2018,376872.0,376142.0,0.998063,9,2,1.565833,4.786661,0.324545,0.81013,Corn,Corn / soybean,0.0,0.0,296518.4,11108.8,44.6,8018.9,29.476321,21.277516,786.788087
46,121,2017,2018,96762.0,96187.0,0.994058,6,4,0.835551,2.306085,0.779211,0.914541,Hay & haylage,Hay & small grains,0.0,0.0,39026.9,3303.8,2.8,361.8,34.143569,3.739071,403.328786
46,123,2017,2018,334661.0,333512.0,0.996567,7,6,1.492557,4.448455,0.425772,0.815317,Hay & haylage,Hay & small grains,0.0,0.0,222275.2,7045.5,38.6,434.1,21.052647,1.297134,664.18017
46,125,2017,2018,332905.0,332074.0,0.997504,6,6,0.882041,2.415825,0.497398,0.994447,Corn,Corn / soybean,4.0,1.2e-05,284460.9,6192.2,88.1,124.0,18.600502,0.372479,854.480708
46,127,2017,2018,251314.0,251304.0,0.99996,8,0,0.830531,2.294537,0.504779,0.997692,Corn,Corn / soybean,34.0,0.000135,217235.9,4708.4,66.4,80.8,18.735128,0.32151,864.400312
46,129,2017,2018,237695.0,236930.0,0.996782,7,6,1.595856,4.932547,0.282518,0.77685,Soybeans,Corn / soybean,0.0,0.0,220867.0,4936.1,18.3,245.7,20.766529,1.033678,929.203391
46,135,2017,2018,232945.0,232577.0,0.99842,8,5,0.984525,2.676541,0.469436,0.994243,Corn,Corn / soybean,38.0,0.000163,182905.1,4234.2,52.6,129.2,18.176823,0.554637,785.185773
46,137,2017,2018,165565.0,164634.0,0.994377,7,2,1.572334,4.817878,0.332283,0.754389,Hay & haylage,Hay & small grains,0.0,0.0,43120.5,5420.8,0.1,191.0,32.741219,1.153625,260.444538
47,1,2017,2018,11311.0,11293.0,0.998409,6,0,0.074394,1.077231,0.989108,0.997078,Hay & haylage,Hay & small grains,66.0,0.005844,2391.7,0.6,0.0,8.9,0.053046,0.786845,211.449032
47,3,2017,2018,80309.0,85024.0,1.058711,7,1,1.096796,2.994557,0.578707,0.933654,Hay & haylage,Hay & small grains,63.0,0.000741,42703.5,325.7,14.1,163.2,4.055585,2.032151,531.739905
47,5,2017,2018,23270.0,23155.0,0.995058,6,2,0.969521,2.636681,0.497344,0.995897,Soybeans,Corn / soybean,44.0,0.0019,38363.9,403.5,14.5,91.6,17.339923,3.936399,1648.642028
47,7,2017,2018,25222.0,25098.0,0.995084,7,4,0.738475,2.092741,0.794725,0.959319,Hay & haylage,Hay & small grains,697.0,0.027771,14037.3,69.2,0.0,23.0,2.743637,0.911902,556.549837
47,9,2017,2018,33702.0,33618.0,0.997508,8,2,0.54906,1.731624,0.864001,0.984532,Hay & haylage,Hay & small grains,298.0,0.008864,21775.1,206.2,0.9,37.5,6.118331,1.112694,646.107056
47,11,2017,2018,24733.0,24681.0,0.997898,7,1,0.858971,2.36073,0.73356,0.967627,Hay & haylage,Hay & small grains,328.0,0.01329,15812.0,274.2,0.6,17.2,11.086403,0.695427,639.307807
47,15,2017,2018,35658.0,35606.0,0.998542,6,3,1.095506,2.990695,0.426305,0.985368,Soybeans,Corn / soybean,47.0,0.00132,29910.6,219.2,8.7,89.7,6.147288,2.515565,838.818778
47,17,2017,2018,92931.0,99185.0,1.067297,8,3,1.478021,4.384262,0.314765,0.832787,Soybeans,Corn / soybean,22994.0,0.231829,334539.4,35044.9,956.1,30420.3,377.106671,327.342867,3599.86872
47,21,2017,2018,24064.0,24209.0,1.006026,8,0,1.148582,3.153718,0.526374,0.936263,Hay & haylage,Hay & small grains,1343.0,0.055475,16865.7,416.4,48.0,323.8,17.303856,13.455785,700.868517
47,23,2017,2018,35158.0,35519.0,1.010268,8,1,1.090552,2.975917,0.644247,0.891917,Soybeans,Corn / soybean,3124.0,0.087953,65755.1,3967.5,118.2,3307.7,112.847716,94.081006,1870.274191
47,25,2017,2018,28457.0,28261.0,0.993112,6,2,0.211318,1.235306,0.953894,0.998125,Hay & haylage,Hay & small grains,188.0,0.006652,13382.6,396.6,6.9,156.1,13.936817,5.485469,470.274449
47,27,2017,2018,18764.0,18492.0,0.985504,6,2,0.747112,2.110894,0.784069,0.959063,Hay & haylage,Hay & small grains,1229.0,0.066461,7362.4,97.2,20.2,72.2,5.180132,3.847794,392.368365
47,29,2017,2018,18720.0,18694.0,0.998611,5,2,0.81715,2.264039,0.759976,0.956778,Hay & haylage,Hay & small grains,808.0,0.043222,14494.3,296.4,1.0,21.0,15.833333,1.121795,774.268162
47,31,2017,2018,75217.0,75130.0,0.998843,7,0,1.239212,3.452891,0.418262,0.941195,Soybeans,Corn / soybean,108.0,0.001438,92549.4,739.5,0.0,213.2,9.831554,2.834466,1230.43195
47,33,2017,2018,130686.0,142271.0,1.088648,8,3,1.376478,3.960927,0.413521,0.847052,Soybeans,Corn / soybean,42303.0,0.297341,385283.5,43518.1,1204.0,38230.3,332.997414,292.535543,2948.162007
47,35,2017,2018,33385.0,34748.0,1.040827,6,3,0.71407,2.042287,0.74787,0.99505,Hay & haylage,Hay & small grains,6967.0,0.200501,10856.6,29.2,0.1,53.7,0.874644,1.608507,325.193949
47,39,2017,2018,16842.0,16783.0,0.996497,5,1,0.790834,2.205235,0.526723,0.99708,Hay & haylage,Hay & small grains,49.0,0.00292,27544.0,256.1,12.7,62.4,15.206033,3.705023,1635.435221
47,41,2017,2018,23483.0,22509.0,0.958523,6,2,0.694885,2.003479,0.760185,0.993203,Hay & haylage,Hay & small grains,153.0,0.006797,22182.6,158.1,6.3,69.0,6.73253,2.938296,944.62377
47,43,2017,2018,35393.0,35408.0,1.000424,8,3,0.792236,2.208328,0.769854,0.971165,Hay & haylage,Hay & small grains,734.0,0.02073,16687.5,412.8,47.5,339.7,11.663323,9.597943,471.491538
47,45,2017,2018,249856.0,264842.0,1.059979,8,3,1.099963,3.004054,0.653442,0.894129,Soybeans,Corn / soybean,22101.0,0.08345,431152.6,10030.0,886.2,6216.1,40.143122,24.87873,1725.604348
47,47,2017,2018,158278.0,161795.0,1.02222,7,2,1.346097,3.842398,0.4618,0.850292,Soybeans,Corn / soybean,43154.0,0.26672,343400.4,32691.8,919.4,28372.4,206.546709,179.256751,2169.602851
47,49,2017,2018,20924.0,21054.0,1.006213,7,0,0.635227,1.887451,0.831956,0.974874,Hay & haylage,Hay & small grains,379.0,0.018001,10328.4,108.7,0.1,91.5,5.194991,4.372969,493.614988
47,51,2017,2018,53733.0,55818.0,1.038803,7,2,1.336187,3.804511,0.337042,0.879931,Soybeans,Corn / soybean,169.0,0.003028,102024.3,947.9,25.9,480.2,17.640928,8.93678,1898.727039
47,53,2017,2018,238717.0,273021.0,1.143702,7,4,1.359555,3.894461,0.458833,0.854747,Soybeans,Corn / soybean,29307.0,0.107343,534554.8,28949.1,785.7,23014.3,121.269537,96.408299,2239.282498
47,55,2017,2018,66914.0,67179.0,1.00396,8,3,0.97925,2.662459,0.658628,0.965823,Hay & haylage,Hay & small grains,138.0,0.002054,51220.4,366.7,11.8,148.5,5.480169,2.219267,765.466121
47,57,2017,2018,19326.0,19246.0,0.99586,6,0,0.28529,1.330147,0.93926,0.996363,Hay & haylage,Hay & small grains,569.0,0.029565,8224.2,156.7,10.2,56.7,8.108248,2.933871,425.551071
47,59,2017,2018,80646.0,80809.0,1.002021,8,2,0.571973,1.771759,0.856464,0.980955,Hay & haylage,Hay & small grains,1008.0,0.012474,33398.9,651.0,4.9,173.7,8.072316,2.153858,414.142053
47,61,2017,2018,11479.0,10116.0,0.881261,6,4,0.980876,2.666792,0.606564,0.992092,Hay & haylage,Hay & small grains,80.0,0.007908,11334.8,75.0,0.0,19.5,6.53367,1.698754,987.43793
47,63,2017,2018,20578.0,21080.0,1.024395,7,2,0.94284,2.567261,0.671063,0.964848,Hay & haylage,Hay & small grains,65.0,0.003083,13793.4,396.4,4.0,80.6,19.263291,3.916804,670.298377
47,65,2017,2018,11717.0,11545.0,0.98532,5,3,0.080355,1.083672,0.987874,0.997315,Hay & haylage,Hay & small grains,82.0,0.007103,4851.6,81.0,0.2,23.8,6.913032,2.031237,414.065034
47,67,2017,2018,12048.0,12045.0,0.999751,7,1,0.058806,1.06057,0.991947,0.99726,Hay & haylage,Hay & small grains,33.0,0.00274,5261.5,43.5,0.7,12.0,3.610558,0.996016,436.711487
47,69,2017,2018,66129.0,66500.0,1.00561,9,2,1.320061,3.743651,0.444406,0.906722,Soybeans,Corn / soybean,17282.0,0.25988,185698.4,18101.1,509.4,15771.4,273.724085,238.494458,2808.123516
47,71,2017,2018,62662.0,63961.0,1.02073,7,3,1.163216,3.20021,0.577023,0.9172,Soybeans,Corn / soybean,30.0,0.000469,74843.5,1189.9,43.1,595.0,18.98918,9.495388,1194.400115
47,73,2017,2018,37167.0,37155.0,0.999677,9,1,0.380234,1.462628,0.91269,0.990688,Hay & haylage,Hay & small grains,300.0,0.008074,15626.8,457.9,11.7,217.8,12.320069,5.860037,420.448247
47,75,2017,2018,167912.0,180734.0,1.076361,8,3,1.266126,3.547085,0.443812,0.884062,Soybeans,Corn / soybean,55750.0,0.308464,641996.3,67442.5,1893.6,59074.9,401.653842,351.820597,3823.409286
47,77,2017,2018,50637.0,51670.0,1.0204,8,1,1.194957,3.303415,0.452526,0.948074,Soybeans,Corn / soybean,605.0,0.011709,109616.1,3908.2,125.0,2936.9,77.180718,57.999092,2164.743172
47,79,2017,2018,112639.0,113178.0,1.004785,8,6,1.231748,3.427215,0.41433,0.920727,Soybeans,Corn / soybean,881.0,0.007784,188803.4,3762.0,110.4,1805.8,33.398734,16.031747,1676.181429
47,81,2017,2018,35969.0,36216.0,1.006867,8,1,0.959538,2.610489,0.635161,0.980975,Hay & haylage,Hay & small grains,88.0,0.00243,25103.6,137.3,5.9,52.8,3.817176,1.467931,697.923212
47,85,2017,2018,23662.0,23464.0,0.991632,6,4,0.708863,2.03168,0.774165,0.996591,Hay & haylage,Hay & small grains,77.0,0.003282,30128.7,157.5,5.1,45.1,6.656242,1.90601,1273.294734
47,87,2017,2018,13111.0,13087.0,0.998169,7,2,0.262391,1.300035,0.942004,0.994193,Hay & haylage,Hay & small grains,100.0,0.007641,5702.5,66.8,12.0,48.0,5.094958,3.661048,434.940127
47,89,2017,2018,30324.0,30490.0,1.005474,7,1,0.607943,1.836649,0.836865,0.986881,Hay & haylage,Hay & small grains,187.0,0.006133,17832.3,338.0,1.5,44.8,11.146287,1.477378,588.058963
47,91,2017,2018,11792.0,10898.0,0.924186,6,0,0.226849,1.25464,0.948798,0.997431,Hay & haylage,Hay & small grains,66.0,0.006056,5554.7,223.8,1.0,23.6,18.978969,2.001357,471.056649
47,93,2017,2018,21488.0,21363.0,0.994183,8,2,0.351072,1.42059,0.927445,0.984974,Hay & haylage,Hay & small grains,273.0,0.012779,7728.1,98.9,0.7,30.9,4.602569,1.438012,359.647245
47,95,2017,2018,80132.0,87966.0,1.097764,4,2,0.965929,2.627226,0.682696,0.925062,Soybeans,Corn / soybean,6592.0,0.074938,160581.7,4476.0,371.1,3196.8,55.857835,39.894175,2003.964708
47,97,2017,2018,125899.0,133904.0,1.063583,7,2,1.141645,3.131915,0.62972,0.898547,Soybeans,Corn / soybean,20628.0,0.154051,317217.0,10687.8,851.2,8581.5,84.891858,68.16178,2519.614929
47,99,2017,2018,91801.0,97615.0,1.063333,9,5,1.299616,3.667888,0.332859,0.928157,Soybeans,Corn / soybean,274.0,0.002807,129297.0,877.6,25.0,222.3,9.559809,2.421542,1408.44871
47,103,2017,2018,90995.0,96157.0,1.056728,8,6,1.467032,4.336344,0.423017,0.81812,Hay & haylage,Hay & small grains,10600.0,0.110236,100129.6,974.6,58.5,696.6,10.710479,7.655366,1100.385735
47,105,2017,2018,24982.0,25870.0,1.035546,7,1,1.094019,2.986252,0.600966,0.931117,Hay & haylage,Hay & small grains,41.0,0.001585,29212.6,895.4,0.5,45.4,35.841806,1.817308,1169.345929
47,107,2017,2018,37513.0,38400.0,1.023645,8,0,0.937901,2.554613,0.695052,0.961641,Hay & haylage,Hay & small grains,276.0,0.007188,34804.9,584.4,6.5,126.0,15.578599,3.358836,927.809026
47,109,2017,2018,51173.0,51836.0,1.012956,8,3,1.366545,3.921776,0.463828,0.838105,Soybeans,Corn / soybean,6613.0,0.127575,114717.0,9991.2,284.7,8627.6,195.243585,168.596721,2241.748578
47,111,2017,2018,40358.0,41260.0,1.02235,8,4,1.310688,3.708724,0.523631,0.843383,Hay & haylage,Hay & small grains,5575.0,0.135119,34880.6,866.5,236.6,762.1,21.47034,18.883493,864.279697
47,113,2017,2018,94994.0,101502.0,1.06851,8,0,1.498108,4.473219,0.374131,0.789216,Soybeans,Corn / soybean,22266.0,0.219365,252126.6,20032.7,561.2,16991.5,210.883845,178.869192,2654.13184
47,115,2017,2018,17353.0,18496.0,1.065868,6,2,1.22164,3.392748,0.454963,0.913657,Hay & haylage,Hay & small grains,24.0,0.001298,12321.5,102.5,0.0,34.7,5.90676,1.999654,710.050135
47,117,2017,2018,46891.0,47827.0,1.019961,7,0,0.966503,2.628734,0.666569,0.958224,Hay & haylage,Hay & small grains,50.0,0.001045,23441.5,176.3,6.5,97.1,3.759783,2.07076,499.914696
47,119,2017,2018,67478.0,69241.0,1.026127,7,2,1.104548,3.017861,0.569749,0.947964,Hay & haylage,Hay & small grains,378.0,0.005459,42951.4,303.4,11.4,132.4,4.49628,1.962121,636.524497
47,121,2017,2018,12144.0,12410.0,1.021904,6,1,0.910113,2.484603,0.704029,0.96245,Hay & haylage,Hay & small grains,70.0,0.005641,10905.0,221.3,0.0,9.3,18.222991,0.76581,897.974308
47,123,2017,2018,43387.0,43605.0,1.005025,7,3,1.080867,2.947234,0.568146,0.959592,Hay & haylage,Hay & small grains,146.0,0.003348,35659.1,615.7,6.2,140.1,14.190887,3.229078,821.884435
47,125,2017,2018,57489.0,62732.0,1.0912,8,2,1.455429,4.286321,0.324603,0.835698,Hay & haylage,Hay & small grains,2594.0,0.041351,102248.8,1610.4,150.0,1040.7,28.012315,18.102594,1778.58025
47,127,2017,2018,13540.0,13195.0,0.97452,4,3,0.0598,1.061624,0.990375,0.999394,Hay & haylage,Hay & small grains,22.0,0.001667,2839.1,13.7,0.1,2.4,1.011817,0.177253,209.682422
47,129,2017,2018,13921.0,13108.0,0.941599,5,4,0.31165,1.365677,0.912267,0.998932,Hay & haylage,Hay & small grains,35.0,0.00267,3177.3,5.2,0.0,1.5,0.373536,0.107751,228.237914
47,131,2017,2018,175672.0,173591.0,0.988154,5,4,0.964573,2.623668,0.57166,0.965966,Soybeans,Corn / soybean,114.0,0.000657,369970.4,6381.1,468.9,1693.7,36.323945,9.641263,2106.029418
47,133,2017,2018,27640.0,27597.0,0.998444,7,1,0.400682,1.492843,0.909737,0.988948,Hay & haylage,Hay & small grains,143.0,0.005182,12740.6,88.9,0.6,67.5,3.216353,2.442113,460.947902
47,135,2017,2018,10502.0,10486.0,0.998476,5,1,1.043213,2.838323,0.504482,0.998856,Hay & haylage,Hay & small grains,12.0,0.001144,11632.4,58.4,2.0,15.3,5.560846,1.456865,1107.636641
47,139,2017,2018,13419.0,13048.0,0.972353,6,4,1.043851,2.840135,0.452406,0.995402,Hay & haylage,Hay & small grains,60.0,0.004598,15843.9,256.7,0.2,18.6,19.129592,1.386094,1180.706461
47,141,2017,2018,26379.0,25879.0,0.981046,7,0,0.546597,1.727365,0.842884,0.993045,Hay & haylage,Hay & small grains,180.0,0.006955,11829.3,91.4,4.9,110.7,3.464877,4.19652,448.436256
47,143,2017,2018,12979.0,12935.0,0.99661,6,2,0.504546,1.656234,0.875609,0.975184,Hay & haylage,Hay & small grains,360.0,0.027831,13950.7,303.0,0.5,40.7,23.345404,3.135835,1074.867093
47,145,2017,2018,10779.0,10746.0,0.996938,5,2,0.138322,1.148345,0.976456,0.995812,Hay & haylage,Hay & small grains,125.0,0.011632,3290.7,24.3,0.3,14.2,2.254384,1.317376,305.28806
47,149,2017,2018,53071.0,53674.0,1.011362,7,5,0.981864,2.669427,0.647092,0.967452,Hay & haylage,Hay & small grains,178.0,0.003316,36077.7,278.8,12.5,149.8,5.25334,2.822634,679.800644
47,155,2017,2018,13566.0,13510.0,0.995872,8,2,0.194163,1.214294,0.967135,0.988231,Hay & haylage,Hay & small grains,104.0,0.007698,5843.7,48.5,1.1,75.7,3.575114,5.580127,430.760725
47,157,2017,2018,45267.0,45551.0,1.006274,8,4,1.264527,3.541416,0.561371,0.864811,Soybeans,Corn / soybean,9793.0,0.21499,111589.8,4500.9,321.0,3772.0,99.430048,83.327811,2465.146796
47,159,2017,2018,36258.0,38992.0,1.075404,8,1,1.286837,3.621314,0.51567,0.874872,Hay & haylage,Hay & small grains,1448.0,0.037136,16943.7,279.9,62.9,227.5,7.719676,6.274477,467.309283
47,161,2017,2018,15220.0,15015.0,0.986531,7,2,0.993481,2.700618,0.6335,0.970296,Hay & haylage,Hay & small grains,446.0,0.029704,17951.3,350.8,39.1,260.7,23.04862,17.128778,1179.454665
47,163,2017,2018,26199.0,26154.0,0.998282,5,5,0.213171,1.237596,0.952015,0.998471,Hay & haylage,Hay & small grains,140.0,0.005353,7449.2,129.9,1.1,57.2,4.958205,2.183289,284.331463
47,165,2017,2018,60670.0,65761.0,1.083913,8,2,1.257834,3.517795,0.533082,0.871368,Hay & haylage,Hay & small grains,1325.0,0.020149,55129.6,464.3,28.2,267.0,7.652876,4.400857,908.679743
47,167,2017,2018,141316.0,149632.0,1.058847,8,2,1.329725,3.780003,0.511629,0.881817,Soybeans,Corn / soybean,26843.0,0.179393,277581.1,7413.4,591.9,4942.9,52.459736,34.977639,1964.258117
47,173,2017,2018,10701.0,10674.0,0.997477,5,2,0.05329,1.054736,0.992318,0.998969,Hay & haylage,Hay & small grains,41.0,0.003841,3229.7,14.4,0.2,1.5,1.345669,0.140174,301.812915
47,179,2017,2018,41169.0,41317.0,1.003595,9,5,0.555865,1.743448,0.86652,0.968391,Hay & haylage,Hay & small grains,1229.0,0.029746,15273.3,399.1,5.5,116.3,9.694187,2.824941,370.990308
47,181,2017,2018,27270.0,27495.0,1.008251,6,2,0.864065,2.372786,0.698345,0.989016,Hay & haylage,Hay & small grains,51.0,0.001855,24998.8,122.1,4.0,38.3,4.477448,1.404474,916.714338
47,183,2017,2018,156817.0,170500.0,1.087255,7,5,1.150973,3.161268,0.487501,0.925636,Soybeans,Corn / soybean,115.0,0.000674,340778.3,6775.2,175.1,3159.1,43.2045,20.145137,2173.095391
47,185,2017,2018,37031.0,37199.0,1.004537,7,0,0.731239,2.077652,0.778166,0.986962,Hay & haylage,Hay & small grains,156.0,0.004194,18218.9,121.1,1.8,68.6,3.270233,1.852502,491.990494
47,187,2017,2018,48001.0,48405.0,1.008416,7,3,0.931107,2.537317,0.671005,0.950253,Hay & haylage,Hay & small grains,408.0,0.008429,17654.6,130.0,5.1,75.9,2.708277,1.581217,367.796504
47,189,2017,2018,45176.0,44916.0,0.994245,6,3,0.38205,1.465285,0.907761,0.997039,Hay & haylage,Hay & small grains,133.0,0.002961,11023.0,77.8,5.6,66.1,1.722153,1.463166,244.00124
48,1,2017,2018,52601.0,46872.0,0.891086,7,3,0.281264,1.324803,0.936188,0.994026,Hay & haylage,Hay & small grains,530.0,0.011307,51080.0,708.1,3.8,448.3,13.461721,8.522652,971.0842
48,5,2017,2018,15104.0,15119.0,1.000993,6,1,0.167316,1.182128,0.969905,0.993518,Hay & haylage,Hay & small grains,413.0,0.027317,10286.2,126.1,95.7,121.4,8.348782,8.037606,681.024894
48,9,2017,2018,48164.0,41663.0,0.865024,3,5,0.678296,1.970518,0.595204,1.0,Hay & haylage,Hay & small grains,18.0,0.000432,14775.2,4611.5,5.5,4541.0,95.745785,94.282036,306.768541
48,11,2017,2018,49012.0,53442.0,1.090386,5,2,1.270689,3.563308,0.568897,0.819094,Wheat,Hay & small grains,5878.0,0.109988,71436.8,2274.9,52.2,1922.9,46.415164,39.233249,1457.53693
48,13,2017,2018,42860.0,39092.0,0.912086,12,2,1.259233,3.522718,0.663895,0.847744,Hay & haylage,Hay & small grains,8323.0,0.212908,35425.1,1681.8,137.8,1572.8,39.239384,36.69622,826.530565
48,15,2017,2018,56248.0,56207.0,0.999271,7,1,0.71407,2.042286,0.801929,0.968794,Hay & haylage,Hay & small grains,3611.0,0.064245,56017.4,3757.1,208.0,3130.8,66.795264,55.660646,995.900299
48,17,2017,2018,144940.0,148796.0,1.026604,9,2,1.471384,4.355259,0.518462,0.768542,Cotton,Southern row crops,80458.0,0.540727,193765.6,10793.0,117.9,1151.1,74.465296,7.941907,1336.867669
48,21,2017,2018,30771.0,28592.0,0.929187,5,3,0.377038,1.45796,0.887241,0.997342,Hay & haylage,Hay & small grains,3162.0,0.11059,35343.8,1870.0,34.2,753.8,60.771506,24.497091,1148.607455
48,23,2017,2018,66433.0,66377.0,0.999157,5,2,0.740198,2.096351,0.775946,0.984995,Wheat,Hay & small grains,7896.0,0.118957,38461.4,2851.9,36.9,2723.5,42.928966,40.996192,578.950221
48,25,2017,2018,46131.0,45539.0,0.987167,8,1,1.499055,4.477457,0.31204,0.75263,Cotton,Southern row crops,14451.0,0.317332,122399.7,9160.8,401.7,6388.3,198.582298,138.481715,2653.306887
48,27,2017,2018,125623.0,127858.0,1.017791,8,3,1.350511,3.859396,0.528844,0.866469,Corn,Corn / soybean,8028.0,0.062788,138588.2,8454.1,29.9,2927.5,67.29739,23.303854,1103.207215
48,29,2017,2018,50609.0,51065.0,1.00901,9,5,1.312305,3.714725,0.553686,0.848585,Hay & haylage,Hay & small grains,1768.0,0.034623,61377.9,2407.8,76.5,1387.9,47.576518,27.423976,1212.786263
48,33,2017,2018,61932.0,59322.0,0.957857,2,3,0.128615,1.137252,0.971747,1.0,Cotton,Southern row crops,57646.0,0.971747,74085.1,929.9,74.9,275.4,15.014855,4.446813,1196.232965
48,35,2017,2018,50870.0,50600.0,0.994692,7,3,1.102433,3.011483,0.662569,0.885455,Hay & haylage,Hay & small grains,6775.0,0.133893,44466.5,1612.9,13.4,1177.8,31.70631,23.153135,874.120307
48,37,2017,2018,60208.0,56813.0,0.943612,8,5,0.903605,2.468485,0.74541,0.912485,Hay & haylage,Hay & small grains,2919.0,0.051379,42210.3,584.1,2.2,489.0,9.701369,8.121844,701.074608
48,39,2017,2018,74156.0,70558.0,0.951481,8,2,1.622414,5.065305,0.357153,0.751495,Hay & haylage,Hay & small grains,17640.0,0.250007,117381.3,8786.7,481.0,5089.9,118.489401,68.637737,1582.896866
48,41,2017,2018,37633.0,36232.0,0.962772,7,1,1.054235,2.869779,0.569717,0.93721,Hay & haylage,Hay & small grains,12374.0,0.341521,77525.8,3162.7,275.7,2786.6,84.040603,74.046714,2060.048362
48,45,2017,2018,80680.0,83098.0,1.02997,6,2,1.29246,3.641733,0.423356,0.896628,Cotton,Southern row crops,37946.0,0.456642,181216.6,3180.2,199.4,2916.6,39.417452,36.150223,2246.115518
48,49,2017,2018,29830.0,26808.0,0.898693,6,8,0.803732,2.233862,0.78954,0.910176,Hay & haylage,Hay & small grains,2488.0,0.092808,20809.7,1162.5,29.7,1075.9,38.970835,36.067717,697.609789
48,51,2017,2018,53045.0,52531.0,0.99031,8,1,1.292219,3.640856,0.55571,0.89608,Hay & haylage,Hay & small grains,10871.0,0.206944,119274.7,11919.9,687.7,10663.8,224.71298,201.033085,2248.556886
48,53,2017,2018,12091.0,11196.0,0.925978,5,3,0.218352,1.244025,0.954448,0.994552,Hay & haylage,Hay & small grains,487.0,0.043498,2354.1,201.7,2.8,140.2,16.681829,11.595402,194.698536
48,55,2017,2018,53779.0,53690.0,0.998345,7,3,1.498945,4.476965,0.340548,0.810095,Hay & haylage,Hay & small grains,10209.0,0.190147,64206.3,4452.3,224.2,3525.3,82.788821,65.551609,1193.891668
48,57,2017,2018,39236.0,37730.0,0.961617,5,4,1.418456,4.130738,0.325948,0.869547,Corn,Corn / soybean,11308.0,0.299708,99426.8,9997.5,541.9,7438.6,254.804261,189.586094,2534.070751
48,59,2017,2018,38364.0,37767.0,0.984439,5,4,0.717406,2.049112,0.579659,0.99767,Wheat,Hay & small grains,237.0,0.006275,11670.8,1618.9,4.7,1575.7,42.198415,41.07236,304.212282
48,61,2017,2018,168587.0,158121.0,0.937919,8,4,1.368587,3.929792,0.392908,0.898767,Cotton,Southern row crops,66932.0,0.423296,170098.3,12148.9,93.1,11296.7,72.063089,67.008132,1008.964511
48,63,2017,2018,13104.0,12620.0,0.963065,6,1,0.137526,1.147431,0.97504,0.996989,Hay & haylage,Hay & small grains,288.0,0.022821,9100.5,90.4,0.1,90.4,6.898657,6.898657,694.482601
48,65,2017,2018,205318.0,213912.0,1.041857,8,2,1.418323,4.13019,0.388847,0.827588,Cotton,Southern row crops,83189.0,0.388894,437074.5,15246.6,406.6,13910.6,74.258467,67.751488,2128.768544
48,67,2017,2018,27018.0,26954.0,0.997631,7,0,0.109498,1.115718,0.982155,0.996513,Hay & haylage,Hay & small grains,165.0,0.006122,16066.4,74.8,0.9,73.6,2.768525,2.72411,594.655415
48,69,2017,2018,188310.0,191289.0,1.01582,6,5,1.522161,4.582118,0.337704,0.768021,Corn,Corn / soybean,48743.0,0.254813,442339.6,45637.5,275.1,44208.5,242.353035,234.764484,2348.996867
48,71,2017,2018,32115.0,31980.0,0.995796,5,6,0.819343,2.269009,0.559662,0.988962,Rice,Southern row crops,17951.0,0.56132,40861.2,1108.0,424.8,785.9,34.501012,24.471431,1272.340028
48,73,2017,2018,43860.0,43514.0,0.992111,5,2,0.095607,1.100326,0.983637,0.999334,Hay & haylage,Hay & small grains,683.0,0.015696,34572.1,164.2,1.4,142.3,3.74373,3.244414,788.237574
48,75,2017,2018,51820.0,52648.0,1.015978,5,2,0.935811,2.549281,0.694917,0.955345,Cotton,Southern row crops,36586.0,0.694917,77296.1,907.0,81.6,411.5,17.502895,7.940949,1491.626785
48,77,2017,2018,43309.0,43823.0,1.011868,9,2,1.163187,3.200115,0.482851,0.932182,Hay & haylage,Hay & small grains,4167.0,0.095087,16173.9,3716.2,13.8,3652.7,85.806645,84.340437,373.453555
48,79,2017,2018,205484.0,209712.0,1.020576,7,2,1.267194,3.550873,0.591669,0.84091,Cotton,Southern row crops,145169.0,0.69223,362261.3,13394.5,211.9,1877.3,65.185124,9.135991,1762.965973
48,81,2017,2018,14499.0,14186.0,0.978412,5,4,0.941969,2.565027,0.563443,0.986607,Hay & haylage,Hay & small grains,1036.0,0.07303,7272.2,155.1,24.0,39.8,10.697289,2.745017,501.565625
48,83,2017,2018,61453.0,61587.0,1.002181,7,4,1.535749,4.644801,0.320279,0.833796,Wheat,Hay & small grains,6219.0,0.100979,39785.9,2135.6,29.7,1604.1,34.751762,26.102875,647.419979
48,85,2017,2018,95768.0,97438.0,1.017438,9,2,1.352087,3.865484,0.445863,0.900603,Hay & haylage,Hay & small grains,1778.0,0.018248,52221.2,3732.4,13.2,1453.2,38.973352,15.174171,545.288614
48,87,2017,2018,81736.0,82970.0,1.015097,6,4,0.978727,2.661065,0.707256,0.908196,Cotton,Southern row crops,64524.0,0.777679,156782.7,2192.3,121.5,556.2,26.821719,6.804835,1918.159685
48,89,2017,2018,71480.0,67727.0,0.947496,5,5,1.218776,3.383044,0.427141,0.956472,Rice,Southern row crops,30517.0,0.450588,106551.6,3371.6,497.5,2552.0,47.168439,35.702294,1490.649133
48,93,2017,2018,79666.0,81147.0,1.01859,10,2,1.417754,4.127838,0.599024,0.793646,Hay & haylage,Hay & small grains,18451.0,0.227377,81914.5,3259.0,232.3,2664.8,40.908292,33.449652,1028.224086
48,95,2017,2018,60249.0,62159.0,1.031702,8,2,1.348913,3.853235,0.380637,0.881964,Cotton,Southern row crops,23669.0,0.380782,123960.0,2850.4,625.5,1126.0,47.310329,18.689107,2057.461535
48,97,2017,2018,89881.0,92509.0,1.029239,9,3,1.076578,2.934621,0.6947,0.889384,Hay & haylage,Hay & small grains,3200.0,0.034591,43809.1,3084.8,16.5,2164.2,34.320935,24.078504,487.412245
48,99,2017,2018,46919.0,47022.0,1.002195,8,3,1.525194,4.596035,0.508081,0.75705,Hay & haylage,Hay & small grains,892.0,0.01897,44562.2,2318.0,11.5,1356.1,49.404293,28.903003,949.76875
48,107,2017,2018,193401.0,194317.0,1.004736,5,4,0.398105,1.489001,0.913914,0.980465,Cotton,Southern row crops,177589.0,0.913914,511885.2,8913.1,368.4,2621.5,46.086111,13.554739,2646.755704
48,111,2017,2018,193223.0,200109.0,1.035638,9,4,1.509043,4.522401,0.444803,0.803137,Corn,Corn / soybean,24033.0,0.1201,250821.4,37886.0,68.3,36568.1,196.073966,189.25335,1298.092877
48,113,2017,2018,18080.0,16326.0,0.902987,5,3,0.763581,2.145947,0.770795,0.972682,Hay & haylage,Hay & small grains,446.0,0.027318,8356.8,414.6,1.1,240.2,22.931416,13.285398,462.212389
48,115,2017,2018,293818.0,293928.0,1.000374,7,2,0.500646,1.649787,0.884397,0.971153,Cotton,Southern row crops,280190.0,0.953261,727751.4,9623.7,528.1,3327.7,32.75395,11.325719,2476.878204
48,117,2017,2018,290800.0,301380.0,1.036382,7,4,1.550363,4.713179,0.406009,0.721216,Wheat,Hay & small grains,40008.0,0.132749,316921.7,30174.5,122.8,28267.6,103.763755,97.206327,1089.827029
48,121,2017,2018,104555.0,103808.0,0.992855,10,2,1.295621,3.653263,0.508901,0.900229,Hay & haylage,Hay & small grains,3590.0,0.034583,38458.2,3517.7,6.9,1171.7,33.644493,11.206542,367.827459
48,123,2017,2018,36907.0,36796.0,0.996992,3,3,0.681892,1.977616,0.773481,1.0,Hay & haylage,Hay & small grains,2929.0,0.079601,53323.1,1134.8,16.7,425.9,30.747555,11.539816,1444.79638
48,125,2017,2018,42204.0,42122.0,0.998057,6,3,0.578692,1.783704,0.853497,0.970158,Cotton,Southern row crops,35954.0,0.853568,58947.0,697.8,56.8,245.4,16.533978,5.814615,1396.715951
48,129,2017,2018,28137.0,29209.0,1.038099,8,3,1.342512,3.828649,0.567599,0.823821,Cotton,Southern row crops,19100.0,0.653908,51094.8,1614.1,29.7,159.3,57.365746,5.661584,1815.929204
48,133,2017,2018,36910.0,35331.0,0.95722,6,4,0.51234,1.669193,0.861623,0.996575,Hay & haylage,Hay & small grains,2022.0,0.05723,20655.4,1031.5,42.9,577.0,27.946356,15.63262,559.61528
48,139,2017,2018,190064.0,193714.0,1.019204,10,1,1.588331,4.895573,0.340414,0.787517,Corn,Corn / soybean,24898.0,0.12853,151190.0,10979.7,120.6,6806.3,57.768436,35.810569,795.468895
48,141,2017,2018,30318.0,30230.0,0.997097,6,2,1.083219,2.954175,0.491995,0.973239,Cotton,Southern row crops,26026.0,0.860933,9904.8,844.6,197.1,610.2,27.858038,20.126657,326.697012
48,143,2017,2018,83481.0,81441.0,0.975563,11,1,0.650134,1.915798,0.862035,0.936064,Hay & haylage,Hay & small grains,1872.0,0.022986,13769.6,831.2,15.9,592.7,9.956757,7.099819,164.942921
48,145,2017,2018,134445.0,135287.0,1.006263,10,2,1.43489,4.199181,0.506124,0.849993,Corn,Corn / soybean,5338.0,0.039457,135193.1,7167.2,36.2,2257.3,53.309532,16.789765,1005.564357
48,147,2017,2018,158613.0,156246.0,0.985077,9,3,1.362351,3.905365,0.491398,0.86975,Hay & haylage,Hay & small grains,4418.0,0.028276,82307.1,4861.9,23.0,2554.0,30.652595,16.102085,518.917743
48,149,2017,2018,64956.0,63997.0,0.985236,6,5,0.641313,1.898973,0.786006,0.987093,Hay & haylage,Hay & small grains,1309.0,0.020454,65676.4,1047.8,24.6,606.6,16.130919,9.338629,1011.090584
48,151,2017,2018,117465.0,115441.0,0.982769,4,3,0.91163,2.488375,0.66246,0.978534,Cotton,Southern row crops,76475.0,0.66246,224389.4,1916.2,517.9,1096.2,16.312944,9.332141,1910.266037
48,153,2017,2018,283399.0,292327.0,1.031503,5,8,0.924689,2.521085,0.662932,0.959617,Cotton,Southern row crops,193793.0,0.662932,1191779.2,19373.8,1363.7,17699.6,68.362274,62.454702,4205.304888
48,157,2017,2018,103115.0,102497.0,0.994007,8,1,1.623523,5.070924,0.411817,0.741095,Cotton,Southern row crops,52358.0,0.510825,186073.9,19303.3,1308.8,16136.5,187.201668,156.490326,1804.527954
48,159,2017,2018,20953.0,18609.0,0.888131,2,9,0.042436,1.043349,0.992853,1.0,Hay & haylage,Hay & small grains,133.0,0.007147,20365.5,107.3,0.2,78.8,5.120985,3.760798,971.961056
48,161,2017,2018,37376.0,36689.0,0.981619,5,2,0.068306,1.070693,0.988961,0.999373,Hay & haylage,Hay & small grains,389.0,0.010603,42568.2,215.0,40.3,192.5,5.752354,5.150364,1138.918022
48,163,2017,2018,62213.0,65098.0,1.046373,10,2,1.923391,6.844127,0.179729,0.534824,Wheat,Hay & small grains,28425.0,0.436649,69959.7,3258.0,311.1,2883.2,52.368476,46.344012,1124.518991
48,165,2017,2018,361120.0,363281.0,1.005984,9,6,1.136301,3.115224,0.664331,0.89597,Cotton,Southern row crops,304350.0,0.837781,851026.1,10126.9,497.8,3542.8,28.043033,9.810589,2356.629652
48,169,2017,2018,43321.0,41976.0,0.968953,2,5,0.110347,1.116666,0.976772,1.0,Cotton,Southern row crops,41001.0,0.976772,79166.1,723.7,84.4,348.7,16.705524,8.049214,1827.430115
48,171,2017,2018,26625.0,27661.0,1.038911,8,3,1.211525,3.358602,0.644192,0.856513,Hay & haylage,Hay & small grains,1873.0,0.067713,36423.8,2123.7,2.6,1828.3,79.76338,68.668545,1368.030047
48,173,2017,2018,138004.0,138734.0,1.00529,7,1,0.365932,1.441857,0.928777,0.976538,Cotton,Southern row crops,130520.0,0.940793,259580.3,2763.4,186.7,1129.1,20.024057,8.181647,1880.962146
48,175,2017,2018,20804.0,19185.0,0.922178,4,3,0.952294,2.591647,0.454365,0.996351,Hay & haylage,Hay & small grains,70.0,0.003649,57458.1,1313.7,25.2,528.8,63.14651,25.418189,2761.877524
48,179,2017,2018,69670.0,70298.0,1.009014,7,2,1.420012,4.137171,0.400936,0.85129,Cotton,Southern row crops,28211.0,0.401306,199353.9,5228.7,202.2,4659.0,75.049519,66.872398,2861.402325
48,181,2017,2018,158001.0,160318.0,1.014664,9,1,1.344674,3.836936,0.388621,0.920502,Hay & haylage,Hay & small grains,1301.0,0.008115,66153.5,4772.2,17.5,2498.6,30.203606,15.813824,418.690388
48,183,2017,2018,12158.0,12150.0,0.999342,5,0,0.044161,1.045151,0.993827,0.998765,Hay & haylage,Hay & small grains,61.0,0.005021,5348.2,52.7,0.0,52.7,4.334595,4.334595,439.89143
48,185,2017,2018,45233.0,41613.0,0.91997,6,5,0.161531,1.175308,0.96864,0.999447,Hay & haylage,Hay & small grains,395.0,0.009492,82958.6,535.7,74.1,465.1,11.843123,10.282316,1834.028254
48,187,2017,2018,78496.0,78928.0,1.005503,8,1,1.3894,4.012442,0.385744,0.905331,Hay & haylage,Hay & small grains,4011.0,0.050818,139706.8,6407.6,134.8,2720.3,81.629637,34.655269,1779.795149
48,189,2017,2018,291830.0,300654.0,1.030237,10,3,1.04599,2.846215,0.704843,0.894646,Cotton,Southern row crops,215404.0,0.716451,1225210.7,25833.6,1332.0,22695.3,88.52277,77.768907,4198.371312
48,191,2017,2018,117915.0,116508.0,0.988068,5,4,0.445492,1.561258,0.901492,0.974414,Cotton,Southern row crops,106551.0,0.914538,126847.1,1282.8,132.8,588.3,10.879023,4.989187,1075.750329
48,193,2017,2018,42709.0,42634.0,0.998244,8,3,1.087286,2.966212,0.708331,0.862762,Hay & haylage,Hay & small grains,4217.0,0.098912,29929.7,754.5,1.1,234.6,17.666066,5.492987,700.782037
48,195,2017,2018,226938.0,234986.0,1.035463,6,2,1.360115,3.89664,0.399777,0.917012,Wheat,Hay & small grains,62209.0,0.264735,251180.7,20679.2,105.7,19729.0,91.122685,86.935639,1106.825212
48,197,2017,2018,51053.0,49241.0,0.964507,3,8,0.743466,2.103213,0.72858,1.0,Wheat,Hay & small grains,3633.0,0.07378,32690.4,510.0,28.0,258.1,9.989619,5.055531,640.322802
48,203,2017,2018,29246.0,26652.0,0.911304,4,5,0.050918,1.052236,0.992571,0.999175,Hay & haylage,Hay & small grains,198.0,0.007429,21121.2,113.0,0.4,111.0,3.863776,3.795391,722.191069
48,205,2017,2018,201178.0,206536.0,1.026633,8,2,1.574799,4.829769,0.429024,0.747168,Corn,Corn / soybean,41032.0,0.198668,286108.9,49811.6,20.9,47842.0,247.599638,237.809303,1422.167931
48,207,2017,2018,171959.0,183668.0,1.068092,8,4,1.055624,2.873769,0.467071,0.944721,Cotton,Southern row crops,86907.0,0.473174,254218.0,6706.7,440.9,6250.0,39.001739,36.345873,1478.364029
48,209,2017,2018,15760.0,15796.0,1.002284,7,2,1.438338,4.213688,0.336161,0.821917,Corn,Corn / soybean,2615.0,0.165548,33120.8,633.8,10.3,288.0,40.215736,18.274112,2101.573604
48,211,2017,2018,10840.0,10332.0,0.953137,2,3,0.656925,1.928851,0.633759,1.0,Hay & haylage,Hay & small grains,0.0,0.0,9690.2,331.2,2.5,323.8,30.553506,29.870849,893.929889
48,213,2017,2018,58826.0,57506.0,0.977561,6,3,0.087911,1.091891,0.98621,0.997739,Hay & haylage,Hay & small grains,765.0,0.013303,42914.5,133.0,1.2,133.0,2.260905,2.260905,729.51586
48,215,2017,2018,285995.0,254086.0,0.888428,10,5,1.742947,5.714159,0.330644,0.735164,Sorghum,Southern row crops,106051.0,0.417382,160922.5,12582.6,338.4,11950.6,43.995874,41.786045,562.675921
48,217,2017,2018,222565.0,229277.0,1.030157,10,3,1.267476,3.551878,0.519812,0.891049,Corn,Corn / soybean,20853.0,0.090951,150382.6,9236.3,82.3,4922.0,41.499337,22.114888,675.679464
48,219,2017,2018,245331.0,246032.0,1.002857,11,1,0.966003,2.627423,0.619818,0.968358,Cotton,Southern row crops,153675.0,0.624614,683151.0,15244.8,455.9,5065.2,62.139721,20.646392,2784.609364
48,221,2017,2018,26751.0,25685.0,0.960151,4,1,0.296813,1.345564,0.915048,0.999922,Hay & haylage,Hay & small grains,2182.0,0.084952,8600.2,591.2,22.3,516.6,22.100108,19.311428,321.490785
48,223,2017,2018,105066.0,100222.0,0.953896,5,8,0.049565,1.050814,0.992038,0.99985,Hay & haylage,Hay & small grains,798.0,0.007962,52071.6,754.7,0.8,248.9,7.183104,2.368987,495.608475
48,225,2017,2018,44044.0,43004.0,0.976387,5,4,0.125079,1.133238,0.977351,0.999256,Hay & haylage,Hay & small grains,942.0,0.021905,84006.7,1523.5,15.3,1108.6,34.59041,25.170284,1907.335846
48,227,2017,2018,76613.0,75729.0,0.988461,4,3,0.295404,1.343669,0.930397,0.999591,Cotton,Southern row crops,71898.0,0.949412,310923.4,3358.5,222.4,1515.7,43.837208,19.783849,4058.363463
48,229,2017,2018,11735.0,11662.0,0.993779,4,1,0.950188,2.586195,0.646459,0.961242,Hay & haylage,Hay & small grains,4123.0,0.353541,17215.6,495.4,129.0,376.9,42.215594,32.117597,1467.030251
48,231,2017,2018,120810.0,121149.0,1.002806,9,2,1.268496,3.555501,0.580607,0.860139,Hay & haylage,Hay & small grains,6499.0,0.053645,51611.2,3406.4,13.2,1193.0,28.196341,9.87501,427.209668
48,233,2017,2018,53059.0,52947.0,0.997889,5,1,1.324747,3.761235,0.429562,0.901902,Cotton,Southern row crops,22744.0,0.429562,116397.2,6584.5,94.8,6146.4,124.097703,115.840856,2193.731506
48,237,2017,2018,13301.0,13210.0,0.993158,5,2,0.202833,1.224868,0.959198,0.999092,Hay & haylage,Hay & small grains,250.0,0.018925,4347.4,417.3,0.6,413.4,31.373581,31.08037,326.847605
48,239,2017,2018,150676.0,150561.0,0.999237,7,2,1.120995,3.067906,0.592052,0.926262,Corn,Corn / soybean,41848.0,0.277947,122342.4,8588.2,696.2,7250.0,56.997797,48.116488,811.956781
48,241,2017,2018,10743.0,10639.0,0.990319,5,1,0.147371,1.158784,0.975186,0.991541,Hay & haylage,Hay & small grains,247.0,0.023216,8047.3,227.0,60.4,222.3,21.130038,20.692544,749.073816
48,245,2017,2018,38047.0,32632.0,0.857676,5,2,0.703714,2.021245,0.634285,0.999081,Rice,Southern row crops,21004.0,0.643663,51762.0,1548.4,461.4,1407.1,40.697033,36.983205,1360.475202
48,249,2017,2018,114192.0,105297.0,0.922105,5,4,1.222112,3.394348,0.490033,0.898535,Sorghum,Southern row crops,26270.0,0.249485,178321.5,6807.9,584.3,5124.3,59.618012,44.874422,1561.593632
48,251,2017,2018,105382.0,106126.0,1.00706,10,2,1.330926,3.784547,0.528268,0.894993,Hay & haylage,Hay & small grains,4029.0,0.037964,46371.1,2613.1,9.5,1204.7,24.796455,11.431744,440.028658
48,253,2017,2018,163775.0,170820.0,1.043016,7,4,1.125633,3.082168,0.467129,0.939802,Cotton,Southern row crops,79885.0,0.467656,190290.1,2887.7,391.2,2345.7,17.632117,14.322699,1161.899557
48,255,2017,2018,53294.0,52087.0,0.977352,6,3,1.259207,3.522626,0.519842,0.873654,Hay & haylage,Hay & small grains,4233.0,0.081268,82713.3,3845.9,159.4,2624.6,72.163846,49.24757,1552.018989
48,257,2017,2018,98770.0,96095.0,0.972917,7,3,1.066753,2.905928,0.637078,0.891691,Hay & haylage,Hay & small grains,350.0,0.003642,40033.7,1358.6,1.8,668.8,13.755189,6.771287,405.322466
48,273,2017,2018,62862.0,62621.0,0.996166,4,3,1.090807,2.976677,0.461954,0.957267,Cotton,Southern row crops,28928.0,0.461954,146936.1,5994.9,675.6,5008.6,95.36604,79.676116,2337.439152
48,275,2017,2018,84359.0,85107.0,1.008867,4,4,0.780666,2.182925,0.728777,0.987381,Wheat,Hay & small grains,16527.0,0.194191,71873.6,3769.1,102.6,3607.5,44.679287,42.763665,851.996823
48,277,2017,2018,132573.0,130940.0,0.987682,8,2,1.196226,3.307612,0.617611,0.871957,Hay & haylage,Hay & small grains,7218.0,0.055124,82845.0,4841.3,22.9,2159.7,36.517994,16.290647,624.900998
48,279,2017,2018,272704.0,276872.0,1.015284,9,4,1.303708,3.682928,0.566728,0.873971,Cotton,Southern row crops,159931.0,0.577635,367350.3,27086.1,226.1,1834.6,99.324176,6.727441,1347.06605
48,281,2017,2018,17210.0,17089.0,0.992969,4,1,0.639591,1.895706,0.79835,0.998713,Hay & haylage,Hay & small grains,1204.0,0.070455,2607.2,64.2,0.2,12.5,3.730389,0.726322,151.493318
48,285,2017,2018,52109.0,51905.0,0.996085,5,5,0.495896,1.641968,0.879241,0.972334,Hay & haylage,Hay & small grains,3121.0,0.060129,45935.2,320.5,35.2,176.5,6.150569,3.387131,881.521426
48,287,2017,2018,31673.0,31344.0,0.989613,4,5,0.14227,1.152888,0.973201,0.999904,Hay & haylage,Hay & small grains,485.0,0.015473,21319.6,281.8,3.0,58.9,8.897168,1.859628,673.115903
48,289,2017,2018,50032.0,46249.0,0.924388,4,3,0.038747,1.039507,0.994443,0.999719,Hay & haylage,Hay & small grains,257.0,0.005557,54959.6,220.1,22.5,177.4,4.399185,3.545731,1098.488967
48,293,2017,2018,51347.0,47754.0,0.930025,8,3,0.86427,2.373273,0.727897,0.975018,Hay & haylage,Hay & small grains,4998.0,0.104661,55265.4,1943.7,14.3,972.1,37.854208,18.931973,1076.312151
48,297,2017,2018,27095.0,26994.0,0.996272,6,2,1.142539,3.134717,0.56357,0.933504,Hay & haylage,Hay & small grains,1795.0,0.066496,21960.7,603.0,36.1,391.3,22.255029,14.441779,810.507474
48,303,2017,2018,325991.0,327096.0,1.00339,10,2,0.799107,2.223554,0.808035,0.935267,Cotton,Southern row crops,268275.0,0.820172,677405.9,11255.4,497.2,3534.0,34.52672,10.84079,2077.989576
48,305,2017,2018,339939.0,340232.0,1.000862,6,3,0.531455,1.701406,0.875335,0.970776,Cotton,Southern row crops,297817.0,0.875335,801860.4,11344.9,585.6,3909.8,33.373341,11.501475,2358.836144
48,307,2017,2018,48769.0,47674.0,0.977547,7,3,1.18646,3.275464,0.583169,0.925997,Wheat,Hay & small grains,5535.0,0.116101,45606.5,1299.3,129.1,385.5,26.641924,7.904612,935.153479
48,309,2017,2018,222963.0,227715.0,1.021313,9,2,1.367889,3.927053,0.450054,0.895764,Corn,Corn / soybean,12198.0,0.053567,99838.9,5418.0,42.5,2666.6,24.299996,11.959832,447.782367
48,313,2017,2018,26744.0,23878.0,0.892836,3,4,0.596413,1.815595,0.81707,1.0,Hay & haylage,Hay & small grains,1619.0,0.067803,32714.7,249.0,216.6,244.2,9.3105,9.13102,1223.253814
48,317,2017,2018,170206.0,169516.0,0.995946,6,3,0.531129,1.700852,0.877852,0.963909,Cotton,Southern row crops,153168.0,0.903561,352591.5,4207.8,260.7,1696.1,24.721808,9.964984,2071.557407
48,321,2017,2018,114811.0,106916.0,0.931235,8,1,1.68834,5.410493,0.307943,0.702262,Corn,Corn / soybean,39888.0,0.373078,210716.5,19483.5,1541.6,17235.1,169.700638,150.117149,1835.333722
48,325,2017,2018,86218.0,88130.0,1.022176,8,5,1.727441,5.626237,0.283683,0.742347,Hay & haylage,Hay & small grains,19233.0,0.218234,188510.2,10953.2,524.3,8698.7,127.040757,100.891925,2186.436707
48,331,2017,2018,119711.0,120243.0,1.004444,10,3,1.515192,4.550296,0.380496,0.81742,Corn,Corn / soybean,15543.0,0.129263,98900.5,6446.5,53.1,3842.6,53.850523,32.098972,826.160503
48,333,2017,2018,17119.0,16981.0,0.991939,4,4,1.028704,2.797438,0.629704,0.925034,Hay & haylage,Hay & small grains,3456.0,0.203522,13496.9,872.4,40.2,843.5,50.960921,49.272738,788.416379
48,335,2017,2018,51234.0,51495.0,1.005094,5,2,0.747057,2.110779,0.762424,0.990892,Cotton,Southern row crops,39285.0,0.76289,134878.7,1077.3,307.5,647.1,21.027052,12.630285,2632.601398
48,337,2017,2018,41707.0,41612.0,0.997722,6,2,0.589838,1.803696,0.817793,0.997525,Hay & haylage,Hay & small grains,1903.0,0.045732,14935.0,1134.3,24.3,1083.7,27.196873,25.983648,358.093366
48,339,2017,2018,16648.0,16416.0,0.986064,5,1,0.063787,1.065865,0.990923,0.996893,Hay & haylage,Hay & small grains,128.0,0.007797,14278.4,195.0,55.7,173.5,11.713119,10.421672,857.664584
48,341,2017,2018,146514.0,149581.0,1.020933,6,5,1.522079,4.581739,0.311069,0.804982,Corn,Corn / soybean,33846.0,0.226272,284543.9,21850.9,182.6,20496.2,149.138649,139.892433,1942.093588
48,343,2017,2018,12186.0,12174.0,0.999015,3,1,0.062887,1.064906,0.989732,1.0,Hay & haylage,Hay & small grains,30.0,0.002464,12882.9,13.1,0.2,13.1,1.075004,1.075004,1057.188577
48,347,2017,2018,20450.0,20348.0,0.995012,4,4,0.079203,1.082424,0.987714,0.997346,Hay & haylage,Hay & small grains,250.0,0.012286,28865.9,98.8,0.6,98.8,4.831296,4.831296,1411.535452
48,349,2017,2018,128554.0,129428.0,1.006799,11,2,1.401917,4.062983,0.465556,0.883116,Hay & haylage,Hay & small grains,27923.0,0.215742,91821.3,6609.7,81.8,5206.7,51.415747,40.502046,714.262489
48,353,2017,2018,82492.0,83865.0,1.016644,5,2,0.812196,2.252851,0.725225,0.980791,Cotton,Southern row crops,60842.0,0.725475,154281.7,1620.4,339.0,1158.6,19.643117,14.044998,1870.262571
48,355,2017,2018,302455.0,303563.0,1.003663,6,2,1.037284,2.821542,0.469283,0.973669,Sorghum,Southern row crops,128307.0,0.42267,616033.6,24599.3,2892.3,20216.6,81.332099,66.841679,2036.777702
48,357,2017,2018,199320.0,205122.0,1.029109,6,1,1.405476,4.077469,0.436316,0.851459,Wheat,Hay & small grains,44115.0,0.215067,276223.4,14578.5,162.9,13112.7,73.14118,65.787176,1385.828818
48,359,2017,2018,35678.0,36061.0,1.010735,4,2,0.970692,2.63977,0.630071,0.967805,Wheat,Hay & small grains,1161.0,0.032195,20423.7,651.2,8.2,511.0,18.252144,14.322552,572.445204
48,363,2017,2018,24915.0,24358.0,0.977644,4,2,0.507159,1.660566,0.859676,0.999097,Hay & haylage,Hay & small grains,1578.0,0.064784,12956.8,710.0,28.2,687.8,28.496889,27.60586,520.040136
48,365,2017,2018,27156.0,26742.0,0.984755,4,4,0.051589,1.052943,0.991923,0.999776,Hay & haylage,Hay & small grains,210.0,0.007853,23474.9,260.0,0.2,258.7,9.574311,9.52644,864.446163
48,367,2017,2018,54874.0,54546.0,0.994023,7,3,0.170442,1.185828,0.967422,0.99637,Hay & haylage,Hay & small grains,1507.0,0.027628,19881.3,1081.2,29.5,977.4,19.70332,17.811714,362.308197
48,369,2017,2018,214242.0,223083.0,1.041266,8,3,1.674819,5.337831,0.242452,0.700999,Wheat,Hay & small grains,52790.0,0.236638,374733.4,38227.0,199.2,36955.5,178.429066,172.494189,1749.112686
48,373,2017,2018,15207.0,14903.0,0.980009,6,0,0.106727,1.11263,0.98356,0.995035,Hay & haylage,Hay & small grains,125.0,0.008388,12603.7,40.2,0.5,37.8,2.643519,2.485697,828.809101
48,375,2017,2018,15971.0,14551.0,0.911089,4,5,0.689255,1.99223,0.775067,0.998626,Wheat,Hay & small grains,20.0,0.001374,12735.4,230.5,9.9,186.4,14.432409,11.671154,797.407802
48,379,2017,2018,22331.0,22269.0,0.997224,4,0,0.067835,1.070189,0.989312,0.999012,Hay & haylage,Hay & small grains,238.0,0.010688,14183.3,189.5,0.2,189.5,8.485961,8.485961,635.139492
48,381,2017,2018,99305.0,99648.0,1.003454,7,3,1.273398,3.572974,0.561406,0.850233,Wheat,Hay & small grains,8111.0,0.081397,70429.1,2052.4,69.4,1818.9,20.66764,18.316298,709.22008
48,383,2017,2018,38713.0,39313.0,1.015499,6,0,0.929908,2.534275,0.734261,0.925648,Cotton,Southern row crops,29033.0,0.738509,153162.5,2971.1,1001.4,1544.2,76.746829,39.88841,3956.358329
48,387,2017,2018,66479.0,67494.0,1.015268,7,1,0.769299,2.158253,0.775699,0.95527,Hay & haylage,Hay & small grains,3139.0,0.046508,66035.6,1666.3,1.4,1054.6,25.065058,15.863656,993.330225
48,391,2017,2018,53544.0,53461.0,0.99845,4,3,1.028837,2.797811,0.463403,0.963413,Sorghum,Southern row crops,22920.0,0.428724,181929.0,7917.8,998.2,6442.7,147.874645,120.32534,3397.747647
48,395,2017,2018,82635.0,81195.0,0.982574,9,4,1.379587,3.973259,0.485732,0.878638,Hay & haylage,Hay & small grains,13745.0,0.169284,162360.1,3097.6,289.1,2650.7,37.485327,32.077207,1964.786108
48,397,2017,2018,19461.0,20954.0,1.076718,6,3,1.474164,4.367381,0.263243,0.752601,Wheat,Hay & small grains,15.0,0.000716,2791.8,89.1,0.3,53.2,4.578388,2.733672,143.456143
48,399,2017,2018,150214.0,147856.0,0.984302,7,6,1.171348,3.226338,0.468172,0.936222,Cotton,Southern row crops,69306.0,0.46874,197847.6,6912.2,339.3,6070.7,46.015684,40.413676,1317.10493
48,401,2017,2018,29841.0,29770.0,0.997621,6,2,0.0791,1.082313,0.988142,0.996742,Hay & haylage,Hay & small grains,262.0,0.008801,34361.7,210.2,4.0,210.2,7.044,7.044,1151.492912
48,409,2017,2018,209743.0,209826.0,1.000396,7,1,1.063513,2.89653,0.467154,0.969775,Cotton,Southern row crops,98052.0,0.467301,480348.7,22323.3,2854.3,18181.9,106.431681,86.686564,2290.177503
48,411,2017,2018,41361.0,40855.0,0.987766,5,1,1.127957,3.089337,0.376845,0.990625,Hay & haylage,Hay & small grains,10076.0,0.246628,18447.3,3112.3,57.6,1753.6,75.247214,42.397428,446.007108
48,413,2017,2018,13735.0,13651.0,0.993884,5,1,0.880077,2.411085,0.727786,0.945645,Cotton,Southern row crops,10005.0,0.732913,54521.1,1026.8,318.4,521.4,74.757918,37.961412,3969.501274
48,415,2017,2018,79013.0,74959.0,0.948692,4,4,0.401883,1.494636,0.89641,0.999613,Cotton,Southern row crops,67223.0,0.896797,197422.9,1368.8,449.5,761.9,17.323732,9.642717,2498.612886
48,417,2017,2018,12211.0,11003.0,0.901073,3,3,0.818632,2.267397,0.521131,1.0,Wheat,Hay & small grains,0.0,0.0,5888.6,909.8,2.8,893.1,74.506592,73.138973,482.237327
48,419,2017,2018,20457.0,20361.0,0.995307,4,2,0.086011,1.089818,0.985315,0.999853,Hay & haylage,Hay & small grains,299.0,0.014685,24555.0,267.2,21.4,105.1,13.061544,5.137606,1200.322628
48,421,2017,2018,242778.0,243275.0,1.002047,6,6,1.348093,3.850078,0.477649,0.864289,Corn,Corn / soybean,40929.0,0.168242,338598.2,37326.2,159.3,35739.9,153.746221,147.212268,1394.682385
48,423,2017,2018,49260.0,48094.0,0.97633,6,4,0.250677,1.284896,0.942571,0.998253,Hay & haylage,Hay & small grains,2726.0,0.056681,33272.7,720.4,5.5,705.4,14.624442,14.319935,675.45067
48,425,2017,2018,10890.0,10888.0,0.999816,3,1,0.160557,1.174165,0.962803,1.0,Hay & haylage,Hay & small grains,405.0,0.037197,1111.4,55.5,2.3,48.9,5.096419,4.490358,102.056933
48,427,2017,2018,40229.0,38720.0,0.96249,6,3,1.300904,3.672616,0.417407,0.85922,Sorghum,Southern row crops,5431.0,0.140263,38659.0,1625.1,8.3,1512.8,40.396232,37.604713,960.973427
48,433,2017,2018,32801.0,31995.0,0.975428,3,2,0.786464,2.195619,0.720331,1.0,Cotton,Southern row crops,23047.0,0.720331,28438.0,758.3,52.5,665.1,23.118198,20.276821,866.985763
48,437,2017,2018,189546.0,202345.0,1.067525,6,2,1.196542,3.308657,0.496172,0.918501,Cotton,Southern row crops,100765.0,0.497986,628350.7,18788.4,661.9,17442.5,99.123168,92.022517,3315.030125
48,439,2017,2018,19632.0,17128.0,0.872453,5,4,0.56592,1.761068,0.793087,0.998774,Hay & haylage,Hay & small grains,240.0,0.014012,10281.5,868.6,2.5,370.0,44.244091,18.846781,523.711288
48,441,2017,2018,73715.0,75054.0,1.018165,6,6,1.289513,3.631017,0.419018,0.932862,Wheat,Hay & small grains,18121.0,0.241439,70163.1,3207.8,96.8,2968.7,43.516245,40.272672,951.815777
48,445,2017,2018,269179.0,271855.0,1.009941,10,3,0.914042,2.494385,0.771455,0.912575,Cotton,Southern row crops,243167.0,0.894473,639650.4,8842.6,432.0,2833.9,32.850259,10.527939,2376.301272
48,447,2017,2018,55675.0,55176.0,0.991037,4,2,0.567705,1.764213,0.825214,0.999873,Wheat,Hay & small grains,2688.0,0.048717,13991.1,3721.5,8.0,3666.7,66.843287,65.859003,251.299506
48,449,2017,2018,27970.0,24355.0,0.870754,4,3,0.120592,1.128165,0.977705,0.999672,Hay & haylage,Hay & small grains,135.0,0.005543,17413.8,177.2,0.1,177.2,6.335359,6.335359,622.588488
48,451,2017,2018,92756.0,93092.0,1.003622,6,5,1.192316,3.294703,0.584121,0.908854,Cotton,Southern row crops,54890.0,0.589632,419214.5,8676.9,2340.9,4286.9,93.545431,46.216956,4519.540515
48,453,2017,2018,42351.0,41950.0,0.990532,8,4,1.399129,4.051669,0.393921,0.883528,Hay & haylage,Hay & small grains,3126.0,0.074517,85147.6,3355.7,124.4,2187.1,79.235437,51.642228,2010.521593
48,455,2017,2018,13138.0,13132.0,0.999543,5,3,0.131905,1.141,0.976165,0.998325,Hay & haylage,Hay & small grains,310.0,0.023606,8353.4,118.9,5.0,87.3,9.050084,6.644847,635.819759
48,457,2017,2018,13398.0,13355.0,0.996791,4,1,0.074338,1.077171,0.988544,0.998053,Hay & haylage,Hay & small grains,153.0,0.011456,6219.6,119.4,45.3,104.1,8.911778,7.769816,464.21854
48,459,2017,2018,26976.0,26957.0,0.999296,4,1,0.049301,1.050536,0.992729,0.999444,Hay & haylage,Hay & small grains,196.0,0.007271,23159.4,137.8,0.1,135.4,5.108244,5.019276,858.518683
48,461,2017,2018,40889.0,42019.0,1.027636,7,0,0.674573,1.963195,0.822699,0.966848,Cotton,Southern row crops,35017.0,0.833361,56484.8,1144.9,348.9,547.0,28.000196,13.377681,1381.417985
48,463,2017,2018,50121.0,51835.0,1.034197,10,1,1.88174,6.564921,0.292563,0.667773,Corn,Corn / soybean,13528.0,0.260982,125532.3,3157.8,367.7,1494.3,63.003531,29.81385,2504.584905
48,467,2017,2018,76390.0,74586.0,0.976384,4,3,0.115075,1.121957,0.979567,0.998914,Hay & haylage,Hay & small grains,1524.0,0.020433,44920.4,237.4,4.3,237.4,3.107737,3.107737,588.040319
48,469,2017,2018,72273.0,74943.0,1.036943,9,5,1.796308,6.027352,0.333894,0.658647,Corn,Corn / soybean,19762.0,0.263694,137236.3,12424.8,747.0,10147.9,171.914823,140.410665,1898.859879
48,471,2017,2018,21021.0,18682.0,0.88873,4,2,0.163382,1.177486,0.967723,0.999625,Hay & haylage,Hay & small grains,603.0,0.032277,66187.3,216.0,91.6,179.2,10.275439,8.524809,3148.627563
48,473,2017,2018,49002.0,46612.0,0.951226,8,3,1.247399,3.481278,0.62042,0.87205,Hay & haylage,Hay & small grains,10175.0,0.218291,123318.3,815.5,220.3,678.5,16.642178,13.846374,2516.597282
48,477,2017,2018,52761.0,52175.0,0.988893,4,2,0.059515,1.061321,0.990053,0.999847,Hay & haylage,Hay & small grains,473.0,0.009066,25643.5,1450.6,61.1,1117.0,27.493793,21.170941,486.031349
48,481,2017,2018,247197.0,240160.0,0.971533,10,3,1.635351,5.131257,0.335789,0.751628,Cotton,Southern row crops,112567.0,0.468717,440345.6,39893.5,3389.7,35620.2,161.383431,144.096409,1781.354952
48,483,2017,2018,42452.0,43766.0,1.030953,7,5,1.207419,3.344839,0.508477,0.939885,Hay & haylage,Hay & small grains,13292.0,0.303706,26152.6,675.9,20.8,128.5,15.921511,3.026948,616.051069
48,485,2017,2018,94893.0,96144.0,1.013183,7,4,1.17979,3.25369,0.580442,0.921815,Wheat,Hay & small grains,20282.0,0.210954,29007.3,763.9,15.8,224.4,8.05012,2.364769,305.684297
48,487,2017,2018,147126.0,147592.0,1.003167,11,5,1.399105,4.051572,0.434299,0.874627,Wheat,Hay & small grains,52451.0,0.355378,84257.1,1414.5,42.8,172.7,9.614208,1.173824,572.686677
48,489,2017,2018,181943.0,174198.0,0.957432,6,3,1.03067,2.802944,0.488324,0.981555,Sorghum,Southern row crops,70535.0,0.404913,172627.1,13182.8,100.8,12345.1,72.455659,67.85147,948.7977
48,491,2017,2018,192774.0,194255.0,1.007683,10,3,1.293771,3.646511,0.558148,0.872137,Corn,Corn / soybean,28775.0,0.14813,184805.2,10396.4,56.4,3369.0,53.930509,17.476423,958.662475
48,493,2017,2018,53513.0,53591.0,1.001458,9,2,1.349866,3.85691,0.572223,0.855909,Hay & haylage,Hay & small grains,4230.0,0.078931,60434.5,2959.8,251.5,1974.5,55.309925,36.897576,1129.342403
48,497,2017,2018,69072.0,68618.0,0.993427,7,3,0.491588,1.634911,0.883252,0.979728,Hay & haylage,Hay & small grains,2774.0,0.040427,18285.8,1038.9,46.3,856.9,15.040827,12.405895,264.735349
48,499,2017,2018,46980.0,46147.0,0.982269,5,3,0.128422,1.137033,0.976185,0.999047,Hay & haylage,Hay & small grains,1071.0,0.023208,25327.8,538.7,5.9,521.0,11.466582,11.089825,539.118774
48,501,2017,2018,169756.0,167177.0,0.984808,9,2,1.318333,3.737187,0.586504,0.874983,Cotton,Southern row crops,129826.0,0.776578,337660.3,4918.2,194.9,1912.0,28.972172,11.263225,1989.091991
48,503,2017,2018,30912.0,30837.0,0.997574,5,1,0.796117,2.216917,0.605993,0.99413,Wheat,Hay & small grains,958.0,0.031067,15590.6,4274.7,7.7,4229.2,138.286102,136.814182,504.354296
48,507,2017,2018,40908.0,39946.0,0.976484,8,4,1.693669,5.439399,0.308466,0.689956,Wheat,Hay & small grains,8834.0,0.221149,54276.0,3032.8,230.2,2660.6,74.137088,65.038623,1326.782048
49,1,2017,2018,37496.0,36770.0,0.980638,3,6,0.390661,1.477957,0.868208,1.0,Hay & haylage,Hay & small grains,4.0,0.000109,5349.8,2673.8,0.0,2404.4,71.30894,64.124173,142.676552
49,3,2017,2018,154321.0,155339.0,1.006597,10,6,1.307799,3.698024,0.413882,0.905561,Hay & haylage,Hay & small grains,2353.0,0.015148,70481.5,4418.0,16.5,3459.3,28.628638,22.416262,456.720083
49,5,2017,2018,116796.0,117197.0,1.003433,9,6,1.164608,3.204667,0.629991,0.885372,Hay & haylage,Hay & small grains,715.0,0.006101,44446.7,4368.7,10.7,3321.2,37.404534,28.435905,380.549848
49,13,2017,2018,59527.0,59316.0,0.996455,5,4,0.330538,1.391717,0.905169,0.999309,Hay & haylage,Hay & small grains,41.0,0.000691,17740.2,2634.9,0.1,1196.0,44.263947,20.091723,298.019386
49,15,2017,2018,21370.0,20132.0,0.942068,4,4,0.062112,1.064081,0.989817,0.999255,Hay & haylage,Hay & small grains,15.0,0.000745,7042.5,1588.7,0.0,675.6,74.342536,31.614413,329.550772
49,17,2017,2018,13013.0,12858.0,0.988089,3,3,0.03863,1.039385,0.994167,1.0,Hay & haylage,Hay & small grains,14.0,0.001089,2535.1,1318.2,0.0,1165.2,101.298701,89.541228,194.812879
49,21,2017,2018,65182.0,64885.0,0.995444,5,5,0.323296,1.381674,0.915728,0.999152,Hay & haylage,Hay & small grains,55.0,0.000848,11258.8,5434.9,0.0,4845.6,83.380381,74.339542,172.728667
49,23,2017,2018,27013.0,26417.0,0.977937,4,4,0.809174,2.246051,0.735322,0.98236,Hay & haylage,Hay & small grains,0.0,0.0,10503.8,2692.3,0.0,2722.9,99.666827,100.799615,388.842409
49,27,2017,2018,112567.0,112608.0,1.000364,9,1,0.984667,2.67692,0.725153,0.912369,Hay & haylage,Hay & small grains,0.0,0.0,35530.5,10852.9,0.0,11082.4,96.412803,98.451589,315.638686
49,29,2017,2018,12636.0,12579.0,0.995489,5,4,0.48269,1.620428,0.867319,0.995707,Hay & haylage,Hay & small grains,4.0,0.000318,5259.7,752.1,0.0,553.7,59.520418,43.819247,416.24723
49,31,2017,2018,11308.0,10978.0,0.970817,3,3,0.149567,1.161331,0.970122,1.0,Hay & haylage,Hay & small grains,0.0,0.0,1805.1,945.2,0.0,835.4,83.586841,73.876901,159.63035
49,33,2017,2018,41118.0,40706.0,0.98998,2,3,0.001229,1.00123,0.999877,1.0,Hay & haylage,Hay & small grains,5.0,0.000123,7550.8,1195.4,0.0,872.8,29.072426,21.226713,183.637336
49,37,2017,2018,44614.0,44315.0,0.993298,5,5,0.671307,1.956793,0.78285,0.995036,Wheat,Hay & small grains,220.0,0.004964,18002.3,452.8,0.2,206.7,10.14928,4.633075,403.51235
49,39,2017,2018,57963.0,56300.0,0.971309,7,5,0.421417,1.524119,0.909627,0.973464,Hay & haylage,Hay & small grains,208.0,0.003694,20728.8,6257.9,3.1,6340.3,107.963701,109.385298,357.621241
49,41,2017,2018,40129.0,39063.0,0.973436,6,4,0.522612,1.686427,0.803292,0.998106,Hay & haylage,Hay & small grains,74.0,0.001894,13816.5,4279.2,0.2,4350.5,106.636099,108.412868,344.302126
49,43,2017,2018,18616.0,18502.0,0.993876,2,5,0.005409,1.005424,0.999351,1.0,Hay & haylage,Hay & small grains,12.0,0.000649,2515.3,564.8,0.1,232.3,30.339493,12.478513,135.114955
49,45,2017,2018,16663.0,15323.0,0.919582,3,5,0.212004,1.236153,0.947791,1.0,Hay & haylage,Hay & small grains,24.0,0.001566,7461.8,839.1,0.2,625.0,50.357079,37.508252,447.806517
49,47,2017,2018,47696.0,47601.0,0.998008,8,0,0.428037,1.534243,0.893154,0.988509,Hay & haylage,Hay & small grains,117.0,0.002458,16957.9,2496.8,0.2,1080.7,52.348205,22.658085,355.541345
49,49,2017,2018,73397.0,72198.0,0.983664,9,2,1.292649,3.642424,0.541913,0.874249,Hay & haylage,Hay & small grains,7013.0,0.097136,29927.6,5234.4,5.9,5726.7,71.316266,78.023625,407.749636
49,55,2017,2018,13336.0,13259.0,0.994226,6,2,0.155087,1.167759,0.972773,0.995173,Hay & haylage,Hay & small grains,151.0,0.011388,2594.9,1442.7,0.0,1274.8,108.180864,95.590882,194.578584
49,57,2017,2018,22238.0,22176.0,0.997212,7,4,0.925297,2.522618,0.731692,0.929879,Hay & haylage,Hay & small grains,1620.0,0.073052,10831.7,1326.8,1.6,1026.9,59.663639,46.177714,487.080673
50,1,2017,2018,95175.0,94834.0,0.996417,8,3,0.771579,2.163178,0.733809,0.982475,Hay & haylage,Hay & small grains,1193.0,0.01258,51114.9,1649.2,36.0,1778.6,17.32808,18.687681,537.062254
50,5,2017,2018,27958.0,27572.0,0.986194,5,4,0.457881,1.580721,0.854164,0.995104,Hay & haylage,Hay & small grains,244.0,0.00885,7667.9,428.3,8.9,453.8,15.319408,16.23149,274.264969
50,7,2017,2018,22188.0,21848.0,0.984676,7,2,0.756412,2.130618,0.782818,0.958074,Hay & haylage,Hay & small grains,860.0,0.039363,8813.5,559.1,32.8,634.0,25.198305,28.574004,397.219218
50,11,2017,2018,76834.0,76645.0,0.99754,6,2,0.699729,2.013207,0.644713,0.995251,Hay & haylage,Hay & small grains,365.0,0.004762,40037.6,311.9,6.7,358.3,4.059401,4.6633,521.092225
50,13,2017,2018,11510.0,11213.0,0.974196,5,6,0.5828,1.791046,0.782841,0.996165,Hay & haylage,Hay & small grains,147.0,0.01311,7160.3,462.8,9.1,487.8,40.208514,42.380539,622.093831
50,15,2017,2018,12307.0,11688.0,0.949703,5,2,0.570844,1.76976,0.786875,0.996663,Hay & haylage,Hay & small grains,130.0,0.011123,2499.4,51.4,4.8,68.1,4.176485,5.533436,203.087674
50,17,2017,2018,29133.0,28958.0,0.993993,5,4,0.529082,1.697373,0.833518,0.993888,Hay & haylage,Hay & small grains,596.0,0.020582,11938.7,563.5,40.4,620.3,19.342327,21.292006,409.799883
50,19,2017,2018,52626.0,51356.0,0.975867,5,2,0.585992,1.796773,0.74116,0.998968,Hay & haylage,Hay & small grains,106.0,0.002064,14335.5,244.5,4.5,262.6,4.645992,4.989929,272.403375
50,21,2017,2018,27516.0,27038.0,0.982628,5,4,0.568733,1.766027,0.804941,0.993602,Hay & haylage,Hay & small grains,483.0,0.017864,9167.2,523.7,12.0,558.3,19.032563,20.290013,333.158889
50,23,2017,2018,17826.0,17415.0,0.976944,6,4,0.591784,1.80721,0.821303,0.983922,Hay & haylage,Hay & small grains,435.0,0.024978,6002.5,251.9,14.1,283.3,14.131045,15.892517,336.727252
50,25,2017,2018,11944.0,11757.0,0.984344,5,1,0.800148,2.225871,0.742536,0.96989,Hay & haylage,Hay & small grains,938.0,0.079782,12418.0,1579.4,40.8,1690.1,132.233758,141.502009,1039.685198
50,27,2017,2018,18808.0,18505.0,0.98389,5,1,0.444431,1.559603,0.883437,0.98649,Hay & haylage,Hay & small grains,459.0,0.024804,7370.7,737.2,17.9,795.9,39.196087,42.317099,391.891748
51,1,2017,2018,56237.0,61468.0,1.093017,9,3,1.284507,3.612885,0.481714,0.918169,Soybeans,Corn / soybean,2418.0,0.039338,112043.6,1126.8,0.2,1333.2,20.036631,23.706812,1992.346676
51,3,2017,2018,40382.0,39730.0,0.983854,7,2,0.682162,1.97815,0.818953,0.951548,Hay & haylage,Hay & small grains,2262.0,0.056934,11266.6,242.9,2.1,112.2,6.015056,2.778466,279.000545
51,7,2017,2018,28297.0,30146.0,1.065343,10,2,1.391348,4.020266,0.371525,0.90745,Soybeans,Corn / soybean,443.0,0.014695,35183.1,545.4,15.9,115.9,19.274128,4.095841,1243.350885
51,9,2017,2018,12909.0,12311.0,0.953676,4,5,0.013699,1.013793,0.998375,0.999756,Hay & haylage,Hay & small grains,20.0,0.001625,2828.8,84.5,0.9,64.5,6.545821,4.996514,219.133938
51,11,2017,2018,17294.0,17790.0,1.02868,7,2,0.760015,2.138308,0.796908,0.940697,Hay & haylage,Hay & small grains,241.0,0.013547,9835.5,209.2,6.9,118.5,12.096681,6.852087,568.723257
51,15,2017,2018,95603.0,96026.0,1.004425,12,3,1.123808,3.076548,0.555485,0.949889,Hay & haylage,Hay & small grains,352.0,0.003666,40232.2,776.1,1.1,82.8,8.117946,0.866082,420.825706
51,19,2017,2018,52252.0,52174.0,0.998507,10,0,0.521447,1.684463,0.888335,0.962951,Hay & haylage,Hay & small grains,306.0,0.005865,17513.0,751.6,14.2,716.5,14.384138,13.712394,335.164204
51,21,2017,2018,13129.0,12774.0,0.972961,2,4,0.133319,1.142614,0.970409,1.0,Hay & haylage,Hay & small grains,0.0,0.0,3646.2,43.5,0.0,15.0,3.313276,1.142509,277.721075
51,23,2017,2018,23696.0,23485.0,0.991096,6,3,0.593086,1.809565,0.840877,0.976538,Hay & haylage,Hay & small grains,310.0,0.0132,10748.7,889.5,21.8,824.8,37.537981,34.807562,453.608204
51,25,2017,2018,20945.0,21266.0,1.015326,9,3,1.309471,3.704213,0.519233,0.894997,Soybeans,Corn / soybean,2581.0,0.121367,102434.6,2049.3,224.2,1700.0,97.841967,81.164956,4890.646932
51,29,2017,2018,21685.0,21955.0,1.012451,7,1,0.805598,2.238034,0.766021,0.952448,Hay & haylage,Hay & small grains,139.0,0.006331,6712.8,152.3,1.3,71.6,7.023288,3.301822,309.559603
51,31,2017,2018,34312.0,34076.0,0.993122,7,6,0.89859,2.456137,0.732069,0.932739,Hay & haylage,Hay & small grains,179.0,0.005253,18958.8,362.0,8.2,152.7,10.550245,4.450338,552.541385
51,33,2017,2018,39744.0,44042.0,1.108142,9,4,1.305315,3.688852,0.484333,0.885019,Soybeans,Corn / soybean,584.0,0.01326,76584.5,2191.4,31.4,1320.3,55.137882,33.220109,1926.944948
51,35,2017,2018,27536.0,27843.0,1.011149,6,2,0.519737,1.681585,0.868441,0.981037,Hay & haylage,Hay & small grains,2626.0,0.094315,14796.8,65.2,0.0,518.4,2.367809,18.826264,537.361999
51,36,2017,2018,19957.0,20308.0,1.017588,6,3,1.131839,3.101354,0.458095,0.975773,Soybeans,Corn / soybean,124.0,0.006106,36484.5,644.6,8.5,764.9,32.299444,38.327404,1828.155534
51,37,2017,2018,33746.0,33927.0,1.005364,10,2,1.232846,3.43098,0.501223,0.902143,Hay & haylage,Hay & small grains,834.0,0.024582,37346.1,637.7,38.4,395.0,18.897054,11.705091,1106.682273
51,43,2017,2018,20939.0,20361.0,0.972396,7,3,0.886535,2.426707,0.703649,0.976327,Hay & haylage,Hay & small grains,430.0,0.021119,16034.6,277.9,1.8,87.7,13.271885,4.188357,765.77678
51,47,2017,2018,51759.0,50584.0,0.977299,9,2,1.158582,3.185413,0.517594,0.969081,Hay & haylage,Hay & small grains,99.0,0.001957,31523.7,404.5,0.4,51.6,7.815066,0.996928,609.047702
51,49,2017,2018,12365.0,11676.0,0.944278,5,5,0.762667,2.143986,0.769185,0.968482,Hay & haylage,Hay & small grains,18.0,0.001542,9689.1,229.2,1.9,89.7,18.536191,7.254347,783.59078
51,53,2017,2018,37849.0,39901.0,1.054215,8,6,1.524704,4.593784,0.450289,0.815343,Soybeans,Corn / soybean,3971.0,0.099521,102745.8,3042.2,206.2,2745.4,80.377289,72.535602,2714.6239
51,61,2017,2018,68423.0,67955.0,0.99316,9,8,1.088575,2.97004,0.637657,0.952233,Hay & haylage,Hay & small grains,955.0,0.014053,38755.8,615.7,7.5,481.0,8.998436,7.0298,566.414802
51,63,2017,2018,26818.0,24316.0,0.906704,5,1,0.339357,1.404045,0.920176,0.992474,Hay & haylage,Hay & small grains,499.0,0.020521,5615.0,66.0,0.0,165.3,2.461034,6.163771,209.374301
51,67,2017,2018,59194.0,59838.0,1.010879,11,2,1.22623,3.408356,0.57166,0.925516,Hay & haylage,Hay & small grains,1221.0,0.020405,54171.1,1029.0,33.2,950.1,17.383519,16.050613,915.145116
51,69,2017,2018,37819.0,37770.0,0.998704,8,2,1.144114,3.139657,0.637834,0.890601,Hay & haylage,Hay & small grains,4673.0,0.123723,141016.3,11258.3,309.2,11482.8,297.688992,303.625162,3728.715725
51,73,2017,2018,13368.0,13234.0,0.989976,6,3,1.070845,2.917844,0.461387,0.965241,Soybeans,Corn / soybean,20.0,0.001511,28903.5,617.1,9.5,668.8,46.162478,50.029922,2162.140934
51,75,2017,2018,18685.0,19914.0,1.065775,7,0,1.247169,3.480476,0.515467,0.878628,Hay & haylage,Hay & small grains,154.0,0.007733,19433.7,346.0,2.2,109.7,18.517527,5.87102,1040.069575
51,81,2017,2018,29694.0,30164.0,1.015828,9,5,1.50778,4.516692,0.376774,0.839776,Soybeans,Corn / soybean,14970.0,0.496287,79812.5,5686.2,489.9,6217.6,191.493231,209.389102,2687.832559
51,83,2017,2018,38739.0,40033.0,1.033403,10,1,1.196058,3.307054,0.590163,0.900632,Hay & haylage,Hay & small grains,2096.0,0.052357,65476.6,1090.0,104.0,756.6,28.13702,19.530705,1690.198508
51,85,2017,2018,57162.0,61779.0,1.08077,10,2,1.400635,4.057777,0.464349,0.860114,Soybeans,Corn / soybean,1170.0,0.018938,57604.8,912.6,0.5,73.7,15.965152,1.289318,1007.746405
51,91,2017,2018,10685.0,10409.0,0.974169,4,4,0.108106,1.114166,0.980209,0.99952,Hay & haylage,Hay & small grains,38.0,0.003651,2328.9,73.2,1.1,43.7,6.850725,4.089846,217.959757
51,93,2017,2018,48833.0,52454.0,1.074151,9,3,1.613671,5.02121,0.318717,0.777882,Soybeans,Corn / soybean,17994.0,0.343043,144092.7,8447.0,738.0,9260.0,172.97729,189.625868,2950.723896
51,97,2017,2018,30644.0,32447.0,1.058837,7,2,1.118448,3.060101,0.479058,0.939964,Soybeans,Corn / soybean,310.0,0.009554,64132.4,642.3,0.0,692.5,20.960057,22.598225,2092.820781
51,99,2017,2018,11927.0,11516.0,0.96554,3,5,1.093922,2.985961,0.375999,1.0,Soybeans,Corn / soybean,0.0,0.0,17524.2,170.8,0.2,257.6,14.320449,21.598055,1469.28817
51,101,2017,2018,24648.0,26268.0,1.065725,7,5,1.258946,3.521709,0.416476,0.897975,Soybeans,Corn / soybean,46.0,0.001751,64040.3,680.5,1.4,828.9,27.608731,33.629503,2598.19458
51,103,2017,2018,10819.0,11572.0,1.0696,5,3,1.108299,3.029202,0.443571,0.9313,Corn,Corn / soybean,15.0,0.001296,15109.6,148.4,0.0,148.9,13.71661,13.762825,1396.580091
51,105,2017,2018,19095.0,19043.0,0.997277,7,5,0.340566,1.405743,0.920811,0.991335,Hay & haylage,Hay & small grains,279.0,0.014651,7054.7,134.7,9.5,37.3,7.054203,1.953391,369.452736
51,107,2017,2018,51099.0,48111.0,0.941525,9,4,1.13272,3.104089,0.612001,0.940242,Hay & haylage,Hay & small grains,1393.0,0.028954,27448.4,469.9,5.3,378.6,9.195875,7.409147,537.161197
51,109,2017,2018,21337.0,21714.0,1.017669,7,4,1.013824,2.756119,0.657088,0.940361,Hay & haylage,Hay & small grains,161.0,0.007415,16593.4,330.4,1.2,121.2,15.484839,5.680274,777.681961
51,111,2017,2018,19360.0,20339.0,1.050568,9,1,1.313478,3.719088,0.54516,0.867004,Hay & haylage,Hay & small grains,2590.0,0.127342,30879.4,536.1,59.4,322.7,27.691116,16.668388,1595.010331
51,113,2017,2018,38023.0,38235.0,1.005576,8,1,1.147642,3.150754,0.564064,0.956427,Hay & haylage,Hay & small grains,263.0,0.006879,22286.8,478.7,6.6,269.4,12.589748,7.085185,586.139968
51,117,2017,2018,48514.0,49519.0,1.020716,10,4,1.342295,3.82782,0.408974,0.869727,Soybeans,Corn / soybean,6068.0,0.122539,170644.2,2929.1,357.7,2285.5,60.376386,47.110113,3517.421775
51,119,2017,2018,13566.0,14808.0,1.091552,4,4,1.191273,3.291268,0.423352,0.931253,Soybeans,Corn / soybean,0.0,0.0,33616.3,684.8,10.2,715.9,50.479139,52.771635,2477.981719
51,121,2017,2018,25236.0,24965.0,0.989261,8,4,0.555125,1.742158,0.846785,0.983537,Hay & haylage,Hay & small grains,160.0,0.006409,9418.7,129.6,0.6,78.3,5.135521,3.10271,373.224758
51,125,2017,2018,16889.0,15474.0,0.916218,6,1,0.524899,1.690288,0.868554,0.978351,Hay & haylage,Hay & small grains,1512.0,0.097712,22732.3,2742.6,71.2,2802.5,162.389721,165.936408,1345.982592
51,127,2017,2018,10685.0,11498.0,1.076088,7,4,1.261088,3.529259,0.494608,0.897113,Soybeans,Corn / soybean,201.0,0.017481,23242.4,471.5,7.1,532.1,44.127281,49.798783,2175.236313
51,131,2017,2018,35665.0,40271.0,1.129146,6,6,1.388758,4.009867,0.41998,0.832112,Soybeans,Corn / soybean,5678.0,0.140995,54903.1,532.1,0.0,831.9,14.919389,23.325389,1539.411187
51,135,2017,2018,16755.0,16775.0,1.001194,7,3,1.02159,2.777609,0.629568,0.969061,Hay & haylage,Hay & small grains,100.0,0.005961,37223.3,557.4,1.4,449.8,33.267681,26.845718,2221.623396
51,137,2017,2018,32886.0,33079.0,1.005869,7,3,1.179114,3.251492,0.549684,0.94761,Hay & haylage,Hay & small grains,331.0,0.010006,23748.8,396.2,0.9,75.7,12.04768,2.301891,722.155324
51,139,2017,2018,24863.0,24756.0,0.995696,5,4,0.809102,2.24589,0.711787,0.970957,Hay & haylage,Hay & small grains,48.0,0.001939,10381.2,173.4,2.1,79.8,6.974219,3.209589,417.536098
51,141,2017,2018,16877.0,15809.0,0.936719,8,2,0.608287,1.837281,0.870643,0.941489,Hay & haylage,Hay & small grains,734.0,0.046429,38835.3,1429.8,46.2,1665.5,84.718848,98.6846,2301.078391
51,143,2017,2018,66556.0,68365.0,1.02718,11,3,1.219814,3.386559,0.641922,0.830688,Hay & haylage,Hay & small grains,5201.0,0.076077,100843.7,1642.6,236.7,1322.8,24.679969,19.874992,1515.170683
51,147,2017,2018,15917.0,14474.0,0.909342,6,7,0.588488,1.801263,0.829971,0.986804,Hay & haylage,Hay & small grains,26.0,0.001796,7529.4,140.3,8.0,108.1,8.814475,6.791481,473.041402
51,149,2017,2018,20066.0,21146.0,1.053822,8,4,1.223507,3.399088,0.53036,0.90802,Soybeans,Corn / soybean,113.0,0.005344,47836.5,1528.4,45.6,1381.4,76.168643,68.842819,2383.957939
51,153,2017,2018,12961.0,11164.0,0.861353,8,5,1.140803,3.12928,0.559656,0.90962,Hay & haylage,Hay & small grains,106.0,0.009495,8256.8,118.3,0.6,44.9,9.127382,3.464239,637.04961
51,155,2017,2018,19064.0,17994.0,0.943873,5,3,0.216576,1.241817,0.94726,0.999166,Hay & haylage,Hay & small grains,36.0,0.002001,4949.3,54.5,0.0,38.2,2.858791,2.003777,259.614981
51,157,2017,2018,21863.0,21593.0,0.98765,5,4,0.190133,1.209411,0.963785,0.996064,Hay & haylage,Hay & small grains,564.0,0.02612,12254.9,695.0,18.6,691.4,31.788867,31.624205,560.531492
51,159,2017,2018,24962.0,27655.0,1.107884,7,3,1.180015,3.254423,0.493148,0.943591,Soybeans,Corn / soybean,105.0,0.003797,60975.6,1035.7,12.6,1156.1,41.491066,46.314398,2442.73696
51,163,2017,2018,29624.0,29602.0,0.999257,9,1,0.617549,1.854378,0.839132,0.968313,Hay & haylage,Hay & small grains,198.0,0.006689,6041.0,188.7,1.9,78.4,6.369835,2.646503,203.922495
51,165,2017,2018,107355.0,109245.0,1.017605,12,8,1.228246,3.415234,0.447151,0.943082,Hay & haylage,Hay & small grains,1592.0,0.014573,59228.4,1947.2,39.0,1522.3,18.137954,14.180057,551.706022
51,167,2017,2018,25089.0,25066.0,0.999083,6,3,0.23639,1.266668,0.944507,0.998125,Hay & haylage,Hay & small grains,106.0,0.004229,5233.4,63.3,3.7,33.6,2.523018,1.339232,208.593407
51,169,2017,2018,23578.0,23509.0,0.997074,6,3,0.206847,1.229794,0.958144,0.99732,Hay & haylage,Hay & small grains,260.0,0.01106,5530.7,109.3,7.8,38.5,4.635677,1.632878,234.570362
51,171,2017,2018,50920.0,52534.0,1.031697,10,3,1.203816,3.33281,0.571725,0.920813,Hay & haylage,Hay & small grains,1100.0,0.020939,30623.2,481.7,4.3,184.9,9.459937,3.631186,601.398272
51,173,2017,2018,21921.0,21617.0,0.986132,5,3,0.29684,1.3456,0.91664,0.999584,Hay & haylage,Hay & small grains,39.0,0.001804,7995.4,91.0,1.1,40.1,4.15127,1.829296,364.73701
51,175,2017,2018,91803.0,93617.0,1.01976,10,2,1.468764,4.343861,0.406625,0.830255,Cotton,Southern row crops,49794.0,0.531891,270757.0,18853.4,1751.1,21167.1,205.368016,230.570896,2949.326275
51,177,2017,2018,13735.0,14105.0,1.026938,9,3,1.184304,3.268411,0.589507,0.921517,Hay & haylage,Hay & small grains,301.0,0.02134,14544.4,230.5,0.0,13.9,16.781944,1.012013,1058.929742
51,181,2017,2018,23844.0,25561.0,1.07201,9,2,1.503228,4.496181,0.434803,0.806463,Soybeans,Corn / soybean,3363.0,0.131568,68733.4,2203.6,120.0,2178.6,92.41738,91.368898,2882.628754
51,183,2017,2018,41515.0,43613.0,1.050536,11,5,1.524647,4.593523,0.504093,0.790682,Soybeans,Corn / soybean,7415.0,0.170018,110517.2,5517.4,329.1,5539.9,132.901361,133.443334,2662.102854
51,185,2017,2018,19899.0,19526.0,0.981255,5,4,0.228424,1.256618,0.950528,0.998464,Hay & haylage,Hay & small grains,30.0,0.001536,5132.3,42.7,0.0,23.4,2.145836,1.175938,257.917483
51,187,2017,2018,11972.0,11997.0,1.002088,7,3,0.314863,1.370072,0.937901,0.981829,Hay & haylage,Hay & small grains,109.0,0.009086,5047.1,178.0,3.8,139.9,14.868025,11.6856,421.575342
51,191,2017,2018,41677.0,41541.0,0.996737,8,1,0.401208,1.493628,0.895549,0.990178,Hay & haylage,Hay & small grains,592.0,0.014251,5926.2,102.6,8.5,50.5,2.461789,1.211699,142.193536
51,197,2017,2018,41742.0,41165.0,0.986177,4,5,0.43265,1.541337,0.850237,0.999854,Hay & haylage,Hay & small grains,75.0,0.001822,9096.3,119.5,0.4,114.5,2.862824,2.743041,217.917206
51,550,2017,2018,31592.0,35527.0,1.124557,7,2,0.984591,2.676717,0.650998,0.960678,Soybeans,Corn / soybean,61.0,0.001717,62096.1,1273.5,1.6,1055.0,40.310838,33.39453,1965.564067
51,800,2017,2018,56270.0,60120.0,1.06842,8,2,1.56786,4.796375,0.339438,0.798769,Soybeans,Corn / soybean,20416.0,0.339587,137013.2,8188.8,703.5,8958.3,145.526924,159.202061,2434.924471
51,810,2017,2018,16476.0,17876.0,1.084972,7,0,1.100925,3.006946,0.567577,0.948646,Soybeans,Corn / soybean,388.0,0.021705,44379.4,1461.1,36.1,1313.6,88.680505,79.728089,2693.578538
53,1,2017,2018,363578.0,364576.0,1.002745,14,6,1.049967,2.857557,0.751484,0.889052,Wheat,Hay & small grains,32824.0,0.090033,3856621.2,33604.5,2087.6,31891.6,92.42721,87.715978,10607.410789
53,3,2017,2018,32414.0,32414.0,1.0,6,5,0.64488,1.905759,0.803788,0.981613,Wheat,Hay & small grains,56.0,0.001728,17496.1,180.4,5.2,86.3,5.565496,2.66243,539.769853
53,5,2017,2018,288580.0,289297.0,1.002485,8,8,1.57069,4.809965,0.359209,0.828049,Wheat,Hay & small grains,148301.0,0.512625,5382465.6,77239.7,2640.4,47011.3,267.654377,162.905607,18651.554508
53,7,2017,2018,24481.0,24301.0,0.992647,4,2,0.327137,1.386992,0.9063,0.998765,Orchards (fruit & tree nuts),Specialty (veg / orchard / berry),22102.0,0.90951,1117201.2,26816.3,2041.9,25631.4,1095.392345,1046.991544,45635.439729
53,11,2017,2018,19660.0,17263.0,0.878077,5,10,0.466314,1.594107,0.888953,0.974975,Hay & haylage,Hay & small grains,1909.0,0.110583,13585.1,288.6,14.5,238.8,14.679552,12.14649,691.002035
53,13,2017,2018,89513.0,89456.0,0.999363,8,6,0.807634,2.242597,0.770457,0.94964,Wheat,Hay & small grains,186.0,0.002079,120548.8,839.4,22.3,579.2,9.377409,6.470569,1346.718354
53,17,2017,2018,184754.0,186810.0,1.011128,10,3,0.679689,1.973264,0.839511,0.941165,Wheat,Hay & small grains,11736.0,0.062823,560636.9,9141.5,800.0,7436.7,49.479308,40.251903,3034.504801
53,21,2017,2018,248297.0,249826.0,1.006158,11,10,1.676527,5.346953,0.324178,0.779507,Hay & haylage,Hay & small grains,69374.0,0.277689,5083768.7,51846.5,2970.3,48049.4,208.808403,193.51583,20474.547417
53,23,2017,2018,103293.0,108336.0,1.048822,6,3,0.534529,1.706644,0.885403,0.946611,Wheat,Hay & small grains,0.0,0.0,92412.8,266.9,3.3,89.8,2.583912,0.869372,894.666628
53,25,2017,2018,568572.0,573982.0,1.009515,16,6,1.898256,6.674246,0.267979,0.669923,Wheat,Hay & small grains,170837.0,0.297635,8349840.6,91748.1,5892.6,82957.8,161.365843,145.905532,14685.634537
53,27,2017,2018,14606.0,15160.0,1.03793,7,5,1.282901,3.607088,0.558773,0.877902,Hay & haylage,Hay & small grains,2316.0,0.15277,18610.1,586.4,0.8,539.3,40.147884,36.923182,1274.140764
53,33,2017,2018,12701.0,11336.0,0.892528,6,2,0.920337,2.510136,0.71445,0.95651,Hay & haylage,Hay & small grains,1667.0,0.147054,14246.2,497.7,12.4,422.2,39.185891,33.241477,1121.659712
53,37,2017,2018,46787.0,45750.0,0.977836,9,7,0.484302,1.623041,0.900437,0.957749,Hay & haylage,Hay & small grains,2543.0,0.055585,65886.7,1459.4,51.8,1009.2,31.192425,21.570094,1408.226644
53,39,2017,2018,104308.0,103538.0,0.992618,7,6,1.014056,2.756759,0.536286,0.981707,Wheat,Hay & small grains,10672.0,0.103073,274601.8,4098.1,274.2,3645.5,39.288453,34.949381,2632.605361
53,41,2017,2018,42143.0,39013.0,0.925729,7,3,0.432918,1.541751,0.906467,0.976931,Hay & haylage,Hay & small grains,2551.0,0.065388,13930.7,835.4,5.0,764.1,19.822984,18.131125,330.557863
53,43,2017,2018,398485.0,409027.0,1.026455,13,4,0.727121,2.069114,0.840612,0.931396,Wheat,Hay & small grains,2398.0,0.005863,460200.0,3192.1,108.0,2984.4,8.01059,7.489366,1154.874086
53,47,2017,2018,65462.0,65603.0,1.002154,10,5,1.245898,3.476055,0.461793,0.938661,Hay & haylage,Hay & small grains,22827.0,0.347957,1278740.2,37365.1,2240.2,36236.3,570.790688,553.547096,19534.083896
53,51,2017,2018,15800.0,15777.0,0.998544,2,2,0.003869,1.003876,0.999556,1.0,Hay & haylage,Hay & small grains,7.0,0.000444,1760.2,66.7,0.3,18.6,4.221519,1.177215,111.405063
53,57,2017,2018,55313.0,49555.0,0.895902,8,8,1.64111,5.160893,0.323923,0.764605,Hay & haylage,Hay & small grains,17085.0,0.344768,1332527.4,39095.4,164.7,523.0,706.803102,9.455282,24090.673079
53,63,2017,2018,279711.0,283063.0,1.011984,14,6,1.693952,5.44094,0.443,0.77647,Wheat,Hay & small grains,2673.0,0.009443,142986.7,3562.5,34.3,2379.3,12.73636,8.50628,511.194411
53,65,2017,2018,46971.0,46379.0,0.987396,11,2,0.623344,1.865156,0.85308,0.965545,Hay & haylage,Hay & small grains,329.0,0.007094,20018.6,808.5,6.4,496.8,17.212748,10.576739,426.190628
53,67,2017,2018,16825.0,15366.0,0.913284,4,2,0.259736,1.296588,0.946375,0.993948,Hay & haylage,Hay & small grains,824.0,0.053625,7127.1,288.4,5.9,224.0,17.141159,13.313522,423.601783
53,71,2017,2018,288684.0,286971.0,0.994066,14,2,1.356859,3.883974,0.657394,0.786393,Wheat,Hay & small grains,36101.0,0.1258,1805787.7,20403.4,868.4,15459.0,70.67728,53.549902,6255.239986
53,73,2017,2018,63958.0,62863.0,0.982879,6,4,1.143083,3.136422,0.546108,0.958688,Hay & haylage,Hay & small grains,15723.0,0.250115,380457.1,9706.0,55.4,796.7,151.75584,12.456612,5948.545921
53,75,2017,2018,745769.0,776612.0,1.041357,14,5,1.093596,2.984988,0.674987,0.904135,Wheat,Hay & small grains,66.0,8.5e-05,951947.1,6957.0,102.3,4518.8,9.328626,6.059249,1276.463758
53,77,2017,2018,260568.0,261245.0,1.002598,13,2,1.681007,5.370961,0.374051,0.749588,Orchards (fruit & tree nuts),Specialty (veg / orchard / berry),133607.0,0.511424,3015869.2,83240.4,4649.1,79644.3,319.457493,305.656489,11574.211722
54,1,2017,2018,21753.0,21719.0,0.998437,6,1,0.05716,1.058825,0.992081,0.997145,Hay & haylage,Hay & small grains,125.0,0.005755,828.5,22.6,0.1,24.4,1.038937,1.121684,38.086701
54,3,2017,2018,30686.0,30535.0,0.995079,8,4,1.07564,2.931867,0.670673,0.907549,Hay & haylage,Hay & small grains,2852.0,0.093401,58792.7,4238.0,111.9,5260.5,138.108584,171.429968,1915.945382
54,7,2017,2018,14132.0,14087.0,0.996816,5,4,0.077989,1.08111,0.988216,0.996522,Hay & haylage,Hay & small grains,93.0,0.006602,1262.2,6.0,0.2,15.1,0.424568,1.068497,89.31503
54,23,2017,2018,18749.0,18693.0,0.997013,5,2,0.15854,1.171799,0.966244,0.998823,Hay & haylage,Hay & small grains,45.0,0.002407,4542.9,34.9,0.3,90.4,1.861433,4.82159,242.300923
54,25,2017,2018,34114.0,33380.0,0.978484,5,7,0.338621,1.403011,0.903954,0.997723,Hay & haylage,Hay & small grains,151.0,0.004524,12456.0,99.5,0.7,290.9,2.916691,8.527291,365.128686
54,27,2017,2018,28973.0,28775.0,0.993166,5,6,0.32209,1.38001,0.928236,0.992841,Hay & haylage,Hay & small grains,735.0,0.025543,16732.7,1243.9,33.2,1560.3,42.933076,53.853588,577.527353
54,31,2017,2018,30232.0,30133.0,0.996725,9,3,0.81003,2.247975,0.700992,0.986261,Hay & haylage,Hay & small grains,45.0,0.001493,20524.2,184.5,1.6,636.6,6.102805,21.057158,678.889918
54,33,2017,2018,22120.0,22039.0,0.996338,4,3,0.030003,1.030457,0.99578,0.999819,Hay & haylage,Hay & small grains,93.0,0.00422,1353.6,59.6,1.6,69.4,2.694394,3.137432,61.19349
54,35,2017,2018,24611.0,24173.0,0.982203,6,2,0.071769,1.074407,0.989451,0.996939,Hay & haylage,Hay & small grains,95.0,0.00393,3576.5,19.6,3.6,160.1,0.796392,6.505221,145.321198
54,37,2017,2018,40797.0,42200.0,1.03439,8,5,1.408314,4.089055,0.329953,0.895592,Hay & haylage,Hay & small grains,1173.0,0.027796,50499.2,852.4,15.3,1855.2,20.893693,45.473932,1237.816506
54,41,2017,2018,15184.0,15146.0,0.997497,5,1,0.06736,1.069681,0.989436,0.998481,Hay & haylage,Hay & small grains,45.0,0.002971,1467.3,159.9,7.5,187.1,10.530822,12.322181,96.634615
54,49,2017,2018,10454.0,10395.0,0.994356,5,5,0.065053,1.067216,0.990765,0.996056,Hay & haylage,Hay & small grains,76.0,0.007311,598.0,32.3,1.2,40.2,3.089726,3.845418,57.202985
54,51,2017,2018,16466.0,16343.0,0.99253,6,2,0.146128,1.157344,0.974974,0.994983,Hay & haylage,Hay & small grains,297.0,0.018173,1158.5,82.2,2.3,95.4,4.992105,5.793757,70.357099
54,53,2017,2018,31537.0,31263.0,0.991312,7,3,0.949975,2.585645,0.618335,0.988549,Hay & haylage,Hay & small grains,177.0,0.005662,15192.4,115.4,1.3,169.5,3.659194,5.374639,481.732568
54,57,2017,2018,22871.0,22643.0,0.990031,6,2,0.35201,1.421922,0.911407,0.993464,Hay & haylage,Hay & small grains,226.0,0.009981,3955.2,79.9,1.5,156.8,3.493507,6.855844,172.935158
54,61,2017,2018,14849.0,14794.0,0.996296,7,2,0.114132,1.1209,0.983101,0.992497,Hay & haylage,Hay & small grains,117.0,0.007909,690.8,32.3,0.6,40.5,2.175231,2.727456,46.521651
54,63,2017,2018,25142.0,25027.0,0.995426,7,6,0.343213,1.409469,0.926679,0.984697,Hay & haylage,Hay & small grains,281.0,0.011228,10923.6,213.4,4.0,363.6,8.487789,14.461857,434.476175
54,71,2017,2018,24075.0,24037.0,0.998422,6,1,0.431249,1.539179,0.875484,0.995757,Hay & haylage,Hay & small grains,38.0,0.001581,10518.1,77.0,0.7,248.3,3.198339,10.313603,436.888889
54,75,2017,2018,21899.0,21627.0,0.987579,6,3,0.225121,1.252474,0.955056,0.994498,Hay & haylage,Hay & small grains,222.0,0.010265,6171.9,136.2,2.8,194.2,6.219462,8.867985,281.834787
54,77,2017,2018,40679.0,40474.0,0.994961,8,4,0.560978,1.752385,0.851856,0.98483,Hay & haylage,Hay & small grains,321.0,0.007931,7318.0,510.9,3.6,530.8,12.559306,13.048502,179.896261
54,79,2017,2018,10240.0,10165.0,0.992676,6,1,0.144583,1.155557,0.974324,0.997541,Hay & haylage,Hay & small grains,180.0,0.017708,1160.6,8.3,0.3,23.0,0.810547,2.246094,113.339844
54,83,2017,2018,17439.0,17121.0,0.981765,5,4,0.27999,1.323116,0.931955,0.99743,Hay & haylage,Hay & small grains,141.0,0.008236,6489.8,115.6,2.2,215.4,6.62882,12.351626,372.142898
54,85,2017,2018,17378.0,17331.0,0.997295,4,2,0.049706,1.050962,0.992441,0.999885,Hay & haylage,Hay & small grains,131.0,0.007559,1048.8,66.3,2.5,76.7,3.815169,4.413626,60.352169
54,87,2017,2018,21326.0,21064.0,0.987715,5,4,0.075994,1.078956,0.988179,0.998291,Hay & haylage,Hay & small grains,188.0,0.008925,1681.7,4.3,0.1,9.5,0.201632,0.445466,78.856795
54,91,2017,2018,11438.0,11415.0,0.997989,4,1,0.025042,1.025358,0.996759,0.999562,Hay & haylage,Hay & small grains,32.0,0.002803,531.8,36.0,1.8,42.7,3.147403,3.73317,46.494142
54,97,2017,2018,13319.0,13264.0,0.995871,5,1,0.14177,1.152312,0.975121,0.996834,Hay & haylage,Hay & small grains,159.0,0.011987,1494.4,107.0,2.1,118.4,8.033636,8.889556,112.200616
54,107,2017,2018,19526.0,19488.0,0.998054,7,1,0.293648,1.341312,0.942888,0.987069,Hay & haylage,Hay & small grains,138.0,0.007081,2142.9,152.9,2.8,170.8,7.830585,8.747311,109.74598
55,1,2017,2018,79147.0,79626.0,1.006052,8,3,1.392482,4.024827,0.424007,0.846457,Vegetables,Specialty (veg / orchard / berry),34864.0,0.437847,573670.4,5409.2,684.7,3897.8,68.343715,49.247603,7248.163544
55,3,2017,2018,22741.0,22503.0,0.989534,6,2,0.639269,1.895096,0.79385,0.993023,Hay & haylage,Hay & small grains,17.0,0.000755,3673.0,69.8,1.9,57.3,3.069346,2.519678,161.514445
55,5,2017,2018,195107.0,195123.0,1.000082,10,1,1.294157,3.647918,0.462642,0.930813,Corn,Corn / soybean,8076.0,0.041389,159451.0,5447.2,46.4,1216.2,27.919039,6.233503,817.248997
55,7,2017,2018,36740.0,36666.0,0.997986,10,2,0.848453,2.336031,0.798151,0.904871,Hay & haylage,Hay & small grains,390.0,0.010637,3113.2,713.3,0.7,571.3,19.414807,15.549809,84.735983
55,9,2017,2018,157247.0,156569.0,0.995688,9,3,1.273083,3.571848,0.409851,0.936022,Corn,Corn / soybean,738.0,0.004714,72618.1,2522.5,47.9,1157.8,16.041641,7.362939,461.809128
55,11,2017,2018,148173.0,147770.0,0.99728,9,3,1.119203,3.062411,0.480862,0.986824,Corn,Corn / soybean,90.0,0.000609,83516.1,5456.4,109.2,247.2,36.824523,1.66832,563.639125
55,13,2017,2018,44833.0,44507.0,0.992729,9,3,1.325026,3.762284,0.379738,0.938729,Corn,Corn / soybean,181.0,0.004067,24257.5,1566.9,0.8,86.9,34.949702,1.938304,541.063502
55,15,2017,2018,125595.0,126127.0,1.004236,10,1,1.472554,4.360359,0.375994,0.885068,Corn,Corn / soybean,2914.0,0.023104,69313.8,1814.8,51.0,712.4,14.44962,5.6722,551.883435
55,17,2017,2018,225729.0,225080.0,0.997125,10,4,1.22026,3.388069,0.427803,0.968673,Corn,Corn / soybean,467.0,0.002075,144329.9,5448.4,2.8,874.6,24.136908,3.874558,639.394584
55,19,2017,2018,296247.0,295808.0,0.998518,13,2,1.258026,3.51847,0.387231,0.958747,Corn,Corn / soybean,371.0,0.001254,109095.0,1276.6,75.7,410.4,4.309242,1.38533,368.256894
55,21,2017,2018,227699.0,226934.0,0.99664,9,4,1.106127,3.02263,0.578098,0.956921,Corn,Corn / soybean,2071.0,0.009126,243045.9,9619.6,102.7,2141.4,42.247002,9.404521,1067.399945
55,23,2017,2018,84847.0,84551.0,0.996511,10,4,1.203803,3.332768,0.389883,0.972951,Corn,Corn / soybean,534.0,0.006316,79463.1,2231.0,85.0,874.6,26.294389,10.307966,936.545782
55,25,2017,2018,379235.0,377438.0,0.995262,12,6,1.147626,3.150704,0.53545,0.961753,Corn,Corn / soybean,2740.0,0.007259,327803.3,13971.0,166.2,3212.2,36.839954,8.47021,864.380397
55,27,2017,2018,320384.0,320510.0,1.000393,12,4,1.238619,3.450844,0.493152,0.937837,Corn,Corn / soybean,6350.0,0.019812,308554.1,13159.4,160.9,2475.0,41.073836,7.725105,963.075871
55,29,2017,2018,83807.0,83471.0,0.995991,10,3,1.63689,5.139161,0.301865,0.798744,Hay & haylage,Hay & small grains,4736.0,0.056738,49762.3,1584.8,44.4,3371.0,18.910115,40.22337,593.772597
55,31,2017,2018,22419.0,20889.0,0.931754,6,5,0.277134,1.319343,0.939873,0.99775,Hay & haylage,Hay & small grains,47.0,0.00225,2916.0,560.9,1.2,28.3,25.018957,1.262322,130.068246
55,33,2017,2018,222532.0,222227.0,0.998629,11,2,1.271661,3.566772,0.454166,0.946568,Corn,Corn / soybean,3934.0,0.017703,190799.3,7326.6,286.9,1113.9,32.923804,5.005572,857.401632
55,35,2017,2018,96761.0,96352.0,0.995773,9,2,1.19063,3.289154,0.429415,0.976648,Corn,Corn / soybean,279.0,0.002896,59100.2,3975.7,94.2,280.0,41.087835,2.893728,610.785337
55,39,2017,2018,251236.0,251664.0,1.001704,11,3,1.343512,3.832481,0.459716,0.906113,Corn,Corn / soybean,10175.0,0.040431,196480.5,4777.4,110.3,2139.5,19.015587,8.515897,782.055518
55,41,2017,2018,10469.0,10179.0,0.972299,9,1,1.117666,3.057708,0.661951,0.866588,Hay & haylage,Hay & small grains,579.0,0.056882,1466.7,50.7,4.9,5.9,4.842869,0.563569,140.099341
55,43,2017,2018,336836.0,336646.0,0.999436,12,2,1.157371,3.181556,0.480733,0.976768,Corn,Corn / soybean,244.0,0.000725,304015.8,6926.6,310.9,1018.8,20.563716,3.024617,902.563265
55,45,2017,2018,216737.0,216521.0,0.999003,12,2,1.18528,3.271603,0.469409,0.970469,Corn,Corn / soybean,335.0,0.001547,230105.5,10680.0,124.2,2858.3,49.276312,13.187873,1061.680747
55,47,2017,2018,93360.0,93752.0,1.004199,9,2,1.344508,3.836298,0.496075,0.861411,Corn,Corn / soybean,9087.0,0.096926,109246.8,2290.9,76.7,990.2,24.538346,10.606255,1170.167095
55,49,2017,2018,176724.0,173711.0,0.982951,11,3,1.222427,3.395417,0.426979,0.96957,Corn,Corn / soybean,159.0,0.000915,450342.2,5261.5,853.5,1848.0,29.772413,10.456984,2548.279804
55,53,2017,2018,121873.0,117992.0,0.968155,8,5,1.263826,3.538936,0.432877,0.950005,Corn,Corn / soybean,3733.0,0.031638,69517.4,4572.2,95.8,173.5,37.516103,1.423613,570.40854
55,55,2017,2018,170763.0,167891.0,0.983181,9,3,1.138378,3.1217,0.477351,0.961934,Corn,Corn / soybean,1164.0,0.006933,212160.3,8082.9,198.5,1916.9,47.334024,11.2255,1242.425467
55,57,2017,2018,106666.0,104283.0,0.977659,9,1,1.227262,3.411874,0.45458,0.955295,Corn,Corn / soybean,2860.0,0.027425,110446.0,1892.7,70.0,780.8,17.744173,7.320046,1035.437721
55,59,2017,2018,61699.0,60764.0,0.984846,8,1,1.232705,3.430497,0.4516,0.917435,Corn,Corn / soybean,1048.0,0.017247,39723.6,2461.7,13.3,252.5,39.89854,4.092449,643.828911
55,61,2017,2018,138860.0,138396.0,0.996659,10,5,1.307853,3.698224,0.432729,0.892641,Corn,Corn / soybean,1856.0,0.013411,60560.7,1699.6,32.5,791.5,12.239666,5.699986,436.127755
55,63,2017,2018,76670.0,76575.0,0.998761,10,1,1.144893,3.142106,0.467372,0.98429,Corn,Corn / soybean,132.0,0.001724,42421.7,3605.4,54.0,149.0,47.024912,1.943394,553.302465
55,65,2017,2018,242977.0,242953.0,0.999901,10,2,1.103539,3.014817,0.527349,0.983095,Corn,Corn / soybean,283.0,0.001165,258367.0,5606.5,232.4,832.5,23.0742,3.42625,1063.339328
55,67,2017,2018,67282.0,66259.0,0.984795,7,3,1.651605,5.215343,0.303038,0.72609,Hay & haylage,Hay & small grains,13603.0,0.2053,114391.5,2930.4,476.1,764.2,43.553997,11.358164,1700.17984
55,69,2017,2018,39220.0,36111.0,0.920729,8,3,1.133987,3.108025,0.550497,0.96184,Hay & haylage,Hay & small grains,294.0,0.008142,33061.0,216.2,47.2,122.0,5.512494,3.110658,842.962774
55,71,2017,2018,175543.0,175251.0,0.998337,9,2,1.388575,4.009133,0.386548,0.891344,Corn,Corn / soybean,3630.0,0.020713,125970.3,3868.0,66.8,1388.5,22.034487,7.909743,717.603664
55,73,2017,2018,298524.0,297052.0,0.995069,13,6,1.253365,3.502109,0.375651,0.959441,Hay & haylage,Hay & small grains,3265.0,0.010991,242619.9,2741.8,240.3,1328.0,9.184521,4.448554,812.73164
55,75,2017,2018,80982.0,80130.0,0.989479,8,2,1.19898,3.316732,0.461313,0.946425,Corn,Corn / soybean,2161.0,0.026969,61615.9,1211.2,59.6,141.3,14.95641,1.744832,760.859203
55,77,2017,2018,74723.0,72178.0,0.965941,9,3,1.245032,3.473045,0.505154,0.931087,Corn,Corn / soybean,3491.0,0.048367,106922.1,1785.8,93.9,725.1,23.898933,9.70384,1430.912838
55,81,2017,2018,149606.0,149517.0,0.999405,10,3,1.246142,3.476903,0.438719,0.949216,Corn,Corn / soybean,3910.0,0.026151,67767.8,5664.9,86.2,210.6,37.86546,1.407698,452.975148
55,83,2017,2018,128630.0,128143.0,0.996214,9,3,1.258083,3.518671,0.454344,0.940129,Corn,Corn / soybean,3082.0,0.024051,87712.3,1119.5,79.0,189.8,8.703257,1.47555,681.896136
55,87,2017,2018,196099.0,195500.0,0.996945,9,2,1.221114,3.390964,0.423545,0.962026,Corn,Corn / soybean,1813.0,0.009274,200926.5,5625.3,230.9,2366.7,28.686021,12.068904,1024.617668
55,89,2017,2018,44724.0,44200.0,0.988284,8,3,1.381178,3.979587,0.353371,0.91043,Corn,Corn / soybean,681.0,0.015407,38669.8,1910.4,10.6,639.5,42.715321,14.29881,864.631965
55,91,2017,2018,63438.0,63362.0,0.998802,8,3,1.165416,3.207257,0.449717,0.980335,Corn,Corn / soybean,204.0,0.00322,39221.2,2303.0,48.0,119.0,36.303162,1.875847,618.260349
55,93,2017,2018,153058.0,152841.0,0.998582,9,3,1.111405,3.038626,0.499552,0.984795,Corn,Corn / soybean,354.0,0.002316,110425.6,5625.0,148.6,322.8,36.750774,2.109004,721.462452
55,95,2017,2018,149327.0,149653.0,1.002183,11,1,1.253775,3.503546,0.444862,0.956894,Corn,Corn / soybean,3650.0,0.02439,101614.1,4137.6,1.9,703.8,27.708318,4.713146,680.480422
55,97,2017,2018,193272.0,194005.0,1.003793,10,2,1.392244,4.023868,0.367403,0.875209,Vegetables,Specialty (veg / orchard / berry),72288.0,0.372609,991192.1,10496.2,1169.5,6934.2,54.307918,35.877934,5128.482657
55,99,2017,2018,29447.0,28558.0,0.96981,6,2,0.490173,1.632598,0.858288,0.991631,Hay & haylage,Hay & small grains,9.0,0.000315,9555.6,136.1,4.2,62.7,4.621863,2.129249,324.501647
55,101,2017,2018,105968.0,104783.0,0.988817,8,2,1.270591,3.562957,0.445979,0.891127,Soybeans,Corn / soybean,4075.0,0.03889,86233.7,4782.1,67.9,791.9,45.127774,7.473011,813.771138
55,103,2017,2018,102682.0,102587.0,0.999075,8,1,1.120941,3.06774,0.429791,0.981635,Corn,Corn / soybean,443.0,0.004318,92394.6,3085.8,75.7,750.3,30.052005,7.307026,899.813015
55,105,2017,2018,286055.0,284409.0,0.994246,12,4,1.067326,2.907593,0.532374,0.95933,Corn,Corn / soybean,5858.0,0.020597,319225.8,13953.9,167.2,2246.5,48.780479,7.853385,1115.959518
55,107,2017,2018,63663.0,63642.0,0.99967,10,0,1.161,3.193126,0.4341,0.980752,Hay & haylage,Hay & small grains,33.0,0.000519,40401.4,2010.0,24.0,354.1,31.572499,5.5621,634.613512
55,109,2017,2018,196053.0,195289.0,0.996103,10,1,1.136502,3.11585,0.485696,0.980301,Corn,Corn / soybean,989.0,0.005064,135991.8,7043.2,196.6,465.4,35.924979,2.373848,693.648146
55,111,2017,2018,179116.0,178938.0,0.999006,12,0,1.235816,3.441185,0.471208,0.953727,Corn,Corn / soybean,2071.0,0.011574,157592.4,4348.0,160.5,816.8,24.274772,4.560173,879.834297
55,113,2017,2018,23941.0,23635.0,0.987219,8,2,1.224177,3.401367,0.416966,0.955617,Hay & haylage,Hay & small grains,450.0,0.01904,9754.6,486.1,0.1,70.3,20.304081,2.936385,407.443298
55,115,2017,2018,171533.0,170559.0,0.994322,9,1,1.220996,3.390562,0.450513,0.954227,Corn,Corn / soybean,396.0,0.002322,88767.2,1238.3,92.8,168.1,7.219019,0.979986,517.493427
55,117,2017,2018,152994.0,152486.0,0.99668,10,2,1.349238,3.854487,0.364007,0.922872,Corn,Corn / soybean,2003.0,0.013136,82489.9,2254.2,70.9,1034.5,14.733911,6.761703,539.170817
55,119,2017,2018,118590.0,117322.0,0.989308,9,4,1.177505,3.246264,0.416035,0.977643,Hay & haylage,Hay & small grains,96.0,0.000818,121473.5,910.2,149.4,262.7,7.675183,2.215195,1024.314866
55,121,2017,2018,190208.0,189990.0,0.998854,10,1,1.179288,3.252057,0.500537,0.971072,Corn,Corn / soybean,1593.0,0.008385,115897.3,5973.5,134.3,1243.3,31.405093,6.536528,609.318746
55,123,2017,2018,176027.0,175940.0,0.999506,12,4,1.19287,3.296528,0.402632,0.976657,Corn,Corn / soybean,939.0,0.005337,147369.4,5523.2,156.3,805.2,31.377005,4.574298,837.197703
55,127,2017,2018,158978.0,158504.0,0.997018,8,2,1.100702,3.006276,0.538971,0.960462,Corn,Corn / soybean,2184.0,0.013779,195401.0,8647.9,29.2,589.6,54.396835,3.708689,1229.107172
55,129,2017,2018,30909.0,29408.0,0.951438,7,4,1.138687,3.122666,0.43478,0.98089,Hay & haylage,Hay & small grains,43.0,0.001462,19892.6,1336.3,4.9,183.4,43.233362,5.933547,643.586011
55,131,2017,2018,104175.0,103798.0,0.996381,10,1,1.376709,3.96184,0.390422,0.913303,Corn,Corn / soybean,1629.0,0.015694,70898.7,3483.7,10.4,360.2,33.440845,3.457643,680.573074
55,133,2017,2018,65218.0,64210.0,0.984544,10,5,1.239782,3.454859,0.390142,0.9449,Soybeans,Corn / soybean,490.0,0.007631,70125.4,2563.5,24.1,196.5,39.306633,3.012972,1075.246098
55,135,2017,2018,130523.0,129746.0,0.994047,10,0,1.260285,3.526428,0.424414,0.956091,Corn,Corn / soybean,1918.0,0.014783,132477.9,2386.6,95.9,878.8,18.2849,6.732913,1014.977437
55,137,2017,2018,93632.0,93327.0,0.996743,9,3,1.414606,4.114867,0.353006,0.82797,Corn,Corn / soybean,28572.0,0.306149,427765.5,4594.0,619.0,3079.9,49.064422,32.893669,4568.582322
55,139,2017,2018,126553.0,126012.0,0.995725,8,3,1.245466,3.474555,0.395994,0.92788,Corn,Corn / soybean,724.0,0.005745,99399.8,1827.9,67.0,907.1,14.443751,7.167748,785.440092
55,141,2017,2018,113541.0,113166.0,0.996697,10,2,1.315753,3.727556,0.43711,0.91668,Hay & haylage,Hay & small grains,6311.0,0.055768,74360.4,1825.6,39.9,586.8,16.078773,5.168177,654.92113
56,1,2017,2018,86194.0,84904.0,0.985034,2,8,0.319866,1.376943,0.90236,1.0,Hay & haylage,Hay & small grains,0.0,0.0,4555.9,225.6,0.0,1.2,2.617352,0.013922,52.856347
56,3,2017,2018,89084.0,89029.0,0.999383,9,3,1.639352,5.151828,0.405812,0.734042,Hay & haylage,Hay & small grains,7987.0,0.089712,42412.5,1369.7,0.0,1347.2,15.375376,15.122805,476.095595
56,5,2017,2018,70947.0,70941.0,0.999915,4,2,0.252393,1.287102,0.942163,0.997575,Hay & haylage,Hay & small grains,0.0,0.0,11747.0,3372.1,0.0,120.8,47.529846,1.702679,165.574302
56,7,2017,2018,83376.0,83293.0,0.999005,1,2,-0.0,1.0,1.0,1.0,Hay & haylage,Hay & small grains,0.0,0.0,6469.0,293.1,0.0,2.3,3.5154,0.027586,77.588275
56,9,2017,2018,57238.0,55718.0,0.973444,3,5,0.132498,1.141677,0.974245,1.0,Hay & haylage,Hay & small grains,0.0,0.0,13491.8,2984.8,0.0,2734.8,52.147175,47.779447,235.714036
56,11,2017,2018,81793.0,81631.0,0.998019,3,4,0.224402,1.251573,0.948353,1.0,Hay & haylage,Hay & small grains,0.0,0.0,15385.9,6278.2,0.0,167.0,76.75718,2.04174,188.107784
56,13,2017,2018,107753.0,107726.0,0.999749,10,1,0.608794,1.838213,0.864935,0.945371,Hay & haylage,Hay & small grains,3017.0,0.028006,24688.1,3065.3,0.2,2770.9,28.447468,25.715293,229.117519
56,15,2017,2018,136490.0,135008.0,0.989142,9,3,1.183575,3.26603,0.567344,0.912576,Hay & haylage,Hay & small grains,32.0,0.000237,111074.9,9381.4,0.0,6564.7,68.733241,48.096564,813.79515
56,17,2017,2018,10210.0,10002.0,0.979628,1,6,-0.0,1.0,1.0,1.0,Hay & haylage,Hay & small grains,0.0,0.0,1579.6,302.3,0.0,265.8,29.608227,26.033301,154.711068
56,19,2017,2018,30312.0,29970.0,0.988717,1,4,-0.0,1.0,1.0,1.0,Hay & haylage,Hay & small grains,0.0,0.0,4305.5,1762.5,0.0,44.4,58.145289,1.464766,142.039456
56,21,2017,2018,170990.0,165741.0,0.969302,8,9,1.228133,3.414848,0.44225,0.943514,Wheat,Hay & small grains,0.0,0.0,100730.0,4043.5,0.0,3002.0,23.647582,17.556582,589.098778
56,23,2017,2018,80829.0,80649.0,0.997773,5,3,0.228789,1.257077,0.947935,0.999851,Hay & haylage,Hay & small grains,12.0,0.000149,10970.6,1614.0,0.3,27.4,19.968081,0.338987,135.726039
56,25,2017,2018,32424.0,31096.0,0.959043,4,6,0.418764,1.520082,0.900888,0.980641,Hay & haylage,Hay & small grains,0.0,0.0,7492.2,1336.9,0.0,6.7,41.231804,0.206637,231.069578
56,27,2017,2018,28312.0,27590.0,0.974498,3,4,0.435874,1.546314,0.875426,1.0,Hay & haylage,Hay & small grains,0.0,0.0,12428.7,2270.3,0.0,2004.1,80.188613,70.786239,438.990534
56,29,2017,2018,101589.0,100743.0,0.991672,11,6,1.593566,4.921269,0.462295,0.753442,Hay & haylage,Hay & small grains,10279.0,0.102032,37419.9,1399.3,0.8,1327.4,13.774129,13.066375,368.345982
56,31,2017,2018,60160.0,59297.0,0.985655,9,3,1.229479,3.419448,0.590586,0.902525,Hay & haylage,Hay & small grains,2251.0,0.037961,45729.4,3869.2,0.0,2750.2,64.31516,45.714761,760.129654
56,33,2017,2018,71992.0,70465.0,0.978789,7,5,0.059711,1.06153,0.991428,0.997502,Hay & haylage,Hay & small grains,18.0,0.000255,9943.9,3989.8,0.0,108.7,55.420047,1.50989,138.125069
56,35,2017,2018,101119.0,100968.0,0.998507,1,2,-0.0,1.0,1.0,1.0,Hay & haylage,Hay & small grains,0.0,0.0,3945.6,192.6,0.0,0.0,1.904687,0.0,39.019373
56,37,2017,2018,28358.0,28357.0,0.999965,2,0,0.131824,1.140907,0.970836,1.0,Hay & haylage,Hay & small grains,0.0,0.0,6480.9,1155.8,0.0,0.0,40.757458,0.0,228.538684
56,39,2017,2018,12795.0,12782.0,0.998984,3,2,0.395756,1.485506,0.866688,1.0,Hay & haylage,Hay & small grains,6.0,0.000469,997.2,144.4,0.0,0.0,11.285658,0.0,77.936694
56,41,2017,2018,47960.0,47956.0,0.999917,2,2,0.018976,1.019157,0.997247,1.0,Hay & haylage,Hay & small grains,0.0,0.0,4779.3,289.1,0.0,0.0,6.02794,0.0,99.651793
56,43,2017,2018,33320.0,32970.0,0.989496,4,4,1.208274,3.347702,0.471823,0.914346,Hay & haylage,Hay & small grains,4908.0,0.148863,25335.4,483.6,0.4,484.7,14.513806,14.546819,760.366146
56,45,2017,2018,21581.0,21234.0,0.983921,1,4,-0.0,1.0,1.0,1.0,Hay & haylage,Hay & small grains,0.0,0.0,5929.2,2374.5,0.0,63.4,110.027339,2.937769,274.741671
