url,retrieved_at,sha256,bytes,agency,dataset,filename,content_type,http_status,license,notes
https://water.usgs.gov/nawqa/pnsp/usage/maps/county-level/PesticideUseEstimates/EPest.county.estimates.1992.txt,2026-09-14T18:34:42Z,576778d306ac3a01b78f63e1b3d354f4533905bac731b23c845e7a3965b57a4b,9779735,usgs,pnsp,EPest.county.estimates.1992.txt,text/plain,200,"US Government Work (17 USC 105), public domain unless noted",final county-level estimates; low+high; DOI 10.5066/F7NP22KM
https://water.usgs.gov/nawqa/pnsp/usage/maps/county-level/PesticideUseEstimates/EPest.county.estimates.1993.txt,2026-09-14T18:34:44Z,001dd11b289237a3413a6ccd78daca71abd9803d7b928feaf75f7d4057230892,9599820,usgs,pnsp,EPest.county.estimates.1993.txt,text/plain,200,"US Government Work (17 USC 105), public domain unless noted",final county-level estimates; low+high; DOI 10.5066/F7NP22KM
https://water.usgs.gov/nawqa/pnsp/usage/maps/county-level/PesticideUseEstimates/EPest.county.estimates.1994.txt,2026-09-14T18:34:45Z,b327769f5bff5db4809df759b410d7462b80d7cb36f43070237cdd4fb23d09b9,10029517,usgs,pnsp,EPest.county.estimates.1994.txt,text/plain,200,"US Government Work (17 USC 105), public domain unless noted",final county-level estimates; low+high; DOI 10.5066/F7NP22KM
https://water.usgs.gov/nawqa/pnsp/usage/maps/county-level/PesticideUseEstimates/EPest.county.estimates.1995.txt,2026-09-14T18:34:46Z,9d4234f30a42a284a512e3cfbf805fed94ceaad287d10a0b5be8e1ea54b62078,10542294,usgs,pnsp,EPest.county.estimates.1995.txt,text/plain,200,"US Government Work (17 USC 105), public domain unless noted",final county-level estimates; low+high; DOI 10.5066/F7NP22KM
https://water.usgs.gov/nawqa/pnsp/usage/maps/county-level/PesticideUseEstimates/EPest.county.estimates.1996.txt,2026-09-14T18:34:47Z,fa3a381d32f9fbdcbbb5639d944ee3134a2d92b70086a71ef25a04e7b2a42aa6,10907726,usgs,pnsp,EPest.county.estimates.1996.txt,text/plain,200,"US Government Work (17 USC 105), public domain unless noted",final county-level estimates; low+high; DOI 10.5066/F7NP22KM
https://water.usgs.gov/nawqa/pnsp/usage/maps/county-level/PesticideUseEstimates/EPest.county.estimates.1997.txt,2026-09-14T18:34:48Z,f260c13294dd04aa88031e53e8e483e93ccb474fa5fa2a60365959d8883132db,11118339,usgs,pnsp,EPest.county.estimates.1997.txt,text/plain,200,"US Government Work (17 USC 105), public domain unless noted",final county-level estimates; low+high; DOI 10.5066/F7NP22KM
https://water.usgs.gov/nawqa/pnsp/usage/maps/county-level/PesticideUseEstimates/EPest.county.estimates.1998.txt,2026-09-14T18:34:50Z,a7fedf1cce89c2d0da30d3a7678e3e98d02c9d8deeeff8a5339e449378932944,10650996,usgs,pnsp,EPest.county.estimates.1998.txt,text/plain,200,"US Government Work (17 USC 105), public domain unless noted",final county-level estimates; low+high; DOI 10.5066/F7NP22KM
https://water.usgs.gov/nawqa/pnsp/usage/maps/county-level/PesticideUseEstimates/EPest.county.estimates.1999.txt,2026-09-14T18:34:51Z,97ebbe1cb47daf893a6a72841d29165cc16892b64fd0c0c3dd38ffcfb75e9bef,10790227,usgs,pnsp,EPest.county.estimates.1999.txt,text/plain,200,"US Government Work (17 USC 105), public domain unless noted",final county-level estimates; low+high; DOI 10.5066/F7NP22KM
https://water.usgs.gov/nawqa/pnsp/usage/maps/county-level/PesticideUseEstimates/EPest.county.estimates.2000.txt,2026-09-14T18:34:52Z,d8ec2a33680e2495e58a24b85e4e7e8f77730d0493dded765bdfb3df93ee7551,10992025,usgs,pnsp,EPest.county.estimates.2000.txt,text/plain,200,"US Government Work (17 USC 105), public domain unless noted",final county-level estimates; low+high; DOI 10.5066/F7NP22KM
https://water.usgs.gov/nawqa/pnsp/usage/maps/county-level/PesticideUseEstimates/EPest.county.estimates.2001.txt,2026-09-14T18:34:53Z,bddcf028111f5b4e852fdfd1b9b5dee6916229d66a3271d0c7518369748ded28,10947535,usgs,pnsp,EPest.county.estimates.2001.txt,text/plain,200,"US Government Work (17 USC 105), public domain unless noted",final county-level estimates; low+high; DOI 10.5066/F7NP22KM
https://water.usgs.gov/nawqa/pnsp/usage/maps/county-level/PesticideUseEstimates/EPest.county.estimates.2002.txt,2026-09-14T18:34:54Z,bb9528c27a5c31e5f86fbc72931d53958aaa7a146ff9f62709795af28ab5ec17,11094494,usgs,pnsp,EPest.county.estimates.2002.txt,text/plain,200,"US Government Work (17 USC 105), public domain unless noted",final county-level estimates; low+high; DOI 10.5066/F7NP22KM
https://water.usgs.gov/nawqa/pnsp/usage/maps/county-level/PesticideUseEstimates/EPest.county.estimates.2003.txt,2026-09-14T18:34:56Z,ed59d689eabd3b75062b700cea5dccac8edfdc8ad4988cd585d3855a6acf9b46,11076869,usgs,pnsp,EPest.county.estimates.2003.txt,text/plain,200,"US Government Work (17 USC 105), public domain unless noted",final county-level estimates; low+high; DOI 10.5066/F7NP22KM
https://water.usgs.gov/nawqa/pnsp/usage/maps/county-level/PesticideUseEstimates/EPest.county.estimates.2004.txt,2026-09-14T18:34:57Z,f1dfe11fabc54099729aa1e728657de21e26d3364903f74fe97532aa1f0626f0,11538462,usgs,pnsp,EPest.county.estimates.2004.txt,text/plain,200,"US Government Work (17 USC 105), public domain unless noted",final county-level estimates; low+high; DOI 10.5066/F7NP22KM
https://water.usgs.gov/nawqa/pnsp/usage/maps/county-level/PesticideUseEstimates/EPest.county.estimates.2005.txt,2026-09-14T18:34:59Z,182c7fb21d0ed0d4ec23864a84cbc0297097e4ceb203c2b6fe2b5574ce683005,11166862,usgs,pnsp,EPest.county.estimates.2005.txt,text/plain,200,"US Government Work (17 USC 105), public domain unless noted",final county-level estimates; low+high; DOI 10.5066/F7NP22KM
https://water.usgs.gov/nawqa/pnsp/usage/maps/county-level/PesticideUseEstimates/EPest.county.estimates.2006.txt,2026-09-14T18:35:00Z,aa5613dafdc00954455b5a04ab47553f65dace52de6c357505aa069e2901ead3,11415728,usgs,pnsp,EPest.county.estimates.2006.txt,text/plain,200,"US Government Work (17 USC 105), public domain unless noted",final county-level estimates; low+high; DOI 10.5066/F7NP22KM
https://www.nass.usda.gov/datasets/Readme.txt,2026-09-14T18:35:01Z,a6176d1769b9b1506cf5642d80de39c35060186927fd1aa90fa00da4680b88d7,5117,usda-nass,quickstats-bulk,Readme.txt,text/plain; charset=UTF-8,200,"US Government Work (17 USC 105), public domain unless noted","Quick Stats bulk dump; equivalent to API content, no key required"
https://water.usgs.gov/nawqa/pnsp/usage/maps/county-level/PesticideUseEstimates/EPest.county.estimates.2007.txt,2026-09-14T18:35:01Z,a33c7f82e180d96b5a1fe216055a398047300d42b800417285edb1283c11e4c9,11051467,usgs,pnsp,EPest.county.estimates.2007.txt,text/plain,200,"US Government Work (17 USC 105), public domain unless noted",final county-level estimates; low+high; DOI 10.5066/F7NP22KM
https://water.usgs.gov/nawqa/pnsp/usage/maps/county-level/PesticideUseEstimates/EPest.county.estimates.2008.txt,2026-09-14T18:35:03Z,2770c5473ae65209c65438c29aacd9ae310876b25547c1202ca2a542db042641,11605511,usgs,pnsp,EPest.county.estimates.2008.txt,text/plain,200,"US Government Work (17 USC 105), public domain unless noted",final county-level estimates; low+high; DOI 10.5066/F7NP22KM
https://www.nass.usda.gov/datasets/qs.environmental_20260912.txt.gz,2026-09-14T18:35:05Z,b3fde5dd64eb2bc4fbfc14ab5910e6caea3844d42c22735979b42b78dceec081,75257442,usda-nass,quickstats-bulk,qs.environmental_20260912.txt.gz,application/x-gzip,200,"US Government Work (17 USC 105), public domain unless noted","Quick Stats bulk dump; equivalent to API content, no key required"
https://water.usgs.gov/nawqa/pnsp/usage/maps/county-level/PesticideUseEstimates/EPest.county.estimates.2009.txt,2026-09-14T18:35:05Z,9947ef9901a503f40f5792a788503563b49e51962b0ba9738809684ad7629f00,12288170,usgs,pnsp,EPest.county.estimates.2009.txt,text/plain,200,"US Government Work (17 USC 105), public domain unless noted",final county-level estimates; low+high; DOI 10.5066/F7NP22KM
https://water.usgs.gov/nawqa/pnsp/usage/maps/county-level/PesticideUseEstimates/EPest.county.estimates.2010.txt,2026-09-14T18:35:06Z,5ac8d2ae864627b1286fec4a92956b83d9f24cf7bc072f4eb9c3ac99c6957e1a,12394401,usgs,pnsp,EPest.county.estimates.2010.txt,text/plain,200,"US Government Work (17 USC 105), public domain unless noted",final county-level estimates; low+high; DOI 10.5066/F7NP22KM
https://water.usgs.gov/nawqa/pnsp/usage/maps/county-level/PesticideUseEstimates/EPest.county.estimates.2011.txt,2026-09-14T18:35:08Z,90a75828dc3d86c67951f487dd5d96604f97f7e4317d3092ca8250fb02350e97,12355128,usgs,pnsp,EPest.county.estimates.2011.txt,text/plain,200,"US Government Work (17 USC 105), public domain unless noted",final county-level estimates; low+high; DOI 10.5066/F7NP22KM
https://water.usgs.gov/nawqa/pnsp/usage/maps/county-level/PesticideUseEstimates/EPest.county.estimates.2012.txt,2026-09-14T18:35:10Z,73480d8ebc6d4ea35c1e23de8206b72283e94da06de12521ab9fd32703496f31,12345086,usgs,pnsp,EPest.county.estimates.2012.txt,text/plain,200,"US Government Work (17 USC 105), public domain unless noted",final county-level estimates; low+high; DOI 10.5066/F7NP22KM
https://water.usgs.gov/nawqa/pnsp/usage/maps/county-level/PreliminaryEstimates/EPest.county.estimates.2013.txt,2026-09-14T18:35:12Z,4dcd2543b2f89fa6a92f168f0177827b5bb1831aae86c51d2d0bba238deed6c4,12616974,usgs,pnsp,EPest.county.estimates.2013.txt,text/plain,200,"US Government Work (17 USC 105), public domain unless noted","PRELIMINARY estimates, subject to revision; 2017-2018 exclude California"
https://water.usgs.gov/nawqa/pnsp/usage/maps/county-level/PreliminaryEstimates/EPest.county.estimates.2014.txt,2026-09-14T18:35:13Z,2d5d63331d5258123419098539410bc392056c308067df5f51c3c71a4b17d574,13114744,usgs,pnsp,EPest.county.estimates.2014.txt,text/plain,200,"US Government Work (17 USC 105), public domain unless noted","PRELIMINARY estimates, subject to revision; 2017-2018 exclude California"
https://water.usgs.gov/nawqa/pnsp/usage/maps/county-level/PreliminaryEstimates/2015PreliminaryEstimates.zip,2026-09-14T18:35:14Z,611f22786fea98a858eb6c893286e014f96f60447ada187573e2ecea5f87a1ef,2005257,usgs,pnsp,2015PreliminaryEstimates.zip,application/zip,200,"US Government Work (17 USC 105), public domain unless noted","PRELIMINARY estimates, subject to revision; 2017-2018 exclude California"
https://water.usgs.gov/nawqa/pnsp/usage/maps/county-level/PreliminaryEstimates/2016PreliminaryEstimates.zip,2026-09-14T18:35:15Z,67cc216afa5c2158259ceaa695b3d449f0960c7489ad8490427a15969cee252f,1970462,usgs,pnsp,2016PreliminaryEstimates.zip,application/zip,200,"US Government Work (17 USC 105), public domain unless noted","PRELIMINARY estimates, subject to revision; 2017-2018 exclude California"
https://water.usgs.gov/nawqa/pnsp/usage/maps/county-level/PreliminaryEstimateNOCa/2017PreliminaryEstimatesNoCA.zip,2026-09-14T18:35:16Z,1b880e0e09c8e78367603b0acef59d30bc7800bed0c8f3114996605dce255beb,1919887,usgs,pnsp,2017PreliminaryEstimatesNoCA.zip,application/zip,200,"US Government Work (17 USC 105), public domain unless noted","PRELIMINARY estimates, subject to revision; 2017-2018 exclude California"
https://water.usgs.gov/nawqa/pnsp/usage/maps/county-level/PreliminaryEstimateNOCa/2018PreliminaryEstimatesNoCA.zip,2026-09-14T18:35:17Z,65e5657f4db212749651970157489fcd43863cbf3d32d6357929451ce01ae515,1696830,usgs,pnsp,2018PreliminaryEstimatesNoCA.zip,application/zip,200,"US Government Work (17 USC 105), public domain unless noted","PRELIMINARY estimates, subject to revision; 2017-2018 exclude California"
https://water.usgs.gov/nawqa/pnsp/usage/maps/county-level/StateLevel/AgPestUsebyCropGroup92to16.zip,2026-09-14T18:35:18Z,7cf59ad650cb4da0dddbb27047ee76ab4a2f7468ea914f7f8973790575fe3adb,3797171,usgs,pnsp,AgPestUsebyCropGroup92to16.zip,application/zip,200,"US Government Work (17 USC 105), public domain unless noted",state-level agricultural pesticide use by crop group 1992-2016
https://www.ams.usda.gov/sites/default/files/media/1992PDPDatabase.zip,2026-09-14T18:35:19Z,76d297ee7d76626005b15342d6b234fce259f1862539773ca219ec1f04f7d59e,230473,usda-ams,pdp,1992PDPDatabase.zip,application/zip,200,"US Government Work (17 USC 105), public domain unless noted",annual sample + reference tables; commodity set rotates yearly
https://www.ams.usda.gov/sites/default/files/media/1993PDPDatabase.zip,2026-09-14T18:35:20Z,aab6992d5f8a6a2853dcd909ec2a3d0ad400461473669dae1f6222d95e135998,609120,usda-ams,pdp,1993PDPDatabase.zip,application/zip,200,"US Government Work (17 USC 105), public domain unless noted",annual sample + reference tables; commodity set rotates yearly
https://www.ams.usda.gov/sites/default/files/media/1994PDPDatabase.zip,2026-09-14T18:35:22Z,694e31bdbeb9113aac9ecc1181e1e356f7fbcf9d280a50ed99f81def36c61a39,1719605,usda-ams,pdp,1994PDPDatabase.zip,application/zip,200,"US Government Work (17 USC 105), public domain unless noted",annual sample + reference tables; commodity set rotates yearly
https://www.ams.usda.gov/sites/default/files/media/1995PDPDatabase.zip,2026-09-14T18:35:24Z,c45ae892123838df9fb19535a79b63bed4486145437730283b9ef545a36cdcb6,1717722,usda-ams,pdp,1995PDPDatabase.zip,application/zip,200,"US Government Work (17 USC 105), public domain unless noted",annual sample + reference tables; commodity set rotates yearly
https://www.ams.usda.gov/sites/default/files/media/1996PDPDatabase.zip,2026-09-14T18:35:25Z,adfed86ea35b09578d540f46eba6ea349b081f42421b168ff3348de21cc8abf0,1566801,usda-ams,pdp,1996PDPDatabase.zip,application/zip,200,"US Government Work (17 USC 105), public domain unless noted",annual sample + reference tables; commodity set rotates yearly
https://www.nass.usda.gov/datasets/qs.crops_20260912.txt.gz,2026-09-14T18:35:26Z,8f1fb1bf94b9b89a6403a581ac119506f3b72510dc6fea4d3546bf50d354a8eb,1129772944,usda-nass,quickstats-bulk,qs.crops_20260912.txt.gz,application/x-gzip,200,"US Government Work (17 USC 105), public domain unless noted","Quick Stats bulk dump; equivalent to API content, no key required"
https://www.ams.usda.gov/sites/default/files/media/1997PDPDatabase.zip,2026-09-14T18:35:27Z,4b6236c6b5e88eb8a22d928fca041bb23168e2f8bbc99c5b04d384cd28916ec4,2021129,usda-ams,pdp,1997PDPDatabase.zip,application/zip,200,"US Government Work (17 USC 105), public domain unless noted",annual sample + reference tables; commodity set rotates yearly
https://www.ams.usda.gov/sites/default/files/media/1998PDPDatabase.zip,2026-09-14T18:35:30Z,2f4b0f38c13d86ab9dad206116a1dc51a22c2d9775f71f240fee98813eba0059,2560879,usda-ams,pdp,1998PDPDatabase.zip,application/zip,200,"US Government Work (17 USC 105), public domain unless noted",annual sample + reference tables; commodity set rotates yearly
https://www.ams.usda.gov/sites/default/files/media/1999PDPDatabase.zip,2026-09-14T18:35:32Z,6124d27fd21b06f0cc46590e1c6be45c1e8be9e9267b74b4256d21ccf42998cf,2630237,usda-ams,pdp,1999PDPDatabase.zip,application/zip,200,"US Government Work (17 USC 105), public domain unless noted",annual sample + reference tables; commodity set rotates yearly
https://www.ams.usda.gov/sites/default/files/media/2000PDPDatabase.zip,2026-09-14T18:35:36Z,1c3e56159c1962e02b03dbee2103b1371af4cea5dcbcdcb8d3759b548a9aea1d,3386801,usda-ams,pdp,2000PDPDatabase.zip,application/zip,200,"US Government Work (17 USC 105), public domain unless noted",annual sample + reference tables; commodity set rotates yearly
https://www.ams.usda.gov/sites/default/files/media/2001PDPDatabase.zip,2026-09-14T18:35:39Z,1aa8626564c7ebbee1a5bf98748b53377695345384422399e637d069660aeb19,3749287,usda-ams,pdp,2001PDPDatabase.zip,application/zip,200,"US Government Work (17 USC 105), public domain unless noted",annual sample + reference tables; commodity set rotates yearly
https://www.ams.usda.gov/sites/default/files/media/2002PDPDatabase.zip,2026-09-14T18:35:41Z,ac35391e37162538503a321dd6524e7e6cfb11812e99b6992802eb383c6b078f,3756840,usda-ams,pdp,2002PDPDatabase.zip,application/zip,200,"US Government Work (17 USC 105), public domain unless noted",annual sample + reference tables; commodity set rotates yearly
https://www.ams.usda.gov/sites/default/files/media/2003PDPDatabase.zip,2026-09-14T18:35:44Z,0472dfc76a3e34a172f174b0620a12a08b8db4b60b2527bce905ba5083616491,3653443,usda-ams,pdp,2003PDPDatabase.zip,application/zip,200,"US Government Work (17 USC 105), public domain unless noted",annual sample + reference tables; commodity set rotates yearly
https://www.ams.usda.gov/sites/default/files/media/2004PDPDatabase.zip,2026-09-14T18:35:48Z,5b5a5e496c1a5f098230bdb1aa14e85e453f5266779882fd3c6a3a034db61bb0,4722492,usda-ams,pdp,2004PDPDatabase.zip,application/zip,200,"US Government Work (17 USC 105), public domain unless noted",annual sample + reference tables; commodity set rotates yearly
https://www.ams.usda.gov/sites/default/files/media/2005PDPDatabase.zip,2026-09-14T18:35:53Z,95e8563e55c6e3954bc0e56734027fe26c44797609521ea4cdd695e335565c5f,5130226,usda-ams,pdp,2005PDPDatabase.zip,application/zip,200,"US Government Work (17 USC 105), public domain unless noted",annual sample + reference tables; commodity set rotates yearly
https://www.ams.usda.gov/sites/default/files/media/2006PDPDatabase.ZIP,2026-09-14T18:35:57Z,8f84294026eacfdbd38437688402676a9a0180bbd87b6b89ec6e0cf0f83edac1,4847281,usda-ams,pdp,2006PDPDatabase.ZIP,application/zip,200,"US Government Work (17 USC 105), public domain unless noted",annual sample + reference tables; commodity set rotates yearly
https://www.ams.usda.gov/sites/default/files/media/2007PDPDatabase.zip,2026-09-14T18:36:00Z,aeec02de67748788b2fc709eaa836cdc4d9bfd4d74c6998fca9a73de340ec630,4986671,usda-ams,pdp,2007PDPDatabase.zip,application/zip,200,"US Government Work (17 USC 105), public domain unless noted",annual sample + reference tables; commodity set rotates yearly
https://www.ams.usda.gov/sites/default/files/media/2008PDPDatabase.zip,2026-09-14T18:36:04Z,1d9e013477f0fa247380b028a31391b721c5cef7eedd778d2bc68dc6356bbcb2,6619463,usda-ams,pdp,2008PDPDatabase.zip,application/zip,200,"US Government Work (17 USC 105), public domain unless noted",annual sample + reference tables; commodity set rotates yearly
https://www.ams.usda.gov/sites/default/files/media/2009PDPDatabase.zip,2026-09-14T18:36:07Z,8a1cdaa6d76d9eb1e0b48c3c514e4d07f1bb4c2a9661cbb2d7b8b7c5609c213f,6883996,usda-ams,pdp,2009PDPDatabase.zip,application/zip,200,"US Government Work (17 USC 105), public domain unless noted",annual sample + reference tables; commodity set rotates yearly
https://fdc.nal.usda.gov/fdc-datasets/FoodData_Central_sr_legacy_food_csv_2018-04.zip,2026-09-14T18:36:07Z,b80817294b8850530aaedf2e515c02593b1824f763a0ff356e5c2081643e6fd0,6074592,usda-ars-fdc,fooddata-central,FoodData_Central_sr_legacy_food_csv_2018-04.zip,application/zip,200,"US Government Work (17 USC 105), public domain unless noted",SR Legacy frozen 2018-04; full release 2026-04-30
https://www.nass.usda.gov/datasets/qs.economics_20260912.txt.gz,2026-09-14T18:36:08Z,bccbe6b45bd6ba78e8de5ebc233b9d9626c89e32eafce477ada52cbaad96cc85,584398756,usda-nass,quickstats-bulk,qs.economics_20260912.txt.gz,application/x-gzip,200,"US Government Work (17 USC 105), public domain unless noted","Quick Stats bulk dump; equivalent to API content, no key required"
https://www.ams.usda.gov/sites/default/files/media/2010PDPDatabase.zip,2026-09-14T18:36:13Z,f285c1f403cfeb4f952a4310b4a712983c6ed023f7c7371821f7bd54d21c31e5,7071396,usda-ams,pdp,2010PDPDatabase.zip,application/zip,200,"US Government Work (17 USC 105), public domain unless noted",annual sample + reference tables; commodity set rotates yearly
https://fdc.nal.usda.gov/fdc-datasets/FoodData_Central_csv_2026-04-30.zip,2026-09-14T18:36:14Z,c33d91e5c44ddbcd71ed6038714fb648b26089b3f91fabfa3be63d96d5763a01,481517495,usda-ars-fdc,fooddata-central,FoodData_Central_csv_2026-04-30.zip,application/zip,200,"US Government Work (17 USC 105), public domain unless noted",SR Legacy frozen 2018-04; full release 2026-04-30
https://fdc.nal.usda.gov/fdc-datasets/FoodData_Central_foundation_food_csv_2019-12-17.zip,2026-09-14T18:36:14Z,3fd5bc83f75092c8debad6525a489df4d4f4bfd70708ddd89c4e7c253a22b980,1858767,usda-ars-fdc,fooddata-central,FoodData_Central_foundation_food_csv_2019-12-17.zip,application/zip,200,"US Government Work (17 USC 105), public domain unless noted",vintage series -- lets release-to-release drift be separated from real change
https://www.ams.usda.gov/sites/default/files/media/2011PDPDatabase.zip,2026-09-14T18:36:15Z,1c911139e5549ba8c4441ccb626994c0c30ef389ef44b75e90c131a5571cc8a3,7515379,usda-ams,pdp,2011PDPDatabase.zip,application/zip,200,"US Government Work (17 USC 105), public domain unless noted",annual sample + reference tables; commodity set rotates yearly
https://www.ams.usda.gov/sites/default/files/media/2012PDPDatabase.zip,2026-09-14T18:36:15Z,18e3231b95014732c6343f6329f5c999604c4e0de1e3d294486beb035f76f79c,7688466,usda-ams,pdp,2012PDPDatabase.zip,application/zip,200,"US Government Work (17 USC 105), public domain unless noted",annual sample + reference tables; commodity set rotates yearly
https://fdc.nal.usda.gov/fdc-datasets/FoodData_Central_foundation_food_csv_2020-04-29.zip,2026-09-14T18:36:15Z,c4791bc4e3e693b8228f8f223a54a38a4060f159f2ccfb66ce885127f1de234b,2382644,usda-ars-fdc,fooddata-central,FoodData_Central_foundation_food_csv_2020-04-29.zip,application/zip,200,"US Government Work (17 USC 105), public domain unless noted",vintage series -- lets release-to-release drift be separated from real change
https://www.ams.usda.gov/sites/default/files/media/2013PDPDatabase.zip,2026-09-14T18:36:16Z,529c06572b2399124186cbbc52e90f2b42f62de637eaf99a279d583f96e02117,7301654,usda-ams,pdp,2013PDPDatabase.zip,application/zip,200,"US Government Work (17 USC 105), public domain unless noted",annual sample + reference tables; commodity set rotates yearly
https://fdc.nal.usda.gov/fdc-datasets/FoodData_Central_foundation_food_csv_2020-10-30.zip,2026-09-14T18:36:16Z,6c4ff1ac9074c6ce72fd919b90728786f7b9f395ed304a73c53f39071cadf0b5,1771612,usda-ars-fdc,fooddata-central,FoodData_Central_foundation_food_csv_2020-10-30.zip,application/zip,200,"US Government Work (17 USC 105), public domain unless noted",vintage series -- lets release-to-release drift be separated from real change
https://www.ams.usda.gov/sites/default/files/media/2014PDPDatabase.zip,2026-09-14T18:36:17Z,2f91e71b55e17296efb500db4ca03829d724ec0393767d048f95fc233dafae5c,7867225,usda-ams,pdp,2014PDPDatabase.zip,application/zip,200,"US Government Work (17 USC 105), public domain unless noted",annual sample + reference tables; commodity set rotates yearly
https://fdc.nal.usda.gov/fdc-datasets/FoodData_Central_foundation_food_csv_2021-04-28.zip,2026-09-14T18:36:17Z,738e3bc3e7de54697a3127417f050614967dcd7e2fcef59f074d241485450bfb,1906373,usda-ars-fdc,fooddata-central,FoodData_Central_foundation_food_csv_2021-04-28.zip,application/zip,200,"US Government Work (17 USC 105), public domain unless noted",vintage series -- lets release-to-release drift be separated from real change
https://fdc.nal.usda.gov/fdc-datasets/FoodData_Central_foundation_food_csv_2021-10-28.zip,2026-09-14T18:36:18Z,23bfd775352b1e4a536e499a519d96d720df95620b53945041edab5cdbb3f7f2,2148017,usda-ars-fdc,fooddata-central,FoodData_Central_foundation_food_csv_2021-10-28.zip,application/zip,200,"US Government Work (17 USC 105), public domain unless noted",vintage series -- lets release-to-release drift be separated from real change
https://www.ams.usda.gov/sites/default/files/media/2015PDPDatabase.ZIP,2026-09-14T18:36:19Z,2d8ed326f459785573b81c51849cd74dfaaa9e393f808cd4d9e8925fb9e5f82a,8483847,usda-ams,pdp,2015PDPDatabase.ZIP,application/zip,200,"US Government Work (17 USC 105), public domain unless noted",annual sample + reference tables; commodity set rotates yearly
https://fdc.nal.usda.gov/fdc-datasets/FoodData_Central_foundation_food_csv_2022-04-28.zip,2026-09-14T18:36:19Z,c28738c1efb8b29e5ac67289209554b837bb03b902eaadf1b43e54d2fdfb17c9,2285012,usda-ars-fdc,fooddata-central,FoodData_Central_foundation_food_csv_2022-04-28.zip,application/zip,200,"US Government Work (17 USC 105), public domain unless noted",vintage series -- lets release-to-release drift be separated from real change
https://www.ams.usda.gov/sites/default/files/media/2016PDPDatabase.ZIP,2026-09-14T18:36:20Z,9bbdfb5cbe52dd3d200dd5fe7a726e896da604c09e14edeecbbba9484c06a01d,8764846,usda-ams,pdp,2016PDPDatabase.ZIP,application/zip,200,"US Government Work (17 USC 105), public domain unless noted",annual sample + reference tables; commodity set rotates yearly
https://fdc.nal.usda.gov/fdc-datasets/FoodData_Central_foundation_food_csv_2022-10-28.zip,2026-09-14T18:36:20Z,acfa20be11c3cc8950fb21abbe3fb9e79a97b4f4affcc8c33e82a8400728ab11,2479945,usda-ars-fdc,fooddata-central,FoodData_Central_foundation_food_csv_2022-10-28.zip,application/zip,200,"US Government Work (17 USC 105), public domain unless noted",vintage series -- lets release-to-release drift be separated from real change
https://fdc.nal.usda.gov/fdc-datasets/FoodData_Central_foundation_food_csv_2023-04-20.zip,2026-09-14T18:36:20Z,8e6111b9d59ce460fd32c6faa60a204132e8aba9cc80ae3284b39b0f1ef7360a,3015747,usda-ars-fdc,fooddata-central,FoodData_Central_foundation_food_csv_2023-04-20.zip,application/zip,200,"US Government Work (17 USC 105), public domain unless noted",vintage series -- lets release-to-release drift be separated from real change
https://fdc.nal.usda.gov/fdc-datasets/FoodData_Central_foundation_food_csv_2023-10-26.zip,2026-09-14T18:36:21Z,7c884e1515491ad9771a6217c99994ea74e3b01df6b7df31e7f0fd249d854a8b,2987513,usda-ars-fdc,fooddata-central,FoodData_Central_foundation_food_csv_2023-10-26.zip,application/zip,200,"US Government Work (17 USC 105), public domain unless noted",vintage series -- lets release-to-release drift be separated from real change
https://fdc.nal.usda.gov/fdc-datasets/FoodData_Central_foundation_food_csv_2024-04-18.zip,2026-09-14T18:36:22Z,b9ebc345248fe27161ec2630adff10b56a034e6c9a533956ed0c54d115a4c740,5653274,usda-ars-fdc,fooddata-central,FoodData_Central_foundation_food_csv_2024-04-18.zip,application/zip,200,"US Government Work (17 USC 105), public domain unless noted",vintage series -- lets release-to-release drift be separated from real change
https://fdc.nal.usda.gov/fdc-datasets/FoodData_Central_foundation_food_csv_2024-10-31.zip,2026-09-14T18:36:23Z,8587f941ec252bd9aaf7b85a18a42980fb540f509b34300ed8dd4d10ca9edf44,3258886,usda-ars-fdc,fooddata-central,FoodData_Central_foundation_food_csv_2024-10-31.zip,application/zip,200,"US Government Work (17 USC 105), public domain unless noted",vintage series -- lets release-to-release drift be separated from real change
https://fdc.nal.usda.gov/fdc-datasets/FoodData_Central_foundation_food_csv_2025-04-24.zip,2026-09-14T18:36:24Z,56a169d02b6db1fdad7887f10bc01001cbb06393f0fae722c4afec20d3741a2d,3424407,usda-ars-fdc,fooddata-central,FoodData_Central_foundation_food_csv_2025-04-24.zip,application/zip,200,"US Government Work (17 USC 105), public domain unless noted",vintage series -- lets release-to-release drift be separated from real change
https://www.ams.usda.gov/sites/default/files/media/2017PDPDatabase.ZIP,2026-09-14T18:36:25Z,5f3f2ca8b11e95f9553c5975ef1ee012af9be6c64d14a49a75c468689aca81c8,8979884,usda-ams,pdp,2017PDPDatabase.ZIP,application/zip,200,"US Government Work (17 USC 105), public domain unless noted",annual sample + reference tables; commodity set rotates yearly
https://fdc.nal.usda.gov/fdc-datasets/FoodData_Central_foundation_food_csv_2025-12-18.zip,2026-09-14T18:36:25Z,3850de85effd6d9aa471f48aab2a76c20f9bc5feb3f2f52c8ce693f9cf75d52b,3559820,usda-ars-fdc,fooddata-central,FoodData_Central_foundation_food_csv_2025-12-18.zip,application/zip,200,"US Government Work (17 USC 105), public domain unless noted",vintage series -- lets release-to-release drift be separated from real change
https://www.ams.usda.gov/sites/default/files/media/2018PDPDatabase.zip,2026-09-14T18:36:26Z,b28857d6c5ebacbcdb568162e3e6c60f566d890b39aaea96ba6a0b1aeaae9e66,9449533,usda-ams,pdp,2018PDPDatabase.zip,application/zip,200,"US Government Work (17 USC 105), public domain unless noted",annual sample + reference tables; commodity set rotates yearly
https://fdc.nal.usda.gov/fdc-datasets/FoodData_Central_foundation_food_csv_2026-04-30.zip,2026-09-14T18:36:26Z,70457ee9d9342f43bda2010318c85f04210c689fdeb9cd2da4c513b0e8dbc655,3825741,usda-ars-fdc,fooddata-central,FoodData_Central_foundation_food_csv_2026-04-30.zip,application/zip,200,"US Government Work (17 USC 105), public domain unless noted",vintage series -- lets release-to-release drift be separated from real change
https://www.ams.usda.gov/sites/default/files/media/2019PDPDatabase.zip,2026-09-14T18:36:27Z,42c8721b755243a191199d9a9b357c722db945cb50a3ae058d2527499385358c,9385952,usda-ams,pdp,2019PDPDatabase.zip,application/zip,200,"US Government Work (17 USC 105), public domain unless noted",annual sample + reference tables; commodity set rotates yearly
https://fdc.nal.usda.gov/fdc-datasets/FoodData_Central_survey_food_csv_2020-03-31.zip,2026-09-14T18:36:27Z,9be942b9d181acb62f37ee2f4c259dae642b586b2e4fe29039cfa1847f4d5dd0,5237138,usda-ars-fdc,fooddata-central,FoodData_Central_survey_food_csv_2020-03-31.zip,application/zip,200,"US Government Work (17 USC 105), public domain unless noted","FNDDS survey foods, used with NHANES WWEIA dietary recalls"
https://fdc.nal.usda.gov/fdc-datasets/FoodData_Central_survey_food_csv_2020-10-30.zip,2026-09-14T18:36:27Z,f1392ee1706010da236cd5283b7dc2bdad9140dd7baf0bc6c360051fac606c17,4906529,usda-ars-fdc,fooddata-central,FoodData_Central_survey_food_csv_2020-10-30.zip,application/zip,200,"US Government Work (17 USC 105), public domain unless noted","FNDDS survey foods, used with NHANES WWEIA dietary recalls"
https://www.ams.usda.gov/sites/default/files/media/2020PDPDatabase.zip,2026-09-14T18:36:28Z,368df506a1ecb23ac6e77dc2beb76c14655ab828c9f6ad794fd6b0cc41168085,9450535,usda-ams,pdp,2020PDPDatabase.zip,application/zip,200,"US Government Work (17 USC 105), public domain unless noted",annual sample + reference tables; commodity set rotates yearly
https://fdc.nal.usda.gov/fdc-datasets/FoodData_Central_survey_food_csv_2022-10-28.zip,2026-09-14T18:36:28Z,e9a10d13a975bf45087f70306fc6ce1077fe538599843f028329a8b11c37b958,4427502,usda-ars-fdc,fooddata-central,FoodData_Central_survey_food_csv_2022-10-28.zip,application/zip,200,"US Government Work (17 USC 105), public domain unless noted","FNDDS survey foods, used with NHANES WWEIA dietary recalls"
https://www.ams.usda.gov/sites/default/files/media/2021PDPDatabase.zip,2026-09-14T18:36:29Z,5d66c6b7d6fa6184146e313fd5b73652661e66d6c814289648398a68ea473980,9937453,usda-ams,pdp,2021PDPDatabase.zip,application/zip,200,"US Government Work (17 USC 105), public domain unless noted",annual sample + reference tables; commodity set rotates yearly
https://fdc.nal.usda.gov/fdc-datasets/FoodData_Central_survey_food_csv_2024-10-31.zip,2026-09-14T18:36:29Z,5ccc25ec2777a8982fbb61378a42f415316173eb11e48c9a8ba4cb19f5a4f29c,3325692,usda-ars-fdc,fooddata-central,FoodData_Central_survey_food_csv_2024-10-31.zip,application/zip,200,"US Government Work (17 USC 105), public domain unless noted","FNDDS survey foods, used with NHANES WWEIA dietary recalls"
https://www.ams.usda.gov/sites/default/files/media/2022PDPDatabase.zip,2026-09-14T18:36:30Z,9e599c741c6122d1ea7f6ec7ed0509ed5c2dbe34084cd5531b05303cafa433af,10487469,usda-ams,pdp,2022PDPDatabase.zip,application/zip,200,"US Government Work (17 USC 105), public domain unless noted",annual sample + reference tables; commodity set rotates yearly
https://www.ams.usda.gov/sites/default/files/media/2023PDPDatabase.zip,2026-09-14T18:36:30Z,10bad42c5673517c0268fe80a789bcddbb58c5c08b80e9fb1ea1fba56be8a0a0,10397546,usda-ams,pdp,2023PDPDatabase.zip,application/zip,200,"US Government Work (17 USC 105), public domain unless noted",annual sample + reference tables; commodity set rotates yearly
https://fdc.nal.usda.gov/fdc-datasets/FoodData_Central_Supporting_Data_csv_2022-10-28.zip,2026-09-14T18:36:30Z,03f5cb6d5ec76fc5285b5af5a5d6beebe73569f0085e59f1d8c2009aae27761d,952346,usda-ars-fdc,fooddata-central,FoodData_Central_Supporting_Data_csv_2022-10-28.zip,application/zip,200,"US Government Work (17 USC 105), public domain unless noted",
https://www.ams.usda.gov/sites/default/files/media/2024PDPDatabase.zip,2026-09-14T18:36:31Z,de916ba119f8d6dd5a4d5596c69b00c476fceeb31a96b1389dd005031c9c4d79,10600875,usda-ams,pdp,2024PDPDatabase.zip,application/zip,200,"US Government Work (17 USC 105), public domain unless noted",annual sample + reference tables; commodity set rotates yearly
https://fdc.nal.usda.gov/docs/Download_Field_Descriptions_Oct2020.pdf,2026-09-14T18:36:31Z,e21d658d4d3fa583aceaa78e23efd4e64dbf9010fd0210a87b94edbcfb56928a,148996,usda-ars-fdc,fooddata-central,Download_Field_Descriptions_Oct2020.pdf,application/pdf,200,"US Government Work (17 USC 105), public domain unless noted",field descriptions -- the FDC codebook
https://www.ams.usda.gov/sites/default/files/media/PDPDatabaseInstructions.pdf,2026-09-14T18:36:32Z,e1e1bbe759d73074a9915373097b5433f05aeb4c8ef7d70c5a904949ae4bb1fe,80736,usda-ams,pdp,PDPDatabaseInstructions.pdf,application/pdf,200,"US Government Work (17 USC 105), public domain unless noted",schema/data dictionary -- required to interpret the annual zips
https://www.ams.usda.gov/sites/default/files/media/PDPSearchAppDataDictionary.pdf,2026-09-14T18:36:33Z,da5a0b019cafd956b707aef30059d1e089fa9893e721c78967fd3c3942e176e1,250124,usda-ams,pdp,PDPSearchAppDataDictionary.pdf,application/pdf,200,"US Government Work (17 USC 105), public domain unless noted",schema/data dictionary -- required to interpret the annual zips
https://www.ams.usda.gov/sites/default/files/media/PDPSearchAppUserGuide.pdf,2026-09-14T18:36:34Z,97248873b8d022134b5ed17fd6dcfe642e6ba5c30a5e3eb49d6d58af8c3be2a4,865740,usda-ams,pdp,PDPSearchAppUserGuide.pdf,application/pdf,200,"US Government Work (17 USC 105), public domain unless noted",schema/data dictionary -- required to interpret the annual zips
https://www.ams.usda.gov/sites/default/files/media/PDPAnnualSummary.pdf,2026-09-14T18:36:35Z,bc775327d82314707fed360a5bf871a0b1a9d80239eb30aded2fcd9cebb7c647,3683266,usda-ams,pdp,PDPAnnualSummary.pdf,application/pdf,200,"US Government Work (17 USC 105), public domain unless noted",schema/data dictionary -- required to interpret the annual zips
https://www.nass.usda.gov/datasets/qs.demographics_20260912.txt.gz,2026-09-14T18:36:37Z,c20fcdbb34b8f57572188bb4b32ee2faebe69cc42b7716efdea48a917188e2a2,466551782,usda-nass,quickstats-bulk,qs.demographics_20260912.txt.gz,application/x-gzip,200,"US Government Work (17 USC 105), public domain unless noted","Quick Stats bulk dump; equivalent to API content, no key required"
https://www.ams.usda.gov/sites/default/files/media/1992%20PDP%20Annual%20Summary.pdf,2026-09-14T18:36:42Z,5cd8a887b4bd94d07a7914b66b5d9ac75b0346cb32894f11b2c1f338b0fadd01,14112156,usda-ams,pdp,1992 PDP Annual Summary.pdf,application/pdf,200,"US Government Work (17 USC 105), public domain unless noted",published summary incl. sampling design and EPA benchmark comparison
https://www.ams.usda.gov/sites/default/files/media/1993%20PDP%20Annual%20Summary.pdf,2026-09-14T18:36:43Z,a93ad76edff34cee30e3862031301c68aff92870dc6664973dc467a4df2c19ac,395550,usda-ams,pdp,1993 PDP Annual Summary.pdf,application/pdf,200,"US Government Work (17 USC 105), public domain unless noted",published summary incl. sampling design and EPA benchmark comparison
https://www.ams.usda.gov/sites/default/files/media/1994%20PDP%20Annual%20Summary.pdf,2026-09-14T18:36:44Z,f7884ef8d7db55c51b896faa69822d77bd781860def2e760d1178154778f6ea0,478052,usda-ams,pdp,1994 PDP Annual Summary.pdf,application/pdf,200,"US Government Work (17 USC 105), public domain unless noted",published summary incl. sampling design and EPA benchmark comparison
https://www.ams.usda.gov/sites/default/files/media/1995%20PDP%20Annual%20Summary.pdf,2026-09-14T18:36:45Z,7230d1936970c8553063c7045ffddb50ec7137737b2d6badc14be43892296950,433488,usda-ams,pdp,1995 PDP Annual Summary.pdf,application/pdf,200,"US Government Work (17 USC 105), public domain unless noted",published summary incl. sampling design and EPA benchmark comparison
https://www.ams.usda.gov/sites/default/files/media/1996%20PDP%20Annual%20Summary.pdf,2026-09-14T18:36:45Z,9f2675c60fab66dbd4a3615f6d2e4268b266ebe21fdc40e9d81ea82e8b552158,547427,usda-ams,pdp,1996 PDP Annual Summary.pdf,application/pdf,200,"US Government Work (17 USC 105), public domain unless noted",published summary incl. sampling design and EPA benchmark comparison
https://www.ams.usda.gov/sites/default/files/media/1997%20PDP%20Annual%20Summary.pdf,2026-09-14T18:36:46Z,7dceddb640e40ed57d34a1eeb9da8c983ee9138115abbe6a6dbc9f17050f7e70,670396,usda-ams,pdp,1997 PDP Annual Summary.pdf,application/pdf,200,"US Government Work (17 USC 105), public domain unless noted",published summary incl. sampling design and EPA benchmark comparison
https://www.ams.usda.gov/sites/default/files/media/1998%20PDP%20Annual%20Summary.pdf,2026-09-14T18:36:47Z,2183ddc7ceafe4b4210619484f0d3259c51ec4a5d466bc0c75cea3aac33bff67,882846,usda-ams,pdp,1998 PDP Annual Summary.pdf,application/pdf,200,"US Government Work (17 USC 105), public domain unless noted",published summary incl. sampling design and EPA benchmark comparison
https://www.ams.usda.gov/sites/default/files/media/1999%20PDP%20Annual%20Summary.pdf,2026-09-14T18:36:48Z,5e90fac951e662f41fa309fce0c6f19fb65c9dd96fe2c2ac70da8934d617ba4c,679383,usda-ams,pdp,1999 PDP Annual Summary.pdf,application/pdf,200,"US Government Work (17 USC 105), public domain unless noted",published summary incl. sampling design and EPA benchmark comparison
https://files.cdpr.ca.gov/pub/outgoing/pur_archives/1readme.txt,2026-09-14T18:36:49Z,a43fd5894f1329ba9bf3dcef534784c8f6f0524ea3eb3fd6ac6478bb3af1aab6,172,ca-dpr,pur,1readme.txt,text/plain,200,California public record,PUR archive readme
https://www.ams.usda.gov/sites/default/files/media/2000%20PDP%20Annual%20Summary.pdf,2026-09-14T18:36:49Z,9754fd479d11d66d585e9656db1be7ce706392d5a3177115a7763ac555664be3,1012604,usda-ams,pdp,2000 PDP Annual Summary.pdf,application/pdf,200,"US Government Work (17 USC 105), public domain unless noted",published summary incl. sampling design and EPA benchmark comparison
https://www.ams.usda.gov/sites/default/files/media/2001%20PDP%20Annual%20Summary.pdf,2026-09-14T18:36:50Z,f826f9970a749635972a2addc8c5989866ffce04f6b9e1c41dc4d00eb032cf20,878490,usda-ams,pdp,2001 PDP Annual Summary.pdf,application/pdf,200,"US Government Work (17 USC 105), public domain unless noted",published summary incl. sampling design and EPA benchmark comparison
https://www.ams.usda.gov/sites/default/files/media/2002%20PDP%20Annual%20Summary.pdf,2026-09-14T18:36:51Z,9a0b8d0a923661c0638918d5c6483b87ac680b8b26402c2499a76d61703b7615,1985213,usda-ams,pdp,2002 PDP Annual Summary.pdf,application/pdf,200,"US Government Work (17 USC 105), public domain unless noted",published summary incl. sampling design and EPA benchmark comparison
https://files.cdpr.ca.gov/pub/outgoing/pur_archives/pur1974.zip,2026-09-14T18:36:52Z,b375372c7ef01f361488096d856a5f5ebe499f997a7cd26680061a60d0fa1bb0,10792470,ca-dpr,pur,pur1974.zip,application/x-zip-compressed,200,California public record,"full-census application records, section-level (1 sq mi) geography"
https://www.ams.usda.gov/sites/default/files/media/2003%20PDP%20Annual%20Summary.pdf,2026-09-14T18:36:52Z,a44a874271e02ba69c85974c3b56e4ef4a90f1e6695ff2b4c9d03f705a504f9c,1468993,usda-ams,pdp,2003 PDP Annual Summary.pdf,application/pdf,200,"US Government Work (17 USC 105), public domain unless noted",published summary incl. sampling design and EPA benchmark comparison
https://www.ams.usda.gov/sites/default/files/media/2004%20PDP%20Annual%20Summary.pdf,2026-09-14T18:36:53Z,a4c692c1fff8b4a198bf6eaa7a59c12ce82a4a8085d8cbfe177d4451a88d6ebf,1310381,usda-ams,pdp,2004 PDP Annual Summary.pdf,application/pdf,200,"US Government Work (17 USC 105), public domain unless noted",published summary incl. sampling design and EPA benchmark comparison
https://www.ams.usda.gov/sites/default/files/media/2005%20PDP%20Annual%20Summary.pdf,2026-09-14T18:36:54Z,5437623ddd734dcbc9c29e651af541a7201b26a1cd15baa2acb3cc6987b900ef,1607622,usda-ams,pdp,2005 PDP Annual Summary.pdf,application/pdf,200,"US Government Work (17 USC 105), public domain unless noted",published summary incl. sampling design and EPA benchmark comparison
https://www.ams.usda.gov/sites/default/files/media/2006%20PDP%20Annual%20Summary.pdf,2026-09-14T18:36:55Z,0749be77808884efafae0154a42f6fc88fd66f17ec6483ab474ff29bd60add7e,1698140,usda-ams,pdp,2006 PDP Annual Summary.pdf,application/pdf,200,"US Government Work (17 USC 105), public domain unless noted",published summary incl. sampling design and EPA benchmark comparison
https://www.ams.usda.gov/sites/default/files/media/2007%20PDP%20Annual%20Summary.pdf,2026-09-14T18:36:56Z,095721fd5e9ce1997a775be51c655b5333a19ad93735b5bef4ee59045e84c371,2188865,usda-ams,pdp,2007 PDP Annual Summary.pdf,application/pdf,200,"US Government Work (17 USC 105), public domain unless noted",published summary incl. sampling design and EPA benchmark comparison
https://www.ams.usda.gov/sites/default/files/media/2008%20PDP%20Annual%20Summary.pdf,2026-09-14T18:36:56Z,a5b8a192f202909d2f111f03288654d57271006e2b7e9ce390dff182c43ef3b3,4453717,usda-ams,pdp,2008 PDP Annual Summary.pdf,application/pdf,200,"US Government Work (17 USC 105), public domain unless noted",published summary incl. sampling design and EPA benchmark comparison
https://www.ams.usda.gov/sites/default/files/media/2009%20PDP%20Annual%20Summary.pdf,2026-09-14T18:36:57Z,1fc575c5681109283e3bde7282b1b9383c40f9fddfb15e127caf453cd539df48,6645692,usda-ams,pdp,2009 PDP Annual Summary.pdf,application/pdf,200,"US Government Work (17 USC 105), public domain unless noted",published summary incl. sampling design and EPA benchmark comparison
https://files.cdpr.ca.gov/pub/outgoing/pur_archives/pur1975.zip,2026-09-14T18:36:58Z,4a402d596e51f54d291f591fbf62e18eced626f0e0ebf6745d1a28328c340b66,11465717,ca-dpr,pur,pur1975.zip,application/x-zip-compressed,200,California public record,"full-census application records, section-level (1 sq mi) geography"
https://www.ams.usda.gov/sites/default/files/media/2010%20PDP%20Annual%20Summary.pdf,2026-09-14T18:36:58Z,f8b2e6d395218000f5b5f49c4706a02704705aaf9cde9ea1543ab82b73d30845,5132441,usda-ams,pdp,2010 PDP Annual Summary.pdf,application/pdf,200,"US Government Work (17 USC 105), public domain unless noted",published summary incl. sampling design and EPA benchmark comparison
https://www.ams.usda.gov/sites/default/files/media/2011%20PDP%20Annual%20Summary.pdf,2026-09-14T18:36:59Z,9fd0fe064eb1b9a1bcc4578ee2b882edadebd91c1218ea41f9315360083aabc5,1583696,usda-ams,pdp,2011 PDP Annual Summary.pdf,application/pdf,200,"US Government Work (17 USC 105), public domain unless noted",published summary incl. sampling design and EPA benchmark comparison
https://www.ams.usda.gov/sites/default/files/media/2012PDPSummary.pdf,2026-09-14T18:37:00Z,b03bd3b851a490617f10fa9d87a5bc865d8ba965b2a129a0ab5c6c24eba835e1,1475348,usda-ams,pdp,2012PDPSummary.pdf,application/pdf,200,"US Government Work (17 USC 105), public domain unless noted",published summary incl. sampling design and EPA benchmark comparison
https://www.ams.usda.gov/sites/default/files/media/2013PDPSummary.pdf,2026-09-14T18:37:01Z,c29f34d61d98cbcb48b57fff124d09f9e95d9cf9008886c3163a6bcbc1228353,1720379,usda-ams,pdp,2013PDPSummary.pdf,application/pdf,200,"US Government Work (17 USC 105), public domain unless noted",published summary incl. sampling design and EPA benchmark comparison
https://www.ams.usda.gov/sites/default/files/media/2014PDPSummary.pdf,2026-09-14T18:37:02Z,b99da33e40d00ed504319b6a833034f1d9527b3f3e65b2902557562fb8a0a087,5670620,usda-ams,pdp,2014PDPSummary.pdf,application/pdf,200,"US Government Work (17 USC 105), public domain unless noted",published summary incl. sampling design and EPA benchmark comparison
https://www.ams.usda.gov/sites/default/files/media/2015PDPSummary.pdf,2026-09-14T18:37:03Z,b036d9a813b142b65612c49cf634e10e83db3faf38727ece82670e943a3c4a09,5036571,usda-ams,pdp,2015PDPSummary.pdf,application/pdf,200,"US Government Work (17 USC 105), public domain unless noted",published summary incl. sampling design and EPA benchmark comparison
https://files.cdpr.ca.gov/pub/outgoing/pur_archives/pur1976.zip,2026-09-14T18:37:04Z,4982b7bdee325a01291f9612d2b851d6227692d7b74a967d4afec652c4186fae,11118024,ca-dpr,pur,pur1976.zip,application/x-zip-compressed,200,California public record,"full-census application records, section-level (1 sq mi) geography"
https://www.ams.usda.gov/sites/default/files/media/2022PDPSummary.pdf,2026-09-14T18:37:04Z,db5661aab09d4e9d1e71dfb1d6788f7b081d7e6f7818247ae623f3bc070069e2,6922640,usda-ams,pdp,2022PDPSummary.pdf,application/pdf,200,"US Government Work (17 USC 105), public domain unless noted",published summary incl. sampling design and EPA benchmark comparison
https://www.ams.usda.gov/sites/default/files/media/2016PDPAnnualSummary.pdf.pdf,2026-09-14T18:37:05Z,410a45b4231adcb6cac50c0e7ee5054f406614c9a37ad77d9701b0062c41073b,4848105,usda-ams,pdp,2016PDPAnnualSummary.pdf.pdf,application/pdf,200,"US Government Work (17 USC 105), public domain unless noted",published summary incl. sampling design and EPA benchmark comparison
https://www.ams.usda.gov/sites/default/files/media/2017PDPAnnualSummary.pdf,2026-09-14T18:37:06Z,17c6e49a0fd7b4c602cfd37152a6d7e121abd8c43d6da4a2ebe61c3de8ff60f0,9810708,usda-ams,pdp,2017PDPAnnualSummary.pdf,application/pdf,200,"US Government Work (17 USC 105), public domain unless noted",published summary incl. sampling design and EPA benchmark comparison
https://www.ams.usda.gov/sites/default/files/media/2019PDPAnnualSummary.pdf,2026-09-14T18:37:06Z,45289d38912bf4edef5b87dfd580cc0fccad08f1cde6ded0fc9d4da3c65b00c5,8580595,usda-ams,pdp,2019PDPAnnualSummary.pdf,application/pdf,200,"US Government Work (17 USC 105), public domain unless noted",published summary incl. sampling design and EPA benchmark comparison
https://www.ams.usda.gov/sites/default/files/media/2020PDPAnnualSummary.pdf,2026-09-14T18:37:07Z,989851a1d8ab58c32f89dfd0807627833a57b31918e254e19d20f0a0b0948124,7737653,usda-ams,pdp,2020PDPAnnualSummary.pdf,application/pdf,200,"US Government Work (17 USC 105), public domain unless noted",published summary incl. sampling design and EPA benchmark comparison
https://www.ams.usda.gov/sites/default/files/media/2021PDPAnnualSummary.pdf,2026-09-14T18:37:08Z,4212ead821762673e322eb8eca60d2602402d3e4dfb047227ee7b949fe867353,4707967,usda-ams,pdp,2021PDPAnnualSummary.pdf,application/pdf,200,"US Government Work (17 USC 105), public domain unless noted",published summary incl. sampling design and EPA benchmark comparison
https://www.nass.usda.gov/datasets/qs.animals_products_20260912.txt.gz,2026-09-14T18:37:08Z,3f250c6e98a730750981311cbd0bbc1c1cd7ba04912b646d9c4cea496b7f3ebf,463736549,usda-nass,quickstats-bulk,qs.animals_products_20260912.txt.gz,application/x-gzip,200,"US Government Work (17 USC 105), public domain unless noted","Quick Stats bulk dump; equivalent to API content, no key required"
https://files.cdpr.ca.gov/pub/outgoing/pur_archives/pur1977.zip,2026-09-14T18:37:09Z,9b36bea6e62208c94c965bb73d97f28aa1fe0b3fe74fb26e6820c7c179d31055,11668546,ca-dpr,pur,pur1977.zip,application/x-zip-compressed,200,California public record,"full-census application records, section-level (1 sq mi) geography"
https://www.ams.usda.gov/sites/default/files/media/2023PDPAnnualSummary.pdf,2026-09-14T18:37:09Z,4b02f97ceae16319a74fdad8bde8afe109bf57acf68d01487478669894f75364,4972488,usda-ams,pdp,2023PDPAnnualSummary.pdf,application/pdf,200,"US Government Work (17 USC 105), public domain unless noted",published summary incl. sampling design and EPA benchmark comparison
https://files.cdpr.ca.gov/pub/outgoing/pur_archives/pur1978.zip,2026-09-14T18:37:12Z,d8dc02a1bf4d58349207583e97ffce5b95025fd0756b051b99a25a1d9582a203,9151761,ca-dpr,pur,pur1978.zip,application/x-zip-compressed,200,California public record,"full-census application records, section-level (1 sq mi) geography"
https://files.cdpr.ca.gov/pub/outgoing/pur_archives/pur1979.zip,2026-09-14T18:37:14Z,36e7dd701e90a411a89113f8abbf597163af041e1d14f824aa917cbadfcaeba0,13001338,ca-dpr,pur,pur1979.zip,application/x-zip-compressed,200,California public record,"full-census application records, section-level (1 sq mi) geography"
https://files.cdpr.ca.gov/pub/outgoing/pur_archives/pur1980.zip,2026-09-14T18:37:17Z,c295db9ea26309b1b5677397001edcd471eba4e6f05eb772185a3534de96791b,11790942,ca-dpr,pur,pur1980.zip,application/x-zip-compressed,200,California public record,"full-census application records, section-level (1 sq mi) geography"
https://files.cdpr.ca.gov/pub/outgoing/pur_archives/pur1981.zip,2026-09-14T18:37:20Z,e5a3615bd0fd05790d1cb2e604a822b116703eeeec79916834c1ef0e5822eb01,14327525,ca-dpr,pur,pur1981.zip,application/x-zip-compressed,200,California public record,"full-census application records, section-level (1 sq mi) geography"
https://files.cdpr.ca.gov/pub/outgoing/pur_archives/pur1982.zip,2026-09-14T18:37:22Z,3f342f0d82a6e94c50ac810cb52190454946f0afa6b9b27cd6ff56a98e68cf10,12720518,ca-dpr,pur,pur1982.zip,application/x-zip-compressed,200,California public record,"full-census application records, section-level (1 sq mi) geography"
https://www.nass.usda.gov/datasets/qs.census2022.txt.gz,2026-09-14T18:37:32Z,eca0f82dea58e1b128b82ac15f54e8bfc70cfb097e3e87710b74e7e93877dbbd,309188711,usda-nass,quickstats-bulk,qs.census2022.txt.gz,application/x-gzip,200,"US Government Work (17 USC 105), public domain unless noted","Quick Stats bulk dump; equivalent to API content, no key required"
https://www.nass.usda.gov/datasets/qs.census2017.txt.gz,2026-09-14T18:37:46Z,645168d78473fa48ff50f091dc0778dadef5b98013c6bef94214d71b12cec730,138140561,usda-nass,quickstats-bulk,qs.census2017.txt.gz,application/x-gzip,200,"US Government Work (17 USC 105), public domain unless noted","Quick Stats bulk dump; equivalent to API content, no key required"
https://www.nass.usda.gov/datasets/qs.census2012.txt.gz,2026-09-14T18:37:54Z,07ca25d7d38173a3615149fbfa1030566a5a35be2728aca2bce6ff04f21a644b,110954353,usda-nass,quickstats-bulk,qs.census2012.txt.gz,application/x-gzip,200,"US Government Work (17 USC 105), public domain unless noted","Quick Stats bulk dump; equivalent to API content, no key required"
https://www.nass.usda.gov/datasets/qs.census2007.txt.gz,2026-09-14T18:38:01Z,b039323dcd44ac783fef48f09629cf8f88b958fda0d725978e6c750ee23e42be,76124063,usda-nass,quickstats-bulk,qs.census2007.txt.gz,application/x-gzip,200,"US Government Work (17 USC 105), public domain unless noted","Quick Stats bulk dump; equivalent to API content, no key required"
https://www.nass.usda.gov/datasets/qs.census2002.txt.gz,2026-09-14T18:38:04Z,c2837b960d274d0f8c9a210717da974709c179324fbac0ce079c8cf24449ec53,49233948,usda-nass,quickstats-bulk,qs.census2002.txt.gz,application/x-gzip,200,"US Government Work (17 USC 105), public domain unless noted","Quick Stats bulk dump; equivalent to API content, no key required"
https://files.cdpr.ca.gov/pub/outgoing/pur_archives/pur1983.zip,2026-09-14T18:38:07Z,57072e58b52a17799c96f1b5e93f59a6764e18b1b7f8906abe4548a298ebcf43,289960542,ca-dpr,pur,pur1983.zip,application/x-zip-compressed,200,California public record,"full-census application records, section-level (1 sq mi) geography"
https://files.cdpr.ca.gov/pub/outgoing/pur_archives/pur1984.zip,2026-09-14T18:38:12Z,955041300031a6b72b33564605e06f0f3213c7d8ce77a0cc32c9b43acfd785e6,14032579,ca-dpr,pur,pur1984.zip,application/x-zip-compressed,200,California public record,"full-census application records, section-level (1 sq mi) geography"
https://files.cdpr.ca.gov/pub/outgoing/pur_archives/pur1985.zip,2026-09-14T18:38:17Z,02e62422d8e223969566fe68b8a50c093f5a9a90d179efac43b0be69d7eadd89,17735841,ca-dpr,pur,pur1985.zip,application/x-zip-compressed,200,California public record,"full-census application records, section-level (1 sq mi) geography"
https://files.cdpr.ca.gov/pub/outgoing/pur_archives/pur1986.zip,2026-09-14T18:38:23Z,2571e2ff012b60e9bebe86bcc2b41a4b14f2064a5a9fc84f22a5c9c1e1f03dc5,20469515,ca-dpr,pur,pur1986.zip,application/x-zip-compressed,200,California public record,"full-census application records, section-level (1 sq mi) geography"
https://files.cdpr.ca.gov/pub/outgoing/pur_archives/pur1987.zip,2026-09-14T18:38:28Z,17a29e8da3b67e52bbba66bbb93b77a394108db888e705a625a94b1630a89c98,21508860,ca-dpr,pur,pur1987.zip,application/x-zip-compressed,200,California public record,"full-census application records, section-level (1 sq mi) geography"
https://files.cdpr.ca.gov/pub/outgoing/pur_archives/pur1988.zip,2026-09-14T18:38:33Z,2c8cf8de63cd9a5a1091d322a4ee88084a35f1a1e7b04d117a2d9fc7d4af4ae5,18932958,ca-dpr,pur,pur1988.zip,application/x-zip-compressed,200,California public record,"full-census application records, section-level (1 sq mi) geography"
https://files.cdpr.ca.gov/pub/outgoing/pur_archives/pur1989.zip,2026-09-14T18:38:37Z,42c6c60c3c153647dc14eb67b30fcae6a042e07185937b1e3293a96d6dcf2a77,19840368,ca-dpr,pur,pur1989.zip,application/x-zip-compressed,200,California public record,"full-census application records, section-level (1 sq mi) geography"
https://files.cdpr.ca.gov/pub/outgoing/pur_archives/pur1990.zip,2026-09-14T18:38:44Z,fb84bf72625e2e365a16d9d79709bda49f09a02cb33a77ecc6956f9b6f597ae9,39489339,ca-dpr,pur,pur1990.zip,application/x-zip-compressed,200,California public record,"full-census application records, section-level (1 sq mi) geography"
https://files.cdpr.ca.gov/pub/outgoing/pur_archives/pur1991.zip,2026-09-14T18:38:55Z,6fd20de670939daa0150a61fcdfb5978acd552c06cd87d4c7bb2bfb03596350a,72273694,ca-dpr,pur,pur1991.zip,application/x-zip-compressed,200,California public record,"full-census application records, section-level (1 sq mi) geography"
https://files.cdpr.ca.gov/pub/outgoing/pur_archives/pur1992.zip,2026-09-14T18:39:19Z,d54592200ebcdb762dd2013baac0b927efeb5ebb6f35bef0a644915540ddb427,80589571,ca-dpr,pur,pur1992.zip,application/x-zip-compressed,200,California public record,"full-census application records, section-level (1 sq mi) geography"
https://files.cdpr.ca.gov/pub/outgoing/pur_archives/pur1993.zip,2026-09-14T18:39:29Z,5a3c85cb29b2836a543025863740f7fb7068f811ece119a28134845a8c8dddc6,84981585,ca-dpr,pur,pur1993.zip,application/x-zip-compressed,200,California public record,"full-census application records, section-level (1 sq mi) geography"
https://files.cdpr.ca.gov/pub/outgoing/pur_archives/pur1994.zip,2026-09-14T18:39:44Z,0e685ff1eb07b38e90f4e7a646aab91fb3830fe66d4a83956c629133db275634,95797848,ca-dpr,pur,pur1994.zip,application/x-zip-compressed,200,California public record,"full-census application records, section-level (1 sq mi) geography"
https://files.cdpr.ca.gov/pub/outgoing/pur_archives/pur1995.zip,2026-09-14T18:39:54Z,17a14f14921da0d210ba393884b2a153531ad2535f8711611cd1ec82056acc81,65849154,ca-dpr,pur,pur1995.zip,application/x-zip-compressed,200,California public record,"full-census application records, section-level (1 sq mi) geography"
https://files.cdpr.ca.gov/pub/outgoing/pur_archives/pur1996.zip,2026-09-14T18:40:01Z,f7920c131796eb08f09e8b2803a6560462e6535cd5d8b16a8dd580424dd7d38a,57617954,ca-dpr,pur,pur1996.zip,application/x-zip-compressed,200,California public record,"full-census application records, section-level (1 sq mi) geography"
https://files.cdpr.ca.gov/pub/outgoing/pur_archives/pur1997.zip,2026-09-14T18:40:09Z,301aa942d9d66f775fd2f462b4fb024c30554040415a53090173d100e0448331,59395953,ca-dpr,pur,pur1997.zip,application/x-zip-compressed,200,California public record,"full-census application records, section-level (1 sq mi) geography"
https://files.cdpr.ca.gov/pub/outgoing/pur_archives/pur1998.zip,2026-09-14T18:40:18Z,60e1d6a610b8f14e8b4cfce7bd6dd0eb46efe81bc43665d8f9760f526fad5146,59038675,ca-dpr,pur,pur1998.zip,application/x-zip-compressed,200,California public record,"full-census application records, section-level (1 sq mi) geography"
https://files.cdpr.ca.gov/pub/outgoing/pur_archives/pur1999.zip,2026-09-14T18:40:28Z,b042fb6ae9694fc34f25dcdae6f1ba5858549544149d09d7c5fe59e226740f25,56875482,ca-dpr,pur,pur1999.zip,application/x-zip-compressed,200,California public record,"full-census application records, section-level (1 sq mi) geography"
https://files.cdpr.ca.gov/pub/outgoing/pur_archives/pur2000.zip,2026-09-14T18:40:35Z,21fc8788ec291c21e9a2ed33bfc79574b664f9e47e88e075d1668d88bd9c7243,57892933,ca-dpr,pur,pur2000.zip,application/x-zip-compressed,200,California public record,"full-census application records, section-level (1 sq mi) geography"
https://files.cdpr.ca.gov/pub/outgoing/pur_archives/pur2001.zip,2026-09-14T18:40:43Z,2b1a9b2b5659b01e4d740725aac7a39ce1848e3b75ee78022e18a56532730132,67282444,ca-dpr,pur,pur2001.zip,application/x-zip-compressed,200,California public record,"full-census application records, section-level (1 sq mi) geography"
https://files.cdpr.ca.gov/pub/outgoing/pur_archives/pur2002.zip,2026-09-14T18:40:57Z,147de897a1566e273bfa21996170b94bcc5080306d8d48aed99a585305f968db,91842373,ca-dpr,pur,pur2002.zip,application/x-zip-compressed,200,California public record,"full-census application records, section-level (1 sq mi) geography"
https://files.cdpr.ca.gov/pub/outgoing/pur_archives/pur2003.zip,2026-09-14T18:41:06Z,f7a1c5c433c0e6ffd492a31e8de6e15cbef23dbe478776359119def44397e0eb,52070936,ca-dpr,pur,pur2003.zip,application/x-zip-compressed,200,California public record,"full-census application records, section-level (1 sq mi) geography"
https://files.cdpr.ca.gov/pub/outgoing/pur_archives/pur2004.zip,2026-09-14T18:41:16Z,26932e53c2c73aa2a122dba81dc6053893276ec127bbdb2eb8ff3144f24972e4,53066349,ca-dpr,pur,pur2004.zip,application/x-zip-compressed,200,California public record,"full-census application records, section-level (1 sq mi) geography"
https://files.cdpr.ca.gov/pub/outgoing/pur_archives/pur2005.zip,2026-09-14T18:41:30Z,5218316ef6c28e4bdb70f31f39dcf6f188b0b985734bf8214e98b424169b502f,57958129,ca-dpr,pur,pur2005.zip,application/x-zip-compressed,200,California public record,"full-census application records, section-level (1 sq mi) geography"
https://files.cdpr.ca.gov/pub/outgoing/pur_archives/pur2006.zip,2026-09-14T18:41:40Z,af64fce887ca9f207d1beb4b31a973ff7c335746a2e1d051081efbf421d647be,59820604,ca-dpr,pur,pur2006.zip,application/x-zip-compressed,200,California public record,"full-census application records, section-level (1 sq mi) geography"
https://files.cdpr.ca.gov/pub/outgoing/pur_archives/pur2007.zip,2026-09-14T18:41:52Z,8145c11217e06fd9bca782aac53c1d58cab6670af983139769d77261669f3a6f,59842758,ca-dpr,pur,pur2007.zip,application/x-zip-compressed,200,California public record,"full-census application records, section-level (1 sq mi) geography"
https://files.cdpr.ca.gov/pub/outgoing/pur_archives/pur2008.zip,2026-09-14T18:42:16Z,e203f61f6f5ea9ee4225dde6c97567181dfa4e7411b8619b4190f49f452c6ed5,100683593,ca-dpr,pur,pur2008.zip,application/x-zip-compressed,200,California public record,"full-census application records, section-level (1 sq mi) geography"
https://files.cdpr.ca.gov/pub/outgoing/pur_archives/pur2009.zip,2026-09-14T18:42:30Z,d99e951d4c6231a53a907149c9ce4bb51ace8898fc28854fff9b1317f781bb69,105822642,ca-dpr,pur,pur2009.zip,application/x-zip-compressed,200,California public record,"full-census application records, section-level (1 sq mi) geography"
https://files.cdpr.ca.gov/pub/outgoing/pur_archives/pur2010.zip,2026-09-14T18:42:50Z,f8586d9d117ee8ed5595b8cb738c650fd136fce2335e0e88d1a5a62ab9d64989,113389043,ca-dpr,pur,pur2010.zip,application/x-zip-compressed,200,California public record,"full-census application records, section-level (1 sq mi) geography"
https://files.cdpr.ca.gov/pub/outgoing/pur_archives/pur2011.zip,2026-09-14T18:43:12Z,ef6c43126f408b8cce232a61d96d86638bc0db2e8d12ca1ababa800353c6fcb9,135955902,ca-dpr,pur,pur2011.zip,application/x-zip-compressed,200,California public record,"full-census application records, section-level (1 sq mi) geography"
https://files.cdpr.ca.gov/pub/outgoing/pur_archives/pur2012.zip,2026-09-14T18:43:51Z,e71e38ea36ddf337c6f02c0537118885d11c8aca4fb916a401946e039bf637ad,140477328,ca-dpr,pur,pur2012.zip,application/x-zip-compressed,200,California public record,"full-census application records, section-level (1 sq mi) geography"
https://files.cdpr.ca.gov/pub/outgoing/pur_archives/pur2013.zip,2026-09-14T18:44:37Z,265c54db0b447184258721ce11c66f5be193653672c77cc18ce706c50c05e770,146372925,ca-dpr,pur,pur2013.zip,application/x-zip-compressed,200,California public record,"full-census application records, section-level (1 sq mi) geography"
https://files.cdpr.ca.gov/pub/outgoing/pur_archives/pur2014.zip,2026-09-14T18:44:59Z,fdc5b684ac989525ddc60ec1862d21900997ce503fb083adde04a3e6e1fde30e,148422599,ca-dpr,pur,pur2014.zip,application/x-zip-compressed,200,California public record,"full-census application records, section-level (1 sq mi) geography"
https://www.fda.gov/media/103511/download,2026-09-14T18:45:35Z,,0,fda,pesticide-residue-monitoring,AnnualReport2014.pdf,,NO_SNAPSHOT,US Government Work (17 USC 105),FAILED: no Wayback capture found. FDA FY2014 residue monitoring: 2014 Report (PDF: 548KB)
https://www.fda.gov/media/103526/download,2026-09-14T18:45:43Z,,0,fda,pesticide-residue-monitoring,SampleData2014.zip,,NO_SNAPSHOT,US Government Work (17 USC 105),FAILED: no Wayback capture found. FDA FY2014 residue monitoring: SampleData2014.zip
https://files.cdpr.ca.gov/pub/outgoing/pur_archives/pur2015.zip,2026-09-14T18:45:44Z,10ac32bd21e2e295f80dfe3af31942e6b1909e82922b06b33c26e1be721aac65,165817899,ca-dpr,pur,pur2015.zip,application/x-zip-compressed,200,California public record,"full-census application records, section-level (1 sq mi) geography"
https://www.fda.gov/media/103535/download,2026-09-14T18:45:51Z,,0,fda,pesticide-residue-monitoring,Product2014.zip,,NO_SNAPSHOT,US Government Work (17 USC 105),FAILED: no Wayback capture found. FDA FY2014 residue monitoring: Product2014.zip
https://web.archive.org/web/20190717231158id_/https://www.fda.gov/media/103740/download,2026-09-14T18:46:16Z,91b921934563a8224c3999dc18e921692aa1cfcad477533825130b2b83980cfa,208073,fda,pesticide-residue-monitoring,Chemical2014.zip,application/zip,200,"US Government Work (17 USC 105), public domain unless noted",VIA_WAYBACK capture=20190717231158 original_url=https://www.fda.gov/media/103740/download (agency edge returns 401 to this network). FDA FY2014 residue monitoring: Chemical2014.zip
https://files.cdpr.ca.gov/pub/outgoing/pur_archives/pur2016.zip,2026-09-14T18:46:17Z,51f76cecd77170adb5f9d6cfb74cac81576878ed25c7333f0f5f43e5ecf199d6,170471372,ca-dpr,pur,pur2016.zip,application/x-zip-compressed,200,California public record,"full-census application records, section-level (1 sq mi) geography"
https://www.fda.gov/media/103551/download,2026-09-14T18:46:23Z,,0,fda,pesticide-residue-monitoring,CountryProductResidue2014.zip,,NO_SNAPSHOT,US Government Work (17 USC 105),FAILED: no Wayback capture found. FDA FY2014 residue monitoring: CountryProductResidue2014.zip
https://web.archive.org/web/20191214123845id_/https://www.fda.gov/media/103559/download,2026-09-14T18:46:34Z,fedf0277c1960136cf1a4d7e347325beee1714c6b7b0521c9a21831d39bedeb3,47115,fda,pesticide-residue-monitoring,ReferenceFiles.zip,application/zip,200,"US Government Work (17 USC 105), public domain unless noted",VIA_WAYBACK capture=20191214123845 original_url=https://www.fda.gov/media/103559/download (agency edge returns 401 to this network). FDA FY2014 residue monitoring: ReferenceFiles.zip
https://www.fda.gov/media/103519/download,2026-09-14T18:46:41Z,,0,fda,pesticide-residue-monitoring,UsersManual2014.pdf,,NO_SNAPSHOT,US Government Work (17 USC 105),FAILED: no Wayback capture found. FDA FY2014 residue monitoring: User's Manual
https://files.cdpr.ca.gov/pub/outgoing/pur_archives/pur2017.zip,2026-09-14T18:46:43Z,53db65d359da8b826cd5b460333b547c160d2e7f9175f410c3d76c1390addd7b,165269190,ca-dpr,pur,pur2017.zip,application/x-zip-compressed,200,California public record,"full-census application records, section-level (1 sq mi) geography"
https://files.cdpr.ca.gov/pub/outgoing/pur_archives/pur2018.zip,2026-09-14T18:47:11Z,e2a370e71c1ed99935267deb8a113b2860482222450a19dc24fe01e170e8d1a2,175285868,ca-dpr,pur,pur2018.zip,application/x-zip-compressed,200,California public record,"full-census application records, section-level (1 sq mi) geography"
https://www.ecfr.gov/api/versioner/v1/full/2026-09-14/title-40.xml?part=180,2026-09-14T18:47:13Z,,0,ecfr,40cfr180-tolerances,40CFR180_full_2026-09-14.xml,application/json; charset=utf-8,404,"US Government Work (17 USC 105), public domain unless noted",FAILED: full text of Part 180 as of retrieval date
https://www.ecfr.gov/api/versioner/v1/structure/2026-09-14/title-40.json,2026-09-14T18:47:13Z,,0,ecfr,40cfr180-tolerances,title40_structure_2026-09-14.json,application/json; charset=utf-8,404,"US Government Work (17 USC 105), public domain unless noted",FAILED: Title 40 hierarchy incl. Part 180 sections
https://www.ecfr.gov/api/versioner/v1/titles.json,2026-09-14T18:47:14Z,b81109b387482308de323ab24eb1cd2773701b76d9e72cbf7f1b3cd94283dd90,8033,ecfr,40cfr180-tolerances,ecfr_titles.json,application/json; charset=utf-8,200,"US Government Work (17 USC 105), public domain unless noted",eCFR title index with issue dates
https://www.ecfr.gov/api/versioner/v1/versions/title-40.json?part=180,2026-09-14T18:47:14Z,b01ccf8b0ef666a641273c346f913dc72dd6a5a1fe689425c4f18b666e1f4224,256668,ecfr,40cfr180-tolerances,40CFR180_version_history.json,application/json; charset=utf-8,200,"US Government Work (17 USC 105), public domain unless noted",amendment history for every section of Part 180
https://web.archive.org/web/20191022092424id_/https://www.fda.gov/media/108688/download,2026-09-14T18:47:14Z,ba857b5451cb5a395a57de95c8da392715a81416baa5840a7ede6bb339ab7990,495678,fda,pesticide-residue-monitoring,AnnualReport2015.pdf,application/pdf,200,"US Government Work (17 USC 105), public domain unless noted",VIA_WAYBACK capture=20191022092424 original_url=https://www.fda.gov/media/108688/download (agency edge returns 401 to this network). FDA FY2015 residue monitoring: 2015 Report (PDF: 484KB)
https://web.archive.org/web/20190717023048id_/https://www.fda.gov/media/109095/download,2026-09-14T18:47:30Z,1902d52a702b80a133bba2ab0d3534665b5461f052264575c64686cd8d1c905f,395820,fda,pesticide-residue-monitoring,SampleData2015.zip,application/zip,200,"US Government Work (17 USC 105), public domain unless noted",VIA_WAYBACK capture=20190717023048 original_url=https://www.fda.gov/media/109095/download (agency edge returns 401 to this network). FDA FY2015 residue monitoring: SampleData2015.zip
https://files.cdpr.ca.gov/pub/outgoing/pur_archives/pur2019.zip,2026-09-14T18:47:37Z,2846f3b612a57cc4a40ab4134994ce86a5086ee76388c3a4d9584fd1a09c61bc,184367051,ca-dpr,pur,pur2019.zip,application/x-zip-compressed,200,California public record,"full-census application records, section-level (1 sq mi) geography"
https://web.archive.org/web/20191214123841id_/https://www.fda.gov/media/109100/download,2026-09-14T18:47:39Z,0bb3efb98f127ffc12efe6a7700796b3368091bfff749071bd0c55ee4e1ff28f,25182,fda,pesticide-residue-monitoring,Product2015.zip,application/zip,200,"US Government Work (17 USC 105), public domain unless noted",VIA_WAYBACK capture=20191214123841 original_url=https://www.fda.gov/media/109100/download (agency edge returns 401 to this network). FDA FY2015 residue monitoring: Product2015.zip
https://www.ecfr.gov/api/versioner/v1/full/2026-09-09/title-40.xml?part=180,2026-09-14T18:47:49Z,d20d130cdf82086daee3b11f6855817a405f0561e1f66656781e7c3d283411dd,3678862,ecfr,40cfr180-tolerances,40CFR180_full_2026-09-09.xml,application/xml; charset=utf-8,200,"US Government Work (17 USC 105), public domain unless noted",full text of Part 180 as of retrieval date
https://www.ecfr.gov/api/versioner/v1/structure/2026-09-09/title-40.json,2026-09-14T18:47:50Z,0e5e4405fe7fe2e0a86654f3b0cda3eae7efecedb0a07a74436aa24dcfb7860a,9395482,ecfr,40cfr180-tolerances,title40_structure_2026-09-09.json,application/json; charset=utf-8,200,"US Government Work (17 USC 105), public domain unless noted",Title 40 hierarchy incl. Part 180 sections
https://web.archive.org/web/20191121202209id_/https://www.fda.gov/media/109125/download,2026-09-14T18:47:50Z,7bf33ff0fcb467d32b5b268398354e41f6f4254050dc2c54edad53d7998d8ee3,484590,fda,pesticide-residue-monitoring,Chemical2015.zip,application/zip,200,"US Government Work (17 USC 105), public domain unless noted",VIA_WAYBACK capture=20191121202209 original_url=https://www.fda.gov/media/109125/download (agency edge returns 401 to this network). FDA FY2015 residue monitoring: Chemical2015.zip
https://files.cdpr.ca.gov/pub/outgoing/pur_archives/pur2020.zip,2026-09-14T18:48:00Z,23e01f65792ba2b1269b820879912956c3955df5548ccd49881e76bdffafaede,187975823,ca-dpr,pur,pur2020.zip,application/x-zip-compressed,200,California public record,"full-census application records, section-level (1 sq mi) geography"
https://web.archive.org/web/20191214123842id_/https://www.fda.gov/media/109108/download,2026-09-14T18:48:10Z,cea5247a0630ffd069e2ac7589ad8a645fa8751fc0c09c85af785d0920819cd3,6544453,fda,pesticide-residue-monitoring,CountryProductResidue2015.zip,application/zip,200,"US Government Work (17 USC 105), public domain unless noted",VIA_WAYBACK capture=20191214123842 original_url=https://www.fda.gov/media/109108/download (agency edge returns 401 to this network). FDA FY2015 residue monitoring: CountryProductResidue2015.zip
https://files.cdpr.ca.gov/pub/outgoing/pur_archives/pur2021.zip,2026-09-14T18:48:29Z,f801268b1297fe1b3628f2a752ec6cc6d28ab8c22ddd701f97f64f8e9288462b,171042565,ca-dpr,pur,pur2021.zip,application/x-zip-compressed,200,California public record,"full-census application records, section-level (1 sq mi) geography"
https://web.archive.org/web/20191214123842id_/https://www.fda.gov/media/109116/download,2026-09-14T18:48:38Z,ca34a0b33872ab0e081faaaf892507beae646fc51e30f6198179c15c3a8f54a5,48059,fda,pesticide-residue-monitoring,ReferenceFiles.zip,application/zip,200,"US Government Work (17 USC 105), public domain unless noted",VIA_WAYBACK capture=20191214123842 original_url=https://www.fda.gov/media/109116/download (agency edge returns 401 to this network). FDA FY2015 residue monitoring: ReferenceFiles.zip
https://www.fda.gov/media/108686/download,2026-09-14T18:48:46Z,,0,fda,pesticide-residue-monitoring,UsersManual2015.pdf,,NO_SNAPSHOT,US Government Work (17 USC 105),FAILED: no Wayback capture found. FDA FY2015 residue monitoring: User's Manual
https://files.cdpr.ca.gov/pub/outgoing/pur_archives/pur2022.zip,2026-09-14T18:48:48Z,b4a439ceba8cea9e76b5de83fdf8d3872f87629bccbf338507d134a6b8dce0d9,162466236,ca-dpr,pur,pur2022.zip,application/x-zip-compressed,200,California public record,"full-census application records, section-level (1 sq mi) geography"
https://web.archive.org/web/20190505075913id_/https://www.fda.gov/media/117088/download,2026-09-14T18:49:07Z,8e966564545df47c692d3d933aa9fb797f806e7b9359ed46de774cc93f452906,540101,fda,pesticide-residue-monitoring,AnnualReport2016.pdf,application/pdf,200,"US Government Work (17 USC 105), public domain unless noted",VIA_WAYBACK capture=20190505075913 original_url=https://www.fda.gov/media/117088/download (agency edge returns 401 to this network). FDA FY2016 residue monitoring: 2016 Report (PDF: 484 KB)
https://web.archive.org/web/20190720205515id_/https://www.fda.gov/media/117094/download,2026-09-14T18:49:17Z,51e3a5ac3f8b4496f331a5d58da678bc4ff4ae1914a945b121d26fa9822eb747,496025,fda,pesticide-residue-monitoring,SampleData2016.zip,application/zip,200,"US Government Work (17 USC 105), public domain unless noted",VIA_WAYBACK capture=20190720205515 original_url=https://www.fda.gov/media/117094/download (agency edge returns 401 to this network). FDA FY2016 residue monitoring: SampleData2016.zip
https://web.archive.org/web/20190721023604id_/https://www.fda.gov/media/117092/download,2026-09-14T18:49:28Z,84d9319e417dccca139fecae41842eb42f9fb85acc8be3292485a811a5a80c55,21840,fda,pesticide-residue-monitoring,Product2016.zip,application/zip,200,"US Government Work (17 USC 105), public domain unless noted",VIA_WAYBACK capture=20190721023604 original_url=https://www.fda.gov/media/117092/download (agency edge returns 401 to this network). FDA FY2016 residue monitoring: Product2016.zip
https://files.cdpr.ca.gov/pub/outgoing/pur_archives/pur2023.zip,2026-09-14T18:49:32Z,b5ee4c17eca4c8a3615ea7e293d1a718005d06eb1047261df3d2350838cdb8b1,259617346,ca-dpr,pur,pur2023.zip,application/x-zip-compressed,200,California public record,"full-census application records, section-level (1 sq mi) geography"
https://files.cdpr.ca.gov/pub/outgoing/pur_archives/Information_Data_Structure_Definitions/User%20Guide%20and%20Documentation.pdf,2026-09-14T18:49:33Z,a461807b86bf9cfe35a9244293e52e66745aeeb0c38296ce4e0d7733f85609c5,179693,ca-dpr,pur,User Guide and Documentation.pdf,application/pdf,200,California public record,PUR data structure definitions / code lookups
https://files.cdpr.ca.gov/pub/outgoing/pur_archives/Information_Data_Structure_Definitions/adjuvant_info.pdf,2026-09-14T18:49:34Z,4f5a885fcc73a130c91ebef38ca1bdc105266c24ec1ab45142c2e91f24fab877,8267,ca-dpr,pur,adjuvant_info.pdf,application/pdf,200,California public record,PUR data structure definitions / code lookups
https://files.cdpr.ca.gov/pub/outgoing/pur_archives/Information_Data_Structure_Definitions/diagram.pdf,2026-09-14T18:49:35Z,9a947cb778f9e4af905cf7f1886b79d1972e5dc75d0c469c9723e0df71a4cc5c,7367,ca-dpr,pur,diagram.pdf,application/pdf,200,California public record,PUR data structure definitions / code lookups
https://files.cdpr.ca.gov/pub/outgoing/pur_archives/Information_Data_Structure_Definitions/errors_readme.pdf,2026-09-14T18:49:36Z,fa6eed34e59d452071b6dc7d4ea3c1bee8887a316aa6db7d6b58b2190b434e1d,57754,ca-dpr,pur,errors_readme.pdf,application/pdf,200,California public record,PUR data structure definitions / code lookups
https://web.archive.org/web/20191215010313id_/https://www.fda.gov/media/117090/download,2026-09-14T18:49:41Z,678a2fb518c1b1fdd9b28c0ddfd4ed2d6789405ecd975d3937114bd31b2446a4,457155,fda,pesticide-residue-monitoring,Chemical2016.zip,application/zip,200,"US Government Work (17 USC 105), public domain unless noted",VIA_WAYBACK capture=20191215010313 original_url=https://www.fda.gov/media/117090/download (agency edge returns 401 to this network). FDA FY2016 residue monitoring: Chemical2016.zip
https://gaftp.epa.gov/ecotox/ecotox_ascii_09_15_2026.zip,2026-09-14T18:50:20Z,6aba4def7d6e405e8f9f44173e4fe132013f3657bb4b5491f1fcc660fd1454b1,143255418,epa,ecotox,ecotox_ascii_09_15_2026.zip,application/zip,200,"US Government Work (17 USC 105), public domain unless noted",full ECOTOX ASCII release + controlled-terms appendix (codebook)
https://gaftp.epa.gov/ecotox/ecotox-terms-appendix.xlsx,2026-09-14T18:50:21Z,474891a9ff0f890329e1b75218e17b13a24c99a4cbf048e2859d3d703b58ff7d,899587,epa,ecotox,ecotox-terms-appendix.xlsx,application/vnd.openxmlformats-officedocument.spreadsheetml.sheet,200,"US Government Work (17 USC 105), public domain unless noted",full ECOTOX ASCII release + controlled-terms appendix (codebook)
https://web.archive.org/web/20210314085329id_/https://www.fda.gov/media/117091/download,2026-09-14T18:50:26Z,9d38ac8bfdfd1c47cdaa5ac726e211b5f9a8764056560f577ec06ea2c9a904d8,6285568,fda,pesticide-residue-monitoring,CountryProductResidue2016.zip,application/zip,200,"US Government Work (17 USC 105), public domain unless noted",VIA_WAYBACK capture=20210314085329 original_url=https://www.fda.gov/media/117091/download (agency edge returns 401 to this network). FDA FY2016 residue monitoring: CountryProductResidue2016.zip
https://web.archive.org/web/20191215010312id_/https://www.fda.gov/media/117093/download,2026-09-14T18:50:53Z,2b1f1f02c7d6434ffddbe61d8bf2e3415659d64ca2ff6609e5eed2940257bba0,93872,fda,pesticide-residue-monitoring,ReferenceFiles2016.zip,application/zip,200,"US Government Work (17 USC 105), public domain unless noted",VIA_WAYBACK capture=20191215010312 original_url=https://www.fda.gov/media/117093/download (agency edge returns 401 to this network). FDA FY2016 residue monitoring: ReferenceFiles2016.zip
https://web.archive.org/web/20191215010314id_/https://www.fda.gov/media/117089/download,2026-09-14T18:50:59Z,9faf81c4b335dcc99dd5ff4c13cf98a2bdec6a54a48ab29d9b1841e9a1b43fa2,149418,fda,pesticide-residue-monitoring,UsersManual2016.pdf,application/pdf,200,"US Government Work (17 USC 105), public domain unless noted",VIA_WAYBACK capture=20191215010314 original_url=https://www.fda.gov/media/117089/download (agency edge returns 401 to this network). FDA FY2016 residue monitoring: User's Manual
https://web.archive.org/web/20191022120824id_/https://www.fda.gov/media/130291/download,2026-09-14T18:51:04Z,49490539a302444ea688ba2fc6cec224830e5100bbc2454650d6702d38e49d67,597044,fda,pesticide-residue-monitoring,AnnualReport2017.pdf,application/pdf,200,"US Government Work (17 USC 105), public domain unless noted",VIA_WAYBACK capture=20191022120824 original_url=https://www.fda.gov/media/130291/download (agency edge returns 401 to this network). FDA FY2017 residue monitoring: 2017 Report (PDF: 576 KB)
https://web.archive.org/web/20191015095833id_/https://www.fda.gov/media/130339/download,2026-09-14T18:51:16Z,247008030b7f4a35f61ea370d44fa83f92b3c2f02402b708bfe0276d43205c25,499574,fda,pesticide-residue-monitoring,SampleData2017.zip,application/zip,200,"US Government Work (17 USC 105), public domain unless noted",VIA_WAYBACK capture=20191015095833 original_url=https://www.fda.gov/media/130339/download (agency edge returns 401 to this network). FDA FY2017 residue monitoring: SampleData2017.zip
https://web.archive.org/web/20191122025040id_/https://www.fda.gov/media/130340/download,2026-09-14T18:51:25Z,aaa5fa310ede7991b40c01474489a2fd2114ca0c35603bdae49c95c5375569b6,19848,fda,pesticide-residue-monitoring,Product2017.zip,application/zip,200,"US Government Work (17 USC 105), public domain unless noted",VIA_WAYBACK capture=20191122025040 original_url=https://www.fda.gov/media/130340/download (agency edge returns 401 to this network). FDA FY2017 residue monitoring: Product2017.zip
https://web.archive.org/web/20191015091531id_/https://www.fda.gov/media/130341/download,2026-09-14T18:51:42Z,22e3e81ae5fa41ff97955398febda1215acf9402da3ae4021dfef44151da3304,441874,fda,pesticide-residue-monitoring,Chemical2017.zip,application/zip,200,"US Government Work (17 USC 105), public domain unless noted",VIA_WAYBACK capture=20191015091531 original_url=https://www.fda.gov/media/130341/download (agency edge returns 401 to this network). FDA FY2017 residue monitoring: Chemical2017.zip
https://web.archive.org/web/20191215100815id_/https://www.fda.gov/media/130342/download,2026-09-14T18:51:54Z,fd5e807a7b6ae21b0e513969554bb0d34058ead5257bf40936f8f372bc32c38d,7067104,fda,pesticide-residue-monitoring,CountryProductResidue2017.zip,application/zip,200,"US Government Work (17 USC 105), public domain unless noted",VIA_WAYBACK capture=20191215100815 original_url=https://www.fda.gov/media/130342/download (agency edge returns 401 to this network). FDA FY2017 residue monitoring: CountryProductResidue2017.zip
https://web.archive.org/web/20191021225902id_/https://www.fda.gov/media/130343/download,2026-09-14T18:52:09Z,1f9836010a3cea973c49d9c1404dbc5759be67d8a97f8513c0f1b31d0d670072,87687,fda,pesticide-residue-monitoring,ReferenceFiles2017.zip,application/zip,200,"US Government Work (17 USC 105), public domain unless noted",VIA_WAYBACK capture=20191021225902 original_url=https://www.fda.gov/media/130343/download (agency edge returns 401 to this network). FDA FY2017 residue monitoring: ReferenceFiles2017.zip
https://web.archive.org/web/20240325205038id_/https://www.nrcs.usda.gov/sites/default/files/2022-10/RaCA_Methodology_Sampling_Summary.pdf,2026-09-14T18:52:30Z,a44f73d4745a2f3a8029004c929877212b43bbb6ca688dd7911ab462b8fc95d1,1734997,usda-nrcs,raca,RaCA_Methodology_Sampling_Summary.pdf,application/pdf,200,"US Government Work (17 USC 105), public domain unless noted",VIA_WAYBACK capture=20240325205038 original_url=https://www.nrcs.usda.gov/sites/default/files/2022-10/RaCA_Methodology_Sampling_Summary.pdf (agency edge returns 401 to this network). RaCA methodology / regional summary
https://web.archive.org/web/20190915140135id_/https://www.fda.gov/media/130290/download,2026-09-14T18:52:42Z,670d0450308e1b7be20b26059e42da3fb57f23c731d1dfb9496cd0a6a1e6c83a,168306,fda,pesticide-residue-monitoring,UsersManual2017.pdf,application/pdf,200,"US Government Work (17 USC 105), public domain unless noted",VIA_WAYBACK capture=20190915140135 original_url=https://www.fda.gov/media/130290/download (agency edge returns 401 to this network). FDA FY2017 residue monitoring: User's Manual
https://web.archive.org/web/20230325132447id_/https://www.nrcs.usda.gov/sites/default/files/2022-10/Location_Instructions.pdf,2026-09-14T18:52:45Z,b59d424b88ed50ecebbd2f632beea44472b8edadeb1ba26e955e6661d5464c84,38856,usda-nrcs,raca,Location_Instructions.pdf,application/pdf,200,"US Government Work (17 USC 105), public domain unless noted",VIA_WAYBACK capture=20230325132447 original_url=https://www.nrcs.usda.gov/sites/default/files/2022-10/Location_Instructions.pdf (agency edge returns 401 to this network). RaCA methodology / regional summary
https://web.archive.org/web/20230325143830id_/https://www.nrcs.usda.gov/sites/default/files/2022-10/Alter_Site_Location.pdf,2026-09-14T18:52:51Z,18a8924caad360b9f4ce77fc7dbd8b19f8d0700a0a06cf64a134ea8fa5d229d0,58627,usda-nrcs,raca,Alter_Site_Location.pdf,application/pdf,200,"US Government Work (17 USC 105), public domain unless noted",VIA_WAYBACK capture=20230325143830 original_url=https://www.nrcs.usda.gov/sites/default/files/2022-10/Alter_Site_Location.pdf (agency edge returns 401 to this network). RaCA methodology / regional summary
https://web.archive.org/web/20230327101811id_/https://www.nrcs.usda.gov/sites/default/files/2022-10/RaCA_Field_Collection_Protocols.pdf,2026-09-14T18:52:59Z,099accbb5669d62f0d68c49fafb0ce746c6babd6f77b3d01b1cc88dafd747d9b,875844,usda-nrcs,raca,RaCA_Field_Collection_Protocols.pdf,application/pdf,200,"US Government Work (17 USC 105), public domain unless noted",VIA_WAYBACK capture=20230327101811 original_url=https://www.nrcs.usda.gov/sites/default/files/2022-10/RaCA_Field_Collection_Protocols.pdf (agency edge returns 401 to this network). RaCA methodology / regional summary
https://web.archive.org/web/20230325130731id_/https://www.nrcs.usda.gov/sites/default/files/2022-10/Rapid_Carbon_Assessment_Field_Laboratory_Instructions.pdf,2026-09-14T18:53:08Z,819e78581436bc1adedef71327cfdf654a5b54fc51b297bb714c8d1393f32ef5,378785,usda-nrcs,raca,Rapid_Carbon_Assessment_Field_Laboratory_Instructions.pdf,application/pdf,200,"US Government Work (17 USC 105), public domain unless noted",VIA_WAYBACK capture=20230325130731 original_url=https://www.nrcs.usda.gov/sites/default/files/2022-10/Rapid_Carbon_Assessment_Field_Laboratory_Instructions.pdf (agency edge returns 401 to this network). RaCA methodology / regional summary
https://web.archive.org/web/20240325202825id_/https://www.nrcs.usda.gov/sites/default/files/2022-10/Region_Soil_Components_Groups.xlsx,2026-09-14T18:53:24Z,af387435f817d5a7a8514f883af3043ffc073891d5d3a02e55ce9fa9a16158cf,2385306,usda-nrcs,raca,Region_Soil_Components_Groups.xlsx,application/vnd.openxmlformats-officedocument.spreadsheetml.sheet,200,"US Government Work (17 USC 105), public domain unless noted",VIA_WAYBACK capture=20240325202825 original_url=https://www.nrcs.usda.gov/sites/default/files/2022-10/Region_Soil_Components_Groups.xlsx (agency edge returns 401 to this network). RaCA methodology / regional summary
https://www.fda.gov/media/140802/download,2026-09-14T18:53:45Z,,0,fda,pesticide-residue-monitoring,AnnualReport2018.pdf,,NO_SNAPSHOT,US Government Work (17 USC 105),FAILED: no Wayback capture found. FDA FY2018 residue monitoring: 2018 Report (PDF: 595 KB)
https://web.archive.org/web/20240325191444id_/https://www.nrcs.usda.gov/sites/default/files/2022-10/Rapid_Carbon_Assessment_Workbook_215.xlsx,2026-09-14T18:53:48Z,372d9643db736963fd22a24954b858d4fa2522723eb33374047de778c54e6ed6,437760,usda-nrcs,raca,Rapid_Carbon_Assessment_Workbook_215.xlsx,application/vnd.openxmlformats-officedocument.spreadsheetml.sheet,200,"US Government Work (17 USC 105), public domain unless noted",VIA_WAYBACK capture=20240325191444 original_url=https://www.nrcs.usda.gov/sites/default/files/2022-10/Rapid_Carbon_Assessment_Workbook_215.xlsx (agency edge returns 401 to this network). RaCA methodology / regional summary
https://www.fda.gov/media/140803/download,2026-09-14T18:53:52Z,,0,fda,pesticide-residue-monitoring,UsersManual2018.pdf,,NO_SNAPSHOT,US Government Work (17 USC 105),FAILED: no Wayback capture found. FDA FY2018 residue monitoring: User's Manual
https://web.archive.org/web/20201127190629id_/https://www.fda.gov/media/140801/download,2026-09-14T18:54:03Z,6a2ecf775e076424b2c7bf9636a5a42c6c7a6d72c9a48557647a283eaf9e76ab,395137,fda,pesticide-residue-monitoring,SampleData2018.zip,application/zip,200,"US Government Work (17 USC 105), public domain unless noted",VIA_WAYBACK capture=20201127190629 original_url=https://www.fda.gov/media/140801/download (agency edge returns 401 to this network). FDA FY2018 residue monitoring: SampleData2018.zip
https://web.archive.org/web/20201127190425id_/https://www.fda.gov/media/140799/download,2026-09-14T18:54:11Z,0b57ecbdaa2e9a7fb03ed51c5e55762bc0c53ae022aaaec317a021d71fe8e717,16735,fda,pesticide-residue-monitoring,Product2018.zip,application/zip,200,"US Government Work (17 USC 105), public domain unless noted",VIA_WAYBACK capture=20201127190425 original_url=https://www.fda.gov/media/140799/download (agency edge returns 401 to this network). FDA FY2018 residue monitoring: Product2018.zip
https://web.archive.org/web/20201127185255id_/https://www.fda.gov/media/140797/download,2026-09-14T18:54:18Z,d7d0cd6db21623440f6d2c6495c6139d6616e7464e185dc8eed605708524b0e9,424598,fda,pesticide-residue-monitoring,Chemical2018.zip,application/zip,200,"US Government Work (17 USC 105), public domain unless noted",VIA_WAYBACK capture=20201127185255 original_url=https://www.fda.gov/media/140797/download (agency edge returns 401 to this network). FDA FY2018 residue monitoring: Chemical2018.zip
https://web.archive.org/web/20250204104953id_/https://www.nrcs.usda.gov/sites/default/files/2022-10/RaCA_LUGRmap.pdf,2026-09-14T18:54:32Z,5d20fd801c0b5297384cee00541152051732d940287748183158b6d723993d65,8103941,usda-nrcs,raca,RaCA_LUGRmap.pdf,application/pdf,200,"US Government Work (17 USC 105), public domain unless noted",VIA_WAYBACK capture=20250204104953 original_url=https://www.nrcs.usda.gov/sites/default/files/2022-10/RaCA_LUGRmap.pdf (agency edge returns 401 to this network). RaCA methodology / regional summary
https://web.archive.org/web/20201225044746id_/https://www.fda.gov/media/140798/download,2026-09-14T18:54:40Z,e068dd87893e5399898e30e36b76b21eafd507739cda86af09eb598ee1e2b680,6044498,fda,pesticide-residue-monitoring,CountryProductResidue2018.zip,application/zip,200,"US Government Work (17 USC 105), public domain unless noted",VIA_WAYBACK capture=20201225044746 original_url=https://www.fda.gov/media/140798/download (agency edge returns 401 to this network). FDA FY2018 residue monitoring: CountryProductResidue2018.zip
https://web.archive.org/web/20201127171756id_/https://www.fda.gov/media/140800/download,2026-09-14T18:54:50Z,ae0de9d397ed96e7e6d465232c876ca634067711d488394461008a5e4738e882,88473,fda,pesticide-residue-monitoring,ReferenceFiles2018.zip,application/zip,200,"US Government Work (17 USC 105), public domain unless noted",VIA_WAYBACK capture=20201127171756 original_url=https://www.fda.gov/media/140800/download (agency edge returns 401 to this network). FDA FY2018 residue monitoring: ReferenceFiles2018.zip
https://web.archive.org/web/20240325192745id_/https://www.nrcs.usda.gov/sites/default/files/2022-10/RaCA_regionmap.pdf,2026-09-14T18:55:01Z,6600a60f64e2386d1d1165b6b0e5f5995348b920708d03a365f9c645ad9f410b,2965995,usda-nrcs,raca,RaCA_regionmap.pdf,application/pdf,200,"US Government Work (17 USC 105), public domain unless noted",VIA_WAYBACK capture=20240325192745 original_url=https://www.nrcs.usda.gov/sites/default/files/2022-10/RaCA_regionmap.pdf (agency edge returns 401 to this network). RaCA methodology / regional summary
https://web.archive.org/web/20211128221149id_/https://www.fda.gov/media/153142/download,2026-09-14T18:55:04Z,819ce43afa2ba067e5c6ac6e3374c7f5fcb14999a92ff7a63d6b6f08b5bb337d,754065,fda,pesticide-residue-monitoring,AnnualReport2019.pdf,application/pdf,200,"US Government Work (17 USC 105), public domain unless noted",VIA_WAYBACK capture=20211128221149 original_url=https://www.fda.gov/media/153142/download (agency edge returns 401 to this network). FDA FY2019 residue monitoring: 2019 Report (PDF: 705 KB)
https://web.archive.org/web/20250204105001id_/https://www.nrcs.usda.gov/sites/default/files/2022-10/RaCA_sitesmap.pdf,2026-09-14T18:55:26Z,c6a12fec7788a5011ea0b24a2b11bc6393ae9c061d77f2cddbcc9bfa2287823b,5715117,usda-nrcs,raca,RaCA_sitesmap.pdf,application/pdf,200,"US Government Work (17 USC 105), public domain unless noted",VIA_WAYBACK capture=20250204105001 original_url=https://www.nrcs.usda.gov/sites/default/files/2022-10/RaCA_sitesmap.pdf (agency edge returns 401 to this network). RaCA methodology / regional summary
https://web.archive.org/web/20211129033314id_/https://www.fda.gov/media/153145/download,2026-09-14T18:55:39Z,3bb0c3c0a1a6f6aa26b51714bfdc0e3e0945b59729e714788a749af23673a945,330745,fda,pesticide-residue-monitoring,UsersManual2019.pdf,application/pdf,200,"US Government Work (17 USC 105), public domain unless noted",VIA_WAYBACK capture=20211129033314 original_url=https://www.fda.gov/media/153145/download (agency edge returns 401 to this network). FDA FY2019 residue monitoring: User's Manual
https://web.archive.org/web/20240325194731id_/https://www.nrcs.usda.gov/sites/default/files/2022-10/RaCA_region1.pdf,2026-09-14T18:55:53Z,d6f43a05e645610da4531abbca860940db8c9d738dabd135c0ffade87c6d5f32,2654965,usda-nrcs,raca,RaCA_region1.pdf,application/pdf,200,"US Government Work (17 USC 105), public domain unless noted",VIA_WAYBACK capture=20240325194731 original_url=https://www.nrcs.usda.gov/sites/default/files/2022-10/RaCA_region1.pdf (agency edge returns 401 to this network). RaCA methodology / regional summary
https://web.archive.org/web/20211205055234id_/https://www.fda.gov/media/153149/download,2026-09-14T18:55:59Z,5d6859103fc92854104081a3218d7f13e4e80e8ff8918dacafb10e25063a60a2,384076,fda,pesticide-residue-monitoring,SampleData2019.zip,application/zip,200,"US Government Work (17 USC 105), public domain unless noted",VIA_WAYBACK capture=20211205055234 original_url=https://www.fda.gov/media/153149/download (agency edge returns 401 to this network). FDA FY2019 residue monitoring: SampleData2019.zip
https://web.archive.org/web/20240325184951id_/https://www.nrcs.usda.gov/sites/default/files/2022-10/RaCA_region2.pdf,2026-09-14T18:56:01Z,4b64ecee21f43c2d2a72bb8a24f46a0061e5a8c06d3570dfac9f9d32189c75fe,2740274,usda-nrcs,raca,RaCA_region2.pdf,application/pdf,200,"US Government Work (17 USC 105), public domain unless noted",VIA_WAYBACK capture=20240325184951 original_url=https://www.nrcs.usda.gov/sites/default/files/2022-10/RaCA_region2.pdf (agency edge returns 401 to this network). RaCA methodology / regional summary
https://web.archive.org/web/20211129140722id_/https://www.fda.gov/media/153150/download,2026-09-14T18:56:12Z,57bd09f392fce39bab78e504ff33480b915ca93305f8de7461a3820036db01be,15427,fda,pesticide-residue-monitoring,Product2019.zip,application/zip,200,"US Government Work (17 USC 105), public domain unless noted",VIA_WAYBACK capture=20211129140722 original_url=https://www.fda.gov/media/153150/download (agency edge returns 401 to this network). FDA FY2019 residue monitoring: Product2019.zip
https://web.archive.org/web/20250204104959id_/https://www.nrcs.usda.gov/sites/default/files/2022-10/RaCA_region3.pdf,2026-09-14T18:56:34Z,04cd00c95629b2f84bca7ff5d0b967d1a81aadce56d78dcc108bdc7df17021db,3220979,usda-nrcs,raca,RaCA_region3.pdf,application/pdf,200,"US Government Work (17 USC 105), public domain unless noted",VIA_WAYBACK capture=20250204104959 original_url=https://www.nrcs.usda.gov/sites/default/files/2022-10/RaCA_region3.pdf (agency edge returns 401 to this network). RaCA methodology / regional summary
https://web.archive.org/web/20230605082719id_/https://www.nrcs.usda.gov/sites/default/files/2022-10/2017NRISummary_Final.pdf,2026-09-14T18:56:48Z,73375b8a715cea46481db7f1bebbdd25d5bffcd2ced99a3ca6bb49f8c286f387,10566342,usda-nrcs,nri,2017NRISummary_Final.pdf,application/pdf,200,"US Government Work (17 USC 105), public domain unless noted",VIA_WAYBACK capture=20230605082719 original_url=https://www.nrcs.usda.gov/sites/default/files/2022-10/2017NRISummary_Final.pdf (agency edge returns 401 to this network). 2017 NRI Summary Report -- erosion tables; superseded by 2022 release for trend use
https://web.archive.org/web/20211205054410id_/https://www.fda.gov/media/153147/download,2026-09-14T18:56:56Z,e94def812a72d10b264f4d7bf6689aa48a5864aff1cfbdcddc51ef355bfb0756,417703,fda,pesticide-residue-monitoring,Chemical2019.zip,application/zip,200,"US Government Work (17 USC 105), public domain unless noted",VIA_WAYBACK capture=20211205054410 original_url=https://www.fda.gov/media/153147/download (agency edge returns 401 to this network). FDA FY2019 residue monitoring: Chemical2019.zip
https://web.archive.org/web/20221025215121id_/https://www.nrcs.usda.gov/sites/default/files/2022-10/2007AlaskaNRI.pdf,2026-09-14T18:56:59Z,468d98aaa23523ed37af13754857dbad84fed7aeb556a8e851f86d387f794366,1008010,usda-nrcs,nri,2007AlaskaNRI.pdf,application/pdf,200,"US Government Work (17 USC 105), public domain unless noted",VIA_WAYBACK capture=20221025215121 original_url=https://www.nrcs.usda.gov/sites/default/files/2022-10/2007AlaskaNRI.pdf (agency edge returns 401 to this network). Alaska NRI 2007
https://web.archive.org/web/20241108180236id_/https://www.fda.gov/media/153148/download,2026-09-14T18:57:07Z,06acde217b27b4a40994b30c73809b4c88082aa8b431ecb54342caff3bba6e81,6190069,fda,pesticide-residue-monitoring,CountryProductResidue2019.zip,application/zip,200,"US Government Work (17 USC 105), public domain unless noted",VIA_WAYBACK capture=20241108180236 original_url=https://www.fda.gov/media/153148/download (agency edge returns 401 to this network). FDA FY2019 residue monitoring: CountryProductResidue2019.zip
https://web.archive.org/web/20250204104953id_/https://www.nrcs.usda.gov/sites/default/files/2022-10/RaCA_region4.pdf,2026-09-14T18:57:09Z,6b579344608bb17e81002f89635f258e9768cf6bcfc3763c079227f07d198e59,2710277,usda-nrcs,raca,RaCA_region4.pdf,application/pdf,200,"US Government Work (17 USC 105), public domain unless noted",VIA_WAYBACK capture=20250204104953 original_url=https://www.nrcs.usda.gov/sites/default/files/2022-10/RaCA_region4.pdf (agency edge returns 401 to this network). RaCA methodology / regional summary
https://web.archive.org/web/20260513223757id_/https://www.nrcs.usda.gov/sites/default/files/2022-09/Historical-Changes-In-Soil-Erosion_5.pdf,2026-09-14T18:57:12Z,f6db382389bbf600520e3c4e4f83270b1ddf981d50dd5fcdb6538fa836381c91,5242880,usda-nrcs,nri,Historical-Changes-In-Soil-Erosion.pdf,application/pdf,200,"US Government Work (17 USC 105), public domain unless noted",VIA_WAYBACK capture=20260513223757 original_url=https://www.nrcs.usda.gov/sites/default/files/2022-09/Historical-Changes-In-Soil-Erosion_5.pdf (agency edge returns 401 to this network). NRCS historical soil erosion change analysis
https://web.archive.org/web/20221025215154id_/https://www.nrcs.usda.gov/sites/default/files/2022-10/NRI_glossary.pdf,2026-09-14T18:57:16Z,99b1bdb16616febc959e48981ec310c1936975bcffe57c510c3205e71b21701a,244685,usda-nrcs,nri,NRI_glossary.pdf,application/pdf,200,"US Government Work (17 USC 105), public domain unless noted",VIA_WAYBACK capture=20221025215154 original_url=https://www.nrcs.usda.gov/sites/default/files/2022-10/NRI_glossary.pdf (agency edge returns 401 to this network). NRI glossary -- term definitions
https://web.archive.org/web/20240325203554id_/https://www.nrcs.usda.gov/sites/default/files/2022-10/RaCA_region5.pdf,2026-09-14T18:57:19Z,d2798322617201b4db9cf9e8a2f9b02e0934943b6d546e5c1e09dcd891c938a7,4337788,usda-nrcs,raca,RaCA_region5.pdf,application/pdf,200,"US Government Work (17 USC 105), public domain unless noted",VIA_WAYBACK capture=20240325203554 original_url=https://www.nrcs.usda.gov/sites/default/files/2022-10/RaCA_region5.pdf (agency edge returns 401 to this network). RaCA methodology / regional summary
https://web.archive.org/web/20211201034946id_/https://www.fda.gov/media/153151/download,2026-09-14T18:57:25Z,f9ad5b46bd7e391e8b55310a8f61f6950da724ce2f35c6f2cb0fdf3c71a29420,88642,fda,pesticide-residue-monitoring,ReferenceFiles2019.zip,application/zip,200,"US Government Work (17 USC 105), public domain unless noted",VIA_WAYBACK capture=20211201034946 original_url=https://www.fda.gov/media/153151/download (agency edge returns 401 to this network). FDA FY2019 residue monitoring: ReferenceFiles2019.zip
https://web.archive.org/web/20221025215142id_/https://www.nrcs.usda.gov/sites/default/files/2022-10/NRI_history.pdf,2026-09-14T18:57:25Z,6373b0af7504ac75de105b693a4885582fdda0f76c67f951b84e5280db8962d6,328136,usda-nrcs,nri,NRI_history.pdf,application/pdf,200,"US Government Work (17 USC 105), public domain unless noted",VIA_WAYBACK capture=20221025215142 original_url=https://www.nrcs.usda.gov/sites/default/files/2022-10/NRI_history.pdf (agency edge returns 401 to this network). NRI programme history and design changes
https://web.archive.org/web/20220826054511id_/https://www.fda.gov/media/160464/download,2026-09-14T18:57:31Z,af380868d67bed37b8f9218fa05a9c5ea7944fd7a8d094c769c5be7a83c25527,673388,fda,pesticide-residue-monitoring,AnnualReport2020.pdf,application/pdf,200,"US Government Work (17 USC 105), public domain unless noted",VIA_WAYBACK capture=20220826054511 original_url=https://www.fda.gov/media/160464/download (agency edge returns 401 to this network). FDA FY2020 residue monitoring: 2020 Report (PDF: 658 KB)
https://web.archive.org/web/20230607181524id_/https://www.nrcs.usda.gov/sites/default/files/2022-10/NRI_data_estimation.pdf,2026-09-14T18:57:34Z,b652ed1d8e518f457cde1294f366346a2d60c8463cfefb39d1ef9e9fafd844bb,26529,usda-nrcs,nri,NRI_data_estimation.pdf,application/pdf,200,"US Government Work (17 USC 105), public domain unless noted",VIA_WAYBACK capture=20230607181524 original_url=https://www.nrcs.usda.gov/sites/default/files/2022-10/NRI_data_estimation.pdf (agency edge returns 401 to this network). NRI estimation methodology -- explains the backward-update procedure
https://web.archive.org/web/20220926062914id_/https://www.fda.gov/media/160465/download,2026-09-14T18:57:35Z,1b50b26f8c9c5925fe179f5e802cb00016f57817250f601b2109a5b8ebe70001,352220,fda,pesticide-residue-monitoring,UsersManual2020.pdf,application/pdf,200,"US Government Work (17 USC 105), public domain unless noted",VIA_WAYBACK capture=20220926062914 original_url=https://www.fda.gov/media/160465/download (agency edge returns 401 to this network). FDA FY2020 residue monitoring: User's Manual
https://web.archive.org/web/20230129133117id_/https://www.fda.gov/media/160413/download,2026-09-14T18:57:40Z,3098bb92e11e804d7266df84398d8c07509cd45815d8246dcdc85115a34b4db4,171538,fda,pesticide-residue-monitoring,SampleData2020.zip,application/zip,200,"US Government Work (17 USC 105), public domain unless noted",VIA_WAYBACK capture=20230129133117 original_url=https://www.fda.gov/media/160413/download (agency edge returns 401 to this network). FDA FY2020 residue monitoring: SampleData2020.zip
https://web.archive.org/web/20230129141859id_/https://www.fda.gov/media/160409/download,2026-09-14T18:57:44Z,9ceaa8daa6a0eb2aab8ae63a64867a5c7c4b284828776cbeb5c4bc361059ac6d,10223,fda,pesticide-residue-monitoring,Product2020.zip,application/zip,200,"US Government Work (17 USC 105), public domain unless noted",VIA_WAYBACK capture=20230129141859 original_url=https://www.fda.gov/media/160409/download (agency edge returns 401 to this network). FDA FY2020 residue monitoring: Product2020.zip
https://web.archive.org/web/20260105170104id_/https://www.nrcs.usda.gov/sites/default/files/2025-09/2021-Annual-Soils-Refresh.pdf,2026-09-14T18:57:52Z,2808e3100bbabe48bf75dbf356fe915657134c9b0ac7116e3dbd9d54103d4793,119707,usda-nrcs,nri,2021-Annual-Soils-Refresh.pdf,application/pdf,200,"US Government Work (17 USC 105), public domain unless noted",VIA_WAYBACK capture=20260105170104 original_url=https://www.nrcs.usda.gov/sites/default/files/2025-09/2021-Annual-Soils-Refresh.pdf (agency edge returns 401 to this network). SSURGO 2021 refresh notes -- documents non-physical causes of value change
https://web.archive.org/web/20260105165459id_/https://www.nrcs.usda.gov/sites/default/files/2025-09/2022-Annual-Soils-Refresh.pdf,2026-09-14T18:57:56Z,77a7d35e22dcc544862d53b159573c7bd85a80426b8836f9f4d56741b5d5324e,119769,usda-nrcs,nri,2022-Annual-Soils-Refresh.pdf,application/pdf,200,"US Government Work (17 USC 105), public domain unless noted",VIA_WAYBACK capture=20260105165459 original_url=https://www.nrcs.usda.gov/sites/default/files/2025-09/2022-Annual-Soils-Refresh.pdf (agency edge returns 401 to this network). SSURGO 2022 refresh notes -- documents non-physical causes of value change
https://web.archive.org/web/20250204104957id_/https://www.nrcs.usda.gov/sites/default/files/2022-10/RaCA_region6.pdf,2026-09-14T18:57:57Z,6d7ab465be44571faacc2b4a99abd40c367eed0a23188cfad445f1627763ea7b,3198511,usda-nrcs,raca,RaCA_region6.pdf,application/pdf,200,"US Government Work (17 USC 105), public domain unless noted",VIA_WAYBACK capture=20250204104957 original_url=https://www.nrcs.usda.gov/sites/default/files/2022-10/RaCA_region6.pdf (agency edge returns 401 to this network). RaCA methodology / regional summary
https://web.archive.org/web/20230130025735id_/https://www.fda.gov/media/160407/download,2026-09-14T18:58:11Z,2b208e50896cc1f31e35a0fae70265ff531f96296d6a8c5c9af7cd739efe342d,332055,fda,pesticide-residue-monitoring,Chemical2020.zip,application/zip,200,"US Government Work (17 USC 105), public domain unless noted",VIA_WAYBACK capture=20230130025735 original_url=https://www.fda.gov/media/160407/download (agency edge returns 401 to this network). FDA FY2020 residue monitoring: Chemical2020.zip
https://web.archive.org/web/20241207071013id_/https://www.nrcs.usda.gov/sites/default/files/2022-10/RaCA_region7.pdf,2026-09-14T18:58:13Z,f07374bd44bf4867342f0cd0ea9ac6957a036035063ad869ddf216027e63d395,4236366,usda-nrcs,raca,RaCA_region7.pdf,application/pdf,200,"US Government Work (17 USC 105), public domain unless noted",VIA_WAYBACK capture=20241207071013 original_url=https://www.nrcs.usda.gov/sites/default/files/2022-10/RaCA_region7.pdf (agency edge returns 401 to this network). RaCA methodology / regional summary
https://web.archive.org/web/20241108171412id_/https://www.fda.gov/media/160408/download,2026-09-14T18:58:26Z,e82ae4b650da55660236bcc2260b98fb9c697f599e5022b8a76d0c66e817cc93,3513249,fda,pesticide-residue-monitoring,CountryProductResidue2020.zip,application/zip,200,"US Government Work (17 USC 105), public domain unless noted",VIA_WAYBACK capture=20241108171412 original_url=https://www.fda.gov/media/160408/download (agency edge returns 401 to this network). FDA FY2020 residue monitoring: CountryProductResidue2020.zip
https://web.archive.org/web/20260105165548id_/https://www.nrcs.usda.gov/sites/default/files/2025-09/2023-Annual-Soils-Refresh.pdf,2026-09-14T18:58:26Z,3130f7bbf4e31a9c47c1092d27f2e6b9b1981eff4324c408bab566938235ca15,148691,usda-nrcs,nri,2023-Annual-Soils-Refresh.pdf,application/pdf,200,"US Government Work (17 USC 105), public domain unless noted",VIA_WAYBACK capture=20260105165548 original_url=https://www.nrcs.usda.gov/sites/default/files/2025-09/2023-Annual-Soils-Refresh.pdf (agency edge returns 401 to this network). SSURGO 2023 refresh notes -- documents non-physical causes of value change
https://web.archive.org/web/20250204104955id_/https://www.nrcs.usda.gov/sites/default/files/2022-10/RaCA_region8.pdf,2026-09-14T18:58:30Z,349576e5ed9b61a75183e69397258f63337822c265e078e62097df5d625e2b7d,2799245,usda-nrcs,raca,RaCA_region8.pdf,application/pdf,200,"US Government Work (17 USC 105), public domain unless noted",VIA_WAYBACK capture=20250204104955 original_url=https://www.nrcs.usda.gov/sites/default/files/2022-10/RaCA_region8.pdf (agency edge returns 401 to this network). RaCA methodology / regional summary
https://web.archive.org/web/20260105165459id_/https://www.nrcs.usda.gov/sites/default/files/2025-09/2024-Annual-Soils-Refresh.pdf,2026-09-14T18:58:36Z,d60ad0d4b938cdbce14db6a8dd698993213b881d8573e9e26d9e0b57fc969d0d,142130,usda-nrcs,nri,2024-Annual-Soils-Refresh.pdf,application/pdf,200,"US Government Work (17 USC 105), public domain unless noted",VIA_WAYBACK capture=20260105165459 original_url=https://www.nrcs.usda.gov/sites/default/files/2025-09/2024-Annual-Soils-Refresh.pdf (agency edge returns 401 to this network). SSURGO 2024 refresh notes -- documents non-physical causes of value change
https://web.archive.org/web/20221202041105id_/https://www.fda.gov/media/160411/download,2026-09-14T18:58:46Z,b99eb0d81282bd8d7d1c53d19844cf4189a9e371555aa5912f0b5e0fa6ee15ef,81490,fda,pesticide-residue-monitoring,ReferenceFiles2020.zip,application/zip,200,"US Government Work (17 USC 105), public domain unless noted",VIA_WAYBACK capture=20221202041105 original_url=https://www.fda.gov/media/160411/download (agency edge returns 401 to this network). FDA FY2020 residue monitoring: ReferenceFiles2020.zip
https://web.archive.org/web/20260105165512id_/https://www.nrcs.usda.gov/sites/default/files/2025-09/2025-Annual-Soils-Refresh.pdf,2026-09-14T18:58:49Z,0cb747b85ac249b452645d71545cc239c23e434b1611238eef50f273fcf7f008,130879,usda-nrcs,nri,2025-Annual-Soils-Refresh.pdf,application/pdf,200,"US Government Work (17 USC 105), public domain unless noted",VIA_WAYBACK capture=20260105165512 original_url=https://www.nrcs.usda.gov/sites/default/files/2025-09/2025-Annual-Soils-Refresh.pdf (agency edge returns 401 to this network). SSURGO 2025 refresh notes -- documents non-physical causes of value change
https://web.archive.org/web/20231209113537id_/https://www.fda.gov/media/173207/download,2026-09-14T18:58:56Z,b977cf911403fe6c98fb64e62bf987ca48b5db18ea5fdfec69ec7076e5419820,587623,fda,pesticide-residue-monitoring,AnnualReport2021.pdf,application/pdf,200,"US Government Work (17 USC 105), public domain unless noted",VIA_WAYBACK capture=20231209113537 original_url=https://www.fda.gov/media/173207/download (agency edge returns 401 to this network). FDA FY2021 residue monitoring: 2021 Report (PDF: 572 KB)
https://web.archive.org/web/20250204105000id_/https://www.nrcs.usda.gov/sites/default/files/2022-10/RaCA_region9.pdf,2026-09-14T18:58:59Z,8e994a6e52fe22b2da45025e3d653ac723a4cc147ae24eb080fde9c31b931154,3370465,usda-nrcs,raca,RaCA_region9.pdf,application/pdf,200,"US Government Work (17 USC 105), public domain unless noted",VIA_WAYBACK capture=20250204105000 original_url=https://www.nrcs.usda.gov/sites/default/files/2022-10/RaCA_region9.pdf (agency edge returns 401 to this network). RaCA methodology / regional summary
https://web.archive.org/web/20241213122701id_/https://www.nrcs.usda.gov/sites/default/files/2022-10/RaCA_region10.pdf,2026-09-14T18:59:05Z,247a4b998e94f43dae90a7f862b1cad2cf1e687bb0ecfd6e159ed22b8973c665,3246100,usda-nrcs,raca,RaCA_region10.pdf,application/pdf,200,"US Government Work (17 USC 105), public domain unless noted",VIA_WAYBACK capture=20241213122701 original_url=https://www.nrcs.usda.gov/sites/default/files/2022-10/RaCA_region10.pdf (agency edge returns 401 to this network). RaCA methodology / regional summary
https://web.archive.org/web/20231209061153id_/https://www.fda.gov/media/173183/download,2026-09-14T18:59:07Z,6b0ff7ee4f380ac576d5b0c33365240a4046b0e1acd576bfd742b485e5dfa773,343354,fda,pesticide-residue-monitoring,UsersManual2021.pdf,application/pdf,200,"US Government Work (17 USC 105), public domain unless noted",VIA_WAYBACK capture=20231209061153 original_url=https://www.fda.gov/media/173183/download (agency edge returns 401 to this network). FDA FY2021 residue monitoring: User's Manual
https://web.archive.org/web/20231202061848id_/https://www.fda.gov/media/173181/download,2026-09-14T18:59:11Z,d026e1199f3ac4884ea2781057200bb0867330310617161e44d85d018e25d3e5,124396,fda,pesticide-residue-monitoring,SampleData2021.zip,application/zip,200,"US Government Work (17 USC 105), public domain unless noted",VIA_WAYBACK capture=20231202061848 original_url=https://www.fda.gov/media/173181/download (agency edge returns 401 to this network). FDA FY2021 residue monitoring: SampleData2021.zip
https://web.archive.org/web/20250204104955id_/https://www.nrcs.usda.gov/sites/default/files/2022-10/RaCA_region11.pdf,2026-09-14T18:59:14Z,4cdbe357a536d8af2c6ddc07ce717b170cfdddc7c97332f2956e97d85e822ec5,3464392,usda-nrcs,raca,RaCA_region11.pdf,application/pdf,200,"US Government Work (17 USC 105), public domain unless noted",VIA_WAYBACK capture=20250204104955 original_url=https://www.nrcs.usda.gov/sites/default/files/2022-10/RaCA_region11.pdf (agency edge returns 401 to this network). RaCA methodology / regional summary
https://web.archive.org/web/20231211003843id_/https://www.fda.gov/media/173179/download,2026-09-14T18:59:20Z,5860ac50eab76a0f560fd8b4dae6adba23c6abb0e654028ad47963559b863ecd,9287,fda,pesticide-residue-monitoring,Product2021.zip,application/zip,200,"US Government Work (17 USC 105), public domain unless noted",VIA_WAYBACK capture=20231211003843 original_url=https://www.fda.gov/media/173179/download (agency edge returns 401 to this network). FDA FY2021 residue monitoring: Product2021.zip
https://web.archive.org/web/20250204105003id_/https://www.nrcs.usda.gov/sites/default/files/2022-10/RaCA_region12.pdf,2026-09-14T18:59:28Z,5637c5a7759edabdbcf1801857833aecae5aa138536f5d69def8b6f4c137c61d,2603194,usda-nrcs,raca,RaCA_region12.pdf,application/pdf,200,"US Government Work (17 USC 105), public domain unless noted",VIA_WAYBACK capture=20250204105003 original_url=https://www.nrcs.usda.gov/sites/default/files/2022-10/RaCA_region12.pdf (agency edge returns 401 to this network). RaCA methodology / regional summary
https://web.archive.org/web/20231211003050id_/https://www.fda.gov/media/173177/download,2026-09-14T18:59:37Z,ce2f717825ba33dc5f7168f28344b6c75a2ade5a1eb156c55c491e21d270e76f,335297,fda,pesticide-residue-monitoring,Chemical2021.zip,application/zip,200,"US Government Work (17 USC 105), public domain unless noted",VIA_WAYBACK capture=20231211003050 original_url=https://www.fda.gov/media/173177/download (agency edge returns 401 to this network). FDA FY2021 residue monitoring: Chemical2021.zip
https://web.archive.org/web/20241108201314id_/https://www.fda.gov/media/173178/download,2026-09-14T18:59:43Z,0280bfd42b4ba5a6fc76b49d8c66384b29ad8b2678227cb6e8cfd90d3e1ba67e,2971916,fda,pesticide-residue-monitoring,CountryProductResidue2021.zip,application/zip,200,"US Government Work (17 USC 105), public domain unless noted",VIA_WAYBACK capture=20241108201314 original_url=https://www.fda.gov/media/173178/download (agency edge returns 401 to this network). FDA FY2021 residue monitoring: CountryProductResidue2021.zip
https://web.archive.org/web/20231204190604id_/https://www.fda.gov/media/173180/download,2026-09-14T18:59:50Z,7e84ac2815d4b6bd271c12abee7ec2dfcef92dab2ab97df2a2ed97b2a048b97c,83813,fda,pesticide-residue-monitoring,ReferenceFiles2021.zip,application/zip,200,"US Government Work (17 USC 105), public domain unless noted",VIA_WAYBACK capture=20231204190604 original_url=https://www.fda.gov/media/173180/download (agency edge returns 401 to this network). FDA FY2021 residue monitoring: ReferenceFiles2021.zip
https://web.archive.org/web/20250204104956id_/https://www.nrcs.usda.gov/sites/default/files/2022-10/RaCA_region13.pdf,2026-09-14T18:59:52Z,b66d935574bf04ec27ead351d2da1d96929f3338c162db8671a54092823b492b,3544971,usda-nrcs,raca,RaCA_region13.pdf,application/pdf,200,"US Government Work (17 USC 105), public domain unless noted",VIA_WAYBACK capture=20250204104956 original_url=https://www.nrcs.usda.gov/sites/default/files/2022-10/RaCA_region13.pdf (agency edge returns 401 to this network). RaCA methodology / regional summary
https://web.archive.org/web/20240907014338id_/https://www.fda.gov/media/181381/download,2026-09-14T18:59:56Z,fb9686962b85dedd8a0d35025894dec8a04b053cad178ad48dc04cd1c3bc1af1,996873,fda,pesticide-residue-monitoring,AnnualReport2022.pdf,application/pdf,200,"US Government Work (17 USC 105), public domain unless noted",VIA_WAYBACK capture=20240907014338 original_url=https://www.fda.gov/media/181381/download (agency edge returns 401 to this network). FDA FY2022 residue monitoring: 2022 Report (PDF: 1.6MB)
https://web.archive.org/web/20241213122904id_/https://www.nrcs.usda.gov/sites/default/files/2022-10/RaCA_region14.pdf,2026-09-14T19:00:07Z,f25138e3d1928f04191cb1851644b2e537782204a83c5bb0f1ec088a84b3422e,2919365,usda-nrcs,raca,RaCA_region14.pdf,application/pdf,200,"US Government Work (17 USC 105), public domain unless noted",VIA_WAYBACK capture=20241213122904 original_url=https://www.nrcs.usda.gov/sites/default/files/2022-10/RaCA_region14.pdf (agency edge returns 401 to this network). RaCA methodology / regional summary
https://web.archive.org/web/20241209050135id_/https://www.nrcs.usda.gov/sites/default/files/2022-10/RaCA_region15.pdf,2026-09-14T19:00:14Z,417844e0180efcdf7d64d7f28aefdde678ea3c0a570672861a9494162f96048c,2479022,usda-nrcs,raca,RaCA_region15.pdf,application/pdf,200,"US Government Work (17 USC 105), public domain unless noted",VIA_WAYBACK capture=20241209050135 original_url=https://www.nrcs.usda.gov/sites/default/files/2022-10/RaCA_region15.pdf (agency edge returns 401 to this network). RaCA methodology / regional summary
https://web.archive.org/web/20241108183956id_/https://www.fda.gov/media/181382/download,2026-09-14T19:00:24Z,bb767293c6d95667a78c57f1989e41c9c9834823c0bca04de76a2f1fa2f781c4,336015,fda,pesticide-residue-monitoring,UsersManual2022.pdf,application/pdf,200,"US Government Work (17 USC 105), public domain unless noted",VIA_WAYBACK capture=20241108183956 original_url=https://www.fda.gov/media/181382/download (agency edge returns 401 to this network). FDA FY2022 residue monitoring: User's Manual
https://web.archive.org/web/20240325192137id_/https://www.nrcs.usda.gov/sites/default/files/2022-10/RaCA_region16.pdf,2026-09-14T19:00:29Z,3543efa4ea506125241c7228d45d129ad00e42a7dd17b9694d3449f703d4bd33,3384700,usda-nrcs,raca,RaCA_region16.pdf,application/pdf,200,"US Government Work (17 USC 105), public domain unless noted",VIA_WAYBACK capture=20240325192137 original_url=https://www.nrcs.usda.gov/sites/default/files/2022-10/RaCA_region16.pdf (agency edge returns 401 to this network). RaCA methodology / regional summary
https://web.archive.org/web/20241108183148id_/https://www.fda.gov/media/181376/download,2026-09-14T19:00:37Z,f80b33bfddb32e3a3112078f4873cedd6bd2840a32ab587a00f13f2d8612ffbc,262452,fda,pesticide-residue-monitoring,SampleData2022.zip,application/zip,200,"US Government Work (17 USC 105), public domain unless noted",VIA_WAYBACK capture=20241108183148 original_url=https://www.fda.gov/media/181376/download (agency edge returns 401 to this network). FDA FY2022 residue monitoring: SampleData2022.zip
https://web.archive.org/web/20241108183953id_/https://www.fda.gov/media/181374/download,2026-09-14T19:00:48Z,f30dbf3a25af02f9352667684f17ae1a86c36615255e16ba5a7b08feaee1bc21,12910,fda,pesticide-residue-monitoring,Product2022.zip,application/zip,200,"US Government Work (17 USC 105), public domain unless noted",VIA_WAYBACK capture=20241108183953 original_url=https://www.fda.gov/media/181374/download (agency edge returns 401 to this network). FDA FY2022 residue monitoring: Product2022.zip
https://web.archive.org/web/20250204105003id_/https://www.nrcs.usda.gov/sites/default/files/2022-10/RaCA_region18.pdf,2026-09-14T19:00:57Z,49e687996b4f890e3696feb0b7856af1169565645375d832e2ea9dac46127005,3415285,usda-nrcs,raca,RaCA_region18.pdf,application/pdf,200,"US Government Work (17 USC 105), public domain unless noted",VIA_WAYBACK capture=20250204105003 original_url=https://www.nrcs.usda.gov/sites/default/files/2022-10/RaCA_region18.pdf (agency edge returns 401 to this network). RaCA methodology / regional summary
https://web.archive.org/web/20241108183405id_/https://www.fda.gov/media/181377/download,2026-09-14T19:00:58Z,603453dd733b231102e9d435fa02872e322839be6e21d5f1a9bd428cf790795e,382870,fda,pesticide-residue-monitoring,Chemical2022.zip,application/zip,200,"US Government Work (17 USC 105), public domain unless noted",VIA_WAYBACK capture=20241108183405 original_url=https://www.fda.gov/media/181377/download (agency edge returns 401 to this network). FDA FY2022 residue monitoring: Chemical2022.zip
https://web.archive.org/web/20241108183451id_/https://www.fda.gov/media/181378/download,2026-09-14T19:01:13Z,c89078b04cfc91ee30b1929b410ba4bf82f72535fd99751c686754af3411a5a4,4625433,fda,pesticide-residue-monitoring,CountryProductResidue2022.zip,application/zip,200,"US Government Work (17 USC 105), public domain unless noted",VIA_WAYBACK capture=20241108183451 original_url=https://www.fda.gov/media/181378/download (agency edge returns 401 to this network). FDA FY2022 residue monitoring: CountryProductResidue2022.zip
https://web.archive.org/web/20241108183549id_/https://www.fda.gov/media/181375/download,2026-09-14T19:01:17Z,7cf34a7fd3cd3732f0ea7b57a246a3ddab7cebdacf3913b80828de71e176f56d,84130,fda,pesticide-residue-monitoring,ReferenceFiles2022.zip,application/zip,200,"US Government Work (17 USC 105), public domain unless noted",VIA_WAYBACK capture=20241108183549 original_url=https://www.fda.gov/media/181375/download (agency edge returns 401 to this network). FDA FY2022 residue monitoring: ReferenceFiles2022.zip
https://web.archive.org/web/20251222191721id_/https://www.fda.gov/media/190315/download,2026-09-14T19:01:23Z,2df619d89836ed454894c077967801e5a17d6733b79bcbc1b6f0af5198c9d88f,703020,fda,pesticide-residue-monitoring,AnnualReport2023.pdf,application/pdf,200,"US Government Work (17 USC 105), public domain unless noted",VIA_WAYBACK capture=20251222191721 original_url=https://www.fda.gov/media/190315/download (agency edge returns 401 to this network). FDA FY2023 residue monitoring: 2023 Report (PDF 686KB)
https://web.archive.org/web/20260124145459id_/https://www.fda.gov/media/190128/download,2026-09-14T19:01:33Z,9565a0613941880ffe45a9c5ca39fb791e5cebc02025651a4b8c02502c530724,334910,fda,pesticide-residue-monitoring,UsersManual2023.pdf,application/pdf,200,"US Government Work (17 USC 105), public domain unless noted",VIA_WAYBACK capture=20260124145459 original_url=https://www.fda.gov/media/190128/download (agency edge returns 401 to this network). FDA FY2023 residue monitoring: User's Manual
https://www.fda.gov/media/190129/download,2026-09-14T19:01:57Z,,0,fda,pesticide-residue-monitoring,SampleData2023.zip,,NO_SNAPSHOT,US Government Work (17 USC 105),FAILED: no Wayback capture found. FDA FY2023 residue monitoring: SampleData2023.zip
https://www.fda.gov/media/190130/download,2026-09-14T19:02:09Z,,0,fda,pesticide-residue-monitoring,Product2023.zip,,NO_SNAPSHOT,US Government Work (17 USC 105),FAILED: no Wayback capture found. FDA FY2023 residue monitoring: Product2023.zip
https://www.fda.gov/media/190131/download,2026-09-14T19:02:37Z,,0,fda,pesticide-residue-monitoring,Chemical2023.zip,,NO_SNAPSHOT,US Government Work (17 USC 105),FAILED: no Wayback capture found. FDA FY2023 residue monitoring: Chemical2023.zip
https://www.fda.gov/media/190132/download,2026-09-14T19:02:44Z,,0,fda,pesticide-residue-monitoring,CountryProductResidueData2023.zip,,NO_SNAPSHOT,US Government Work (17 USC 105),FAILED: no Wayback capture found. FDA FY2023 residue monitoring: CountryProductResidueData2023.zip
https://www.fda.gov/media/190133/download,2026-09-14T19:02:57Z,,0,fda,pesticide-residue-monitoring,ReferenceFiles2023.zip,,NO_SNAPSHOT,US Government Work (17 USC 105),FAILED: no Wayback capture found. FDA FY2023 residue monitoring: ReferenceFiles2023.zip
https://web.archive.org/web/20230129202742id_/https://www.fda.gov/media/159745/download,2026-09-14T19:06:48Z,ba1f8c1ed5a35fe4faef6e48db6c4490d88405739a4480e623fdbc3097e9f1ef,2932818,fda,total-diet-study,FY2018-FY2020_TDS_Elements_Report__media159745,application/pdf,200,"US Government Work (17 USC 105), public domain unless noted",VIA_WAYBACK capture=20230129202742 original_url=https://www.fda.gov/media/159745/download (agency edge returns 401 to this network). TDS: FY2018-FY2020 TDS Elements Report
https://web.archive.org/web/20230106172404id_/https://www.fda.gov/media/159751/download,2026-09-14T19:07:17Z,7bd1a43ea706715b7f450d2756592fdd403635cd73ea0693505280b2f3e3f985,2809588,fda,total-diet-study,FY2018-FY2020_TDS_Elements_Report_Supplement_Summary_of_Anal__media159751,application/pdf,200,"US Government Work (17 USC 105), public domain unless noted",VIA_WAYBACK capture=20230106172404 original_url=https://www.fda.gov/media/159751/download (agency edge returns 401 to this network). TDS: FY2018-FY2020 TDS Elements Report Supplement: Summary of Analytical Results (in PDF)
https://web.archive.org/web/20220718123508id_/https://www.fda.gov/media/159749/download,2026-09-14T19:07:41Z,f9f35ff6ab3fb9dc2dcd2b403c8279c0794463cf971787a97c393493d48aea19,389586,fda,total-diet-study,in_Excel__media159749,application/vnd.openxmlformats-officedocument.spreadsheetml.sheet,200,"US Government Work (17 USC 105), public domain unless noted",VIA_WAYBACK capture=20220718123508 original_url=https://www.fda.gov/media/159749/download (agency edge returns 401 to this network). TDS: (in Excel)
https://www.fda.gov/media/174923/download,2026-09-14T19:07:49Z,,0,fda,total-diet-study,FY2018-FY2020_TDS_Radionuclides_Report__media174923,,NO_SNAPSHOT,US Government Work (17 USC 105),FAILED: no Wayback capture found. TDS: FY2018-FY2020 TDS Radionuclides Report
https://web.archive.org/web/20220718123458id_/https://www.fda.gov/media/159746/download,2026-09-14T19:08:02Z,07f188430292d93f403d45a9c1698452fb782137119e240ae27d5cd2c174294b,106116,fda,total-diet-study,FY18-FY20_Elements_Data_Key__media159746,application/pdf,200,"US Government Work (17 USC 105), public domain unless noted",VIA_WAYBACK capture=20220718123458 original_url=https://www.fda.gov/media/159746/download (agency edge returns 401 to this network). TDS: FY18-FY20 Elements Data Key
https://web.archive.org/web/20240303045835id_/https://www.fda.gov/media/174924/download,2026-09-14T19:08:29Z,d17c4fb85bd13371009840c024f4c4817a0659dc170e1473a528182787c0d289,105026,fda,total-diet-study,FY18-FY20_Radionuclides_Data_Key__media174924,application/pdf,200,"US Government Work (17 USC 105), public domain unless noted",VIA_WAYBACK capture=20240303045835 original_url=https://www.fda.gov/media/174924/download (agency edge returns 401 to this network). TDS: FY18-FY20 Radionuclides Data Key
https://web.archive.org/web/20241108193941id_/https://www.fda.gov/media/159750/download,2026-09-14T19:08:39Z,e358bdff4203eba66825edb8cc131669cdc3205cce752c2e898b5a2aa9e6c46c,6262478,fda,total-diet-study,FY2018-FY2020_Analytical_Results__media159750,text/plain; charset=UTF-8,200,"US Government Work (17 USC 105), public domain unless noted",VIA_WAYBACK capture=20241108193941 original_url=https://www.fda.gov/media/159750/download (agency edge returns 401 to this network). TDS: FY2018-FY2020 Analytical Results
https://web.archive.org/web/20240225075857id_/https://www.fda.gov/media/174926/download,2026-09-14T19:09:06Z,b8f49d5200c7f2f24f4f20585af41d8cc2837d6a82a06d67e1766286cbb883cb,391849,fda,total-diet-study,FY2018-FY2020_Analytical_Results__media174926,text/plain; charset=UTF-8,200,"US Government Work (17 USC 105), public domain unless noted",VIA_WAYBACK capture=20240225075857 original_url=https://www.fda.gov/media/174926/download (agency edge returns 401 to this network). TDS: FY2018-FY2020 Analytical Results
https://www.govinfo.gov/content/pkg/GOVPUB-A-PURL-gpo17007/pdf/GOVPUB-A-PURL-gpo17007.pdf,2026-09-14T19:10:20Z,5c211c97cbd895a0b629aadeca6b676bebfc3d5c6d67d62bd6151deafdd6d15c,8504489,usda-historical,food-composition,AH8_GOVPUB-A-PURL-gpo17007.pdf,application/pdf,200,"US Government Work (17 USC 105), public domain unless noted","Agriculture Handbook No. 8, Composition of Foods (govinfo scan)"
https://archive.org/download/chemicalcomposit28atwa/chemicalcomposit28atwa.pdf,2026-09-14T19:10:22Z,27587d172b39c17228ae2b55b6097e0b7bce7c9de09c222f5e41edfde4826ef8,5111902,usda-historical,food-composition,chemicalcomposit28atwa.pdf,application/pdf,200,"US Government Work (17 USC 105), public domain unless noted","Atwater & Woods, The Chemical Composition of American Food Materials, USDA Bull. 28"
https://archive.org/download/chemicalcomposit28atwa/chemicalcomposit28atwa.djvu.txt,2026-09-14T19:10:27Z,,0,usda-historical,food-composition,chemicalcomposit28atwa.djvu.txt,text/html; charset=utf-8,404,"US Government Work (17 USC 105), public domain unless noted","FAILED: Atwater & Woods, The Chemical Composition of American Food Materials, USDA Bull. 28"
https://archive.org/download/chemicalcomposit28atwa_0/chemicalcomposit28atwa_0.pdf,2026-09-14T19:10:32Z,d26e5c442bd370d98263388d96257cdb799e656ac5b54bcf49cb501abd2015e6,3091463,usda-historical,food-composition,chemicalcomposit28atwa_0.pdf,application/pdf,200,"US Government Work (17 USC 105), public domain unless noted","Atwater & Woods, The Chemical Composition of American Food Materials, USDA Bull. 28"
https://archive.org/download/chemicalcomposit28atwa_0/chemicalcomposit28atwa_0.djvu.txt,2026-09-14T19:10:34Z,,0,usda-historical,food-composition,chemicalcomposit28atwa_0.djvu.txt,text/html; charset=utf-8,404,"US Government Work (17 USC 105), public domain unless noted","FAILED: Atwater & Woods, The Chemical Composition of American Food Materials, USDA Bull. 28"
https://archive.org/download/compositionoffoo816matt/compositionoffoo816matt.pdf,2026-09-14T19:10:40Z,d8507615c7e8cbf622f05dfc13fb1d822565fdc58dbbfe3914b9dc1624d44187,15918895,usda-historical,food-composition,compositionoffoo816matt.pdf,application/pdf,200,"US Government Work (17 USC 105), public domain unless noted",AH-8 sectional revision / related USDA composition publication
https://archive.org/download/CAT87882023/CAT87882023.pdf,2026-09-14T19:10:49Z,a821b87ae7a60e1fa87b496d18b418068e6821af8d0197df5d1051156a99bd70,27230314,usda-historical,food-composition,CAT87882023.pdf,application/pdf,200,"US Government Work (17 USC 105), public domain unless noted",AH-8 sectional revision / related USDA composition publication
https://archive.org/download/micro_IA41152616_0421/micro_IA41152616_0421.pdf,2026-09-14T19:10:54Z,2c81239872f0efbad814442008acc9cee4c4106628163bd3cbba05f0e6c1e183,55335685,usda-historical,food-composition,micro_IA41152616_0421.pdf,application/pdf,200,"US Government Work (17 USC 105), public domain unless noted",AH-8 sectional revision / related USDA composition publication
https://archive.org/download/proceduresforcal6213merr/proceduresforcal6213merr.pdf,2026-09-14T19:10:58Z,f9808ef38635fbe34c9eaa7865a2b06fea5a22f3b98c6b6d283e551a563f32f4,2714165,usda-historical,food-composition,proceduresforcal6213merr.pdf,application/pdf,200,"US Government Work (17 USC 105), public domain unless noted",AH-8 sectional revision / related USDA composition publication
https://archive.org/download/CAT10696850/CAT10696850.pdf,2026-09-14T19:11:03Z,7aa88a609033a15c9a3e4feb3fb4f5b64b446d2fe79e230e302d651d1a07b730,4303216,usda-historical,food-composition,CAT10696850.pdf,application/pdf,200,"US Government Work (17 USC 105), public domain unless noted",AH-8 sectional revision / related USDA composition publication
https://wwwn.cdc.gov/Nchs/Data/Nhanes/Public/2001/DataFiles/L06_2_B.xpt,2026-09-14T19:11:04Z,631d846c5942b4256bcab334315b16f478318ec3a518aaa0f82f731b17a3698a,87200,cdc-nhanes,lab-and-dietary,L06_2_B.xpt,text/plain,200,"US Government Work (17 USC 105), public domain unless noted","NHANES Laboratory 2001-2002: Cadmium, Lead, Total Mercury, Ferritin, Serum Folate, RBC Folate, Vitamin B12, Homocysteine, Methylmalonic acid, Cotinine - Blood, Second Exam"
https://wwwn.cdc.gov/Nchs/Data/Nhanes/Public/2001/DataFiles/L06_2_B.htm,2026-09-14T19:11:04Z,5d92f70c94b3993fc02f2b50a5c906a12d30afc0dc6a83fed4cfbbbdd5b25a9c,64281,cdc-nhanes,lab-and-dietary,L06_2_B.htm,text/html,200,"US Government Work (17 USC 105), public domain unless noted",NHANES codebook for L06_2_B.xpt
https://wwwn.cdc.gov/Nchs/Data/Nhanes/Public/2011/DataFiles/PBCD_G.xpt,2026-09-14T19:11:05Z,996cc3daaae69bf043785b274b02d4921dd2e49ec819c528707752d675ebd191,1149360,cdc-nhanes,lab-and-dietary,PBCD_G.xpt,text/plain,200,"US Government Work (17 USC 105), public domain unless noted","NHANES Laboratory 2011-2012: Cadmium, Lead, Total Mercury, Selenium, &amp; Manganese - Blood"
https://wwwn.cdc.gov/Nchs/Data/Nhanes/Public/2011/DataFiles/PBCD_G.htm,2026-09-14T19:11:06Z,c9648581f80982e8ef6b5e8c6ae7112032c9399696d650638b9925c2e1ab09c6,41521,cdc-nhanes,lab-and-dietary,PBCD_G.htm,text/html,200,"US Government Work (17 USC 105), public domain unless noted",NHANES codebook for PBCD_G.xpt
https://wwwn.cdc.gov/Nchs/Data/Nhanes/Public/2011/DataFiles/CUSEZN_G.xpt,2026-09-14T19:11:06Z,e4716d3b1b5df5f13c66614b10836ddc0518f1aaf24c858534e1f855130a3f5d,188800,cdc-nhanes,lab-and-dietary,CUSEZN_G.xpt,text/plain,200,"US Government Work (17 USC 105), public domain unless noted","NHANES Laboratory 2011-2012: Copper, Selenium &amp; Zinc - Serum"
https://wwwn.cdc.gov/Nchs/Data/Nhanes/Public/2011/DataFiles/CUSEZN_G.htm,2026-09-14T19:11:07Z,b553ba89fd6686be92e064c6c585ba941f6f3ae4c511e53333ec3e69d8232156,27375,cdc-nhanes,lab-and-dietary,CUSEZN_G.htm,text/html,200,"US Government Work (17 USC 105), public domain unless noted",NHANES codebook for CUSEZN_G.xpt
https://wwwn.cdc.gov/Nchs/Data/Nhanes/Public/2013/DataFiles/CUSEZN_H.xpt,2026-09-14T19:11:08Z,e649a3b8084ca77619f1b9e87809961eb9367bee48bbe88eb5d3a9887052ed4c,200400,cdc-nhanes,lab-and-dietary,CUSEZN_H.xpt,text/plain,200,"US Government Work (17 USC 105), public domain unless noted","NHANES Laboratory 2013-2014: Copper, Selenium &amp; Zinc - Serum"
https://wwwn.cdc.gov/Nchs/Data/Nhanes/Public/2013/DataFiles/CUSEZN_H.htm,2026-09-14T19:11:08Z,c68c84423b15de963aa82ce8df6f85c7c05d75fbddd24cfa79a4b0ee9748fb20,31694,cdc-nhanes,lab-and-dietary,CUSEZN_H.htm,text/html,200,"US Government Work (17 USC 105), public domain unless noted",NHANES codebook for CUSEZN_H.xpt
https://archive.org/download/CAT78693574/CAT78693574.pdf,2026-09-14T19:11:08Z,f3405800262e8f91bd3cc4070f098633aa12406b66e1f34f9fbe9792bdd538ff,4935245,usda-historical,food-composition,CAT78693574.pdf,application/pdf,200,"US Government Work (17 USC 105), public domain unless noted",AH-8 sectional revision / related USDA composition publication
https://wwwn.cdc.gov/Nchs/Data/Nhanes/Public/2015/DataFiles/CUSEZN_I.xpt,2026-09-14T19:11:09Z,54204a31bf0b16574ba6fa08e1bb58cb91cc7e228605972762f31c52c7f00415,174160,cdc-nhanes,lab-and-dietary,CUSEZN_I.xpt,text/plain,200,"US Government Work (17 USC 105), public domain unless noted","NHANES Laboratory 2015-2016: Copper, Selenium &amp; Zinc - Serum"
https://wwwn.cdc.gov/Nchs/Data/Nhanes/Public/2015/DataFiles/CUSEZN_I.htm,2026-09-14T19:11:09Z,9db8813d3381787075d20e9d45abbf150f89ff3d3db3acc65cd2c9b20dc9effb,30475,cdc-nhanes,lab-and-dietary,CUSEZN_I.htm,text/html,200,"US Government Work (17 USC 105), public domain unless noted",NHANES codebook for CUSEZN_I.xpt
https://wwwn.cdc.gov/Nchs/Data/Nhanes/Public/2007/DataFiles/EPH_E.xpt,2026-09-14T19:11:10Z,910d9fa838e507213b3e855723a1948d454a69ceccdd915017819519b3737894,416640,cdc-nhanes,lab-and-dietary,EPH_E.xpt,text/plain,200,"US Government Work (17 USC 105), public domain unless noted",NHANES Laboratory 2007-2008: Environmental Phenols
https://wwwn.cdc.gov/Nchs/Data/Nhanes/Public/2007/DataFiles/EPH_E.htm,2026-09-14T19:11:10Z,7adaa1548f5de03e848268d29d678a8b62f8b595b7d09f635f0255042d86cc7b,48735,cdc-nhanes,lab-and-dietary,EPH_E.htm,text/html,200,"US Government Work (17 USC 105), public domain unless noted",NHANES codebook for EPH_E.xpt
https://wwwn.cdc.gov/Nchs/Data/Nhanes/Public/2003/DataFiles/L24EPH_C.xpt,2026-09-14T19:11:11Z,6b43a28169311434bda6e770eebe317ae3a29d0a288960d22318cc73cfd4394b,190080,cdc-nhanes,lab-and-dietary,L24EPH_C.xpt,text/plain,200,"US Government Work (17 USC 105), public domain unless noted",NHANES Laboratory 2003-2004: Environmental Phenols
https://wwwn.cdc.gov/Nchs/Data/Nhanes/Public/2003/DataFiles/L24EPH_C.htm,2026-09-14T19:11:11Z,6509fb6058c9bfb73edb422cf71ad7e51805e3b8cb4ba0252701db1dedea78c2,27921,cdc-nhanes,lab-and-dietary,L24EPH_C.htm,text/html,200,"US Government Work (17 USC 105), public domain unless noted",NHANES codebook for L24EPH_C.xpt
https://wwwn.cdc.gov/Nchs/Data/Nhanes/Public/2009/DataFiles/EPH_F.xpt,2026-09-14T19:11:12Z,e75b15b903e9f7a309b447f3126e44e6bb1391f46d3a3568a7746626dafde179,432000,cdc-nhanes,lab-and-dietary,EPH_F.xpt,text/plain,200,"US Government Work (17 USC 105), public domain unless noted",NHANES Laboratory 2009-2010: Environmental Phenols
https://wwwn.cdc.gov/Nchs/Data/Nhanes/Public/2009/DataFiles/EPH_F.htm,2026-09-14T19:11:12Z,8da64650cb1dcffb0869de092c91359cb7f4135de340f5fde458a1964ce2ddfe,48727,cdc-nhanes,lab-and-dietary,EPH_F.htm,text/html,200,"US Government Work (17 USC 105), public domain unless noted",NHANES codebook for EPH_F.xpt
https://wwwn.cdc.gov/Nchs/Data/Nhanes/Public/2005/DataFiles/EPH_D.xpt,2026-09-14T19:11:13Z,5cb93fd82a17031be8ea663a769b0d7d85086cf1987b7b0fbfa7b029aed61420,404480,cdc-nhanes,lab-and-dietary,EPH_D.xpt,text/plain,200,"US Government Work (17 USC 105), public domain unless noted",NHANES Laboratory 2005-2006: Environmental Phenols &amp; Parabens
https://wwwn.cdc.gov/Nchs/Data/Nhanes/Public/2005/DataFiles/EPH_D.htm,2026-09-14T19:11:13Z,16463fb6041bf76b2ebed8c1851d4d6deb83fe9a72ebec2e4e80f68df90998f9,49812,cdc-nhanes,lab-and-dietary,EPH_D.htm,text/html,200,"US Government Work (17 USC 105), public domain unless noted",NHANES codebook for EPH_D.xpt
https://wwwn.cdc.gov/Nchs/Data/Nhanes/Public/2011/DataFiles/EPH_G.xpt,2026-09-14T19:11:14Z,31c5d95a4b6f0bedcf2523e3d80129fd961aab8d186b88c5b710f68fd0a53d2b,355920,cdc-nhanes,lab-and-dietary,EPH_G.xpt,text/plain,200,"US Government Work (17 USC 105), public domain unless noted",NHANES Laboratory 2011-2012: Environmental Phenols &amp; Parabens
https://wwwn.cdc.gov/Nchs/Data/Nhanes/Public/2011/DataFiles/EPH_G.htm,2026-09-14T19:11:14Z,74be3044122d68503290ba4609961657fd8b54d0b6c1d61c636adf1a9b7c3bed,44318,cdc-nhanes,lab-and-dietary,EPH_G.htm,text/html,200,"US Government Work (17 USC 105), public domain unless noted",NHANES codebook for EPH_G.xpt
https://wwwn.cdc.gov/Nchs/Data/Nhanes/Public/2003/DataFiles/L39EPP_C.xpt,2026-09-14T19:11:15Z,3130e61c47d52e3b9ff8141e79eedeb5fa5f08dd73e3dd0d57f5290f1632faa5,304000,cdc-nhanes,lab-and-dietary,L39EPP_C.xpt,text/plain,200,"US Government Work (17 USC 105), public domain unless noted",NHANES Laboratory 2003-2004: Erythrocyte Protoporphyrin &amp; Selenium
https://wwwn.cdc.gov/Nchs/Data/Nhanes/Public/2003/DataFiles/L39EPP_C.htm,2026-09-14T19:11:15Z,8d50922587c8e3337bf468a4cf06f8f5adf711ebcd86404a25669f8543bffb70,26415,cdc-nhanes,lab-and-dietary,L39EPP_C.htm,text/html,200,"US Government Work (17 USC 105), public domain unless noted",NHANES codebook for L39EPP_C.xpt
https://wwwn.cdc.gov/Nchs/Data/Nhanes/Public/2007/DataFiles/FERTIN_E.xpt,2026-09-14T19:11:16Z,885c4a8c159a79bd9110e608f5b8b8305276c83679cf8291b92b18ed17922e44,77520,cdc-nhanes,lab-and-dietary,FERTIN_E.xpt,text/plain,200,"US Government Work (17 USC 105), public domain unless noted",NHANES Laboratory 2007-2008: Ferritin
https://wwwn.cdc.gov/Nchs/Data/Nhanes/Public/2007/DataFiles/FERTIN_E.htm,2026-09-14T19:11:16Z,8559c0eaa7d2bd4aaf171944384bf20796e08df00f01467efe87ca0807c5b9d0,10960,cdc-nhanes,lab-and-dietary,FERTIN_E.htm,text/html,200,"US Government Work (17 USC 105), public domain unless noted",NHANES codebook for FERTIN_E.xpt
https://wwwn.cdc.gov/Nchs/Data/Nhanes/Public/2005/DataFiles/FERTIN_D.xpt,2026-09-14T19:11:17Z,dffa06c8c096f5a1f8c7227574a900762153a8491ace4973e6af8c6c8447a2e3,95040,cdc-nhanes,lab-and-dietary,FERTIN_D.xpt,text/plain,200,"US Government Work (17 USC 105), public domain unless noted",NHANES Laboratory 2005-2006: Ferritin
https://wwwn.cdc.gov/Nchs/Data/Nhanes/Public/2005/DataFiles/FERTIN_D.htm,2026-09-14T19:11:17Z,4d2225a9c66ffc315639b4a9ff3ca0f1293415f032420211539e3ce904a39d5c,11375,cdc-nhanes,lab-and-dietary,FERTIN_D.htm,text/html,200,"US Government Work (17 USC 105), public domain unless noted",NHANES codebook for FERTIN_D.xpt
https://wwwn.cdc.gov/Nchs/Data/Nhanes/Public/2009/DataFiles/FERTIN_F.xpt,2026-09-14T19:11:18Z,b50a5172c2eaab3a31d6ca1b16258f2fe91a5ad561db143e34269f6f0f1caeb0,85760,cdc-nhanes,lab-and-dietary,FERTIN_F.xpt,text/plain,200,"US Government Work (17 USC 105), public domain unless noted",NHANES Laboratory 2009-2010: Ferritin
https://wwwn.cdc.gov/Nchs/Data/Nhanes/Public/2009/DataFiles/FERTIN_F.htm,2026-09-14T19:11:18Z,418b675be6c9e6a9ff8c05c8f9d3381cf40340f207921cca682e329f36da43bc,12226,cdc-nhanes,lab-and-dietary,FERTIN_F.htm,text/html,200,"US Government Work (17 USC 105), public domain unless noted",NHANES codebook for FERTIN_F.xpt
https://wwwn.cdc.gov/Nchs/Data/Nhanes/Public/2015/DataFiles/FERTIN_I.xpt,2026-09-14T19:11:19Z,250da32041fbcb4b82bbab591c0a031672ca59e8cddb7ad3b4a558d2795c8ef7,79280,cdc-nhanes,lab-and-dietary,FERTIN_I.xpt,text/plain,200,"US Government Work (17 USC 105), public domain unless noted",NHANES Laboratory 2015-2016: Ferritin
https://wwwn.cdc.gov/Nchs/Data/Nhanes/Public/2015/DataFiles/FERTIN_I.htm,2026-09-14T19:11:19Z,b8ce3d66ffd5bb3c3705b5a852924eafe0260e4a53df9d0a69d5c9bf77dbecda,24889,cdc-nhanes,lab-and-dietary,FERTIN_I.htm,text/html,200,"US Government Work (17 USC 105), public domain unless noted",NHANES codebook for FERTIN_I.xpt
https://wwwn.cdc.gov/Nchs/Data/Nhanes/Public/2017/DataFiles/FERTIN_J.xpt,2026-09-14T19:11:20Z,6bc5775797aafbd627316b6208418275fb8951cd571276e1a64436769afa16d5,177200,cdc-nhanes,lab-and-dietary,FERTIN_J.xpt,text/plain,200,"US Government Work (17 USC 105), public domain unless noted",NHANES Laboratory 2017-2018: Ferritin
https://wwwn.cdc.gov/Nchs/Data/Nhanes/Public/2017/DataFiles/FERTIN_J.htm,2026-09-14T19:11:20Z,94b4d6840ea2b26f6bb08833555bb93e16292588d4d0b8207706c94cd4b2239a,17594,cdc-nhanes,lab-and-dietary,FERTIN_J.htm,text/html,200,"US Government Work (17 USC 105), public domain unless noted",NHANES codebook for FERTIN_J.xpt
https://wwwn.cdc.gov/Nchs/Data/Nhanes/Public/2017/DataFiles/P_FERTIN.xpt,2026-09-14T19:11:21Z,8464b13160fc38cce793f07ff1e658dae27a4c201956ef2bbde0925dd4a6f186,288800,cdc-nhanes,lab-and-dietary,P_FERTIN.xpt,text/plain,200,"US Government Work (17 USC 105), public domain unless noted",NHANES Laboratory 2017-2020: Ferritin
https://wwwn.cdc.gov/Nchs/Data/Nhanes/Public/2017/DataFiles/P_FERTIN.htm,2026-09-14T19:11:21Z,5483263031d2ba367befbde671e2231fc1fbd38c0bd8c8e86528912ace1dcc7a,19766,cdc-nhanes,lab-and-dietary,P_FERTIN.htm,text/html,200,"US Government Work (17 USC 105), public domain unless noted",NHANES codebook for P_FERTIN.xpt
https://wwwn.cdc.gov/Nchs/Data/Nhanes/Public/2021/DataFiles/FERTIN_L.xpt,2026-09-14T19:11:22Z,9d3e4d4f330553cd82d731c302a3a200d6f75cb1c1b4565a62ce9396d4cc3795,83360,cdc-nhanes,lab-and-dietary,FERTIN_L.xpt,text/plain,200,"US Government Work (17 USC 105), public domain unless noted",NHANES Laboratory 2021-2023: Ferritin
https://wwwn.cdc.gov/Nchs/Data/Nhanes/Public/2021/DataFiles/FERTIN_L.htm,2026-09-14T19:11:22Z,fc19ae88b9494aa7623bb6f866a391ec7e31b02e8c8ad89def1aeca346bc8001,20456,cdc-nhanes,lab-and-dietary,FERTIN_L.htm,text/html,200,"US Government Work (17 USC 105), public domain unless noted",NHANES codebook for FERTIN_L.xpt
https://wwwn.cdc.gov/Nchs/Data/Nhanes/Public/2003/DataFiles/L06TFR_C.xpt,2026-09-14T19:11:23Z,595da8878ae3821edd5da494861b1d4ee9e6beab6a96593804c3882d9382ebb5,115360,cdc-nhanes,lab-and-dietary,L06TFR_C.xpt,text/plain,200,"US Government Work (17 USC 105), public domain unless noted",NHANES Laboratory 2003-2004: Ferritin &amp; Transferrin Receptor
https://wwwn.cdc.gov/Nchs/Data/Nhanes/Public/2003/DataFiles/L06TFR_C.htm,2026-09-14T19:11:23Z,5a800db8295d7d9ca6aed594665c9bdcb70cec6d54b9afedceef1096d59946a0,17037,cdc-nhanes,lab-and-dietary,L06TFR_C.htm,text/html,200,"US Government Work (17 USC 105), public domain unless noted",NHANES codebook for L06TFR_C.xpt
https://wwwn.cdc.gov/Nchs/Data/Nhanes/Public/2011/DataFiles/FOLATE_G.xpt,2026-09-14T19:11:24Z,366c0fc98433a072a75193ef84a2451f917979d3667a9bc6ceab6120ba65fba7,216160,cdc-nhanes,lab-and-dietary,FOLATE_G.xpt,text/plain,200,"US Government Work (17 USC 105), public domain unless noted",NHANES Laboratory 2011-2012: Folate - RBC
https://wwwn.cdc.gov/Nchs/Data/Nhanes/Public/2011/DataFiles/FOLATE_G.htm,2026-09-14T19:11:24Z,be5401f9adb3813a48472edfe91c1dd734c0b0d150e41812c69ba179fba38615,34980,cdc-nhanes,lab-and-dietary,FOLATE_G.htm,text/html,200,"US Government Work (17 USC 105), public domain unless noted",NHANES codebook for FOLATE_G.xpt
https://wwwn.cdc.gov/Nchs/Data/Nhanes/Public/2013/DataFiles/FOLATE_H.xpt,2026-09-14T19:11:25Z,f99d49fc03a5b01c12298afb1f3e8b74c204f14f39f39dba4fa3fe0a0d1c6c80,227360,cdc-nhanes,lab-and-dietary,FOLATE_H.xpt,text/plain,200,"US Government Work (17 USC 105), public domain unless noted",NHANES Laboratory 2013-2014: Folate - RBC
https://wwwn.cdc.gov/Nchs/Data/Nhanes/Public/2013/DataFiles/FOLATE_H.htm,2026-09-14T19:11:25Z,b53b1808b4e52eff4d3adc07a0458ce8bc33f2b7024dd894e3930d51e7fe03bc,34136,cdc-nhanes,lab-and-dietary,FOLATE_H.htm,text/html,200,"US Government Work (17 USC 105), public domain unless noted",NHANES codebook for FOLATE_H.xpt
https://wwwn.cdc.gov/Nchs/Data/Nhanes/Public/2015/DataFiles/FOLATE_I.xpt,2026-09-14T19:11:26Z,8e1f5210df3f0cc1e4b45194ef7d9718c65b2f2146522974d3356a291f452140,221200,cdc-nhanes,lab-and-dietary,FOLATE_I.xpt,text/plain,200,"US Government Work (17 USC 105), public domain unless noted",NHANES Laboratory 2015-2016: Folate - RBC
https://wwwn.cdc.gov/Nchs/Data/Nhanes/Public/2015/DataFiles/FOLATE_I.htm,2026-09-14T19:11:26Z,f9e836b49dd0e29d772bb0d4672de40b22e0180f37484b245e3cd91dd4401cef,19308,cdc-nhanes,lab-and-dietary,FOLATE_I.htm,text/html,200,"US Government Work (17 USC 105), public domain unless noted",NHANES codebook for FOLATE_I.xpt
https://wwwn.cdc.gov/Nchs/Data/Nhanes/Public/2017/DataFiles/FOLATE_J.xpt,2026-09-14T19:11:27Z,b591315268970e8680ef0b14f26c0cb7d0c7c5d2f536ed48b41739cd2f97a6ca,164240,cdc-nhanes,lab-and-dietary,FOLATE_J.xpt,text/plain,200,"US Government Work (17 USC 105), public domain unless noted",NHANES Laboratory 2017-2018: Folate - RBC
https://wwwn.cdc.gov/Nchs/Data/Nhanes/Public/2017/DataFiles/FOLATE_J.htm,2026-09-14T19:11:27Z,0977130395dd0b69fb3e099209b4042a60eb15aa6d58353371eacb1e169eba56,22015,cdc-nhanes,lab-and-dietary,FOLATE_J.htm,text/html,200,"US Government Work (17 USC 105), public domain unless noted",NHANES codebook for FOLATE_J.xpt
https://wwwn.cdc.gov/Nchs/Data/Nhanes/Public/2017/DataFiles/P_FOLATE.xpt,2026-09-14T19:11:28Z,a63359849117fc90a457d3eb14e8328e62fcc0211012c2882ae52e289264dce3,269680,cdc-nhanes,lab-and-dietary,P_FOLATE.xpt,text/plain,200,"US Government Work (17 USC 105), public domain unless noted",NHANES Laboratory 2017-2020: Folate - RBC
https://wwwn.cdc.gov/Nchs/Data/Nhanes/Public/2017/DataFiles/P_FOLATE.htm,2026-09-14T19:11:28Z,c1adb274bce093167bc3d98584e5cfeea1b420f762534e85ef2e585e2a5abffa,24269,cdc-nhanes,lab-and-dietary,P_FOLATE.htm,text/html,200,"US Government Work (17 USC 105), public domain unless noted",NHANES codebook for P_FOLATE.xpt
https://wwwn.cdc.gov/Nchs/Data/Nhanes/Public/2021/DataFiles/FOLATE_L.xpt,2026-09-14T19:11:29Z,b106d4c3f484503309d4daa320a88753d2a54f110881691ee6f4d879e6565441,280560,cdc-nhanes,lab-and-dietary,FOLATE_L.xpt,text/plain,200,"US Government Work (17 USC 105), public domain unless noted",NHANES Laboratory 2021-2023: Folate - RBC
https://wwwn.cdc.gov/Nchs/Data/Nhanes/Public/2021/DataFiles/FOLATE_L.htm,2026-09-14T19:11:30Z,0d6752b9a5e590e94620ce44ca3fb8b8a36f285e0ae20a7f0461dbe079ecdd68,22078,cdc-nhanes,lab-and-dietary,FOLATE_L.htm,text/html,200,"US Government Work (17 USC 105), public domain unless noted",NHANES codebook for FOLATE_L.xpt
https://wwwn.cdc.gov/Nchs/Data/Nhanes/Public/2005/DataFiles/FOLATE_D.xpt,2026-09-14T19:11:30Z,b213c41ef7f74fc8898b1f592eb5754e745a809ed5e63440f0f6df2f41d65e50,379040,cdc-nhanes,lab-and-dietary,FOLATE_D.xpt,text/plain,200,"US Government Work (17 USC 105), public domain unless noted",NHANES Laboratory 2005-2006: Folate - RBC &amp; Serum
https://wwwn.cdc.gov/Nchs/Data/Nhanes/Public/2005/DataFiles/FOLATE_D.htm,2026-09-14T19:11:31Z,d1c0ec94ecaee98b2c50b45149212e2a47fa54d02e13e4fa8a1021fb75efa039,15616,cdc-nhanes,lab-and-dietary,FOLATE_D.htm,text/html,200,"US Government Work (17 USC 105), public domain unless noted",NHANES codebook for FOLATE_D.xpt
https://wwwn.cdc.gov/Nchs/Data/Nhanes/Public/2007/DataFiles/FOLATE_E.xpt,2026-09-14T19:11:32Z,0f5186035b5eb46fc0c37907989e1b9105a2dff97fecec752c2d4ed5dffc5ea4,373760,cdc-nhanes,lab-and-dietary,FOLATE_E.xpt,text/plain,200,"US Government Work (17 USC 105), public domain unless noted",NHANES Laboratory 2007-2008: Folate - RBC &amp; Serum
https://wwwn.cdc.gov/Nchs/Data/Nhanes/Public/2007/DataFiles/FOLATE_E.htm,2026-09-14T19:11:32Z,855f12c294ac1f6bc70997f9e267e9359cfed95bfd794a9f1f0248c248c518a9,32628,cdc-nhanes,lab-and-dietary,FOLATE_E.htm,text/html,200,"US Government Work (17 USC 105), public domain unless noted",NHANES codebook for FOLATE_E.xpt
https://wwwn.cdc.gov/Nchs/Data/Nhanes/Public/2009/DataFiles/FOLATE_F.xpt,2026-09-14T19:11:33Z,e6c141d36f4df8ba74231912f031c752c8aad1ebb76141db75fc8ba5883597d3,394880,cdc-nhanes,lab-and-dietary,FOLATE_F.xpt,text/plain,200,"US Government Work (17 USC 105), public domain unless noted",NHANES Laboratory 2009-2010: Folate - RBC &amp; Serum
https://wwwn.cdc.gov/Nchs/Data/Nhanes/Public/2009/DataFiles/FOLATE_F.htm,2026-09-14T19:11:33Z,8e77fb6b061f647a3a06f47f55feb30154154800c0843fc13dd091cb1d9115fc,32754,cdc-nhanes,lab-and-dietary,FOLATE_F.htm,text/html,200,"US Government Work (17 USC 105), public domain unless noted",NHANES codebook for FOLATE_F.xpt
https://wwwn.cdc.gov/Nchs/Data/Nhanes/Public/2003/DataFiles/L06NB_C.xpt,2026-09-14T19:11:34Z,19fd14bd89b228e78782d130964c39a35a7cd03ad5f0fc1442f7ee168e35c918,515840,cdc-nhanes,lab-and-dietary,L06NB_C.xpt,text/plain,200,"US Government Work (17 USC 105), public domain unless noted","NHANES Laboratory 2003-2004: Folate - RBC &amp; Serum, and Vitamin B12"
https://wwwn.cdc.gov/Nchs/Data/Nhanes/Public/2003/DataFiles/L06NB_C.htm,2026-09-14T19:11:34Z,f18aeb301a80f8cfb01202b49200f419502c74fcb53cbd221f47a0445cc16952,19921,cdc-nhanes,lab-and-dietary,L06NB_C.htm,text/html,200,"US Government Work (17 USC 105), public domain unless noted",NHANES codebook for L06NB_C.xpt
https://wwwn.cdc.gov/Nchs/Data/Nhanes/Public/2007/DataFiles/FOLFMS_E.xpt,2026-09-14T19:11:35Z,60ea081e58a5e1fcb1b650bebd80b8d971b7638af528666c9a9df68cc5c16352,151520,cdc-nhanes,lab-and-dietary,FOLFMS_E.xpt,text/plain,200,"US Government Work (17 USC 105), public domain unless noted",NHANES Laboratory 2007-2008: Folate Forms - Individual - Serum
https://wwwn.cdc.gov/Nchs/Data/Nhanes/Public/2007/DataFiles/FOLFMS_E.htm,2026-09-14T19:11:35Z,2eb1e1a90d6f18b2f0b8814211b06f834f43d13ad07c8fbda2e2f18068897af0,34860,cdc-nhanes,lab-and-dietary,FOLFMS_E.htm,text/html,200,"US Government Work (17 USC 105), public domain unless noted",NHANES codebook for FOLFMS_E.xpt
https://wwwn.cdc.gov/Nchs/Data/Nhanes/Public/2013/DataFiles/FOLFMS_H.xpt,2026-09-14T19:11:36Z,6fac0b1f687eb751b52e2cdf16b9b0de32f5666b6941d99d877a4bc5d0f77450,1133520,cdc-nhanes,lab-and-dietary,FOLFMS_H.xpt,text/plain,200,"US Government Work (17 USC 105), public domain unless noted",NHANES Laboratory 2013-2014: Folate Forms - Total &amp; Individual - Serum
https://wwwn.cdc.gov/Nchs/Data/Nhanes/Public/2013/DataFiles/FOLFMS_H.htm,2026-09-14T19:11:36Z,6622060f1efb9841abe8d4bb8e974e2997c27eddbfdba00eb51ca74492d59751,87525,cdc-nhanes,lab-and-dietary,FOLFMS_H.htm,text/html,200,"US Government Work (17 USC 105), public domain unless noted",NHANES codebook for FOLFMS_H.xpt
https://wwwn.cdc.gov/Nchs/Data/Nhanes/Public/2011/DataFiles/FOLFMS_G.xpt,2026-09-14T19:11:37Z,6a6999f9a41fea1abc832e6cce30587aa7217dabb3220b52905d0e7b949836c0,1077600,cdc-nhanes,lab-and-dietary,FOLFMS_G.xpt,text/plain,200,"US Government Work (17 USC 105), public domain unless noted",NHANES Laboratory 2011-2012: Folate Forms - Total &amp; Individual - Serum
https://wwwn.cdc.gov/Nchs/Data/Nhanes/Public/2011/DataFiles/FOLFMS_G.htm,2026-09-14T19:11:37Z,65580d2fdeda2325b65a2f9038ce486650b56770d1899b67e9ffa1be3ef7eeb3,169673,cdc-nhanes,lab-and-dietary,FOLFMS_G.htm,text/html,200,"US Government Work (17 USC 105), public domain unless noted",NHANES codebook for FOLFMS_G.xpt
https://wwwn.cdc.gov/Nchs/Data/Nhanes/Public/2015/DataFiles/FOLFMS_I.xpt,2026-09-14T19:11:38Z,3898c7565300c9968bb2b532b6d65bb838e5484efc171069ed7e81df3277ad73,1102720,cdc-nhanes,lab-and-dietary,FOLFMS_I.xpt,text/plain,200,"US Government Work (17 USC 105), public domain unless noted",NHANES Laboratory 2015-2016: Folate Forms - Total &amp; Individual - Serum
https://wwwn.cdc.gov/Nchs/Data/Nhanes/Public/2015/DataFiles/FOLFMS_I.htm,2026-09-14T19:11:38Z,72ee68be57b242eaf8fed1c4193c46cf542c4a40fa5bdffa3032937d8ff46198,62791,cdc-nhanes,lab-and-dietary,FOLFMS_I.htm,text/html,200,"US Government Work (17 USC 105), public domain unless noted",NHANES codebook for FOLFMS_I.xpt
https://wwwn.cdc.gov/Nchs/Data/Nhanes/Public/2017/DataFiles/FOLFMS_J.xpt,2026-09-14T19:11:39Z,8ddb4faabc4ac7160d2923cbf6a2b61aa7489bb3c01c5945b77c818540d62dac,654800,cdc-nhanes,lab-and-dietary,FOLFMS_J.xpt,text/plain,200,"US Government Work (17 USC 105), public domain unless noted",NHANES Laboratory 2017-2018: Folate Forms - Total &amp; Individual - Serum
https://wwwn.cdc.gov/Nchs/Data/Nhanes/Public/2017/DataFiles/FOLFMS_J.htm,2026-09-14T19:11:39Z,a20ac577c01b16ea20ce19c0077bf9cfc4b6aae664eacdeb6fb4a9c9e47343d1,50342,cdc-nhanes,lab-and-dietary,FOLFMS_J.htm,text/html,200,"US Government Work (17 USC 105), public domain unless noted",NHANES codebook for FOLFMS_J.xpt
https://wwwn.cdc.gov/Nchs/Data/Nhanes/Public/2017/DataFiles/P_FOLFMS.xpt,2026-09-14T19:11:40Z,2436da78513c44383e57f9a57b6b27b5b0c5eb9d536e0df68c345513f9837ac3,1076400,cdc-nhanes,lab-and-dietary,P_FOLFMS.xpt,text/plain,200,"US Government Work (17 USC 105), public domain unless noted",NHANES Laboratory 2017-2020: Folate Forms - Total &amp; Individual - Serum
https://wwwn.cdc.gov/Nchs/Data/Nhanes/Public/2017/DataFiles/P_FOLFMS.htm,2026-09-14T19:11:40Z,6ab325ee9ba86560d10c625ee872362c0a0b7168f7ab9a3257e7b22750b790bb,55114,cdc-nhanes,lab-and-dietary,P_FOLFMS.htm,text/html,200,"US Government Work (17 USC 105), public domain unless noted",NHANES codebook for P_FOLFMS.xpt
https://wwwn.cdc.gov/Nchs/Data/Nhanes/Public/2021/DataFiles/FFMR_L.xpt,2026-09-14T19:11:41Z,85831b575001e8ab4ce29c35dd5af035b9d344abe7956a46f827dda5414fd860,971040,cdc-nhanes,lab-and-dietary,FFMR_L.xpt,text/plain,200,"US Government Work (17 USC 105), public domain unless noted",NHANES Laboratory 2021-2023: Folate Forms - Total &amp; Individual – Washed RBCs
https://wwwn.cdc.gov/Nchs/Data/Nhanes/Public/2021/DataFiles/FFMR_L.htm,2026-09-14T19:11:42Z,d718bb63a19fe28c44becdc646497e9711d9975e5b51dba4cb620cf29bcccbb6,49282,cdc-nhanes,lab-and-dietary,FFMR_L.htm,text/html,200,"US Government Work (17 USC 105), public domain unless noted",NHANES codebook for FFMR_L.xpt
https://wwwn.cdc.gov/Nchs/Data/Nhanes/Public/2013/DataFiles/SSGLYP_H.xpt,2026-09-14T19:11:42Z,77a1563539fa712d393d9d3dbdf4b2da29a54c177c57a4942e278217643b98f7,75440,cdc-nhanes,lab-and-dietary,SSGLYP_H.xpt,text/plain,200,"US Government Work (17 USC 105), public domain unless noted",NHANES Laboratory 2013-2014: Glyphosate (GLYP) - Urine
https://wwwn.cdc.gov/Nchs/Data/Nhanes/Public/2013/DataFiles/SSGLYP_H.htm,2026-09-14T19:11:43Z,e124b0061a779a9b1989005f701718533742540e3d48d442c1a1f557ae238ca0,18009,cdc-nhanes,lab-and-dietary,SSGLYP_H.htm,text/html,200,"US Government Work (17 USC 105), public domain unless noted",NHANES codebook for SSGLYP_H.xpt
https://wwwn.cdc.gov/Nchs/Data/Nhanes/Public/2015/DataFiles/SSGLYP_I.xpt,2026-09-14T19:11:43Z,8c524d1bb954a4862b92d6e1f0840659755d7ba04ea33ad2da374ff1a35ce992,103840,cdc-nhanes,lab-and-dietary,SSGLYP_I.xpt,text/plain,200,"US Government Work (17 USC 105), public domain unless noted",NHANES Laboratory 2015-2016: Glyphosate (GLYP) - Urine (Surplus)
https://wwwn.cdc.gov/Nchs/Data/Nhanes/Public/2015/DataFiles/SSGLYP_I.htm,2026-09-14T19:11:44Z,af825cff5f993ed64d507a9792c5ffca31df51d4d8bf5e19e00f11c17fe4e854,18900,cdc-nhanes,lab-and-dietary,SSGLYP_I.htm,text/html,200,"US Government Work (17 USC 105), public domain unless noted",NHANES codebook for SSGLYP_I.xpt
https://wwwn.cdc.gov/Nchs/Data/Nhanes/Public/2017/DataFiles/SSGLYP_J.xpt,2026-09-14T19:11:45Z,19d43e2e3f42736db60fc88fb61b2203d574e45d187d4fe00b8e10f97e70cd88,96880,cdc-nhanes,lab-and-dietary,SSGLYP_J.xpt,text/plain,200,"US Government Work (17 USC 105), public domain unless noted",NHANES Laboratory 2017-2018: Glyphosate (GLYP) - Urine (Surplus)
https://wwwn.cdc.gov/Nchs/Data/Nhanes/Public/2017/DataFiles/SSGLYP_J.htm,2026-09-14T19:11:45Z,2ac22dd30ab623cf23dc0d845cbe92ca6f171dde660e4293ad473a06aa9b30d8,19822,cdc-nhanes,lab-and-dietary,SSGLYP_J.htm,text/html,200,"US Government Work (17 USC 105), public domain unless noted",NHANES codebook for SSGLYP_J.xpt
https://wwwn.cdc.gov/Nchs/Data/Nhanes/Public/2017/DataFiles/FETIB_J.xpt,2026-09-14T19:11:46Z,c9d2c1de16a88f36468696d2e4394f34ee0e52b97540e2715a9530ab38d32deb,462880,cdc-nhanes,lab-and-dietary,FETIB_J.xpt,text/plain,200,"US Government Work (17 USC 105), public domain unless noted",NHANES Laboratory 2017-2018: Iron Status - Serum
https://wwwn.cdc.gov/Nchs/Data/Nhanes/Public/2017/DataFiles/FETIB_J.htm,2026-09-14T19:11:46Z,2f2d3881c0739422c59f1911e4c1598c42f2a1430259dcc1555e8e8e5efebab4,28864,cdc-nhanes,lab-and-dietary,FETIB_J.htm,text/html,200,"US Government Work (17 USC 105), public domain unless noted",NHANES codebook for FETIB_J.xpt
https://wwwn.cdc.gov/Nchs/Data/Nhanes/Public/2017/DataFiles/P_FETIB.xpt,2026-09-14T19:11:47Z,2965da51c055bdffc6b5a52e6f753bc0db44a4aa5567d56e4ecd80b8989922eb,751520,cdc-nhanes,lab-and-dietary,P_FETIB.xpt,text/plain,200,"US Government Work (17 USC 105), public domain unless noted",NHANES Laboratory 2017-2020: Iron Status - Serum
https://wwwn.cdc.gov/Nchs/Data/Nhanes/Public/2017/DataFiles/P_FETIB.htm,2026-09-14T19:11:47Z,424a5994ca425d3b61398fc41ea9acc19331e5e4c66db43d87b90e38b547eeaf,31380,cdc-nhanes,lab-and-dietary,P_FETIB.htm,text/html,200,"US Government Work (17 USC 105), public domain unless noted",NHANES codebook for P_FETIB.xpt
https://wwwn.cdc.gov/Nchs/Data/Nhanes/Public/2005/DataFiles/FETIB_D.xpt,2026-09-14T19:11:48Z,8de4fa26d39763c893cd89ac6a6c1db8cdaf43ea96c5bb4e596e9ec3e1df5c2b,171440,cdc-nhanes,lab-and-dietary,FETIB_D.xpt,text/plain,200,"US Government Work (17 USC 105), public domain unless noted","NHANES Laboratory 2005-2006: Iron, Total Iron Binding Capacity (TIBC), &amp; Transferrin Saturation"
https://wwwn.cdc.gov/Nchs/Data/Nhanes/Public/2005/DataFiles/FETIB_D.htm,2026-09-14T19:11:48Z,862d0f4e74321d84edf38a96c7e46d989626e66559422458b1a2bbd23d0c7df6,17384,cdc-nhanes,lab-and-dietary,FETIB_D.htm,text/html,200,"US Government Work (17 USC 105), public domain unless noted",NHANES codebook for FETIB_D.xpt
https://wwwn.cdc.gov/Nchs/Data/Nhanes/Public/2003/DataFiles/L40FE_C.xpt,2026-09-14T19:11:49Z,9d1bc4b018d10263e8ca9fc5939be7794c6c1fa973d3188e50116d09391818e2,157040,cdc-nhanes,lab-and-dietary,L40FE_C.xpt,text/plain,200,"US Government Work (17 USC 105), public domain unless noted","NHANES Laboratory 2003-2004: Iron, Total Iron Binding Capacity (TIBC), &amp; Transferrin Saturation"
https://wwwn.cdc.gov/Nchs/Data/Nhanes/Public/2003/DataFiles/L40FE_C.htm,2026-09-14T19:11:49Z,2853cd754ba9f5acc6c7166503e722154896bc4402a0fb8ae5ddcdf0b7e61992,17696,cdc-nhanes,lab-and-dietary,L40FE_C.htm,text/html,200,"US Government Work (17 USC 105), public domain unless noted",NHANES codebook for L40FE_C.xpt
https://wwwn.cdc.gov/Nchs/Data/Nhanes/Public/2001/DataFiles/L40FE_B.xpt,2026-09-14T19:11:50Z,e4d50bca7544af94f762c1a6d74b76adef60c2720808e439f60ee7dc0ecfbf65,478240,cdc-nhanes,lab-and-dietary,L40FE_B.xpt,text/plain,200,"US Government Work (17 USC 105), public domain unless noted","NHANES Laboratory 2001-2002: Iron, Total Iron Binding Capacity (TIBC), &amp; Transferrin Saturation"
https://wwwn.cdc.gov/Nchs/Data/Nhanes/Public/2001/DataFiles/L40FE_B.htm,2026-09-14T19:11:51Z,ad9e6617a428341c8a25f5b35cc617f144c0ea197aa9fabe4e08bca4d965c72f,18956,cdc-nhanes,lab-and-dietary,L40FE_B.htm,text/html,200,"US Government Work (17 USC 105), public domain unless noted",NHANES codebook for L40FE_B.xpt
https://wwwn.cdc.gov/Nchs/Data/Nhanes/Public/2015/DataFiles/PBCD_I.xpt,2026-09-14T19:11:52Z,7556d180dbe580ebf439b22201b02db408ee995640e29946e7e60f43f583aa9d,794000,cdc-nhanes,lab-and-dietary,PBCD_I.xpt,text/plain,200,"US Government Work (17 USC 105), public domain unless noted","NHANES Laboratory 2015-2016: Lead, Cadmium, Total Mercury, Selenium &amp; Manganese - Blood"
https://wwwn.cdc.gov/Nchs/Data/Nhanes/Public/2015/DataFiles/PBCD_I.htm,2026-09-14T19:11:52Z,7a3a28b6582f187d10922f3510b53a2118aaeaa4f9ea7d7c079ccc35f68f6292,54857,cdc-nhanes,lab-and-dietary,PBCD_I.htm,text/html,200,"US Government Work (17 USC 105), public domain unless noted",NHANES codebook for PBCD_I.xpt
https://wwwn.cdc.gov/Nchs/Data/Nhanes/Public/2017/DataFiles/PBCD_J.xpt,2026-09-14T19:11:53Z,66859650ceda3969f2b20da86eaca22197cfc93544598bd7a738329515e8c895,1073840,cdc-nhanes,lab-and-dietary,PBCD_J.xpt,text/plain,200,"US Government Work (17 USC 105), public domain unless noted","NHANES Laboratory 2017-2018: Lead, Cadmium, Total Mercury, Selenium, &amp; Manganese - Blood"
https://wwwn.cdc.gov/Nchs/Data/Nhanes/Public/2017/DataFiles/PBCD_J.htm,2026-09-14T19:11:53Z,227abbcee9018c64f305787cc6c261458fce379bd406c841ffb086a9c60c7b63,55445,cdc-nhanes,lab-and-dietary,PBCD_J.htm,text/html,200,"US Government Work (17 USC 105), public domain unless noted",NHANES codebook for PBCD_J.xpt
https://wwwn.cdc.gov/Nchs/Data/Nhanes/Public/2017/DataFiles/P_PBCD.xpt,2026-09-14T19:11:54Z,2d9385c8cf779ebf5988c5ebb178e519c7c5d5bc6fb343392f311fee8c680716,1765840,cdc-nhanes,lab-and-dietary,P_PBCD.xpt,text/plain,200,"US Government Work (17 USC 105), public domain unless noted","NHANES Laboratory 2017-2020: Lead, Cadmium, Total Mercury, Selenium, &amp; Manganese - Blood"
https://wwwn.cdc.gov/Nchs/Data/Nhanes/Public/2017/DataFiles/P_PBCD.htm,2026-09-14T19:11:54Z,eac534565ec91ef08ec612bb109ce0a67876266722de677f600e23babfd46d8f,52901,cdc-nhanes,lab-and-dietary,P_PBCD.htm,text/html,200,"US Government Work (17 USC 105), public domain unless noted",NHANES codebook for P_PBCD.xpt
https://wwwn.cdc.gov/Nchs/Data/Nhanes/Public/2021/DataFiles/PBCD_L.xpt,2026-09-14T19:11:55Z,4197ce4dbf9e29be9891aa03e3b0972ffcf8fed21cd55092218f11d80b7e7bd1,1190000,cdc-nhanes,lab-and-dietary,PBCD_L.xpt,text/plain,200,"US Government Work (17 USC 105), public domain unless noted","NHANES Laboratory 2021-2023: Lead, Cadmium, Total Mercury, Selenium, &amp; Manganese – Blood"
https://wwwn.cdc.gov/Nchs/Data/Nhanes/Public/2021/DataFiles/PBCD_L.htm,2026-09-14T19:11:55Z,e951d396bf532ba1991d485a2e12ae52b495caf9e29254dd2ad09c2b7c6e1c3b,57205,cdc-nhanes,lab-and-dietary,PBCD_L.htm,text/html,200,"US Government Work (17 USC 105), public domain unless noted",NHANES codebook for PBCD_L.xpt
https://wwwn.cdc.gov/Nchs/Data/Nhanes/Public/2013/DataFiles/PBCD_H.xpt,2026-09-14T19:11:56Z,fd354c927ba6344256bdef540ce32821ed35a85f18a4014a94be337f148afd26,809920,cdc-nhanes,lab-and-dietary,PBCD_H.xpt,text/plain,200,"US Government Work (17 USC 105), public domain unless noted","NHANES Laboratory 2013-2014: Lead, Cadmium, Total Mercury, Selenium, and Manganese - Blood"
https://wwwn.cdc.gov/Nchs/Data/Nhanes/Public/2013/DataFiles/PBCD_H.htm,2026-09-14T19:11:56Z,7b860c5fdfbc282041a93891f536f3b5a5df587ded730525ad1c8dbda7fabdfc,55135,cdc-nhanes,lab-and-dietary,PBCD_H.htm,text/html,200,"US Government Work (17 USC 105), public domain unless noted",NHANES codebook for PBCD_H.xpt
https://wwwn.cdc.gov/Nchs/Data/Nhanes/Public/2005/DataFiles/OPD_D.xpt,2026-09-14T19:11:57Z,336f928b649af0e787b42064a6e2289f7d04173113207ee4d2b6eca44cf385a6,333600,cdc-nhanes,lab-and-dietary,OPD_D.xpt,text/plain,200,"US Government Work (17 USC 105), public domain unless noted",NHANES Laboratory 2005-2006: Organophosphate Insecticides - Diakyl Phosphate Metabolites - Urine
https://wwwn.cdc.gov/Nchs/Data/Nhanes/Public/2005/DataFiles/OPD_D.htm,2026-09-14T19:11:57Z,15691ea7c56c1de8f47929975b7901284826998099dad3ac2a67cdbabc34a7a4,37662,cdc-nhanes,lab-and-dietary,OPD_D.htm,text/html,200,"US Government Work (17 USC 105), public domain unless noted",NHANES codebook for OPD_D.xpt
https://wwwn.cdc.gov/Nchs/Data/Nhanes/Public/2003/DataFiles/L26OPD_C.xpt,2026-09-14T19:11:58Z,a6a9ee1d7bfe143705cedbd8daee8e167f5e544b77e370b5b26e12096ba6d6c3,316320,cdc-nhanes,lab-and-dietary,L26OPD_C.xpt,text/plain,200,"US Government Work (17 USC 105), public domain unless noted",NHANES Laboratory 2003-2004: Organophosphate Insecticides - Diakyl Phosphate Metabolites - Urine
https://wwwn.cdc.gov/Nchs/Data/Nhanes/Public/2003/DataFiles/L26OPD_C.htm,2026-09-14T19:11:58Z,301cf94c79ff140463bfcd804e51cad70e2cf739435f31c653d4d09fbbf5cc52,40557,cdc-nhanes,lab-and-dietary,L26OPD_C.htm,text/html,200,"US Government Work (17 USC 105), public domain unless noted",NHANES codebook for L26OPD_C.xpt
https://wwwn.cdc.gov/Nchs/Data/Nhanes/Public/2007/DataFiles/OPD_E.xpt,2026-09-14T19:11:59Z,f154cc8cab076e84ca9799156e76359c570310b8a5872e50679c2fb14952b03d,326160,cdc-nhanes,lab-and-dietary,OPD_E.xpt,text/plain,200,"US Government Work (17 USC 105), public domain unless noted",NHANES Laboratory 2007-2008: Organophosphate Insecticides - Diakyl Phosphate Metabolites - Urine
https://wwwn.cdc.gov/Nchs/Data/Nhanes/Public/2007/DataFiles/OPD_E.htm,2026-09-14T19:11:59Z,d3e5ccdfa26b7aec677402d9d9495eff233d9b87244ab6d2ecbcedc0b4286d63,40380,cdc-nhanes,lab-and-dietary,OPD_E.htm,text/html,200,"US Government Work (17 USC 105), public domain unless noted",NHANES codebook for OPD_E.xpt
https://wwwn.cdc.gov/Nchs/Data/Nhanes/Public/2011/DataFiles/OPD_G.xpt,2026-09-14T19:12:00Z,0f2e5981e505c4d555a4071ee4bcdcd1eb3c5c7134d23f1911160e7e4d019d2c,283280,cdc-nhanes,lab-and-dietary,OPD_G.xpt,text/plain,200,"US Government Work (17 USC 105), public domain unless noted",NHANES Laboratory 2011-2012: Organophosphate Insecticides - Dialkyl Phosphate Metabolites - Urine
https://wwwn.cdc.gov/Nchs/Data/Nhanes/Public/2011/DataFiles/OPD_G.htm,2026-09-14T19:12:00Z,50e9c77b57e88959809cf09c0fbf654f3e6d7f16f2ab42e209e519455e8cf01b,43610,cdc-nhanes,lab-and-dietary,OPD_G.htm,text/html,200,"US Government Work (17 USC 105), public domain unless noted",NHANES codebook for OPD_G.xpt
https://wwwn.cdc.gov/Nchs/Data/Nhanes/Public/2015/DataFiles/OPD_I.xpt,2026-09-14T19:12:01Z,3caaab677cfeb4e66bca4c93f600cad8544aab8047103e57612f01a86e87dcfe,361680,cdc-nhanes,lab-and-dietary,OPD_I.xpt,text/plain,200,"US Government Work (17 USC 105), public domain unless noted",NHANES Laboratory 2015-2016: Organophosphate Insecticides - Dialkyl Phosphate Metabolites - Urine
https://wwwn.cdc.gov/Nchs/Data/Nhanes/Public/2015/DataFiles/OPD_I.htm,2026-09-14T19:12:02Z,aa8618ee819b7d211502192b775b5e43e5e49f0d544d0c1b24399b19cf404a8b,42572,cdc-nhanes,lab-and-dietary,OPD_I.htm,text/html,200,"US Government Work (17 USC 105), public domain unless noted",NHANES codebook for OPD_I.xpt
https://wwwn.cdc.gov/Nchs/Data/Nhanes/Public/2017/DataFiles/OPD_J.xpt,2026-09-14T19:12:03Z,0f9bfbd323d16cccbc744125d10a9c1242a739dc5f4669e050066ddc9a1a5bca,337200,cdc-nhanes,lab-and-dietary,OPD_J.xpt,text/plain,200,"US Government Work (17 USC 105), public domain unless noted",NHANES Laboratory 2017-2018: Organophosphate Insecticides - Dialkyl Phosphate Metabolites - Urine
https://wwwn.cdc.gov/Nchs/Data/Nhanes/Public/2017/DataFiles/OPD_J.htm,2026-09-14T19:12:03Z,d7704b008b09558e0129489eead7f0de888e304aa6e84e97b866d926b2403acc,50745,cdc-nhanes,lab-and-dietary,OPD_J.htm,text/html,200,"US Government Work (17 USC 105), public domain unless noted",NHANES codebook for OPD_J.xpt
https://wwwn.cdc.gov/Nchs/Data/Nhanes/Public/2017/DataFiles/P_OPD.xpt,2026-09-14T19:12:04Z,bffdcf1ef981a3e5e4ccdcc465c508e70fc23b446f912109fcb5741185b6eb11,554800,cdc-nhanes,lab-and-dietary,P_OPD.xpt,text/plain,200,"US Government Work (17 USC 105), public domain unless noted",NHANES Laboratory 2017-2020: Organophosphate Insecticides - Dialkyl Phosphate Metabolites - Urine
https://wwwn.cdc.gov/Nchs/Data/Nhanes/Public/2017/DataFiles/P_OPD.htm,2026-09-14T19:12:04Z,ac0cb345ebafa2a9a9c5bf4fcfdf970bae2e5ac2202125d0249de186cf1a669d,44539,cdc-nhanes,lab-and-dietary,P_OPD.htm,text/html,200,"US Government Work (17 USC 105), public domain unless noted",NHANES codebook for P_OPD.xpt
https://wwwn.cdc.gov/Nchs/Data/Nhanes/Public/2005/DataFiles/CARB_D.xpt,2026-09-14T19:12:05Z,36c8f2efa545112ee4a572b42c1d6de54f82d13de8e4b05c61fbd4a11dd63d33,333600,cdc-nhanes,lab-and-dietary,CARB_D.xpt,text/plain,200,"US Government Work (17 USC 105), public domain unless noted",NHANES Laboratory 2005-2006: Pesticides - Carbamates &amp; Organophosphorus Metabolites - Urine
https://wwwn.cdc.gov/Nchs/Data/Nhanes/Public/2005/DataFiles/CARB_D.htm,2026-09-14T19:12:05Z,518261d66c915e61c8a267ea3e9edff9b19cd91dd6abbd46b9b132cc721dd15c,37789,cdc-nhanes,lab-and-dietary,CARB_D.htm,text/html,200,"US Government Work (17 USC 105), public domain unless noted",NHANES codebook for CARB_D.xpt
https://wwwn.cdc.gov/Nchs/Data/Nhanes/Public/2007/DataFiles/CARB_E.xpt,2026-09-14T19:12:06Z,fffb62049be567588f9fce59344981639f573aaf118e32b0c50e430535058f3a,326160,cdc-nhanes,lab-and-dietary,CARB_E.xpt,text/plain,200,"US Government Work (17 USC 105), public domain unless noted",NHANES Laboratory 2007-2008: Pesticides - Carbamates &amp; Organophosphorus Metabolites - Urine
https://wwwn.cdc.gov/Nchs/Data/Nhanes/Public/2007/DataFiles/CARB_E.htm,2026-09-14T19:12:06Z,01f7dfe154d132cff16c78891036f754aa5a28fc4a9d3f5e49e047e93548f3ce,38149,cdc-nhanes,lab-and-dietary,CARB_E.htm,text/html,200,"US Government Work (17 USC 105), public domain unless noted",NHANES codebook for CARB_E.xpt
https://wwwn.cdc.gov/Nchs/Data/Nhanes/Public/2003/DataFiles/L26UPP_C.xpt,2026-09-14T19:12:07Z,4a1fdea71e16cab64707a3bc0de7c78cb25d6e60764005536ebcc33bdde1e271,1241920,cdc-nhanes,lab-and-dietary,L26UPP_C.xpt,text/plain,200,"US Government Work (17 USC 105), public domain unless noted","NHANES Laboratory 2003-2004: Pesticides - Current Use - Urine (Formerly Priority Pesticides, Non-persistent Pesticide Metabolites)"
https://wwwn.cdc.gov/Nchs/Data/Nhanes/Public/2003/DataFiles/L26UPP_C.htm,2026-09-14T19:12:07Z,853306df66e193cb979a6f88975cb476fca04e4b1d4c90081dbed90fb9b872db,137356,cdc-nhanes,lab-and-dietary,L26UPP_C.htm,text/html,200,"US Government Work (17 USC 105), public domain unless noted",NHANES codebook for L26UPP_C.xpt
https://wwwn.cdc.gov/Nchs/Data/Nhanes/Public/2005/DataFiles/UPP_D.xpt,2026-09-14T19:12:08Z,06e0a0a2ea2233d0ac5f584f53f6edfe48c9419e36c89bf6d3145012db56d15e,821760,cdc-nhanes,lab-and-dietary,UPP_D.xpt,text/plain,200,"US Government Work (17 USC 105), public domain unless noted","NHANES Laboratory 2005-2006: Pesticides - Current Use - Urine (Formerly Priority Pesticides, Non-persistent Pesticide Metabolites)"
https://wwwn.cdc.gov/Nchs/Data/Nhanes/Public/2005/DataFiles/UPP_D.htm,2026-09-14T19:12:08Z,b083f334e9803cc36a84451ef0565a4e9be074197d76a136fdecc5f236284619,85149,cdc-nhanes,lab-and-dietary,UPP_D.htm,text/html,200,"US Government Work (17 USC 105), public domain unless noted",NHANES codebook for UPP_D.xpt
https://wwwn.cdc.gov/Nchs/Data/Nhanes/Public/2001/DataFiles/L26PP_B.xpt,2026-09-14T19:12:09Z,e04161ec876d7a42b17548acaba0de974530409d3d7576d8686724a97ebdcfea,1167200,cdc-nhanes,lab-and-dietary,L26PP_B.xpt,text/plain,200,"US Government Work (17 USC 105), public domain unless noted","NHANES Laboratory 2001-2002: Pesticides - Current Use - Urine (Formerly Priority Pesticides, Non-persistent Pesticide Metabolites)"
https://wwwn.cdc.gov/Nchs/Data/Nhanes/Public/2001/DataFiles/L26PP_B.htm,2026-09-14T19:12:09Z,9d5ae1c70f0a8a978451bcc9fa9ed3e6619b30ddce01cbfa55699749e7391828,104629,cdc-nhanes,lab-and-dietary,L26PP_B.htm,text/html,200,"US Government Work (17 USC 105), public domain unless noted",NHANES codebook for L26PP_B.xpt
https://wwwn.cdc.gov/Nchs/Data/Nhanes/Public/2007/DataFiles/UPP_E.xpt,2026-09-14T19:12:10Z,407765e0452b25811b9c2ad404c5f7848bd30e6b146ee22decc6c15ef10ea363,803360,cdc-nhanes,lab-and-dietary,UPP_E.xpt,text/plain,200,"US Government Work (17 USC 105), public domain unless noted","NHANES Laboratory 2007-2008: Pesticides - Current Use - Urine (Formerly Priority Pesticides, Non-persistent Pesticide Metabolites)"
https://wwwn.cdc.gov/Nchs/Data/Nhanes/Public/2007/DataFiles/UPP_E.htm,2026-09-14T19:12:10Z,0183bf1da32ae7f971ff5e103437d2f6bd68a613615635de387ba9fe6c26d54c,85440,cdc-nhanes,lab-and-dietary,UPP_E.htm,text/html,200,"US Government Work (17 USC 105), public domain unless noted",NHANES codebook for UPP_E.xpt
https://wwwn.cdc.gov/Nchs/Data/Nhanes/Public/1999/DataFiles/LAB26PP.xpt,2026-09-14T19:12:11Z,446f6bc9a43b0c644f1488e7a046348633214abaf4654e6617a30f450625dbe4,1611920,cdc-nhanes,lab-and-dietary,LAB26PP.xpt,text/plain,200,"US Government Work (17 USC 105), public domain unless noted","NHANES Laboratory 1999-2000: Pesticides - Current Use - Urine (Formerly Priority Pesticides, Non-persistent Pesticide Metabolites)"
https://wwwn.cdc.gov/Nchs/Data/Nhanes/Public/1999/DataFiles/LAB26PP.htm,2026-09-14T19:12:11Z,91a53ddb09d045c250710c665faded12b29ce2db8e1b913e66cb203f086ae29f,194587,cdc-nhanes,lab-and-dietary,LAB26PP.htm,text/html,200,"US Government Work (17 USC 105), public domain unless noted",NHANES codebook for LAB26PP.xpt
https://wwwn.cdc.gov/Nchs/Data/Nhanes/Public/2005/DataFiles/PP_D.xpt,2026-09-14T19:12:12Z,573438ff53ac65abf12c79ac5d15e1486a5ad28de8521d5a175af2d76d4785a8,276960,cdc-nhanes,lab-and-dietary,PP_D.xpt,text/plain,200,"US Government Work (17 USC 105), public domain unless noted",NHANES Laboratory 2005-2006: Pesticides - Environmental - Urine
https://wwwn.cdc.gov/Nchs/Data/Nhanes/Public/2005/DataFiles/PP_D.htm,2026-09-14T19:12:12Z,cca4b2bab55b9ecee3b88801d3573a7639a49d4e96cc1dabd559ccd369e14100,35675,cdc-nhanes,lab-and-dietary,PP_D.htm,text/html,200,"US Government Work (17 USC 105), public domain unless noted",NHANES codebook for PP_D.xpt
https://wwwn.cdc.gov/Nchs/Data/Nhanes/Public/2003/DataFiles/L24PP_C.xpt,2026-09-14T19:12:13Z,1f4f41524da2a35fce91ff053e50042fc8101f1fee4cddae09275be43798ce35,274240,cdc-nhanes,lab-and-dietary,L24PP_C.xpt,text/plain,200,"US Government Work (17 USC 105), public domain unless noted",NHANES Laboratory 2003-2004: Pesticides - Environmental - Urine
https://wwwn.cdc.gov/Nchs/Data/Nhanes/Public/2003/DataFiles/L24PP_C.htm,2026-09-14T19:12:13Z,e38d6e1195567a380bffce329cc98864603bb4572bc7d5676fb39a9bab9d2348,35605,cdc-nhanes,lab-and-dietary,L24PP_C.htm,text/html,200,"US Government Work (17 USC 105), public domain unless noted",NHANES codebook for L24PP_C.xpt
https://wwwn.cdc.gov/Nchs/Data/Nhanes/Public/2007/DataFiles/PP_E.xpt,2026-09-14T19:12:14Z,37a6192c891fd593f559dc55614fe42f4e106e0551ac4ae909c1edb48c68c5e3,285280,cdc-nhanes,lab-and-dietary,PP_E.xpt,text/plain,200,"US Government Work (17 USC 105), public domain unless noted",NHANES Laboratory 2007-2008: Pesticides - Environmental - Urine
https://wwwn.cdc.gov/Nchs/Data/Nhanes/Public/2007/DataFiles/PP_E.htm,2026-09-14T19:12:15Z,afafd4f2e5b09bc18939beb723b4bfd06a44e68e9e4315dd3df0bc2bdd021f21,35476,cdc-nhanes,lab-and-dietary,PP_E.htm,text/html,200,"US Government Work (17 USC 105), public domain unless noted",NHANES codebook for PP_E.xpt
https://wwwn.cdc.gov/Nchs/Data/Nhanes/Public/2009/DataFiles/PP_F.xpt,2026-09-14T19:12:15Z,12c1c0c04a28c079549a5668741b10861c150a71f737ecbe1579f91af61281a6,295760,cdc-nhanes,lab-and-dietary,PP_F.xpt,text/plain,200,"US Government Work (17 USC 105), public domain unless noted",NHANES Laboratory 2009-2010: Pesticides - Environmental - Urine
https://wwwn.cdc.gov/Nchs/Data/Nhanes/Public/2009/DataFiles/PP_F.htm,2026-09-14T19:12:16Z,765a5384f53d6bcebe451d1b98319c2cbce9ab39ea3d05580ff447e928e2ab23,35459,cdc-nhanes,lab-and-dietary,PP_F.htm,text/html,200,"US Government Work (17 USC 105), public domain unless noted",NHANES codebook for PP_F.xpt
https://wwwn.cdc.gov/Nchs/Data/Nhanes/Public/2011/DataFiles/PP_G.xpt,2026-09-14T19:12:16Z,b1ca9e985ad9c9732c1e41909edf580638a51880cbba8d47292bb5945bbf3e3c,147040,cdc-nhanes,lab-and-dietary,PP_G.xpt,text/plain,200,"US Government Work (17 USC 105), public domain unless noted",NHANES Laboratory 2011-2012: Pesticides - Environmental - Urine
https://wwwn.cdc.gov/Nchs/Data/Nhanes/Public/2011/DataFiles/PP_G.htm,2026-09-14T19:12:17Z,4ce4803a2d7bb38b8376d0df73a9003254108cb141eb2fa685636430169f326a,22509,cdc-nhanes,lab-and-dietary,PP_G.htm,text/html,200,"US Government Work (17 USC 105), public domain unless noted",NHANES codebook for PP_G.xpt
https://wwwn.cdc.gov/Nchs/Data/Nhanes/Public/2001/DataFiles/SSPST_B.xpt,2026-09-14T19:12:17Z,d639c1281636a25651145248a5a88541b60bb905565cfb40d37091f756cda382,11520,cdc-nhanes,lab-and-dietary,SSPST_B.xpt,text/plain,200,"US Government Work (17 USC 105), public domain unless noted",NHANES Laboratory 2001-2002: Pesticides - Organochlorine Metabolites - Serum - Pooled Samples (Surplus)
https://wwwn.cdc.gov/Nchs/Data/Nhanes/Public/2001/DataFiles/SSPST_B.htm,2026-09-14T19:12:18Z,6be71b37f457bc6d331edf21f2a6b0b52647b4b56b1cecc4aca331ec94f0079d,43941,cdc-nhanes,lab-and-dietary,SSPST_B.htm,text/html,200,"US Government Work (17 USC 105), public domain unless noted",NHANES codebook for SSPST_B.xpt
https://wwwn.cdc.gov/Nchs/Data/Nhanes/Public/2003/DataFiles/L28OCP_C.xpt,2026-09-14T19:12:19Z,bb6bc226c269aae6f269671a5c5678d1cd6644c818e59fa474749d1347f8abc2,773040,cdc-nhanes,lab-and-dietary,L28OCP_C.xpt,text/plain,200,"US Government Work (17 USC 105), public domain unless noted",NHANES Laboratory 2003-2004: Pesticides - Organochlorine Metabolites - Serum (Surplus)
https://wwwn.cdc.gov/Nchs/Data/Nhanes/Public/2003/DataFiles/L28OCP_C.htm,2026-09-14T19:12:19Z,780ab026f87a07a9e47a9b92c2d22ab83febe9da22d8771b49f4157b0bd31634,100051,cdc-nhanes,lab-and-dietary,L28OCP_C.htm,text/html,200,"US Government Work (17 USC 105), public domain unless noted",NHANES codebook for L28OCP_C.xpt
https://wwwn.cdc.gov/Nchs/Data/Nhanes/Public/2005/DataFiles/PSTPOL_D.xpt,2026-09-14T19:12:20Z,3b8523c623e54696bbebb5884313c5491f537849b0789f372d1e4bfba7d34556,70640,cdc-nhanes,lab-and-dietary,PSTPOL_D.xpt,text/plain,200,"US Government Work (17 USC 105), public domain unless noted",NHANES Laboratory 2005-2006: Pesticides - Organochlorine Pesticides - Pooled Samples
https://wwwn.cdc.gov/Nchs/Data/Nhanes/Public/2005/DataFiles/PSTPOL_D.htm,2026-09-14T19:12:20Z,44b12291c067bcd9bbda3a223912ea4a7973b96647462942fe4db11a43fc261c,85187,cdc-nhanes,lab-and-dietary,PSTPOL_D.htm,text/html,200,"US Government Work (17 USC 105), public domain unless noted",NHANES codebook for PSTPOL_D.xpt
https://wwwn.cdc.gov/Nchs/Data/Nhanes/Public/2007/DataFiles/PSTPOL_E.xpt,2026-09-14T19:12:21Z,5b31f824a742672d1c139bed53139dacc3264fe595e05a24f5fe357e699cc4f4,75120,cdc-nhanes,lab-and-dietary,PSTPOL_E.xpt,text/plain,200,"US Government Work (17 USC 105), public domain unless noted",NHANES Laboratory 2007-2008: Pesticides - Organochlorine Pesticides - Pooled Samples
https://wwwn.cdc.gov/Nchs/Data/Nhanes/Public/2007/DataFiles/PSTPOL_E.htm,2026-09-14T19:12:21Z,fe5a956baa9e5570bd74e9061c114c604ea36b63b9d85a5349b53e451cb9ae7a,116399,cdc-nhanes,lab-and-dietary,PSTPOL_E.htm,text/html,200,"US Government Work (17 USC 105), public domain unless noted",NHANES codebook for PSTPOL_E.xpt
https://wwwn.cdc.gov/Nchs/Data/Nhanes/Public/2009/DataFiles/PSTPOL_F.xpt,2026-09-14T19:12:22Z,0b9d599d784540229351024d37082e2877f6a1c2bcd2ac55a6acd0d459e40a61,77200,cdc-nhanes,lab-and-dietary,PSTPOL_F.xpt,text/plain,200,"US Government Work (17 USC 105), public domain unless noted",NHANES Laboratory 2009-2010: Pesticides - Organochlorine Pesticides - Pooled Samples
https://wwwn.cdc.gov/Nchs/Data/Nhanes/Public/2009/DataFiles/PSTPOL_F.htm,2026-09-14T19:12:22Z,32d8b02fa1b9104df8ef51f16110dc608b06d849ece659922b738c27f11e133e,118887,cdc-nhanes,lab-and-dietary,PSTPOL_F.htm,text/html,200,"US Government Work (17 USC 105), public domain unless noted",NHANES codebook for PSTPOL_F.xpt
https://wwwn.cdc.gov/Nchs/Data/Nhanes/Public/2011/DataFiles/PSTPOL_G.xpt,2026-09-14T19:12:23Z,06252e801a49597f53485f577ddc28d185c3316a05723e0416fc81a8300dfa1f,65200,cdc-nhanes,lab-and-dietary,PSTPOL_G.xpt,text/plain,200,"US Government Work (17 USC 105), public domain unless noted",NHANES Laboratory 2011-2012: Pesticides - Organochlorine Pesticides - Pooled Samples
https://wwwn.cdc.gov/Nchs/Data/Nhanes/Public/2011/DataFiles/PSTPOL_G.htm,2026-09-14T19:12:23Z,90539f4dd1af89de64fcf895adfc22df4390ef96adcf28288e5590492bd69392,129133,cdc-nhanes,lab-and-dietary,PSTPOL_G.htm,text/html,200,"US Government Work (17 USC 105), public domain unless noted",NHANES codebook for PSTPOL_G.xpt
https://wwwn.cdc.gov/Nchs/Data/Nhanes/Public/2013/DataFiles/PSTPOL_H.xpt,2026-09-14T19:12:24Z,2cac7a6157eb0986c06f2e01b856810390e6b17cfb069205b0916eb3d34c6c95,65920,cdc-nhanes,lab-and-dietary,PSTPOL_H.xpt,text/plain,200,"US Government Work (17 USC 105), public domain unless noted",NHANES Laboratory 2013-2014: Pesticides - Organochlorine Pesticides - Pooled Samples
https://wwwn.cdc.gov/Nchs/Data/Nhanes/Public/2013/DataFiles/PSTPOL_H.htm,2026-09-14T19:12:24Z,6afcf3b957c4cf23c2b53d21f046c0f10f09782b0e7adbb04e11afb808897f26,141459,cdc-nhanes,lab-and-dietary,PSTPOL_H.htm,text/html,200,"US Government Work (17 USC 105), public domain unless noted",NHANES codebook for PSTPOL_H.xpt
https://wwwn.cdc.gov/Nchs/Data/Nhanes/Public/2015/DataFiles/PSTPOL_I.xpt,2026-09-14T19:12:25Z,f3792598a543afb7c72f4f4b5eb6e5d64e94dd321d197b1b74bab28a93c61525,61840,cdc-nhanes,lab-and-dietary,PSTPOL_I.xpt,text/plain,200,"US Government Work (17 USC 105), public domain unless noted",NHANES Laboratory 2015-2016: Pesticides - Organochlorine Pesticides - Pooled Samples
https://wwwn.cdc.gov/Nchs/Data/Nhanes/Public/2015/DataFiles/PSTPOL_I.htm,2026-09-14T19:12:25Z,6b3a03ce6e2880b5a24708f32f5431683ae41c0cbdbe836a25c8a528ecd8bcc0,144711,cdc-nhanes,lab-and-dietary,PSTPOL_I.htm,text/html,200,"US Government Work (17 USC 105), public domain unless noted",NHANES codebook for PSTPOL_I.xpt
https://wwwn.cdc.gov/Nchs/Data/Nhanes/Public/2007/DataFiles/UPHOPM_E.xpt,2026-09-14T19:12:26Z,a0fdf7f22937563d613bad59077b1c8cd238f44198ff5b7804489dc33755513c,499760,cdc-nhanes,lab-and-dietary,UPHOPM_E.xpt,text/plain,200,"US Government Work (17 USC 105), public domain unless noted","NHANES Laboratory 2007-2008: Pyrethroids, Herbicides, &amp; OP Metabolites - Urine"
https://wwwn.cdc.gov/Nchs/Data/Nhanes/Public/2007/DataFiles/UPHOPM_E.htm,2026-09-14T19:12:26Z,e61178ba3afd7efc7911ddfef8bc94764409892116072b5fd6a991d537f393de,59141,cdc-nhanes,lab-and-dietary,UPHOPM_E.htm,text/html,200,"US Government Work (17 USC 105), public domain unless noted",NHANES codebook for UPHOPM_E.xpt
https://wwwn.cdc.gov/Nchs/Data/Nhanes/Public/2009/DataFiles/UPHOPM_F.xpt,2026-09-14T19:12:27Z,d0ed8e8ca94863a5b4dfba8a51b01c704492aa34733220890a54b32a584a3ab5,524960,cdc-nhanes,lab-and-dietary,UPHOPM_F.xpt,text/plain,200,"US Government Work (17 USC 105), public domain unless noted","NHANES Laboratory 2009-2010: Pyrethroids, Herbicides, &amp; OP Metabolites - Urine"
https://wwwn.cdc.gov/Nchs/Data/Nhanes/Public/2009/DataFiles/UPHOPM_F.htm,2026-09-14T19:12:27Z,cb6a4750a0415741d3bbac634a53a2c1dfe44b6cacc0a08e16b9db956b41e251,59145,cdc-nhanes,lab-and-dietary,UPHOPM_F.htm,text/html,200,"US Government Work (17 USC 105), public domain unless noted",NHANES codebook for UPHOPM_F.xpt
https://wwwn.cdc.gov/Nchs/Data/Nhanes/Public/2011/DataFiles/UPHOPM_G.xpt,2026-09-14T19:12:28Z,b049a464cf513ec242323d61d4afbb19ab8b8f633c7fb630e83e0224f46b8a1f,283280,cdc-nhanes,lab-and-dietary,UPHOPM_G.xpt,text/plain,200,"US Government Work (17 USC 105), public domain unless noted","NHANES Laboratory 2011-2012: Pyrethroids, Herbicides, &amp; Organophosphorus Metabolites - Urine"
https://wwwn.cdc.gov/Nchs/Data/Nhanes/Public/2011/DataFiles/UPHOPM_G.htm,2026-09-14T19:12:28Z,5465a17c1477982cef47c5e91961819256fc949355ff9814b9cee90a5f50e9c6,42694,cdc-nhanes,lab-and-dietary,UPHOPM_G.htm,text/html,200,"US Government Work (17 USC 105), public domain unless noted",NHANES codebook for UPHOPM_G.xpt
https://wwwn.cdc.gov/Nchs/Data/Nhanes/Public/2013/DataFiles/UPHOPM_H.xpt,2026-09-14T19:12:29Z,db590e8fff2e74e07334d1c4d78b522d7b71e00fdae2a7904556e8ff258b778c,356160,cdc-nhanes,lab-and-dietary,UPHOPM_H.xpt,text/plain,200,"US Government Work (17 USC 105), public domain unless noted","NHANES Laboratory 2013-2014: Pyrethroids, Herbicides, &amp; Organophosphorus Metabolites - Urine"
https://wwwn.cdc.gov/Nchs/Data/Nhanes/Public/2013/DataFiles/UPHOPM_H.htm,2026-09-14T19:12:29Z,a007c8a5ba404531340fabbd27a12bffb780be1047ae3905e597ceefd03e008c,55394,cdc-nhanes,lab-and-dietary,UPHOPM_H.htm,text/html,200,"US Government Work (17 USC 105), public domain unless noted",NHANES codebook for UPHOPM_H.xpt
https://wwwn.cdc.gov/Nchs/Data/Nhanes/Public/2015/DataFiles/UPHOPM_I.xpt,2026-09-14T19:12:30Z,e0c8c2546cb1f11378c84414d10d25fc35e348924c4e495cfb82442e7734b642,464800,cdc-nhanes,lab-and-dietary,UPHOPM_I.xpt,text/plain,200,"US Government Work (17 USC 105), public domain unless noted","NHANES Laboratory 2015-2016: Pyrethroids, Herbicides, &amp; Organophosphorus Metabolites - Urine"
https://wwwn.cdc.gov/Nchs/Data/Nhanes/Public/2015/DataFiles/UPHOPM_I.htm,2026-09-14T19:12:30Z,b379d22d3a8e0ddbc21a7c2e07392367082f4205037fdd9618bb1d3bbed4225c,50690,cdc-nhanes,lab-and-dietary,UPHOPM_I.htm,text/html,200,"US Government Work (17 USC 105), public domain unless noted",NHANES codebook for UPHOPM_I.xpt
https://wwwn.cdc.gov/Nchs/Data/Nhanes/Public/2017/DataFiles/UPHOPM_J.xpt,2026-09-14T19:12:31Z,6bbb2edeed637b8a95768296f15fe22fb472eddeb2863b8f90e50087f48295e3,433280,cdc-nhanes,lab-and-dietary,UPHOPM_J.xpt,text/plain,200,"US Government Work (17 USC 105), public domain unless noted","NHANES Laboratory 2017-2018: Pyrethroids, Herbicides, &amp; Organophosphorus Metabolites – Urine"
https://wwwn.cdc.gov/Nchs/Data/Nhanes/Public/2017/DataFiles/UPHOPM_J.htm,2026-09-14T19:12:31Z,0d4a4b1af0db8c6c945d263dad52938ba425b21e025dc9c49eecdfe111901f7b,50616,cdc-nhanes,lab-and-dietary,UPHOPM_J.htm,text/html,200,"US Government Work (17 USC 105), public domain unless noted",NHANES codebook for UPHOPM_J.xpt
https://wwwn.cdc.gov/Nchs/Data/Nhanes/Public/2021/DataFiles/FOLFMS_L.xpt,2026-09-14T19:12:32Z,2a6e49bf7ee810a73f0f2b009dff8089c6c13deca8ab338ea5cbfe7fc3a39bfe,1120080,cdc-nhanes,lab-and-dietary,FOLFMS_L.xpt,text/plain,200,"US Government Work (17 USC 105), public domain unless noted",NHANES Laboratory 2021-2023: Serum Folate Forms - Total &amp; Individual - Serum
https://wwwn.cdc.gov/Nchs/Data/Nhanes/Public/2021/DataFiles/FOLFMS_L.htm,2026-09-14T19:12:32Z,98b20300df8f8a1aca67a8077059f9d9cb6b99db2a3951c5c05a719542885c2c,46994,cdc-nhanes,lab-and-dietary,FOLFMS_L.htm,text/html,200,"US Government Work (17 USC 105), public domain unless noted",NHANES codebook for FOLFMS_L.xpt
https://wwwn.cdc.gov/Nchs/Data/Nhanes/Public/2005/DataFiles/VITAEC_D.xpt,2026-09-14T19:12:33Z,67beb79d270e694e9a75015908d226863f55893bd556776a740ac0421828a78c,1621440,cdc-nhanes,lab-and-dietary,VITAEC_D.xpt,text/plain,200,"US Government Work (17 USC 105), public domain unless noted","NHANES Laboratory 2005-2006: Vitamin A, Vitamin E &amp; Carotenoids"
https://wwwn.cdc.gov/Nchs/Data/Nhanes/Public/2005/DataFiles/VITAEC_D.htm,2026-09-14T19:12:33Z,5dd3cbe172c177eae0c21faa750f390e30d4b5b1ed287928a81db5068068daa4,68367,cdc-nhanes,lab-and-dietary,VITAEC_D.htm,text/html,200,"US Government Work (17 USC 105), public domain unless noted",NHANES codebook for VITAEC_D.xpt
https://wwwn.cdc.gov/Nchs/Data/Nhanes/Public/2003/DataFiles/L45VIT_C.xpt,2026-09-14T19:12:34Z,56ebc58a11a6b8ddae27c24adcca185321c22e31e990725a7ee1ae4e5021d434,2752640,cdc-nhanes,lab-and-dietary,L45VIT_C.xpt,text/plain,200,"US Government Work (17 USC 105), public domain unless noted","NHANES Laboratory 2003-2004: Vitamin A, Vitamin E &amp; Carotenoids"
https://wwwn.cdc.gov/Nchs/Data/Nhanes/Public/2003/DataFiles/L45VIT_C.htm,2026-09-14T19:12:34Z,6f0f0eaeca63d177ea4218eb71a3b9c25f7662539bf699267804cb88ab130a57,113633,cdc-nhanes,lab-and-dietary,L45VIT_C.htm,text/html,200,"US Government Work (17 USC 105), public domain unless noted",NHANES codebook for L45VIT_C.xpt
https://wwwn.cdc.gov/Nchs/Data/Nhanes/Public/2001/DataFiles/L06VIT_B.xpt,2026-09-14T19:12:35Z,24997d11658604e9223c27b17dd1d26226936dfa08c5139ccd2bb3b72bb9fab4,1708240,cdc-nhanes,lab-and-dietary,L06VIT_B.xpt,text/plain,200,"US Government Work (17 USC 105), public domain unless noted","NHANES Laboratory 2001-2002: Vitamin A, Vitamin E &amp; Carotenoids"
https://wwwn.cdc.gov/Nchs/Data/Nhanes/Public/2001/DataFiles/L06VIT_B.htm,2026-09-14T19:12:36Z,61046c3d7f2b39b597d5313a5c45c77f9a5e1c3365d01b9face8bfebb0bd99ad,67133,cdc-nhanes,lab-and-dietary,L06VIT_B.htm,text/html,200,"US Government Work (17 USC 105), public domain unless noted",NHANES codebook for L06VIT_B.xpt
https://wwwn.cdc.gov/Nchs/Data/Nhanes/Public/2017/DataFiles/VITAEC_J.xpt,2026-09-14T19:12:37Z,c1f3b976abe6766cf612a6448c81073aa767750d26e093a4b09f6d0078c51708,2385520,cdc-nhanes,lab-and-dietary,VITAEC_J.xpt,text/plain,200,"US Government Work (17 USC 105), public domain unless noted","NHANES Laboratory 2017-2018: Vitamin A, Vitamin E &amp; Carotenoids"
https://wwwn.cdc.gov/Nchs/Data/Nhanes/Public/2017/DataFiles/VITAEC_J.htm,2026-09-14T19:12:37Z,f4f5299f069c22e0d6cfd5b851f352f35931bf73965041666ee8eae1273950e4,101891,cdc-nhanes,lab-and-dietary,VITAEC_J.htm,text/html,200,"US Government Work (17 USC 105), public domain unless noted",NHANES codebook for VITAEC_J.xpt
https://wwwn.cdc.gov/Nchs/Data/Nhanes/Public/2001/DataFiles/VIT_2_B.xpt,2026-09-14T19:12:38Z,6dda4373025de70881d274d47a32134b9a7c9a0805611a03f23de8517944090b,109920,cdc-nhanes,lab-and-dietary,VIT_2_B.xpt,text/plain,200,"US Government Work (17 USC 105), public domain unless noted","NHANES Laboratory 2001-2002: Vitamin A, Vitamin E, &amp; Carotenoids, Second Exam"
https://wwwn.cdc.gov/Nchs/Data/Nhanes/Public/2001/DataFiles/VIT_2_B.htm,2026-09-14T19:12:38Z,75c35074287c7ac0382d839e2722cebe3cfff88d2a70b8cea20d652130c0f1d9,52586,cdc-nhanes,lab-and-dietary,VIT_2_B.htm,text/html,200,"US Government Work (17 USC 105), public domain unless noted",NHANES codebook for VIT_2_B.xpt
https://wwwn.cdc.gov/Nchs/Data/Nhanes/Public/2005/DataFiles/B12_D.xpt,2026-09-14T19:12:39Z,6dcc58cf6dc5bece78e8464dc146b072bd23c877987349942ce3a5aff8d0f305,227760,cdc-nhanes,lab-and-dietary,B12_D.xpt,text/plain,200,"US Government Work (17 USC 105), public domain unless noted",NHANES Laboratory 2005-2006: Vitamin B12
https://wwwn.cdc.gov/Nchs/Data/Nhanes/Public/2005/DataFiles/B12_D.htm,2026-09-14T19:12:39Z,ebaa5cdf7aadf4bcf98a1995d7c8168831470d0bba67ad729b97c54f4e9e709b,11613,cdc-nhanes,lab-and-dietary,B12_D.htm,text/html,200,"US Government Work (17 USC 105), public domain unless noted",NHANES codebook for B12_D.xpt
https://wwwn.cdc.gov/Nchs/Data/Nhanes/Public/2011/DataFiles/VITB12_G.xpt,2026-09-14T19:12:40Z,d7d422ae7f631e5150a518aa4f7dce6eee68e841d2de64709905fc2ba92820f2,128880,cdc-nhanes,lab-and-dietary,VITB12_G.xpt,text/plain,200,"US Government Work (17 USC 105), public domain unless noted",NHANES Laboratory 2011-2012: Vitamin B12
https://wwwn.cdc.gov/Nchs/Data/Nhanes/Public/2011/DataFiles/VITB12_G.htm,2026-09-14T19:12:40Z,c7f739d2e264a68e742b9e0739a2d83eea776253dbe9df58086fde8f5e789f65,16108,cdc-nhanes,lab-and-dietary,VITB12_G.htm,text/html,200,"US Government Work (17 USC 105), public domain unless noted",NHANES codebook for VITB12_G.xpt
https://wwwn.cdc.gov/Nchs/Data/Nhanes/Public/2013/DataFiles/VITB12_H.xpt,2026-09-14T19:12:41Z,6d280479d279379a1f67278722e3b6a1f1a3566c06dfc3a1f02c9713975633ae,138880,cdc-nhanes,lab-and-dietary,VITB12_H.xpt,text/plain,200,"US Government Work (17 USC 105), public domain unless noted",NHANES Laboratory 2013-2014: Vitamin B12
https://wwwn.cdc.gov/Nchs/Data/Nhanes/Public/2013/DataFiles/VITB12_H.htm,2026-09-14T19:12:41Z,302516f82aea269b03ac18b9306a80608a115eaf6b4efcec348ea8261c9cfb79,20819,cdc-nhanes,lab-and-dietary,VITB12_H.htm,text/html,200,"US Government Work (17 USC 105), public domain unless noted",NHANES codebook for VITB12_H.xpt
https://wwwn.cdc.gov/Nchs/Data/Nhanes/Public/2005/DataFiles/VIT_B6_D.xpt,2026-09-14T19:12:42Z,94758ae73e88ec1ff86a3d095025d748c95864df7200cf29a8cb96dc092df318,227760,cdc-nhanes,lab-and-dietary,VIT_B6_D.xpt,text/plain,200,"US Government Work (17 USC 105), public domain unless noted",NHANES Laboratory 2005-2006: Vitamin B6
https://wwwn.cdc.gov/Nchs/Data/Nhanes/Public/2005/DataFiles/VIT_B6_D.htm,2026-09-14T19:12:42Z,0f4031038755b9408e752927f25490dfd037bbcece0a268fb418770007ae2d9a,14847,cdc-nhanes,lab-and-dietary,VIT_B6_D.htm,text/html,200,"US Government Work (17 USC 105), public domain unless noted",NHANES codebook for VIT_B6_D.xpt
https://wwwn.cdc.gov/Nchs/Data/Nhanes/Public/2003/DataFiles/L43_C.xpt,2026-09-14T19:12:43Z,353910d00f26685f600ab19146d445add5adc005fe5625c494c35371b3d182ba,147920,cdc-nhanes,lab-and-dietary,L43_C.xpt,text/plain,200,"US Government Work (17 USC 105), public domain unless noted",NHANES Laboratory 2003-2004: Vitamin B6
https://wwwn.cdc.gov/Nchs/Data/Nhanes/Public/2003/DataFiles/L43_C.htm,2026-09-14T19:12:43Z,e62535538a85c20e9cf819fe14022fe6c08f882ea45a244561d3b3b895cdd390,11858,cdc-nhanes,lab-and-dietary,L43_C.htm,text/html,200,"US Government Work (17 USC 105), public domain unless noted",NHANES codebook for L43_C.xpt
https://wwwn.cdc.gov/Nchs/Data/Nhanes/Public/2007/DataFiles/VIT_B6_E.xpt,2026-09-14T19:12:44Z,ce00e8885a4777c91e84ad6c13ef065f98089afae6cd2850b4712f77eddf78c2,224640,cdc-nhanes,lab-and-dietary,VIT_B6_E.xpt,text/plain,200,"US Government Work (17 USC 105), public domain unless noted",NHANES Laboratory 2007-2008: Vitamin B6
https://wwwn.cdc.gov/Nchs/Data/Nhanes/Public/2007/DataFiles/VIT_B6_E.htm,2026-09-14T19:12:44Z,8bfc5ce3cd5f80a0ae6354a14c7bf5b2a6b23b3e63e411713d46a680ab39dc95,14845,cdc-nhanes,lab-and-dietary,VIT_B6_E.htm,text/html,200,"US Government Work (17 USC 105), public domain unless noted",NHANES codebook for VIT_B6_E.xpt
https://wwwn.cdc.gov/Nchs/Data/Nhanes/Public/2009/DataFiles/VIT_B6_F.xpt,2026-09-14T19:12:45Z,7733b753730a023560065ba25e6feba74373e8c7420373ff687b731eef752caa,237280,cdc-nhanes,lab-and-dietary,VIT_B6_F.xpt,text/plain,200,"US Government Work (17 USC 105), public domain unless noted",NHANES Laboratory 2009-2010: Vitamin B6
https://wwwn.cdc.gov/Nchs/Data/Nhanes/Public/2009/DataFiles/VIT_B6_F.htm,2026-09-14T19:12:45Z,562b193b95d2b33befd3787598fce495041ad3698d0861f94c6c32f21519527b,12895,cdc-nhanes,lab-and-dietary,VIT_B6_F.htm,text/html,200,"US Government Work (17 USC 105), public domain unless noted",NHANES codebook for VIT_B6_F.xpt
https://wwwn.cdc.gov/Nchs/Data/Nhanes/Public/2003/DataFiles/L06VIT_C.xpt,2026-09-14T19:12:46Z,2927adaeb7e9bb6c817c4f66896839abdcb73d699ce25fd51fbcce0ad8c59bae,192800,cdc-nhanes,lab-and-dietary,L06VIT_C.xpt,text/plain,200,"US Government Work (17 USC 105), public domain unless noted",NHANES Laboratory 2003-2004: Vitamin C
https://wwwn.cdc.gov/Nchs/Data/Nhanes/Public/2003/DataFiles/L06VIT_C.htm,2026-09-14T19:12:46Z,e6b47701fa64c8b244578b08b86e41bca78b48322c75f7106d3174fc2f75684e,15266,cdc-nhanes,lab-and-dietary,L06VIT_C.htm,text/html,200,"US Government Work (17 USC 105), public domain unless noted",NHANES codebook for L06VIT_C.xpt
https://wwwn.cdc.gov/Nchs/Data/Nhanes/Public/2005/DataFiles/VIC_D.xpt,2026-09-14T19:12:47Z,9cc460cc0cce1e64cb24e9bd297d3aea998ec34979d6a4a843b333a90a3afe52,195280,cdc-nhanes,lab-and-dietary,VIC_D.xpt,text/plain,200,"US Government Work (17 USC 105), public domain unless noted",NHANES Laboratory 2005-2006: Vitamin C
https://wwwn.cdc.gov/Nchs/Data/Nhanes/Public/2005/DataFiles/VIC_D.htm,2026-09-14T19:12:47Z,0b61d89fde7ca9a73871d15d978851f0f82f70eb8e97e80714f829767fd50b07,11109,cdc-nhanes,lab-and-dietary,VIC_D.htm,text/html,200,"US Government Work (17 USC 105), public domain unless noted",NHANES codebook for VIC_D.xpt
https://wwwn.cdc.gov/Nchs/Data/Nhanes/Public/2017/DataFiles/VIC_J.xpt,2026-09-14T19:12:48Z,bd711aa673a716825a8975d4a5e358182d628dc281c889d185e6e532abd37092,239200,cdc-nhanes,lab-and-dietary,VIC_J.xpt,text/plain,200,"US Government Work (17 USC 105), public domain unless noted",NHANES Laboratory 2017-2018: Vitamin C
https://wwwn.cdc.gov/Nchs/Data/Nhanes/Public/2017/DataFiles/VIC_J.htm,2026-09-14T19:12:48Z,22f49b58ff0f31a9a8d0850c4bf2c0bad52dac12190fbc6d224be4b17285bf8c,19953,cdc-nhanes,lab-and-dietary,VIC_J.htm,text/html,200,"US Government Work (17 USC 105), public domain unless noted",NHANES codebook for VIC_J.xpt
https://wwwn.cdc.gov/Nchs/Data/Nhanes/Public/2011/DataFiles/VID_G.xpt,2026-09-14T19:12:49Z,c8e3868b2d497b31b3c6378ed715379a4e8772d1f1aacea47e32854d7574f54c,646880,cdc-nhanes,lab-and-dietary,VID_G.xpt,text/plain,200,"US Government Work (17 USC 105), public domain unless noted",NHANES Laboratory 2011-2012: Vitamin D
https://wwwn.cdc.gov/Nchs/Data/Nhanes/Public/2011/DataFiles/VID_G.htm,2026-09-14T19:12:49Z,fc6b4234f14a13b528457d423762db51afc853f65e14717b370990bc7cac287d,31901,cdc-nhanes,lab-and-dietary,VID_G.htm,text/html,200,"US Government Work (17 USC 105), public domain unless noted",NHANES codebook for VID_G.xpt
https://wwwn.cdc.gov/Nchs/Data/Nhanes/Public/2013/DataFiles/VID_H.xpt,2026-09-14T19:12:50Z,1fd6e73b0b8b27098a652cb72bfc30d38d2cbd36daafeebee18a6cb68d0c1b01,680400,cdc-nhanes,lab-and-dietary,VID_H.xpt,text/plain,200,"US Government Work (17 USC 105), public domain unless noted",NHANES Laboratory 2013-2014: Vitamin D
https://wwwn.cdc.gov/Nchs/Data/Nhanes/Public/2013/DataFiles/VID_H.htm,2026-09-14T19:12:51Z,4d5142991dcdd13337c1e291311e49ce53d44ca3c4882129dd7af13d6353a777,30594,cdc-nhanes,lab-and-dietary,VID_H.htm,text/html,200,"US Government Work (17 USC 105), public domain unless noted",NHANES codebook for VID_H.xpt
https://wwwn.cdc.gov/Nchs/Data/Nhanes/Public/2015/DataFiles/VID_I.xpt,2026-09-14T19:12:52Z,e1d0d9f22aed3e185efebf43a542e8b2a5d31d488fddbc676690c320a59ec5ab,661920,cdc-nhanes,lab-and-dietary,VID_I.xpt,text/plain,200,"US Government Work (17 USC 105), public domain unless noted",NHANES Laboratory 2015-2016: Vitamin D
https://wwwn.cdc.gov/Nchs/Data/Nhanes/Public/2015/DataFiles/VID_I.htm,2026-09-14T19:12:52Z,66ed994a587cb4ee9cc2ebf5490d6c03abf6c797edc267a9a73eadf3e3a671a8,32184,cdc-nhanes,lab-and-dietary,VID_I.htm,text/html,200,"US Government Work (17 USC 105), public domain unless noted",NHANES codebook for VID_I.xpt
https://wwwn.cdc.gov/Nchs/Data/Nhanes/Public/2017/DataFiles/VID_J.xpt,2026-09-14T19:12:53Z,5a688e2107758b9344a222823fbdce4838928bbec70e1fd2f34e3ef5c45a95ac,604400,cdc-nhanes,lab-and-dietary,VID_J.xpt,text/plain,200,"US Government Work (17 USC 105), public domain unless noted",NHANES Laboratory 2017-2018: Vitamin D
https://wwwn.cdc.gov/Nchs/Data/Nhanes/Public/2017/DataFiles/VID_J.htm,2026-09-14T19:12:53Z,432eb706a803400a464677d6c382d497f803c2cb52003931e4981f5bf36480d4,30333,cdc-nhanes,lab-and-dietary,VID_J.htm,text/html,200,"US Government Work (17 USC 105), public domain unless noted",NHANES codebook for VID_J.xpt
https://wwwn.cdc.gov/Nchs/Data/Nhanes/Public/2021/DataFiles/VID_L.xpt,2026-09-14T19:12:54Z,5901de08d633fa31f2199af53e49f434e89a2bf2cc26539b84d1787f85166fa7,700320,cdc-nhanes,lab-and-dietary,VID_L.xpt,text/plain,200,"US Government Work (17 USC 105), public domain unless noted",NHANES Laboratory 2021-2023: Vitamin D
https://wwwn.cdc.gov/Nchs/Data/Nhanes/Public/2021/DataFiles/VID_L.htm,2026-09-14T19:12:54Z,e7ae44a6cf8b4aba018d14ee291f74bea8e12ee9fb690399f06f54755ec276f4,33867,cdc-nhanes,lab-and-dietary,VID_L.htm,text/html,200,"US Government Work (17 USC 105), public domain unless noted",NHANES codebook for VID_L.xpt
https://wwwn.cdc.gov/Nchs/Data/Nhanes/Public/1999/DataFiles/DRXIFF.xpt,2026-09-14T19:12:59Z,48b478991fbd577486a861fc63057df558dd49828abac513183edcc3e3515bd5,71600960,cdc-nhanes,lab-and-dietary,DRXIFF.xpt,text/plain,200,"US Government Work (17 USC 105), public domain unless noted",NHANES Dietary 1999-2000: Dietary Interview - Individual Foods
https://wwwn.cdc.gov/Nchs/Data/Nhanes/Public/1999/DataFiles/DRXIFF.htm,2026-09-14T19:12:59Z,90d33616058144e97b750a0ccf42aed650873d7e213f6138a18bb99642103e67,177013,cdc-nhanes,lab-and-dietary,DRXIFF.htm,text/html,200,"US Government Work (17 USC 105), public domain unless noted",NHANES codebook for DRXIFF.xpt
https://wwwn.cdc.gov/Nchs/Data/Nhanes/Public/2001/DataFiles/DRXIFF_B.xpt,2026-09-14T19:13:05Z,24866960f4eaad9cda6464f4330624f8a3d548f7a3dc29daca0426036e849068,85813680,cdc-nhanes,lab-and-dietary,DRXIFF_B.xpt,text/plain,200,"US Government Work (17 USC 105), public domain unless noted",NHANES Dietary 2001-2002: Dietary Interview - Individual Foods
https://wwwn.cdc.gov/Nchs/Data/Nhanes/Public/2001/DataFiles/DRXIFF_B.htm,2026-09-14T19:13:05Z,b8ddf5125a0014ba80d77e5592abcd2230f1569b362055a3bc0b0fce7c5c3057,182216,cdc-nhanes,lab-and-dietary,DRXIFF_B.htm,text/html,200,"US Government Work (17 USC 105), public domain unless noted",NHANES codebook for DRXIFF_B.xpt
https://wwwn.cdc.gov/Nchs/Data/Nhanes/Public/2003/DataFiles/DR1IFF_C.xpt,2026-09-14T19:13:10Z,942e4b6cf7d72fe773f81705eba1bc566eb2e028c781b0aaba116fb7626f5e0b,86055840,cdc-nhanes,lab-and-dietary,DR1IFF_C.xpt,text/plain,200,"US Government Work (17 USC 105), public domain unless noted","NHANES Dietary 2003-2004: Dietary Interview - Individual Foods, First Day"
https://wwwn.cdc.gov/Nchs/Data/Nhanes/Public/2003/DataFiles/DR1IFF_C.htm,2026-09-14T19:13:10Z,126b12aabbe57b6d2526471ae5049ba82f5153da3624304deecdd3174c1c2737,269375,cdc-nhanes,lab-and-dietary,DR1IFF_C.htm,text/html,200,"US Government Work (17 USC 105), public domain unless noted",NHANES codebook for DR1IFF_C.xpt
https://wwwn.cdc.gov/Nchs/Data/Nhanes/Public/2009/DataFiles/DR1IFF_F.xpt,2026-09-14T19:13:18Z,d2e2cf8195695f8c8a3890b62231fa71b344824fd531a86a483da8e1ccd30034,102686560,cdc-nhanes,lab-and-dietary,DR1IFF_F.xpt,text/plain,200,"US Government Work (17 USC 105), public domain unless noted","NHANES Dietary 2009-2010: Dietary Interview - Individual Foods, First Day"
https://wwwn.cdc.gov/Nchs/Data/Nhanes/Public/2009/DataFiles/DR1IFF_F.htm,2026-09-14T19:13:18Z,c84af8281e16b2ceadcaa0b90e48d1459b84f1057c5081a93e2273b669644be2,280659,cdc-nhanes,lab-and-dietary,DR1IFF_F.htm,text/html,200,"US Government Work (17 USC 105), public domain unless noted",NHANES codebook for DR1IFF_F.xpt
https://wwwn.cdc.gov/Nchs/Data/Nhanes/Public/2007/DataFiles/DR1IFF_E.xpt,2026-09-14T19:13:24Z,aedfffe65f5a845d69099ad170474bfe022e15eb3baa708e741682bf7fa60550,99090720,cdc-nhanes,lab-and-dietary,DR1IFF_E.xpt,text/plain,200,"US Government Work (17 USC 105), public domain unless noted","NHANES Dietary 2007-2008: Dietary Interview - Individual Foods, First Day"
https://wwwn.cdc.gov/Nchs/Data/Nhanes/Public/2007/DataFiles/DR1IFF_E.htm,2026-09-14T19:13:24Z,f2af0b556da0dd06edc1f7993f6bac97124c7920c31320c844c4ae0bd6d73fee,282514,cdc-nhanes,lab-and-dietary,DR1IFF_E.htm,text/html,200,"US Government Work (17 USC 105), public domain unless noted",NHANES codebook for DR1IFF_E.xpt
https://wwwn.cdc.gov/Nchs/Data/Nhanes/Public/2011/DataFiles/DR1IFF_G.xpt,2026-09-14T19:13:28Z,bf40537bd378f95377b7c274198ac0e7b3a1fbf70b2ad9d995ccc72943b2c061,86034720,cdc-nhanes,lab-and-dietary,DR1IFF_G.xpt,text/plain,200,"US Government Work (17 USC 105), public domain unless noted","NHANES Dietary 2011-2012: Dietary Interview - Individual Foods, First Day"
https://wwwn.cdc.gov/Nchs/Data/Nhanes/Public/2011/DataFiles/DR1IFF_G.htm,2026-09-14T19:13:29Z,f883564f7fe9f5e30ecf6c93970f9a40bc140f1277229e3fb79484d5adbdbfff,291993,cdc-nhanes,lab-and-dietary,DR1IFF_G.htm,text/html,200,"US Government Work (17 USC 105), public domain unless noted",NHANES codebook for DR1IFF_G.xpt
https://wwwn.cdc.gov/Nchs/Data/Nhanes/Public/2005/DataFiles/DR1IFF_D.xpt,2026-09-14T19:13:34Z,4bd05ebd1f1692645a2b73b96d30e94d0c2dc65e0c2c28100650d657d81eae5c,97580560,cdc-nhanes,lab-and-dietary,DR1IFF_D.xpt,text/plain,200,"US Government Work (17 USC 105), public domain unless noted","NHANES Dietary 2005-2006: Dietary Interview - Individual Foods, First Day"
https://wwwn.cdc.gov/Nchs/Data/Nhanes/Public/2005/DataFiles/DR1IFF_D.htm,2026-09-14T19:13:34Z,77faab790e01387601eee59e48ce765f132386a94f434aa2564b682f7161e357,543674,cdc-nhanes,lab-and-dietary,DR1IFF_D.htm,text/html,200,"US Government Work (17 USC 105), public domain unless noted",NHANES codebook for DR1IFF_D.xpt
https://wwwn.cdc.gov/Nchs/Data/Nhanes/Public/2013/DataFiles/DR1IFF_H.xpt,2026-09-14T19:13:39Z,2af08841d72b4b4f03fdeddb3e666e1fee2b86d7b0d99d74b3b6f7125b560af7,88309280,cdc-nhanes,lab-and-dietary,DR1IFF_H.xpt,text/plain,200,"US Government Work (17 USC 105), public domain unless noted","NHANES Dietary 2013-2014: Dietary Interview - Individual Foods, First Day"
https://wwwn.cdc.gov/Nchs/Data/Nhanes/Public/2013/DataFiles/DR1IFF_H.htm,2026-09-14T19:13:39Z,b9eb03a7e1beb4b136f60bd2d6a55dc5eb21da21deac6ce861abcce8a5941590,282649,cdc-nhanes,lab-and-dietary,DR1IFF_H.htm,text/html,200,"US Government Work (17 USC 105), public domain unless noted",NHANES codebook for DR1IFF_H.xpt
https://wwwn.cdc.gov/Nchs/Data/Nhanes/Public/2015/DataFiles/DR1IFF_I.xpt,2026-09-14T19:13:43Z,36b516fa303611f075e80ce1c44360a8c964261adcc67b7aa3f2df8b937532f5,81647760,cdc-nhanes,lab-and-dietary,DR1IFF_I.xpt,text/plain,200,"US Government Work (17 USC 105), public domain unless noted","NHANES Dietary 2015-2016: Dietary Interview - Individual Foods, First Day"
https://wwwn.cdc.gov/Nchs/Data/Nhanes/Public/2015/DataFiles/DR1IFF_I.htm,2026-09-14T19:13:43Z,1da419de6454f4b7534ad05905eb92bc1c2dc8ddd6bc0f5061745bcb630cc909,281128,cdc-nhanes,lab-and-dietary,DR1IFF_I.htm,text/html,200,"US Government Work (17 USC 105), public domain unless noted",NHANES codebook for DR1IFF_I.xpt
https://wwwn.cdc.gov/Nchs/Data/Nhanes/Public/2017/DataFiles/DR1IFF_J.xpt,2026-09-14T19:13:47Z,dc0d7a563f393bd368e23b524fbfd6f98a960f3932bfa8931ca35e6dbb0b6d4f,75735520,cdc-nhanes,lab-and-dietary,DR1IFF_J.xpt,text/plain,200,"US Government Work (17 USC 105), public domain unless noted","NHANES Dietary 2017-2018: Dietary Interview - Individual Foods, First Day"
https://wwwn.cdc.gov/Nchs/Data/Nhanes/Public/2017/DataFiles/DR1IFF_J.htm,2026-09-14T19:13:48Z,6a0aa067344fa3f9b4264aea008369b9579b9f4e62b98291bf1cdcbeb17fbcce,281407,cdc-nhanes,lab-and-dietary,DR1IFF_J.htm,text/html,200,"US Government Work (17 USC 105), public domain unless noted",NHANES codebook for DR1IFF_J.xpt
https://wwwn.cdc.gov/Nchs/Data/Nhanes/Public/2017/DataFiles/P_DR1IFF.xpt,2026-09-14T19:13:54Z,264a4dfd66455f106a8ac25a745ebb4e065564b049b45000a5f9c44296d48dec,123600000,cdc-nhanes,lab-and-dietary,P_DR1IFF.xpt,text/plain,200,"US Government Work (17 USC 105), public domain unless noted","NHANES Dietary 2017-2020: Dietary Interview - Individual Foods, First Day"
https://wwwn.cdc.gov/Nchs/Data/Nhanes/Public/2017/DataFiles/P_DR1IFF.htm,2026-09-14T19:13:54Z,06e80e8884b4a9ab71522544bf052bf0322638bed476e4513a766d1300190243,285063,cdc-nhanes,lab-and-dietary,P_DR1IFF.htm,text/html,200,"US Government Work (17 USC 105), public domain unless noted",NHANES codebook for P_DR1IFF.xpt
https://wwwn.cdc.gov/Nchs/Data/Nhanes/Public/2021/DataFiles/DR1IFF_L.xpt,2026-09-14T19:13:58Z,97177395e5fd1322ec8cb72d271a3f8d46e6a83b1105f89f6ef6f39f156037b3,67290480,cdc-nhanes,lab-and-dietary,DR1IFF_L.xpt,text/plain,200,"US Government Work (17 USC 105), public domain unless noted","NHANES Dietary 2021-2023: Dietary Interview - Individual Foods, First Day"
https://wwwn.cdc.gov/Nchs/Data/Nhanes/Public/2021/DataFiles/DR1IFF_L.htm,2026-09-14T19:13:58Z,98e2942937957ce1613bb24b85517584e97c9a01a1fc586ad8a9de4ecaf1697d,282373,cdc-nhanes,lab-and-dietary,DR1IFF_L.htm,text/html,200,"US Government Work (17 USC 105), public domain unless noted",NHANES codebook for DR1IFF_L.xpt
https://wwwn.cdc.gov/Nchs/Data/Nhanes/Public/2003/DataFiles/DR2IFF_C.xpt,2026-09-14T19:14:03Z,80ffe49e1414ea07c385d1aeb8c3074a365420a2f4cec9c1d66cb44f651ac755,79303680,cdc-nhanes,lab-and-dietary,DR2IFF_C.xpt,text/plain,200,"US Government Work (17 USC 105), public domain unless noted","NHANES Dietary 2003-2004: Dietary Interview - Individual Foods, Second Day"
https://wwwn.cdc.gov/Nchs/Data/Nhanes/Public/2003/DataFiles/DR2IFF_C.htm,2026-09-14T19:14:04Z,48c2b1281bacaa49c6039b32a71c957b313795d01b616bf7d464b9009656335d,269345,cdc-nhanes,lab-and-dietary,DR2IFF_C.htm,text/html,200,"US Government Work (17 USC 105), public domain unless noted",NHANES codebook for DR2IFF_C.xpt
https://wwwn.cdc.gov/Nchs/Data/Nhanes/Public/2009/DataFiles/DR2IFF_F.xpt,2026-09-14T19:14:10Z,f88569d8c7a147690b5ba36300308db3b041e846d55a37499108aa725252ed80,87828560,cdc-nhanes,lab-and-dietary,DR2IFF_F.xpt,text/plain,200,"US Government Work (17 USC 105), public domain unless noted","NHANES Dietary 2009-2010: Dietary Interview - Individual Foods, Second Day"
https://wwwn.cdc.gov/Nchs/Data/Nhanes/Public/2009/DataFiles/DR2IFF_F.htm,2026-09-14T19:14:10Z,5567c8ac1f90be42cffea448c64cd052916ba6c5ad299387b4756798bb828f1c,280635,cdc-nhanes,lab-and-dietary,DR2IFF_F.htm,text/html,200,"US Government Work (17 USC 105), public domain unless noted",NHANES codebook for DR2IFF_F.xpt
https://wwwn.cdc.gov/Nchs/Data/Nhanes/Public/2007/DataFiles/DR2IFF_E.xpt,2026-09-14T19:14:16Z,6c605cd47b92e161aa2194448653e0d8beaec0fc97b1c048d76441c320accc0b,82524560,cdc-nhanes,lab-and-dietary,DR2IFF_E.xpt,text/plain,200,"US Government Work (17 USC 105), public domain unless noted","NHANES Dietary 2007-2008: Dietary Interview - Individual Foods, Second Day"
https://wwwn.cdc.gov/Nchs/Data/Nhanes/Public/2007/DataFiles/DR2IFF_E.htm,2026-09-14T19:14:16Z,7ce8c415dd464a5160cd2a8bfeb1ee8dba6c62eb9c72db781d6ea099a0cacfda,282477,cdc-nhanes,lab-and-dietary,DR2IFF_E.htm,text/html,200,"US Government Work (17 USC 105), public domain unless noted",NHANES codebook for DR2IFF_E.xpt
https://wwwn.cdc.gov/Nchs/Data/Nhanes/Public/2011/DataFiles/DR2IFF_G.xpt,2026-09-14T19:14:22Z,676f5d0af9aaa82e0b733ed21b0637864b737ffb4187c3739261199fc032fca8,76241360,cdc-nhanes,lab-and-dietary,DR2IFF_G.xpt,text/plain,200,"US Government Work (17 USC 105), public domain unless noted","NHANES Dietary 2011-2012: Dietary Interview - Individual Foods, Second Day"
https://wwwn.cdc.gov/Nchs/Data/Nhanes/Public/2011/DataFiles/DR2IFF_G.htm,2026-09-14T19:14:22Z,324c762f8658c4b46f8c60bbda5fa3496e8be24d60efd7e4367cd7b3e226cb9f,291958,cdc-nhanes,lab-and-dietary,DR2IFF_G.htm,text/html,200,"US Government Work (17 USC 105), public domain unless noted",NHANES codebook for DR2IFF_G.xpt
https://wwwn.cdc.gov/Nchs/Data/Nhanes/Public/2005/DataFiles/DR2IFF_D.xpt,2026-09-14T19:14:27Z,70470e0643268ee6f54d3959c00889dbe5683202be0c296238d4bda1a3e6a336,87760720,cdc-nhanes,lab-and-dietary,DR2IFF_D.xpt,text/plain,200,"US Government Work (17 USC 105), public domain unless noted","NHANES Dietary 2005-2006: Dietary Interview - Individual Foods, Second Day"
https://wwwn.cdc.gov/Nchs/Data/Nhanes/Public/2005/DataFiles/DR2IFF_D.htm,2026-09-14T19:14:28Z,4d6058f0a804ecafe5bdf120212571266b90757359bec25ef09d90f59d0b89a3,543588,cdc-nhanes,lab-and-dietary,DR2IFF_D.htm,text/html,200,"US Government Work (17 USC 105), public domain unless noted",NHANES codebook for DR2IFF_D.xpt
https://wwwn.cdc.gov/Nchs/Data/Nhanes/Public/2013/DataFiles/DR2IFF_H.xpt,2026-09-14T19:14:32Z,7aaccb4622a6aaf334655812517f02faa666870b4cd0000efe330b6c8effd9b6,75664960,cdc-nhanes,lab-and-dietary,DR2IFF_H.xpt,text/plain,200,"US Government Work (17 USC 105), public domain unless noted","NHANES Dietary 2013-2014: Dietary Interview - Individual Foods, Second Day"
https://wwwn.cdc.gov/Nchs/Data/Nhanes/Public/2013/DataFiles/DR2IFF_H.htm,2026-09-14T19:14:32Z,2616786a9fd7ed58803d748122c91cced051b905590b0a3a92a04acfe5ead606,282597,cdc-nhanes,lab-and-dietary,DR2IFF_H.htm,text/html,200,"US Government Work (17 USC 105), public domain unless noted",NHANES codebook for DR2IFF_H.xpt
https://wwwn.cdc.gov/Nchs/Data/Nhanes/Public/2015/DataFiles/DR2IFF_I.xpt,2026-09-14T19:14:36Z,00c11f34fb2ef383d8c974d71c98edfdb9855aafc5aee7fc33ee3cea55b26ef1,67669440,cdc-nhanes,lab-and-dietary,DR2IFF_I.xpt,text/plain,200,"US Government Work (17 USC 105), public domain unless noted","NHANES Dietary 2015-2016: Dietary Interview - Individual Foods, Second Day"
https://wwwn.cdc.gov/Nchs/Data/Nhanes/Public/2015/DataFiles/DR2IFF_I.htm,2026-09-14T19:14:37Z,ddba5b25c8ef29e9a87025c5bb12d8ff235b3644cdca05f0544835b9412986a2,280854,cdc-nhanes,lab-and-dietary,DR2IFF_I.htm,text/html,200,"US Government Work (17 USC 105), public domain unless noted",NHANES codebook for DR2IFF_I.xpt
https://wwwn.cdc.gov/Nchs/Data/Nhanes/Public/2017/DataFiles/DR2IFF_J.xpt,2026-09-14T19:14:40Z,805af3e91647dc4e62aff5b3758cfb94802123f443ca6bc0e0cb2ead93e5f895,62844480,cdc-nhanes,lab-and-dietary,DR2IFF_J.xpt,text/plain,200,"US Government Work (17 USC 105), public domain unless noted","NHANES Dietary 2017-2018: Dietary Interview - Individual Foods, Second Day"
https://wwwn.cdc.gov/Nchs/Data/Nhanes/Public/2017/DataFiles/DR2IFF_J.htm,2026-09-14T19:14:40Z,632f064dba97bec4a178d1926bb7084f7fd5600b211d594964f16cdbe2b6d4db,281096,cdc-nhanes,lab-and-dietary,DR2IFF_J.htm,text/html,200,"US Government Work (17 USC 105), public domain unless noted",NHANES codebook for DR2IFF_J.xpt
https://wwwn.cdc.gov/Nchs/Data/Nhanes/Public/2017/DataFiles/P_DR2IFF.xpt,2026-09-14T19:14:46Z,6f5807d841fb9e183ba5ad6a9e0ebcef534f96c4ffb8e59afd01293dc7cf55e0,100473120,cdc-nhanes,lab-and-dietary,P_DR2IFF.xpt,text/plain,200,"US Government Work (17 USC 105), public domain unless noted","NHANES Dietary 2017-2020: Dietary Interview - Individual Foods, Second Day"
https://wwwn.cdc.gov/Nchs/Data/Nhanes/Public/2017/DataFiles/P_DR2IFF.htm,2026-09-14T19:14:46Z,70fa6a546b1c2e46e4272844ff4503180ddc391feae98306490138563f26a52e,285019,cdc-nhanes,lab-and-dietary,P_DR2IFF.htm,text/html,200,"US Government Work (17 USC 105), public domain unless noted",NHANES codebook for P_DR2IFF.xpt
https://wwwn.cdc.gov/Nchs/Data/Nhanes/Public/2021/DataFiles/DR2IFF_L.xpt,2026-09-14T19:14:49Z,7c06a8ed008e3ea063a62cd97fe26bf3b59322e31dda4b5bc9c217a6a5482a04,59170000,cdc-nhanes,lab-and-dietary,DR2IFF_L.xpt,text/plain,200,"US Government Work (17 USC 105), public domain unless noted","NHANES Dietary 2021-2023: Dietary Interview - Individual Foods, Second Day"
https://wwwn.cdc.gov/Nchs/Data/Nhanes/Public/2021/DataFiles/DR2IFF_L.htm,2026-09-14T19:14:49Z,2930e137027e1029670069d1c12201dd495d4517e4373e8865b4c6fd7ea6859b,282237,cdc-nhanes,lab-and-dietary,DR2IFF_L.htm,text/html,200,"US Government Work (17 USC 105), public domain unless noted",NHANES codebook for DR2IFF_L.xpt
https://wwwn.cdc.gov/Nchs/Data/Nhanes/Public/1999/DataFiles/DRXTOT.xpt,2026-09-14T19:14:51Z,655869c938565c8001988211e5829c59ddcaa509ff82c7ecf154b9a0cdba7751,9895440,cdc-nhanes,lab-and-dietary,DRXTOT.xpt,text/plain,200,"US Government Work (17 USC 105), public domain unless noted",NHANES Dietary 1999-2000: Dietary Interview - Total Nutrient Intakes
https://wwwn.cdc.gov/Nchs/Data/Nhanes/Public/1999/DataFiles/DRXTOT.htm,2026-09-14T19:14:51Z,3810d16eedaee48d724ec5d7856011a5b5fe439e7b48da97b2994c1bf72a05fe,288285,cdc-nhanes,lab-and-dietary,DRXTOT.htm,text/html,200,"US Government Work (17 USC 105), public domain unless noted",NHANES codebook for DRXTOT.xpt
https://wwwn.cdc.gov/Nchs/Data/Nhanes/Public/2001/DataFiles/DRXTOT_B.xpt,2026-09-14T19:14:52Z,a3c6546c27c9e8b7bb91d8bb520cd770d98fb097b176b44b51e747d3fc194da7,11922560,cdc-nhanes,lab-and-dietary,DRXTOT_B.xpt,text/plain,200,"US Government Work (17 USC 105), public domain unless noted",NHANES Dietary 2001-2002: Dietary Interview - Total Nutrient Intakes
https://wwwn.cdc.gov/Nchs/Data/Nhanes/Public/2001/DataFiles/DRXTOT_B.htm,2026-09-14T19:14:53Z,6843cf81bfeb297e848a7c3ed1dbc64483f3807e9cc1dcec94b17db87c5bcee9,318926,cdc-nhanes,lab-and-dietary,DRXTOT_B.htm,text/html,200,"US Government Work (17 USC 105), public domain unless noted",NHANES codebook for DRXTOT_B.xpt
https://wwwn.cdc.gov/Nchs/Data/Nhanes/Public/2003/DataFiles/DR1TOT_C.xpt,2026-09-14T19:14:54Z,0624f6b4d4a0c442cbe82e1ec7a2c829ef102939025b56625f07c4832e8b8ab6,12366160,cdc-nhanes,lab-and-dietary,DR1TOT_C.xpt,text/plain,200,"US Government Work (17 USC 105), public domain unless noted","NHANES Dietary 2003-2004: Dietary Interview - Total Nutrient Intakes, First Day"
https://wwwn.cdc.gov/Nchs/Data/Nhanes/Public/2003/DataFiles/DR1TOT_C.htm,2026-09-14T19:14:54Z,ceae88a6548e3cf787c5684ccc2d58d54c6846343642bbb56ba8988a6f0baf9d,401174,cdc-nhanes,lab-and-dietary,DR1TOT_C.htm,text/html,200,"US Government Work (17 USC 105), public domain unless noted",NHANES codebook for DR1TOT_C.xpt
https://wwwn.cdc.gov/Nchs/Data/Nhanes/Public/2009/DataFiles/DR1TOT_F.xpt,2026-09-14T19:14:56Z,7ff258b1cb2020509d0d0ad3afb49797ca5196d085bac3e45cc6df149d93091c,13640000,cdc-nhanes,lab-and-dietary,DR1TOT_F.xpt,text/plain,200,"US Government Work (17 USC 105), public domain unless noted","NHANES Dietary 2009-2010: Dietary Interview - Total Nutrient Intakes, First Day"
https://wwwn.cdc.gov/Nchs/Data/Nhanes/Public/2009/DataFiles/DR1TOT_F.htm,2026-09-14T19:14:56Z,695428481b60ffa8de1595acc991490e782a1a5ca63bcb78ee2b91cf1bdc498e,444756,cdc-nhanes,lab-and-dietary,DR1TOT_F.htm,text/html,200,"US Government Work (17 USC 105), public domain unless noted",NHANES codebook for DR1TOT_F.xpt
https://wwwn.cdc.gov/Nchs/Data/Nhanes/Public/2007/DataFiles/DR1TOT_E.xpt,2026-09-14T19:14:57Z,c177e58fe5d06e8a5ecc83bbc45cf3e4b280d3efe20de173c6d32bb2a3fac0ac,12831440,cdc-nhanes,lab-and-dietary,DR1TOT_E.xpt,text/plain,200,"US Government Work (17 USC 105), public domain unless noted","NHANES Dietary 2007-2008: Dietary Interview - Total Nutrient Intakes, First Day"
https://wwwn.cdc.gov/Nchs/Data/Nhanes/Public/2007/DataFiles/DR1TOT_E.htm,2026-09-14T19:14:57Z,e5021c74e6075dd6a33a0c504ef19f13055d9a10655530ffcde0f1e62c317bc6,442254,cdc-nhanes,lab-and-dietary,DR1TOT_E.htm,text/html,200,"US Government Work (17 USC 105), public domain unless noted",NHANES codebook for DR1TOT_E.xpt
https://wwwn.cdc.gov/Nchs/Data/Nhanes/Public/2011/DataFiles/DR1TOT_G.xpt,2026-09-14T19:14:59Z,d5589de4cd987eef86dd13b3b2bc3db9186ab80a87c96a3968421ddef9235c57,12424880,cdc-nhanes,lab-and-dietary,DR1TOT_G.xpt,text/plain,200,"US Government Work (17 USC 105), public domain unless noted","NHANES Dietary 2011-2012: Dietary Interview - Total Nutrient Intakes, First Day"
https://wwwn.cdc.gov/Nchs/Data/Nhanes/Public/2011/DataFiles/DR1TOT_G.htm,2026-09-14T19:14:59Z,91880aaaa3d765782d2d0d05a682e6c18b7b9dbbf207a04449ee1ed9a74e6ea3,455083,cdc-nhanes,lab-and-dietary,DR1TOT_G.htm,text/html,200,"US Government Work (17 USC 105), public domain unless noted",NHANES codebook for DR1TOT_G.xpt
https://wwwn.cdc.gov/Nchs/Data/Nhanes/Public/2005/DataFiles/DR1TOT_D.xpt,2026-09-14T19:15:00Z,83a720fba7e4d6832058b1142fb4060e590d3b83607029117cfa078bcb1214fb,12759120,cdc-nhanes,lab-and-dietary,DR1TOT_D.xpt,text/plain,200,"US Government Work (17 USC 105), public domain unless noted","NHANES Dietary 2005-2006: Dietary Interview - Total Nutrient Intakes, First Day"
https://wwwn.cdc.gov/Nchs/Data/Nhanes/Public/2005/DataFiles/DR1TOT_D.htm,2026-09-14T19:15:01Z,0507c2b06dfa4ba87d9f129e3381a533af86660d45d8adf4a8464f1429f659a5,699492,cdc-nhanes,lab-and-dietary,DR1TOT_D.htm,text/html,200,"US Government Work (17 USC 105), public domain unless noted",NHANES codebook for DR1TOT_D.xpt
https://wwwn.cdc.gov/Nchs/Data/Nhanes/Public/2013/DataFiles/DR1TOT_H.xpt,2026-09-14T19:15:02Z,4fc45d48cf8a4bdcca615efa895e7e05414ca4d549bd75c8115e06abcc86cdc3,13212960,cdc-nhanes,lab-and-dietary,DR1TOT_H.xpt,text/plain,200,"US Government Work (17 USC 105), public domain unless noted","NHANES Dietary 2013-2014: Dietary Interview - Total Nutrient Intakes, First Day"
https://wwwn.cdc.gov/Nchs/Data/Nhanes/Public/2013/DataFiles/DR1TOT_H.htm,2026-09-14T19:15:02Z,d430cc7c326d52cfa0405b062a6c5c0767a532fd70f130e4123b4c710a513e46,453820,cdc-nhanes,lab-and-dietary,DR1TOT_H.htm,text/html,200,"US Government Work (17 USC 105), public domain unless noted",NHANES codebook for DR1TOT_H.xpt
https://wwwn.cdc.gov/Nchs/Data/Nhanes/Public/2015/DataFiles/DR1TOT_I.xpt,2026-09-14T19:15:04Z,185b8f112cdf22175470fe8cc7d4d20800fe28e8ac37c50dc4bf197d40333b6e,12851440,cdc-nhanes,lab-and-dietary,DR1TOT_I.xpt,text/plain,200,"US Government Work (17 USC 105), public domain unless noted","NHANES Dietary 2015-2016: Dietary Interview - Total Nutrient Intakes, First Day"
https://wwwn.cdc.gov/Nchs/Data/Nhanes/Public/2015/DataFiles/DR1TOT_I.htm,2026-09-14T19:15:04Z,e72f7d4aae58648b513049b970bc76bf7a06c113ca4e604d9b5a543009acb9b7,449903,cdc-nhanes,lab-and-dietary,DR1TOT_I.htm,text/html,200,"US Government Work (17 USC 105), public domain unless noted",NHANES codebook for DR1TOT_I.xpt
https://wwwn.cdc.gov/Nchs/Data/Nhanes/Public/2017/DataFiles/DR1TOT_J.xpt,2026-09-14T19:15:05Z,390ae5205acfbcb87e0ca3d9aabd1c801b60657d3f2802ac08d5b3ed93f0af6d,11722480,cdc-nhanes,lab-and-dietary,DR1TOT_J.xpt,text/plain,200,"US Government Work (17 USC 105), public domain unless noted","NHANES Dietary 2017-2018: Dietary Interview - Total Nutrient Intakes, First Day"
https://wwwn.cdc.gov/Nchs/Data/Nhanes/Public/2017/DataFiles/DR1TOT_J.htm,2026-09-14T19:15:05Z,557fdeea3572f115c5114fc6440acb1c7d0dc909e2097b9f06b06e3922350ec2,449486,cdc-nhanes,lab-and-dietary,DR1TOT_J.htm,text/html,200,"US Government Work (17 USC 105), public domain unless noted",NHANES codebook for DR1TOT_J.xpt
https://wwwn.cdc.gov/Nchs/Data/Nhanes/Public/2017/DataFiles/P_DR1TOT.xpt,2026-09-14T19:15:07Z,02cf0fcb15cdef9442594747a6699c43a65fd280f0f807e82ca0b888b0d97b5e,19243440,cdc-nhanes,lab-and-dietary,P_DR1TOT.xpt,text/plain,200,"US Government Work (17 USC 105), public domain unless noted","NHANES Dietary 2017-2020: Dietary Interview - Total Nutrient Intakes, First Day"
https://wwwn.cdc.gov/Nchs/Data/Nhanes/Public/2017/DataFiles/P_DR1TOT.htm,2026-09-14T19:15:07Z,78c14dba6a8c4687f1298d9486c143c43d99dc41827abc1fd0588b236bd5ff27,453488,cdc-nhanes,lab-and-dietary,P_DR1TOT.htm,text/html,200,"US Government Work (17 USC 105), public domain unless noted",NHANES codebook for P_DR1TOT.xpt
https://wwwn.cdc.gov/Nchs/Data/Nhanes/Public/2021/DataFiles/DR1TOT_L.xpt,2026-09-14T19:15:08Z,73a3097aab64000f9c1d138367363ca605968b691e349981132bd6032ca6c9ef,11932080,cdc-nhanes,lab-and-dietary,DR1TOT_L.xpt,text/plain,200,"US Government Work (17 USC 105), public domain unless noted","NHANES Dietary 2021-2023: Dietary Interview - Total Nutrient Intakes, First Day"
https://wwwn.cdc.gov/Nchs/Data/Nhanes/Public/2021/DataFiles/DR1TOT_L.htm,2026-09-14T19:15:08Z,1e27b66f35dca58a76ad661a682a87bf9f473dc86aca70ec8e5f1400adc4b5a2,450252,cdc-nhanes,lab-and-dietary,DR1TOT_L.htm,text/html,200,"US Government Work (17 USC 105), public domain unless noted",NHANES codebook for DR1TOT_L.xpt
https://wwwn.cdc.gov/Nchs/Data/Nhanes/Public/2003/DataFiles/DR2TOT_C.xpt,2026-09-14T19:15:10Z,2949672b030a1936a13ef74e205e259c0c2d95f6f07c877de6d8f88af97df8af,6260800,cdc-nhanes,lab-and-dietary,DR2TOT_C.xpt,text/plain,200,"US Government Work (17 USC 105), public domain unless noted","NHANES Dietary 2003-2004: Dietary Interview - Total Nutrient Intakes, Second Day"
https://wwwn.cdc.gov/Nchs/Data/Nhanes/Public/2003/DataFiles/DR2TOT_C.htm,2026-09-14T19:15:10Z,98a3dadabab1de20f59aae01e06d5675da8c6681c18e1a7f26be0f7b4d1b1e3a,227674,cdc-nhanes,lab-and-dietary,DR2TOT_C.htm,text/html,200,"US Government Work (17 USC 105), public domain unless noted",NHANES codebook for DR2TOT_C.xpt
https://wwwn.cdc.gov/Nchs/Data/Nhanes/Public/2009/DataFiles/DR2TOT_F.xpt,2026-09-14T19:15:11Z,214759831d18d9bc0f0b2975fed277a7836e4d35774c5dc655643b582a28adbe,6820400,cdc-nhanes,lab-and-dietary,DR2TOT_F.xpt,text/plain,200,"US Government Work (17 USC 105), public domain unless noted","NHANES Dietary 2009-2010: Dietary Interview - Total Nutrient Intakes, Second Day"
https://wwwn.cdc.gov/Nchs/Data/Nhanes/Public/2009/DataFiles/DR2TOT_F.htm,2026-09-14T19:15:12Z,dc4f0a556e7cd46705f1068750530696a9e197636a106561b0de3d6592f5802a,268856,cdc-nhanes,lab-and-dietary,DR2TOT_F.htm,text/html,200,"US Government Work (17 USC 105), public domain unless noted",NHANES codebook for DR2TOT_F.xpt
https://wwwn.cdc.gov/Nchs/Data/Nhanes/Public/2007/DataFiles/DR2TOT_E.xpt,2026-09-14T19:15:13Z,9980449a908bb2f21a9bc9f68117662bbf109f87bb36acc76480afd880e10ac9,6494400,cdc-nhanes,lab-and-dietary,DR2TOT_E.xpt,text/plain,200,"US Government Work (17 USC 105), public domain unless noted","NHANES Dietary 2007-2008: Dietary Interview - Total Nutrient Intakes, Second Day"
https://wwwn.cdc.gov/Nchs/Data/Nhanes/Public/2007/DataFiles/DR2TOT_E.htm,2026-09-14T19:15:13Z,825001cbfff2aa4ae1857e5b746e0cb7cc14f5c934831ccc58471b42353dc4b2,270619,cdc-nhanes,lab-and-dietary,DR2TOT_E.htm,text/html,200,"US Government Work (17 USC 105), public domain unless noted",NHANES codebook for DR2TOT_E.xpt
https://wwwn.cdc.gov/Nchs/Data/Nhanes/Public/2011/DataFiles/DR2TOT_G.xpt,2026-09-14T19:15:15Z,fade17bfa233609832197f8dee2dc95d86ba320831034f647aec96487a6316ba,6212880,cdc-nhanes,lab-and-dietary,DR2TOT_G.xpt,text/plain,200,"US Government Work (17 USC 105), public domain unless noted","NHANES Dietary 2011-2012: Dietary Interview - Total Nutrient Intakes, Second Day"
https://wwwn.cdc.gov/Nchs/Data/Nhanes/Public/2011/DataFiles/DR2TOT_G.htm,2026-09-14T19:15:15Z,1aef0f9b529ce4d7d84f18841a63613409b17053d3c19e000e96680968330e61,279389,cdc-nhanes,lab-and-dietary,DR2TOT_G.htm,text/html,200,"US Government Work (17 USC 105), public domain unless noted",NHANES codebook for DR2TOT_G.xpt
https://wwwn.cdc.gov/Nchs/Data/Nhanes/Public/2005/DataFiles/DR2TOT_D.xpt,2026-09-14T19:15:16Z,d7476e3fa08b0fc04bed3d6f24dc05546a147c237f44721a2fed8fff7883f511,6459680,cdc-nhanes,lab-and-dietary,DR2TOT_D.xpt,text/plain,200,"US Government Work (17 USC 105), public domain unless noted","NHANES Dietary 2005-2006: Dietary Interview - Total Nutrient Intakes, Second Day"
https://wwwn.cdc.gov/Nchs/Data/Nhanes/Public/2005/DataFiles/DR2TOT_D.htm,2026-09-14T19:15:16Z,d59ab7706a3a36334b5f6220c4ebd9684834a311baede5f2cab84755134b87c4,531742,cdc-nhanes,lab-and-dietary,DR2TOT_D.htm,text/html,200,"US Government Work (17 USC 105), public domain unless noted",NHANES codebook for DR2TOT_D.xpt
https://wwwn.cdc.gov/Nchs/Data/Nhanes/Public/2013/DataFiles/DR2TOT_H.xpt,2026-09-14T19:15:18Z,12fa3550afbd57ec62d1543c668f1736387f3421fc6668369b5fa4c15a369f91,6685520,cdc-nhanes,lab-and-dietary,DR2TOT_H.xpt,text/plain,200,"US Government Work (17 USC 105), public domain unless noted","NHANES Dietary 2013-2014: Dietary Interview - Total Nutrient Intakes, Second Day"
https://wwwn.cdc.gov/Nchs/Data/Nhanes/Public/2013/DataFiles/DR2TOT_H.htm,2026-09-14T19:15:18Z,28ac8abce29221644f0004b73cfab8cc98954fbbc69e19d8edd474feb7cb8567,278001,cdc-nhanes,lab-and-dietary,DR2TOT_H.htm,text/html,200,"US Government Work (17 USC 105), public domain unless noted",NHANES codebook for DR2TOT_H.xpt
https://wwwn.cdc.gov/Nchs/Data/Nhanes/Public/2015/DataFiles/DR2TOT_I.xpt,2026-09-14T19:15:19Z,0940dad7ba10cb705945665de06329affb3a59495d4947b7249602ae18d92643,6502560,cdc-nhanes,lab-and-dietary,DR2TOT_I.xpt,text/plain,200,"US Government Work (17 USC 105), public domain unless noted","NHANES Dietary 2015-2016: Dietary Interview - Total Nutrient Intakes, Second Day"
https://wwwn.cdc.gov/Nchs/Data/Nhanes/Public/2015/DataFiles/DR2TOT_I.htm,2026-09-14T19:15:19Z,6fd335314ce3b76390f05ca198e58046bdc63ba1ce39448ed3008a2b94a356d2,274155,cdc-nhanes,lab-and-dietary,DR2TOT_I.htm,text/html,200,"US Government Work (17 USC 105), public domain unless noted",NHANES codebook for DR2TOT_I.xpt
https://wwwn.cdc.gov/Nchs/Data/Nhanes/Public/2017/DataFiles/DR2TOT_J.xpt,2026-09-14T19:15:21Z,b73be9b0a4787e73eb831d22b356d03657ffae7d41e5713b60aaa49b828d9c1b,5931360,cdc-nhanes,lab-and-dietary,DR2TOT_J.xpt,text/plain,200,"US Government Work (17 USC 105), public domain unless noted","NHANES Dietary 2017-2018: Dietary Interview - Total Nutrient Intakes, Second Day"
https://wwwn.cdc.gov/Nchs/Data/Nhanes/Public/2017/DataFiles/DR2TOT_J.htm,2026-09-14T19:15:21Z,cebf73337b340e2ddcd35a5f6864b9cfa2be73e3c561fc8979c04e3300ced67a,273740,cdc-nhanes,lab-and-dietary,DR2TOT_J.htm,text/html,200,"US Government Work (17 USC 105), public domain unless noted",NHANES codebook for DR2TOT_J.xpt
https://wwwn.cdc.gov/Nchs/Data/Nhanes/Public/2017/DataFiles/P_DR2TOT.xpt,2026-09-14T19:15:22Z,2013d36582131ffc810bb025e11c8a0c6533b5e59197ad2aa76f4d52db81bb5a,9736640,cdc-nhanes,lab-and-dietary,P_DR2TOT.xpt,text/plain,200,"US Government Work (17 USC 105), public domain unless noted","NHANES Dietary 2017-2020: Dietary Interview - Total Nutrient Intakes, Second Day"
https://wwwn.cdc.gov/Nchs/Data/Nhanes/Public/2017/DataFiles/P_DR2TOT.htm,2026-09-14T19:15:22Z,414940121a0392026f8cf8447e286d6e99f65234db45e81dded9001e47f5db48,277547,cdc-nhanes,lab-and-dietary,P_DR2TOT.htm,text/html,200,"US Government Work (17 USC 105), public domain unless noted",NHANES codebook for P_DR2TOT.xpt
https://wwwn.cdc.gov/Nchs/Data/Nhanes/Public/2021/DataFiles/DR2TOT_L.xpt,2026-09-14T19:15:24Z,516b2d97e87bbf2b4f9b35611050d328924db9cd1494eadcf8503a520c795862,6037440,cdc-nhanes,lab-and-dietary,DR2TOT_L.xpt,text/plain,200,"US Government Work (17 USC 105), public domain unless noted","NHANES Dietary 2021-2023: Dietary Interview - Total Nutrient Intakes, Second Day"
https://wwwn.cdc.gov/Nchs/Data/Nhanes/Public/2021/DataFiles/DR2TOT_L.htm,2026-09-14T19:15:24Z,5bdb77d682e131ead8c0f68d61f0325de87706e86f43c5b8f7415155be841e8d,274534,cdc-nhanes,lab-and-dietary,DR2TOT_L.htm,text/html,200,"US Government Work (17 USC 105), public domain unless noted",NHANES codebook for DR2TOT_L.xpt
https://wwwn.cdc.gov/Nchs/Data/Nhanes/Public/1999/DataFiles/DRXFMT.xpt,2026-09-14T19:15:25Z,7182e2f8b9f9070a0d671f719c0ebec20fd1d1c70261cb56db2af53dd17f3597,328880,cdc-nhanes,lab-and-dietary,DRXFMT.xpt,text/plain,200,"US Government Work (17 USC 105), public domain unless noted",NHANES Dietary 1999-2000: Dietary Interview Technical Support File - Food Code Format File
https://wwwn.cdc.gov/Nchs/Data/Nhanes/Public/1999/DataFiles/DRXFMT.htm,2026-09-14T19:15:25Z,0f2c7f3d98bdc9b41cc108d7c994a43bf4e420f5cd6028a86a516e1ef9fece53,3665,cdc-nhanes,lab-and-dietary,DRXFMT.htm,text/html,200,"US Government Work (17 USC 105), public domain unless noted",NHANES codebook for DRXFMT.xpt
https://wwwn.cdc.gov/Nchs/Data/Nhanes/Public/2001/DataFiles/DRXFMT_B.xpt,2026-09-14T19:15:26Z,dc294a7d002c37d45910d49bedc9b55323c82defd335d8c2d1fcf1d6c78545f3,531280,cdc-nhanes,lab-and-dietary,DRXFMT_B.xpt,text/plain,200,"US Government Work (17 USC 105), public domain unless noted",NHANES Dietary 2001-2002: Dietary Interview Technical Support File - Food Code Format File
https://wwwn.cdc.gov/Nchs/Data/Nhanes/Public/2001/DataFiles/DRXFMT_B.htm,2026-09-14T19:15:26Z,48f8b23723138a526513b244431abbbff54a008d60b75537444e275c50c0896d,3604,cdc-nhanes,lab-and-dietary,DRXFMT_B.htm,text/html,200,"US Government Work (17 USC 105), public domain unless noted",NHANES codebook for DRXFMT_B.xpt
https://wwwn.cdc.gov/Nchs/Data/Nhanes/Public/2003/DataFiles/DRXFCD_C.xpt,2026-09-14T19:15:27Z,ef1c665144fb7d7c8417e24e088ee57654ae2a9db8844059f5452a3f42fc3517,1861120,cdc-nhanes,lab-and-dietary,DRXFCD_C.xpt,text/plain,200,"US Government Work (17 USC 105), public domain unless noted",NHANES Dietary 2003-2004: Dietary Interview Technical Support File - Food Codes
https://wwwn.cdc.gov/Nchs/Data/Nhanes/Public/2003/DataFiles/DRXFCD_C.htm,2026-09-14T19:15:27Z,d27caa0d8ffcd80ca4b55401aa90d06a776a4123f5e71a6bba3f43ae66f1a487,9966,cdc-nhanes,lab-and-dietary,DRXFCD_C.htm,text/html,200,"US Government Work (17 USC 105), public domain unless noted",NHANES codebook for DRXFCD_C.xpt
https://wwwn.cdc.gov/Nchs/Data/Nhanes/Public/2009/DataFiles/DRXFCD_F.xpt,2026-09-14T19:15:28Z,497f5a25b917c73ee77b808e117260e55315e3366d56eb82676fc8fbe4ad9e7e,1945040,cdc-nhanes,lab-and-dietary,DRXFCD_F.xpt,text/plain,200,"US Government Work (17 USC 105), public domain unless noted",NHANES Dietary 2009-2010: Dietary Interview Technical Support File - Food Codes
https://wwwn.cdc.gov/Nchs/Data/Nhanes/Public/2009/DataFiles/DRXFCD_F.htm,2026-09-14T19:15:28Z,dd212e6f2a3f198f7fa6b433dd064d618575c9cbebe2848b63f988f2757d5ba3,104714,cdc-nhanes,lab-and-dietary,DRXFCD_F.htm,text/html,200,"US Government Work (17 USC 105), public domain unless noted",NHANES codebook for DRXFCD_F.xpt
https://wwwn.cdc.gov/Nchs/Data/Nhanes/Public/2007/DataFiles/DRXFCD_E.xpt,2026-09-14T19:15:29Z,45ce671e91b3db1de54b34fb52a5fb9dd1bd9be1eb19ca4180f8c453343cd729,1924640,cdc-nhanes,lab-and-dietary,DRXFCD_E.xpt,text/plain,200,"US Government Work (17 USC 105), public domain unless noted",NHANES Dietary 2007-2008: Dietary Interview Technical Support File - Food Codes
https://wwwn.cdc.gov/Nchs/Data/Nhanes/Public/2007/DataFiles/DRXFCD_E.htm,2026-09-14T19:15:29Z,5f9225a264cfaff792679874561a449b69396ffbf18dbf9774ac875c2adec5cc,106532,cdc-nhanes,lab-and-dietary,DRXFCD_E.htm,text/html,200,"US Government Work (17 USC 105), public domain unless noted",NHANES codebook for DRXFCD_E.xpt
https://wwwn.cdc.gov/Nchs/Data/Nhanes/Public/2011/DataFiles/DRXFCD_G.xpt,2026-09-14T19:15:30Z,85baa08f9048e6fe37132268239ea00e13d409f4b187a783d821b3c9b7e4ba79,2195200,cdc-nhanes,lab-and-dietary,DRXFCD_G.xpt,text/plain,200,"US Government Work (17 USC 105), public domain unless noted",NHANES Dietary 2011-2012: Dietary Interview Technical Support File - Food Codes
https://wwwn.cdc.gov/Nchs/Data/Nhanes/Public/2011/DataFiles/DRXFCD_G.htm,2026-09-14T19:15:30Z,73f11fc03a1ac00ebafe6e3a3eee11333f6c7cd514eb2671754df92d01fa3d97,114657,cdc-nhanes,lab-and-dietary,DRXFCD_G.htm,text/html,200,"US Government Work (17 USC 105), public domain unless noted",NHANES codebook for DRXFCD_G.xpt
https://wwwn.cdc.gov/Nchs/Data/Nhanes/Public/2005/DataFiles/DRXFCD_D.xpt,2026-09-14T19:15:31Z,2a540b6508cb68cb5c46943038f2e414b685863669c6f6e6f4e144cf855f04bb,1856080,cdc-nhanes,lab-and-dietary,DRXFCD_D.xpt,text/plain,200,"US Government Work (17 USC 105), public domain unless noted",NHANES Dietary 2005-2006: Dietary Interview Technical Support File - Food Codes
https://wwwn.cdc.gov/Nchs/Data/Nhanes/Public/2005/DataFiles/DRXFCD_D.htm,2026-09-14T19:15:31Z,38e36484e778ed3dd372561a65c22774c9f5abc05b26919aa1b1fae70b4eeec8,371428,cdc-nhanes,lab-and-dietary,DRXFCD_D.htm,text/html,200,"US Government Work (17 USC 105), public domain unless noted",NHANES codebook for DRXFCD_D.xpt
https://wwwn.cdc.gov/Nchs/Data/Nhanes/Public/2013/DataFiles/DRXFCD_H.xpt,2026-09-14T19:15:32Z,55d80e980daec183fd4815d8f0b907065996b6aa4b68dc5e4b51f8ba6f9729ee,2288880,cdc-nhanes,lab-and-dietary,DRXFCD_H.xpt,text/plain,200,"US Government Work (17 USC 105), public domain unless noted",NHANES Dietary 2013-2014: Dietary Interview Technical Support File - Food Codes
https://wwwn.cdc.gov/Nchs/Data/Nhanes/Public/2013/DataFiles/DRXFCD_H.htm,2026-09-14T19:15:32Z,41d17177bfcd336b9756c25b1c1b495080036946350a69c798d91bbfc0e3407c,106734,cdc-nhanes,lab-and-dietary,DRXFCD_H.htm,text/html,200,"US Government Work (17 USC 105), public domain unless noted",NHANES codebook for DRXFCD_H.xpt
https://wwwn.cdc.gov/Nchs/Data/Nhanes/Public/2015/DataFiles/DRXFCD_I.xpt,2026-09-14T19:15:33Z,3ea8b5d3fff62e86633f83cd7721345fc38e556072b75a5672052b36a2dfb282,2191120,cdc-nhanes,lab-and-dietary,DRXFCD_I.xpt,text/plain,200,"US Government Work (17 USC 105), public domain unless noted",NHANES Dietary 2015-2016: Dietary Interview Technical Support File - Food Codes
https://wwwn.cdc.gov/Nchs/Data/Nhanes/Public/2015/DataFiles/DRXFCD_I.htm,2026-09-14T19:15:33Z,212cac53ee29b2fe227dbdbcfa883e9228369c5b5a651ae0ad7dbd8e5a079b8c,105176,cdc-nhanes,lab-and-dietary,DRXFCD_I.htm,text/html,200,"US Government Work (17 USC 105), public domain unless noted",NHANES codebook for DRXFCD_I.xpt
https://wwwn.cdc.gov/Nchs/Data/Nhanes/Public/2017/DataFiles/DRXFCD_J.xpt,2026-09-14T19:15:34Z,583e6e2153af1f200388371317b3866f02ca6ab66a16c2aba7c0614bad1f9a03,2891120,cdc-nhanes,lab-and-dietary,DRXFCD_J.xpt,text/plain,200,"US Government Work (17 USC 105), public domain unless noted",NHANES Dietary 2017-2018: Dietary Interview Technical Support File - Food Codes
https://wwwn.cdc.gov/Nchs/Data/Nhanes/Public/2017/DataFiles/DRXFCD_J.htm,2026-09-14T19:15:34Z,01ea2bb8cb432531c418828c8fd75f9c8d5c1f57721d3b6ab626ec833630d0cb,100091,cdc-nhanes,lab-and-dietary,DRXFCD_J.htm,text/html,200,"US Government Work (17 USC 105), public domain unless noted",NHANES codebook for DRXFCD_J.xpt
https://wwwn.cdc.gov/Nchs/Data/Nhanes/Public/2017/DataFiles/P_DRXFCD.xpt,2026-09-14T19:15:35Z,36b15b43b89bbc71dcc8c7ca9e5e0a870d7e259e06c2673bf6d9361902bc46d2,4974080,cdc-nhanes,lab-and-dietary,P_DRXFCD.xpt,text/plain,200,"US Government Work (17 USC 105), public domain unless noted",NHANES Dietary 2017-2020: Dietary Interview Technical Support File - Food Codes
https://wwwn.cdc.gov/Nchs/Data/Nhanes/Public/2017/DataFiles/P_DRXFCD.htm,2026-09-14T19:15:36Z,843a6424d07c34bb74c1281720ed2e1385e1dceae69ff748680bce3d4de851e9,109037,cdc-nhanes,lab-and-dietary,P_DRXFCD.htm,text/html,200,"US Government Work (17 USC 105), public domain unless noted",NHANES codebook for P_DRXFCD.xpt
https://wwwn.cdc.gov/Nchs/Data/Nhanes/Public/2021/DataFiles/DRXFCD_L.xpt,2026-09-14T19:15:36Z,1101ce9dd5b58f138a4f44c14de39925664dda401588c130f5281ad289dfa34c,1457040,cdc-nhanes,lab-and-dietary,DRXFCD_L.xpt,text/plain,200,"US Government Work (17 USC 105), public domain unless noted",NHANES Dietary 2021-2023: Dietary Interview Technical Support File - Food Codes
https://wwwn.cdc.gov/Nchs/Data/Nhanes/Public/2021/DataFiles/DRXFCD_L.htm,2026-09-14T19:15:37Z,a4dd7d4f3f0aadaaa5d14bca85e4d93f6c2e29904f5f093d7ba706753d3136ac,106996,cdc-nhanes,lab-and-dietary,DRXFCD_L.htm,text/html,200,"US Government Work (17 USC 105), public domain unless noted",NHANES codebook for DRXFCD_L.xpt
https://wwwn.cdc.gov/Nchs/Data/Nhanes/Public/2009/DataFiles/DRXMCD_F.xpt,2026-09-14T19:15:37Z,04e99d9d690b5e3cd009344d9436322729fda663b0dd83a8f10446ac3d65aa41,360880,cdc-nhanes,lab-and-dietary,DRXMCD_F.xpt,text/plain,200,"US Government Work (17 USC 105), public domain unless noted",NHANES Dietary 2009-2010: Dietary Interview Technical Support File - Modification Codes
https://wwwn.cdc.gov/Nchs/Data/Nhanes/Public/2009/DataFiles/DRXMCD_F.htm,2026-09-14T19:15:38Z,24948f8e3c3eb7c956d3733cf24ae027d0fb96f8cba579f91bdc9abdfe07d66e,102992,cdc-nhanes,lab-and-dietary,DRXMCD_F.htm,text/html,200,"US Government Work (17 USC 105), public domain unless noted",NHANES codebook for DRXMCD_F.xpt
https://wwwn.cdc.gov/Nchs/Data/Nhanes/Public/2007/DataFiles/DRXMCD_E.xpt,2026-09-14T19:15:39Z,570b7b0e1b0347fa47a064150f45156af0c6580f5bc05e9dd1bea53ba54da83d,334880,cdc-nhanes,lab-and-dietary,DRXMCD_E.xpt,text/plain,200,"US Government Work (17 USC 105), public domain unless noted",NHANES Dietary 2007-2008: Dietary Interview Technical Support File - Modification Codes
https://wwwn.cdc.gov/Nchs/Data/Nhanes/Public/2007/DataFiles/DRXMCD_E.htm,2026-09-14T19:15:39Z,c61cce4b327a46fb19225b3e74318e8164b44c0e966d31ba4d1707a590d8efe8,104810,cdc-nhanes,lab-and-dietary,DRXMCD_E.htm,text/html,200,"US Government Work (17 USC 105), public domain unless noted",NHANES codebook for DRXMCD_E.xpt
https://wwwn.cdc.gov/Nchs/Data/Nhanes/Public/2011/DataFiles/DRXMCD_G.xpt,2026-09-14T19:15:40Z,2da1f72ff295a8eb722b120a29652929a28ed94e3df729b641bf6d2bd58b6d5d,239200,cdc-nhanes,lab-and-dietary,DRXMCD_G.xpt,text/plain,200,"US Government Work (17 USC 105), public domain unless noted",NHANES Dietary 2011-2012: Dietary Interview Technical Support File - Modification Codes
https://wwwn.cdc.gov/Nchs/Data/Nhanes/Public/2011/DataFiles/DRXMCD_G.htm,2026-09-14T19:15:40Z,45acaf097f82e2e2ed8e3a091139f6ae7f864e1cca342517be247d7ab81fc859,112935,cdc-nhanes,lab-and-dietary,DRXMCD_G.htm,text/html,200,"US Government Work (17 USC 105), public domain unless noted",NHANES codebook for DRXMCD_G.xpt
https://wwwn.cdc.gov/Nchs/Data/Nhanes/Public/2005/DataFiles/DRXMCD_D.xpt,2026-09-14T19:15:41Z,c67ea210ba6ef69b85c008148cd5546b022164a664c51f1a0f126c186f4349cf,323280,cdc-nhanes,lab-and-dietary,DRXMCD_D.xpt,text/plain,200,"US Government Work (17 USC 105), public domain unless noted",NHANES Dietary 2005-2006: Dietary Interview Technical Support File - Modification Codes
https://wwwn.cdc.gov/Nchs/Data/Nhanes/Public/2005/DataFiles/DRXMCD_D.htm,2026-09-14T19:15:41Z,375596847a763ffe2bff679a1d7a69d2833edd5346574de55c676b04545ab394,369700,cdc-nhanes,lab-and-dietary,DRXMCD_D.htm,text/html,200,"US Government Work (17 USC 105), public domain unless noted",NHANES codebook for DRXMCD_D.xpt
https://wwwn.cdc.gov/Nchs/Data/Nhanes/Public/2003/DataFiles/DRXMCD_C.xpt,2026-09-14T19:15:42Z,ac696bcfe7c1d6d4b3dddab1775ad58a6cd3a12f6c8f370b3d63c23522461e48,286640,cdc-nhanes,lab-and-dietary,DRXMCD_C.xpt,text/plain,200,"US Government Work (17 USC 105), public domain unless noted",NHANES Dietary 2003-2004: Dietary Interview Technical Support File - Modification Codes
https://wwwn.cdc.gov/Nchs/Data/Nhanes/Public/2003/DataFiles/DRXMCD_C.htm,2026-09-14T19:15:42Z,9d822542890081daae63f523615fba1ae4d2546fd83c02711fa7c81a8cbfda2c,8207,cdc-nhanes,lab-and-dietary,DRXMCD_C.htm,text/html,200,"US Government Work (17 USC 105), public domain unless noted",NHANES codebook for DRXMCD_C.xpt
https://www.waterqualitydata.us/data/Result/search,2026-09-14T19:21:28Z,0f3620dc027836118ec860f89842a42906327d858ced9a7989ab41d658276215,42820812,epa-usgs-wqp,pesticide-water-quality,wqp_results_Glyphosate.csv,text/csv;charset=UTF-8,200,Public domain (federal) / varies by contributing state agency,"WQP Result records for Glyphosate, sample date >= 01-01-2000"
https://www.waterqualitydata.us/data/Result/search,2026-09-14T19:24:04Z,7b67e3819e91445895a67bb4f83ce0dbd028c5347cf269b1a86f5d70fabe9d6f,217487653,epa-usgs-wqp,pesticide-water-quality,wqp_results_Atrazine.csv,text/csv;charset=UTF-8,200,Public domain (federal) / varies by contributing state agency,"WQP Result records for Atrazine, sample date >= 01-01-2000"
https://www.waterqualitydata.us/data/Result/search,2026-09-14T19:26:16Z,a25b80beeaab6c9d758cab357a2d1844d7e3dec6e33cc7b725c1a1bfb82d1fdd,197765976,epa-usgs-wqp,pesticide-water-quality,wqp_results_Metolachlor.csv,text/csv;charset=UTF-8,200,Public domain (federal) / varies by contributing state agency,"WQP Result records for Metolachlor, sample date >= 01-01-2000"
https://www.waterqualitydata.us/data/Result/search,2026-09-14T19:27:20Z,9950205378bfc46e743bd18854622d2c3b1ec7fb33a4aea07e4517bd9a16b079,91400140,epa-usgs-wqp,pesticide-water-quality,wqp_results_24D.csv,text/csv;charset=UTF-8,200,Public domain (federal) / varies by contributing state agency,"WQP Result records for 2,4-D, sample date >= 01-01-2000"
https://www.waterqualitydata.us/data/Result/search,2026-09-14T19:29:08Z,cd971181e124e137f2f28f69cedd93a6a0dd142257d7a459f1d0dc1e661d5c5e,172166362,epa-usgs-wqp,pesticide-water-quality,wqp_results_Acetochlor.csv,text/csv;charset=UTF-8,200,Public domain (federal) / varies by contributing state agency,"WQP Result records for Acetochlor, sample date >= 01-01-2000"
https://www.waterqualitydata.us/data/Result/search,2026-09-14T19:30:21Z,7efbf7a7a6a6d6c7f373426c1127bffcc6fc25c4f9504999c27f089b679f3e4a,107934208,epa-usgs-wqp,pesticide-water-quality,wqp_results_Pendimethalin.csv,text/csv;charset=UTF-8,200,Public domain (federal) / varies by contributing state agency,"WQP Result records for Pendimethalin, sample date >= 01-01-2000"
https://www.waterqualitydata.us/data/Result/search,2026-09-14T19:30:57Z,7c11dc366d0ba71cbecd444ea2cecad25fb0920e4d6574adf660d680e224244d,54438120,epa-usgs-wqp,pesticide-water-quality,wqp_results_Chlorothalonil.csv,text/csv;charset=UTF-8,200,Public domain (federal) / varies by contributing state agency,"WQP Result records for Chlorothalonil, sample date >= 01-01-2000"
https://www.waterqualitydata.us/data/Result/search,2026-09-14T19:32:10Z,57d4fac0f558c35bd76339b7354b55214c954ab4f72d7c88e5883101e1f29b1a,108386941,epa-usgs-wqp,pesticide-water-quality,wqp_results_Trifluralin.csv,text/csv;charset=UTF-8,200,Public domain (federal) / varies by contributing state agency,"WQP Result records for Trifluralin, sample date >= 01-01-2000"
https://www.waterqualitydata.us/data/Result/search,2026-09-14T19:33:35Z,9a2a93fa3dc470c43c09aae1ce6210a52df34002435d4c95df47af437dcafbe6,129253758,epa-usgs-wqp,pesticide-water-quality,wqp_results_Chlorpyrifos.csv,text/csv;charset=UTF-8,200,Public domain (federal) / varies by contributing state agency,"WQP Result records for Chlorpyrifos, sample date >= 01-01-2000"
https://www.waterqualitydata.us/data/Result/search,2026-09-14T19:33:38Z,eb71e8687892c21a3aa1a37be37514da6b6c78f53ce535d43308efbf92e70167,105906,epa-usgs-wqp,pesticide-water-quality,wqp_results_Paraquat.csv,text/csv;charset=UTF-8,200,Public domain (federal) / varies by contributing state agency,"WQP Result records for Paraquat, sample date >= 01-01-2000"
https://www.waterqualitydata.us/data/Result/search,2026-09-14T19:35:32Z,787f82f7741f122007b3db878afcc86ade07d7891a5ea778ce2fe9b071399699,174406296,epa-usgs-wqp,pesticide-water-quality,wqp_results_Alachlor.csv,text/csv;charset=UTF-8,200,Public domain (federal) / varies by contributing state agency,"WQP Result records for Alachlor, sample date >= 01-01-2000"
https://www.waterqualitydata.us/data/Result/search,2026-09-14T19:36:17Z,a018180dd417dbb5a352964af2b9ad175a23a20b914882888b3780cff121aa14,64800348,epa-usgs-wqp,pesticide-water-quality,wqp_results_Dicamba.csv,text/csv;charset=UTF-8,200,Public domain (federal) / varies by contributing state agency,"WQP Result records for Dicamba, sample date >= 01-01-2000"
https://www.waterqualitydata.us/data/Result/search,2026-09-14T19:38:17Z,f100673eda7ff4f4dc6f643908d68c6dcabcb807fe594b502b4336d701f6ab02,174747874,epa-usgs-wqp,pesticide-water-quality,wqp_results_Simazine.csv,text/csv;charset=UTF-8,200,Public domain (federal) / varies by contributing state agency,"WQP Result records for Simazine, sample date >= 01-01-2000"
https://www.waterqualitydata.us/data/Result/search,2026-09-14T19:38:39Z,5b66c17031d6e808e75f76869b7f00b79772349d351f91d3f08962b6ed5469a8,23390302,epa-usgs-wqp,pesticide-water-quality,wqp_results_Acephate.csv,text/csv;charset=UTF-8,200,Public domain (federal) / varies by contributing state agency,"WQP Result records for Acephate, sample date >= 01-01-2000"
https://www.waterqualitydata.us/data/Result/search,2026-09-14T19:38:51Z,166695e60f009820cee753579a4b77c57e921c8b733d0065b57f6658d780b6c8,10170229,epa-usgs-wqp,pesticide-water-quality,wqp_results_Glufosinate.csv,text/csv;charset=UTF-8,200,Public domain (federal) / varies by contributing state agency,"WQP Result records for Glufosinate, sample date >= 01-01-2000"
https://www.waterqualitydata.us/data/Result/search,2026-09-14T19:44:40Z,e7f45a2d4c7158be3a7339112b4ad55a562b9218c53b8815a0d4cdb0b6793de0,148004007,epa-usgs-wqp,pesticide-water-quality,wqp_results_Metribuzin.csv,text/csv;charset=UTF-8,200,Public domain (federal) / varies by contributing state agency,"WQP Result records for Metribuzin, sample date >= 01-01-2000"
https://www.waterqualitydata.us/data/Result/search,2026-09-14T19:45:30Z,0061c60a6a8f81426299b81ea2ad14b629a1c155e3e21dff50622719ddd3e11d,79623906,epa-usgs-wqp,pesticide-water-quality,wqp_results_Imidacloprid.csv,text/csv;charset=UTF-8,200,Public domain (federal) / varies by contributing state agency,"WQP Result records for Imidacloprid, sample date >= 01-01-2000"
https://www.waterqualitydata.us/data/Result/search,2026-09-14T19:46:23Z,c132c7d6ce881b0f9588e56e0579e799b0ca45f4dc785b0b5e5ff1077a269749,82765808,epa-usgs-wqp,pesticide-water-quality,wqp_results_Diuron.csv,text/csv;charset=UTF-8,200,Public domain (federal) / varies by contributing state agency,"WQP Result records for Diuron, sample date >= 01-01-2000"
https://www.waterqualitydata.us/data/Station/search,2026-09-14T19:46:28Z,68d621cc8639573f8728d07d777be95634e229ce93fcbebaa36088bb3b2153b5,2019151,epa-usgs-wqp,pesticide-water-quality,wqp_stations_Glyphosate.csv,text/csv;charset=UTF-8,200,"US Government Work (17 USC 105), public domain unless noted",WQP monitoring locations sampled for Glyphosate
https://www.waterqualitydata.us/data/Station/search,2026-09-14T19:46:46Z,3f1560ab4dc5629ff7c1ff4766a3e7d0f1e3668e2257e434b6869919f1cc3368,12210645,epa-usgs-wqp,pesticide-water-quality,wqp_stations_Atrazine.csv,text/csv;charset=UTF-8,200,"US Government Work (17 USC 105), public domain unless noted",WQP monitoring locations sampled for Atrazine
https://www.waterqualitydata.us/data/Station/search,2026-09-14T19:46:59Z,62fcc82e71c2714416afd182f7321e316969d912174bca7510f73d285632327e,9759667,epa-usgs-wqp,pesticide-water-quality,wqp_stations_Chlorpyrifos.csv,text/csv;charset=UTF-8,200,"US Government Work (17 USC 105), public domain unless noted",WQP monitoring locations sampled for Chlorpyrifos
https://web.archive.org/web/20260513072128id_/https://www.nrcs.usda.gov/sites/default/files/2026-02/2022%20NRI%20Summary%20Report.pdf,2026-09-14T20:20:59Z,75772cdb1370d2c9842ecc498be9cb803ec9bab68638641b98c1c59974c55607,5242880,usda-nrcs,nri,2022_NRI_Summary_Report.pdf,application/pdf,200,"US Government Work (17 USC 105), public domain unless noted",VIA_WAYBACK capture=20260513072128 original_url=https://www.nrcs.usda.gov/sites/default/files/2026-02/2022%20NRI%20Summary%20Report.pdf (agency edge returns 401 to this network). 2022 NRI Summary Report (released Sept 2025) -- erosion by state/year and erosion relative to T; use this release for BOTH current and historical values
https://water.usgs.gov/nawqa/pnsp/usage/maps/county-level/PesticideUseEstimates/EPest.county.estimates.1992.txt,2026-09-14T20:30:59Z,576778d306ac3a01b78f63e1b3d354f4533905bac731b23c845e7a3965b57a4b,9779735,usgs,pnsp,EPest.county.estimates.1992.txt,text/plain,200,"US Government Work (17 USC 105), public domain unless noted",final county-level estimates; low+high; DOI 10.5066/F7NP22KM
https://water.usgs.gov/nawqa/pnsp/usage/maps/county-level/PesticideUseEstimates/EPest.county.estimates.1993.txt,2026-09-14T20:31:00Z,001dd11b289237a3413a6ccd78daca71abd9803d7b928feaf75f7d4057230892,9599820,usgs,pnsp,EPest.county.estimates.1993.txt,text/plain,200,"US Government Work (17 USC 105), public domain unless noted",final county-level estimates; low+high; DOI 10.5066/F7NP22KM
https://water.usgs.gov/nawqa/pnsp/usage/maps/county-level/PesticideUseEstimates/EPest.county.estimates.1994.txt,2026-09-14T20:31:01Z,b327769f5bff5db4809df759b410d7462b80d7cb36f43070237cdd4fb23d09b9,10029517,usgs,pnsp,EPest.county.estimates.1994.txt,text/plain,200,"US Government Work (17 USC 105), public domain unless noted",final county-level estimates; low+high; DOI 10.5066/F7NP22KM
https://water.usgs.gov/nawqa/pnsp/usage/maps/county-level/PesticideUseEstimates/EPest.county.estimates.1995.txt,2026-09-14T20:31:02Z,9d4234f30a42a284a512e3cfbf805fed94ceaad287d10a0b5be8e1ea54b62078,10542294,usgs,pnsp,EPest.county.estimates.1995.txt,text/plain,200,"US Government Work (17 USC 105), public domain unless noted",final county-level estimates; low+high; DOI 10.5066/F7NP22KM
https://www.nrcs.usda.gov/sites/default/files/2022-10/RaCA_Methodology_Sampling_Summary.pdf,2026-09-14T20:31:03Z,,0,usda-nrcs,raca,RaCA_Methodology_Sampling_Summary.pdf,,NO_SNAPSHOT,US Government Work (17 USC 105),FAILED: no Wayback capture found. RaCA methodology / regional summary
https://water.usgs.gov/nawqa/pnsp/usage/maps/county-level/PesticideUseEstimates/EPest.county.estimates.1996.txt,2026-09-14T20:31:04Z,fa3a381d32f9fbdcbbb5639d944ee3134a2d92b70086a71ef25a04e7b2a42aa6,10907726,usgs,pnsp,EPest.county.estimates.1996.txt,text/plain,200,"US Government Work (17 USC 105), public domain unless noted",final county-level estimates; low+high; DOI 10.5066/F7NP22KM
https://water.usgs.gov/nawqa/pnsp/usage/maps/county-level/PesticideUseEstimates/EPest.county.estimates.1997.txt,2026-09-14T20:31:05Z,f260c13294dd04aa88031e53e8e483e93ccb474fa5fa2a60365959d8883132db,11118339,usgs,pnsp,EPest.county.estimates.1997.txt,text/plain,200,"US Government Work (17 USC 105), public domain unless noted",final county-level estimates; low+high; DOI 10.5066/F7NP22KM
https://water.usgs.gov/nawqa/pnsp/usage/maps/county-level/PesticideUseEstimates/EPest.county.estimates.1998.txt,2026-09-14T20:31:06Z,a7fedf1cce89c2d0da30d3a7678e3e98d02c9d8deeeff8a5339e449378932944,10650996,usgs,pnsp,EPest.county.estimates.1998.txt,text/plain,200,"US Government Work (17 USC 105), public domain unless noted",final county-level estimates; low+high; DOI 10.5066/F7NP22KM
https://water.usgs.gov/nawqa/pnsp/usage/maps/county-level/PesticideUseEstimates/EPest.county.estimates.1999.txt,2026-09-14T20:31:08Z,97ebbe1cb47daf893a6a72841d29165cc16892b64fd0c0c3dd38ffcfb75e9bef,10790227,usgs,pnsp,EPest.county.estimates.1999.txt,text/plain,200,"US Government Work (17 USC 105), public domain unless noted",final county-level estimates; low+high; DOI 10.5066/F7NP22KM
https://water.usgs.gov/nawqa/pnsp/usage/maps/county-level/PesticideUseEstimates/EPest.county.estimates.2000.txt,2026-09-14T20:31:09Z,d8ec2a33680e2495e58a24b85e4e7e8f77730d0493dded765bdfb3df93ee7551,10992025,usgs,pnsp,EPest.county.estimates.2000.txt,text/plain,200,"US Government Work (17 USC 105), public domain unless noted",final county-level estimates; low+high; DOI 10.5066/F7NP22KM
https://www.nrcs.usda.gov/sites/default/files/2022-10/Location_Instructions.pdf,2026-09-14T20:31:10Z,,0,usda-nrcs,raca,Location_Instructions.pdf,,NO_SNAPSHOT,US Government Work (17 USC 105),FAILED: no Wayback capture found. RaCA methodology / regional summary
https://water.usgs.gov/nawqa/pnsp/usage/maps/county-level/PesticideUseEstimates/EPest.county.estimates.2001.txt,2026-09-14T20:31:11Z,bddcf028111f5b4e852fdfd1b9b5dee6916229d66a3271d0c7518369748ded28,10947535,usgs,pnsp,EPest.county.estimates.2001.txt,text/plain,200,"US Government Work (17 USC 105), public domain unless noted",final county-level estimates; low+high; DOI 10.5066/F7NP22KM
https://water.usgs.gov/nawqa/pnsp/usage/maps/county-level/PesticideUseEstimates/EPest.county.estimates.2002.txt,2026-09-14T20:31:12Z,bb9528c27a5c31e5f86fbc72931d53958aaa7a146ff9f62709795af28ab5ec17,11094494,usgs,pnsp,EPest.county.estimates.2002.txt,text/plain,200,"US Government Work (17 USC 105), public domain unless noted",final county-level estimates; low+high; DOI 10.5066/F7NP22KM
https://water.usgs.gov/nawqa/pnsp/usage/maps/county-level/PesticideUseEstimates/EPest.county.estimates.2003.txt,2026-09-14T20:31:14Z,ed59d689eabd3b75062b700cea5dccac8edfdc8ad4988cd585d3855a6acf9b46,11076869,usgs,pnsp,EPest.county.estimates.2003.txt,text/plain,200,"US Government Work (17 USC 105), public domain unless noted",final county-level estimates; low+high; DOI 10.5066/F7NP22KM
https://water.usgs.gov/nawqa/pnsp/usage/maps/county-level/PesticideUseEstimates/EPest.county.estimates.2004.txt,2026-09-14T20:31:16Z,f1dfe11fabc54099729aa1e728657de21e26d3364903f74fe97532aa1f0626f0,11538462,usgs,pnsp,EPest.county.estimates.2004.txt,text/plain,200,"US Government Work (17 USC 105), public domain unless noted",final county-level estimates; low+high; DOI 10.5066/F7NP22KM
https://www.nrcs.usda.gov/sites/default/files/2022-10/Alter_Site_Location.pdf,2026-09-14T20:31:17Z,,0,usda-nrcs,raca,Alter_Site_Location.pdf,,NO_SNAPSHOT,US Government Work (17 USC 105),FAILED: no Wayback capture found. RaCA methodology / regional summary
https://water.usgs.gov/nawqa/pnsp/usage/maps/county-level/PesticideUseEstimates/EPest.county.estimates.2005.txt,2026-09-14T20:31:17Z,182c7fb21d0ed0d4ec23864a84cbc0297097e4ceb203c2b6fe2b5574ce683005,11166862,usgs,pnsp,EPest.county.estimates.2005.txt,text/plain,200,"US Government Work (17 USC 105), public domain unless noted",final county-level estimates; low+high; DOI 10.5066/F7NP22KM
https://water.usgs.gov/nawqa/pnsp/usage/maps/county-level/PesticideUseEstimates/EPest.county.estimates.2006.txt,2026-09-14T20:31:19Z,aa5613dafdc00954455b5a04ab47553f65dace52de6c357505aa069e2901ead3,11415728,usgs,pnsp,EPest.county.estimates.2006.txt,text/plain,200,"US Government Work (17 USC 105), public domain unless noted",final county-level estimates; low+high; DOI 10.5066/F7NP22KM
https://water.usgs.gov/nawqa/pnsp/usage/maps/county-level/PesticideUseEstimates/EPest.county.estimates.2007.txt,2026-09-14T20:31:20Z,a33c7f82e180d96b5a1fe216055a398047300d42b800417285edb1283c11e4c9,11051467,usgs,pnsp,EPest.county.estimates.2007.txt,text/plain,200,"US Government Work (17 USC 105), public domain unless noted",final county-level estimates; low+high; DOI 10.5066/F7NP22KM
https://water.usgs.gov/nawqa/pnsp/usage/maps/county-level/PesticideUseEstimates/EPest.county.estimates.2008.txt,2026-09-14T20:31:22Z,2770c5473ae65209c65438c29aacd9ae310876b25547c1202ca2a542db042641,11605511,usgs,pnsp,EPest.county.estimates.2008.txt,text/plain,200,"US Government Work (17 USC 105), public domain unless noted",final county-level estimates; low+high; DOI 10.5066/F7NP22KM
https://www.nrcs.usda.gov/sites/default/files/2022-10/RaCA_Field_Collection_Protocols.pdf,2026-09-14T20:31:24Z,,0,usda-nrcs,raca,RaCA_Field_Collection_Protocols.pdf,,NO_SNAPSHOT,US Government Work (17 USC 105),FAILED: no Wayback capture found. RaCA methodology / regional summary
https://water.usgs.gov/nawqa/pnsp/usage/maps/county-level/PesticideUseEstimates/EPest.county.estimates.2009.txt,2026-09-14T20:31:24Z,9947ef9901a503f40f5792a788503563b49e51962b0ba9738809684ad7629f00,12288170,usgs,pnsp,EPest.county.estimates.2009.txt,text/plain,200,"US Government Work (17 USC 105), public domain unless noted",final county-level estimates; low+high; DOI 10.5066/F7NP22KM
https://water.usgs.gov/nawqa/pnsp/usage/maps/county-level/PesticideUseEstimates/EPest.county.estimates.2010.txt,2026-09-14T20:31:25Z,5ac8d2ae864627b1286fec4a92956b83d9f24cf7bc072f4eb9c3ac99c6957e1a,12394401,usgs,pnsp,EPest.county.estimates.2010.txt,text/plain,200,"US Government Work (17 USC 105), public domain unless noted",final county-level estimates; low+high; DOI 10.5066/F7NP22KM
https://water.usgs.gov/nawqa/pnsp/usage/maps/county-level/PesticideUseEstimates/EPest.county.estimates.2011.txt,2026-09-14T20:31:27Z,90a75828dc3d86c67951f487dd5d96604f97f7e4317d3092ca8250fb02350e97,12355128,usgs,pnsp,EPest.county.estimates.2011.txt,text/plain,200,"US Government Work (17 USC 105), public domain unless noted",final county-level estimates; low+high; DOI 10.5066/F7NP22KM
https://water.usgs.gov/nawqa/pnsp/usage/maps/county-level/PesticideUseEstimates/EPest.county.estimates.2012.txt,2026-09-14T20:31:29Z,73480d8ebc6d4ea35c1e23de8206b72283e94da06de12521ab9fd32703496f31,12345086,usgs,pnsp,EPest.county.estimates.2012.txt,text/plain,200,"US Government Work (17 USC 105), public domain unless noted",final county-level estimates; low+high; DOI 10.5066/F7NP22KM
https://water.usgs.gov/nawqa/pnsp/usage/maps/county-level/PreliminaryEstimates/EPest.county.estimates.2013.txt,2026-09-14T20:31:30Z,4dcd2543b2f89fa6a92f168f0177827b5bb1831aae86c51d2d0bba238deed6c4,12616974,usgs,pnsp,EPest.county.estimates.2013.txt,text/plain,200,"US Government Work (17 USC 105), public domain unless noted","PRELIMINARY estimates, subject to revision; 2017-2018 exclude California"
https://water.usgs.gov/nawqa/pnsp/usage/maps/county-level/PreliminaryEstimates/EPest.county.estimates.2014.txt,2026-09-14T20:31:32Z,2d5d63331d5258123419098539410bc392056c308067df5f51c3c71a4b17d574,13114744,usgs,pnsp,EPest.county.estimates.2014.txt,text/plain,200,"US Government Work (17 USC 105), public domain unless noted","PRELIMINARY estimates, subject to revision; 2017-2018 exclude California"
https://water.usgs.gov/nawqa/pnsp/usage/maps/county-level/PreliminaryEstimates/2015PreliminaryEstimates.zip,2026-09-14T20:31:33Z,611f22786fea98a858eb6c893286e014f96f60447ada187573e2ecea5f87a1ef,2005257,usgs,pnsp,2015PreliminaryEstimates.zip,application/zip,200,"US Government Work (17 USC 105), public domain unless noted","PRELIMINARY estimates, subject to revision; 2017-2018 exclude California"
https://water.usgs.gov/nawqa/pnsp/usage/maps/county-level/PreliminaryEstimates/2016PreliminaryEstimates.zip,2026-09-14T20:31:34Z,67cc216afa5c2158259ceaa695b3d449f0960c7489ad8490427a15969cee252f,1970462,usgs,pnsp,2016PreliminaryEstimates.zip,application/zip,200,"US Government Work (17 USC 105), public domain unless noted","PRELIMINARY estimates, subject to revision; 2017-2018 exclude California"
https://water.usgs.gov/nawqa/pnsp/usage/maps/county-level/PreliminaryEstimateNOCa/2017PreliminaryEstimatesNoCA.zip,2026-09-14T20:31:35Z,1b880e0e09c8e78367603b0acef59d30bc7800bed0c8f3114996605dce255beb,1919887,usgs,pnsp,2017PreliminaryEstimatesNoCA.zip,application/zip,200,"US Government Work (17 USC 105), public domain unless noted","PRELIMINARY estimates, subject to revision; 2017-2018 exclude California"
https://water.usgs.gov/nawqa/pnsp/usage/maps/county-level/PreliminaryEstimateNOCa/2018PreliminaryEstimatesNoCA.zip,2026-09-14T20:31:36Z,65e5657f4db212749651970157489fcd43863cbf3d32d6357929451ce01ae515,1696830,usgs,pnsp,2018PreliminaryEstimatesNoCA.zip,application/zip,200,"US Government Work (17 USC 105), public domain unless noted","PRELIMINARY estimates, subject to revision; 2017-2018 exclude California"
https://water.usgs.gov/nawqa/pnsp/usage/maps/county-level/StateLevel/AgPestUsebyCropGroup92to16.zip,2026-09-14T20:31:37Z,7cf59ad650cb4da0dddbb27047ee76ab4a2f7468ea914f7f8973790575fe3adb,3797171,usgs,pnsp,AgPestUsebyCropGroup92to16.zip,application/zip,200,"US Government Work (17 USC 105), public domain unless noted",state-level agricultural pesticide use by crop group 1992-2016
https://www.ecfr.gov/api/versioner/v1/full/2026-09-09/title-40.xml?part=180,2026-09-14T20:31:47Z,d20d130cdf82086daee3b11f6855817a405f0561e1f66656781e7c3d283411dd,3678862,ecfr,40cfr180-tolerances,40CFR180_full_2026-09-09.xml,application/xml; charset=utf-8,200,"US Government Work (17 USC 105), public domain unless noted",full text of Part 180 as of retrieval date
https://www.ecfr.gov/api/versioner/v1/structure/2026-09-09/title-40.json,2026-09-14T20:31:48Z,0e5e4405fe7fe2e0a86654f3b0cda3eae7efecedb0a07a74436aa24dcfb7860a,9395482,ecfr,40cfr180-tolerances,title40_structure_2026-09-09.json,application/json; charset=utf-8,200,"US Government Work (17 USC 105), public domain unless noted",Title 40 hierarchy incl. Part 180 sections
https://www.ecfr.gov/api/versioner/v1/titles.json,2026-09-14T20:31:48Z,b81109b387482308de323ab24eb1cd2773701b76d9e72cbf7f1b3cd94283dd90,8033,ecfr,40cfr180-tolerances,ecfr_titles.json,application/json; charset=utf-8,200,"US Government Work (17 USC 105), public domain unless noted",eCFR title index with issue dates
https://www.ecfr.gov/api/versioner/v1/versions/title-40.json?part=180,2026-09-14T20:31:48Z,b01ccf8b0ef666a641273c346f913dc72dd6a5a1fe689425c4f18b666e1f4224,256668,ecfr,40cfr180-tolerances,40CFR180_version_history.json,application/json; charset=utf-8,200,"US Government Work (17 USC 105), public domain unless noted",amendment history for every section of Part 180
https://www.ams.usda.gov/sites/default/files/media/1992PDPDatabase.zip,2026-09-14T20:31:49Z,76d297ee7d76626005b15342d6b234fce259f1862539773ca219ec1f04f7d59e,230473,usda-ams,pdp,1992PDPDatabase.zip,application/zip,200,"US Government Work (17 USC 105), public domain unless noted",annual sample + reference tables; commodity set rotates yearly
https://www.ams.usda.gov/sites/default/files/media/1993PDPDatabase.zip,2026-09-14T20:31:50Z,aab6992d5f8a6a2853dcd909ec2a3d0ad400461473669dae1f6222d95e135998,609120,usda-ams,pdp,1993PDPDatabase.zip,application/zip,200,"US Government Work (17 USC 105), public domain unless noted",annual sample + reference tables; commodity set rotates yearly
https://www.ams.usda.gov/sites/default/files/media/1994PDPDatabase.zip,2026-09-14T20:31:52Z,694e31bdbeb9113aac9ecc1181e1e356f7fbcf9d280a50ed99f81def36c61a39,1719605,usda-ams,pdp,1994PDPDatabase.zip,application/zip,200,"US Government Work (17 USC 105), public domain unless noted",annual sample + reference tables; commodity set rotates yearly
https://www.ams.usda.gov/sites/default/files/media/1995PDPDatabase.zip,2026-09-14T20:31:54Z,c45ae892123838df9fb19535a79b63bed4486145437730283b9ef545a36cdcb6,1717722,usda-ams,pdp,1995PDPDatabase.zip,application/zip,200,"US Government Work (17 USC 105), public domain unless noted",annual sample + reference tables; commodity set rotates yearly
https://www.ams.usda.gov/sites/default/files/media/1996PDPDatabase.zip,2026-09-14T20:31:56Z,adfed86ea35b09578d540f46eba6ea349b081f42421b168ff3348de21cc8abf0,1566801,usda-ams,pdp,1996PDPDatabase.zip,application/zip,200,"US Government Work (17 USC 105), public domain unless noted",annual sample + reference tables; commodity set rotates yearly
https://www.ams.usda.gov/sites/default/files/media/1997PDPDatabase.zip,2026-09-14T20:31:58Z,4b6236c6b5e88eb8a22d928fca041bb23168e2f8bbc99c5b04d384cd28916ec4,2021129,usda-ams,pdp,1997PDPDatabase.zip,application/zip,200,"US Government Work (17 USC 105), public domain unless noted",annual sample + reference tables; commodity set rotates yearly
https://www.ams.usda.gov/sites/default/files/media/1998PDPDatabase.zip,2026-09-14T20:32:00Z,2f4b0f38c13d86ab9dad206116a1dc51a22c2d9775f71f240fee98813eba0059,2560879,usda-ams,pdp,1998PDPDatabase.zip,application/zip,200,"US Government Work (17 USC 105), public domain unless noted",annual sample + reference tables; commodity set rotates yearly
https://www.ams.usda.gov/sites/default/files/media/1999PDPDatabase.zip,2026-09-14T20:32:02Z,6124d27fd21b06f0cc46590e1c6be45c1e8be9e9267b74b4256d21ccf42998cf,2630237,usda-ams,pdp,1999PDPDatabase.zip,application/zip,200,"US Government Work (17 USC 105), public domain unless noted",annual sample + reference tables; commodity set rotates yearly
https://www.ams.usda.gov/sites/default/files/media/2000PDPDatabase.zip,2026-09-14T20:32:05Z,1c3e56159c1962e02b03dbee2103b1371af4cea5dcbcdcb8d3759b548a9aea1d,3386801,usda-ams,pdp,2000PDPDatabase.zip,application/zip,200,"US Government Work (17 USC 105), public domain unless noted",annual sample + reference tables; commodity set rotates yearly
https://www.ams.usda.gov/sites/default/files/media/2001PDPDatabase.zip,2026-09-14T20:32:08Z,1aa8626564c7ebbee1a5bf98748b53377695345384422399e637d069660aeb19,3749287,usda-ams,pdp,2001PDPDatabase.zip,application/zip,200,"US Government Work (17 USC 105), public domain unless noted",annual sample + reference tables; commodity set rotates yearly
https://www.ams.usda.gov/sites/default/files/media/2002PDPDatabase.zip,2026-09-14T20:32:11Z,ac35391e37162538503a321dd6524e7e6cfb11812e99b6992802eb383c6b078f,3756840,usda-ams,pdp,2002PDPDatabase.zip,application/zip,200,"US Government Work (17 USC 105), public domain unless noted",annual sample + reference tables; commodity set rotates yearly
https://www.ams.usda.gov/sites/default/files/media/2003PDPDatabase.zip,2026-09-14T20:32:14Z,0472dfc76a3e34a172f174b0620a12a08b8db4b60b2527bce905ba5083616491,3653443,usda-ams,pdp,2003PDPDatabase.zip,application/zip,200,"US Government Work (17 USC 105), public domain unless noted",annual sample + reference tables; commodity set rotates yearly
https://www.ams.usda.gov/sites/default/files/media/2004PDPDatabase.zip,2026-09-14T20:32:17Z,5b5a5e496c1a5f098230bdb1aa14e85e453f5266779882fd3c6a3a034db61bb0,4722492,usda-ams,pdp,2004PDPDatabase.zip,application/zip,200,"US Government Work (17 USC 105), public domain unless noted",annual sample + reference tables; commodity set rotates yearly
https://www.ams.usda.gov/sites/default/files/media/2005PDPDatabase.zip,2026-09-14T20:32:19Z,95e8563e55c6e3954bc0e56734027fe26c44797609521ea4cdd695e335565c5f,5130226,usda-ams,pdp,2005PDPDatabase.zip,application/zip,200,"US Government Work (17 USC 105), public domain unless noted",annual sample + reference tables; commodity set rotates yearly
https://www.nrcs.usda.gov/sites/default/files/2022-10/Rapid_Carbon_Assessment_Field_Laboratory_Instructions.pdf,2026-09-14T20:32:26Z,,0,usda-nrcs,raca,Rapid_Carbon_Assessment_Field_Laboratory_Instructions.pdf,,NO_SNAPSHOT,US Government Work (17 USC 105),FAILED: no Wayback capture found. RaCA methodology / regional summary
https://www.ams.usda.gov/sites/default/files/media/2006PDPDatabase.ZIP,2026-09-14T20:32:28Z,8f84294026eacfdbd38437688402676a9a0180bbd87b6b89ec6e0cf0f83edac1,4847281,usda-ams,pdp,2006PDPDatabase.ZIP,application/zip,200,"US Government Work (17 USC 105), public domain unless noted",annual sample + reference tables; commodity set rotates yearly
https://www.ams.usda.gov/sites/default/files/media/2007PDPDatabase.zip,2026-09-14T20:32:31Z,aeec02de67748788b2fc709eaa836cdc4d9bfd4d74c6998fca9a73de340ec630,4986671,usda-ams,pdp,2007PDPDatabase.zip,application/zip,200,"US Government Work (17 USC 105), public domain unless noted",annual sample + reference tables; commodity set rotates yearly
https://www.fda.gov/media/103511/download,2026-09-14T20:32:34Z,fe219f03e75193c41e9d606ca47536919031a2d0e08c9cf3ae13a29b7c36eeff,469521,fda,pesticide-residue-monitoring,AnnualReport2014.pdf,application/pdf,200,"US Government Work (17 USC 105), public domain unless noted",FDA FY2014 residue monitoring: 2014 Report (PDF: 548KB) (direct from agency)
https://www.fda.gov/media/103526/download,2026-09-14T20:32:36Z,9161aad1bd5f85d77156fd18815491ffbb305c8663d9ae10c7b4172edcb8c3e7,445799,fda,pesticide-residue-monitoring,SampleData2014.zip,application/zip,200,"US Government Work (17 USC 105), public domain unless noted",FDA FY2014 residue monitoring: SampleData2014.zip (direct from agency)
https://www.fda.gov/media/103535/download,2026-09-14T20:32:37Z,9e857d8febe8ec22be09e461f0f9e79abd2c115e995c8d44b4369fcd05241d67,24578,fda,pesticide-residue-monitoring,Product2014.zip,application/zip,200,"US Government Work (17 USC 105), public domain unless noted",FDA FY2014 residue monitoring: Product2014.zip (direct from agency)
https://www.ams.usda.gov/sites/default/files/media/2008PDPDatabase.zip,2026-09-14T20:32:37Z,1d9e013477f0fa247380b028a31391b721c5cef7eedd778d2bc68dc6356bbcb2,6619463,usda-ams,pdp,2008PDPDatabase.zip,application/zip,200,"US Government Work (17 USC 105), public domain unless noted",annual sample + reference tables; commodity set rotates yearly
https://www.fda.gov/media/103740/download,2026-09-14T20:32:39Z,91b921934563a8224c3999dc18e921692aa1cfcad477533825130b2b83980cfa,208073,fda,pesticide-residue-monitoring,Chemical2014.zip,application/zip,200,"US Government Work (17 USC 105), public domain unless noted",FDA FY2014 residue monitoring: Chemical2014.zip (direct from agency)
https://www.fda.gov/media/103551/download,2026-09-14T20:32:40Z,52276b943f17a06c753d41c55dc509b6715e07252470a24e0736703274c5e636,4151028,fda,pesticide-residue-monitoring,CountryProductResidue2014.zip,application/zip,200,"US Government Work (17 USC 105), public domain unless noted",FDA FY2014 residue monitoring: CountryProductResidue2014.zip (direct from agency)
https://www.fda.gov/media/103559/download,2026-09-14T20:32:41Z,fedf0277c1960136cf1a4d7e347325beee1714c6b7b0521c9a21831d39bedeb3,47115,fda,pesticide-residue-monitoring,ReferenceFiles.zip,application/zip,200,"US Government Work (17 USC 105), public domain unless noted",FDA FY2014 residue monitoring: ReferenceFiles.zip (direct from agency)
https://www.ams.usda.gov/sites/default/files/media/2009PDPDatabase.zip,2026-09-14T20:32:41Z,8a1cdaa6d76d9eb1e0b48c3c514e4d07f1bb4c2a9661cbb2d7b8b7c5609c213f,6883996,usda-ams,pdp,2009PDPDatabase.zip,application/zip,200,"US Government Work (17 USC 105), public domain unless noted",annual sample + reference tables; commodity set rotates yearly
https://www.fda.gov/media/103519/download,2026-09-14T20:32:42Z,d803f325eb0d260bae9c16f2e4408c25a3e87e51deb882c3786226c337748b2d,144182,fda,pesticide-residue-monitoring,UsersManual2014.pdf,application/pdf,200,"US Government Work (17 USC 105), public domain unless noted",FDA FY2014 residue monitoring: User's Manual (direct from agency)
https://www.fda.gov/media/108688/download,2026-09-14T20:32:44Z,ba857b5451cb5a395a57de95c8da392715a81416baa5840a7ede6bb339ab7990,495678,fda,pesticide-residue-monitoring,AnnualReport2015.pdf,application/pdf,200,"US Government Work (17 USC 105), public domain unless noted",FDA FY2015 residue monitoring: 2015 Report (PDF: 484KB) (direct from agency)
https://www.fda.gov/media/109095/download,2026-09-14T20:32:45Z,1902d52a702b80a133bba2ab0d3534665b5461f052264575c64686cd8d1c905f,395820,fda,pesticide-residue-monitoring,SampleData2015.zip,application/zip,200,"US Government Work (17 USC 105), public domain unless noted",FDA FY2015 residue monitoring: SampleData2015.zip (direct from agency)
https://www.fda.gov/media/109100/download,2026-09-14T20:32:46Z,0bb3efb98f127ffc12efe6a7700796b3368091bfff749071bd0c55ee4e1ff28f,25182,fda,pesticide-residue-monitoring,Product2015.zip,application/zip,200,"US Government Work (17 USC 105), public domain unless noted",FDA FY2015 residue monitoring: Product2015.zip (direct from agency)
https://www.fda.gov/media/109125/download,2026-09-14T20:32:47Z,7bf33ff0fcb467d32b5b268398354e41f6f4254050dc2c54edad53d7998d8ee3,484590,fda,pesticide-residue-monitoring,Chemical2015.zip,application/zip,200,"US Government Work (17 USC 105), public domain unless noted",FDA FY2015 residue monitoring: Chemical2015.zip (direct from agency)
https://www.ams.usda.gov/sites/default/files/media/2010PDPDatabase.zip,2026-09-14T20:32:47Z,f285c1f403cfeb4f952a4310b4a712983c6ed023f7c7371821f7bd54d21c31e5,7071396,usda-ams,pdp,2010PDPDatabase.zip,application/zip,200,"US Government Work (17 USC 105), public domain unless noted",annual sample + reference tables; commodity set rotates yearly
https://www.fda.gov/media/109108/download,2026-09-14T20:32:48Z,cea5247a0630ffd069e2ac7589ad8a645fa8751fc0c09c85af785d0920819cd3,6544453,fda,pesticide-residue-monitoring,CountryProductResidue2015.zip,application/zip,200,"US Government Work (17 USC 105), public domain unless noted",FDA FY2015 residue monitoring: CountryProductResidue2015.zip (direct from agency)
https://www.ams.usda.gov/sites/default/files/media/2011PDPDatabase.zip,2026-09-14T20:32:48Z,1c911139e5549ba8c4441ccb626994c0c30ef389ef44b75e90c131a5571cc8a3,7515379,usda-ams,pdp,2011PDPDatabase.zip,application/zip,200,"US Government Work (17 USC 105), public domain unless noted",annual sample + reference tables; commodity set rotates yearly
https://www.fda.gov/media/109116/download,2026-09-14T20:32:49Z,ca34a0b33872ab0e081faaaf892507beae646fc51e30f6198179c15c3a8f54a5,48059,fda,pesticide-residue-monitoring,ReferenceFiles.zip,application/zip,200,"US Government Work (17 USC 105), public domain unless noted",FDA FY2015 residue monitoring: ReferenceFiles.zip (direct from agency)
https://www.ams.usda.gov/sites/default/files/media/2012PDPDatabase.zip,2026-09-14T20:32:49Z,18e3231b95014732c6343f6329f5c999604c4e0de1e3d294486beb035f76f79c,7688466,usda-ams,pdp,2012PDPDatabase.zip,application/zip,200,"US Government Work (17 USC 105), public domain unless noted",annual sample + reference tables; commodity set rotates yearly
https://www.fda.gov/media/108686/download,2026-09-14T20:32:50Z,7cae30193e808b9db7c36bf259019e7d21e317b8f0930e588aa5935736b1f1e8,188105,fda,pesticide-residue-monitoring,UsersManual2015.pdf,application/pdf,200,"US Government Work (17 USC 105), public domain unless noted",FDA FY2015 residue monitoring: User's Manual (direct from agency)
https://www.ams.usda.gov/sites/default/files/media/2013PDPDatabase.zip,2026-09-14T20:32:50Z,529c06572b2399124186cbbc52e90f2b42f62de637eaf99a279d583f96e02117,7301654,usda-ams,pdp,2013PDPDatabase.zip,application/zip,200,"US Government Work (17 USC 105), public domain unless noted",annual sample + reference tables; commodity set rotates yearly
https://www.ams.usda.gov/sites/default/files/media/2014PDPDatabase.zip,2026-09-14T20:32:51Z,2f91e71b55e17296efb500db4ca03829d724ec0393767d048f95fc233dafae5c,7867225,usda-ams,pdp,2014PDPDatabase.zip,application/zip,200,"US Government Work (17 USC 105), public domain unless noted",annual sample + reference tables; commodity set rotates yearly
https://www.fda.gov/media/117088/download,2026-09-14T20:32:52Z,8e966564545df47c692d3d933aa9fb797f806e7b9359ed46de774cc93f452906,540101,fda,pesticide-residue-monitoring,AnnualReport2016.pdf,application/pdf,200,"US Government Work (17 USC 105), public domain unless noted",FDA FY2016 residue monitoring: 2016 Report (PDF: 484 KB) (direct from agency)
https://www.fda.gov/media/117094/download,2026-09-14T20:32:53Z,51e3a5ac3f8b4496f331a5d58da678bc4ff4ae1914a945b121d26fa9822eb747,496025,fda,pesticide-residue-monitoring,SampleData2016.zip,application/zip,200,"US Government Work (17 USC 105), public domain unless noted",FDA FY2016 residue monitoring: SampleData2016.zip (direct from agency)
https://www.fda.gov/media/117092/download,2026-09-14T20:32:54Z,84d9319e417dccca139fecae41842eb42f9fb85acc8be3292485a811a5a80c55,21840,fda,pesticide-residue-monitoring,Product2016.zip,application/zip,200,"US Government Work (17 USC 105), public domain unless noted",FDA FY2016 residue monitoring: Product2016.zip (direct from agency)
https://www.fda.gov/media/117090/download,2026-09-14T20:32:56Z,678a2fb518c1b1fdd9b28c0ddfd4ed2d6789405ecd975d3937114bd31b2446a4,457155,fda,pesticide-residue-monitoring,Chemical2016.zip,application/zip,200,"US Government Work (17 USC 105), public domain unless noted",FDA FY2016 residue monitoring: Chemical2016.zip (direct from agency)
https://www.fda.gov/media/117091/download,2026-09-14T20:32:57Z,9d38ac8bfdfd1c47cdaa5ac726e211b5f9a8764056560f577ec06ea2c9a904d8,6285568,fda,pesticide-residue-monitoring,CountryProductResidue2016.zip,application/zip,200,"US Government Work (17 USC 105), public domain unless noted",FDA FY2016 residue monitoring: CountryProductResidue2016.zip (direct from agency)
https://www.ams.usda.gov/sites/default/files/media/2015PDPDatabase.ZIP,2026-09-14T20:32:57Z,2d8ed326f459785573b81c51849cd74dfaaa9e393f808cd4d9e8925fb9e5f82a,8483847,usda-ams,pdp,2015PDPDatabase.ZIP,application/zip,200,"US Government Work (17 USC 105), public domain unless noted",annual sample + reference tables; commodity set rotates yearly
https://www.fda.gov/media/117093/download,2026-09-14T20:32:58Z,2b1f1f02c7d6434ffddbe61d8bf2e3415659d64ca2ff6609e5eed2940257bba0,93872,fda,pesticide-residue-monitoring,ReferenceFiles2016.zip,application/zip,200,"US Government Work (17 USC 105), public domain unless noted",FDA FY2016 residue monitoring: ReferenceFiles2016.zip (direct from agency)
https://www.fda.gov/media/117089/download,2026-09-14T20:32:59Z,9faf81c4b335dcc99dd5ff4c13cf98a2bdec6a54a48ab29d9b1841e9a1b43fa2,149418,fda,pesticide-residue-monitoring,UsersManual2016.pdf,application/pdf,200,"US Government Work (17 USC 105), public domain unless noted",FDA FY2016 residue monitoring: User's Manual (direct from agency)
https://www.fda.gov/media/130291/download,2026-09-14T20:33:01Z,49490539a302444ea688ba2fc6cec224830e5100bbc2454650d6702d38e49d67,597044,fda,pesticide-residue-monitoring,AnnualReport2017.pdf,application/pdf,200,"US Government Work (17 USC 105), public domain unless noted",FDA FY2017 residue monitoring: 2017 Report (PDF: 576 KB) (direct from agency)
https://www.fda.gov/media/130339/download,2026-09-14T20:33:02Z,247008030b7f4a35f61ea370d44fa83f92b3c2f02402b708bfe0276d43205c25,499574,fda,pesticide-residue-monitoring,SampleData2017.zip,application/zip,200,"US Government Work (17 USC 105), public domain unless noted",FDA FY2017 residue monitoring: SampleData2017.zip (direct from agency)
https://www.fda.gov/media/130340/download,2026-09-14T20:33:03Z,aaa5fa310ede7991b40c01474489a2fd2114ca0c35603bdae49c95c5375569b6,19848,fda,pesticide-residue-monitoring,Product2017.zip,application/zip,200,"US Government Work (17 USC 105), public domain unless noted",FDA FY2017 residue monitoring: Product2017.zip (direct from agency)
https://www.ams.usda.gov/sites/default/files/media/2016PDPDatabase.ZIP,2026-09-14T20:33:03Z,9bbdfb5cbe52dd3d200dd5fe7a726e896da604c09e14edeecbbba9484c06a01d,8764846,usda-ams,pdp,2016PDPDatabase.ZIP,application/zip,200,"US Government Work (17 USC 105), public domain unless noted",annual sample + reference tables; commodity set rotates yearly
https://www.fda.gov/media/130341/download,2026-09-14T20:33:05Z,22e3e81ae5fa41ff97955398febda1215acf9402da3ae4021dfef44151da3304,441874,fda,pesticide-residue-monitoring,Chemical2017.zip,application/zip,200,"US Government Work (17 USC 105), public domain unless noted",FDA FY2017 residue monitoring: Chemical2017.zip (direct from agency)
https://www.fda.gov/media/130342/download,2026-09-14T20:33:06Z,fd5e807a7b6ae21b0e513969554bb0d34058ead5257bf40936f8f372bc32c38d,7067104,fda,pesticide-residue-monitoring,CountryProductResidue2017.zip,application/zip,200,"US Government Work (17 USC 105), public domain unless noted",FDA FY2017 residue monitoring: CountryProductResidue2017.zip (direct from agency)
https://www.fda.gov/media/130343/download,2026-09-14T20:33:07Z,1f9836010a3cea973c49d9c1404dbc5759be67d8a97f8513c0f1b31d0d670072,87687,fda,pesticide-residue-monitoring,ReferenceFiles2017.zip,application/zip,200,"US Government Work (17 USC 105), public domain unless noted",FDA FY2017 residue monitoring: ReferenceFiles2017.zip (direct from agency)
https://www.fda.gov/media/130290/download,2026-09-14T20:33:09Z,670d0450308e1b7be20b26059e42da3fb57f23c731d1dfb9496cd0a6a1e6c83a,168306,fda,pesticide-residue-monitoring,UsersManual2017.pdf,application/pdf,200,"US Government Work (17 USC 105), public domain unless noted",FDA FY2017 residue monitoring: User's Manual (direct from agency)
https://www.ams.usda.gov/sites/default/files/media/2017PDPDatabase.ZIP,2026-09-14T20:33:09Z,5f3f2ca8b11e95f9553c5975ef1ee012af9be6c64d14a49a75c468689aca81c8,8979884,usda-ams,pdp,2017PDPDatabase.ZIP,application/zip,200,"US Government Work (17 USC 105), public domain unless noted",annual sample + reference tables; commodity set rotates yearly
https://www.fda.gov/media/140802/download,2026-09-14T20:33:10Z,204fa7a4a9a3fb32ae745b947eb26e6a37f3b9ccfd49b76f3527bf6bc5108d0d,609644,fda,pesticide-residue-monitoring,AnnualReport2018.pdf,application/pdf,200,"US Government Work (17 USC 105), public domain unless noted",FDA FY2018 residue monitoring: 2018 Report (PDF: 595 KB) (direct from agency)
https://www.fda.gov/media/140803/download,2026-09-14T20:33:11Z,95acbbc48d00feb1596e6919e268665389b6d6fc4433f8b4e4d4c11df4ef91ad,159061,fda,pesticide-residue-monitoring,UsersManual2018.pdf,application/pdf,200,"US Government Work (17 USC 105), public domain unless noted",FDA FY2018 residue monitoring: User's Manual (direct from agency)
https://www.ams.usda.gov/sites/default/files/media/2018PDPDatabase.zip,2026-09-14T20:33:11Z,b28857d6c5ebacbcdb568162e3e6c60f566d890b39aaea96ba6a0b1aeaae9e66,9449533,usda-ams,pdp,2018PDPDatabase.zip,application/zip,200,"US Government Work (17 USC 105), public domain unless noted",annual sample + reference tables; commodity set rotates yearly
https://www.ams.usda.gov/sites/default/files/media/2019PDPDatabase.zip,2026-09-14T20:33:12Z,42c8721b755243a191199d9a9b357c722db945cb50a3ae058d2527499385358c,9385952,usda-ams,pdp,2019PDPDatabase.zip,application/zip,200,"US Government Work (17 USC 105), public domain unless noted",annual sample + reference tables; commodity set rotates yearly
https://www.fda.gov/media/140801/download,2026-09-14T20:33:13Z,6a2ecf775e076424b2c7bf9636a5a42c6c7a6d72c9a48557647a283eaf9e76ab,395137,fda,pesticide-residue-monitoring,SampleData2018.zip,application/zip,200,"US Government Work (17 USC 105), public domain unless noted",FDA FY2018 residue monitoring: SampleData2018.zip (direct from agency)
https://www.ams.usda.gov/sites/default/files/media/2020PDPDatabase.zip,2026-09-14T20:33:13Z,368df506a1ecb23ac6e77dc2beb76c14655ab828c9f6ad794fd6b0cc41168085,9450535,usda-ams,pdp,2020PDPDatabase.zip,application/zip,200,"US Government Work (17 USC 105), public domain unless noted",annual sample + reference tables; commodity set rotates yearly
https://www.fda.gov/media/140799/download,2026-09-14T20:33:14Z,0b57ecbdaa2e9a7fb03ed51c5e55762bc0c53ae022aaaec317a021d71fe8e717,16735,fda,pesticide-residue-monitoring,Product2018.zip,application/zip,200,"US Government Work (17 USC 105), public domain unless noted",FDA FY2018 residue monitoring: Product2018.zip (direct from agency)
https://www.ams.usda.gov/sites/default/files/media/2021PDPDatabase.zip,2026-09-14T20:33:14Z,5d66c6b7d6fa6184146e313fd5b73652661e66d6c814289648398a68ea473980,9937453,usda-ams,pdp,2021PDPDatabase.zip,application/zip,200,"US Government Work (17 USC 105), public domain unless noted",annual sample + reference tables; commodity set rotates yearly
https://www.fda.gov/media/140797/download,2026-09-14T20:33:15Z,d7d0cd6db21623440f6d2c6495c6139d6616e7464e185dc8eed605708524b0e9,424598,fda,pesticide-residue-monitoring,Chemical2018.zip,application/zip,200,"US Government Work (17 USC 105), public domain unless noted",FDA FY2018 residue monitoring: Chemical2018.zip (direct from agency)
https://www.ams.usda.gov/sites/default/files/media/2022PDPDatabase.zip,2026-09-14T20:33:15Z,9e599c741c6122d1ea7f6ec7ed0509ed5c2dbe34084cd5531b05303cafa433af,10487469,usda-ams,pdp,2022PDPDatabase.zip,application/zip,200,"US Government Work (17 USC 105), public domain unless noted",annual sample + reference tables; commodity set rotates yearly
https://gaftp.epa.gov/ecotox/ecotox_ascii_09_15_2026.zip,2026-09-14T20:33:16Z,6aba4def7d6e405e8f9f44173e4fe132013f3657bb4b5491f1fcc660fd1454b1,143255418,epa,ecotox,ecotox_ascii_09_15_2026.zip,application/zip,200,"US Government Work (17 USC 105), public domain unless noted",full ECOTOX ASCII release + controlled-terms appendix (codebook)
https://www.ams.usda.gov/sites/default/files/media/2023PDPDatabase.zip,2026-09-14T20:33:16Z,10bad42c5673517c0268fe80a789bcddbb58c5c08b80e9fb1ea1fba56be8a0a0,10397546,usda-ams,pdp,2023PDPDatabase.zip,application/zip,200,"US Government Work (17 USC 105), public domain unless noted",annual sample + reference tables; commodity set rotates yearly
https://gaftp.epa.gov/ecotox/ecotox-terms-appendix.xlsx,2026-09-14T20:33:17Z,474891a9ff0f890329e1b75218e17b13a24c99a4cbf048e2859d3d703b58ff7d,899587,epa,ecotox,ecotox-terms-appendix.xlsx,application/vnd.openxmlformats-officedocument.spreadsheetml.sheet,200,"US Government Work (17 USC 105), public domain unless noted",full ECOTOX ASCII release + controlled-terms appendix (codebook)
https://www.fda.gov/media/140798/download,2026-09-14T20:33:17Z,e068dd87893e5399898e30e36b76b21eafd507739cda86af09eb598ee1e2b680,6044498,fda,pesticide-residue-monitoring,CountryProductResidue2018.zip,application/zip,200,"US Government Work (17 USC 105), public domain unless noted",FDA FY2018 residue monitoring: CountryProductResidue2018.zip (direct from agency)
https://www.ams.usda.gov/sites/default/files/media/2024PDPDatabase.zip,2026-09-14T20:33:17Z,de916ba119f8d6dd5a4d5596c69b00c476fceeb31a96b1389dd005031c9c4d79,10600875,usda-ams,pdp,2024PDPDatabase.zip,application/zip,200,"US Government Work (17 USC 105), public domain unless noted",annual sample + reference tables; commodity set rotates yearly
https://www.fda.gov/media/140800/download,2026-09-14T20:33:18Z,ae0de9d397ed96e7e6d465232c876ca634067711d488394461008a5e4738e882,88473,fda,pesticide-residue-monitoring,ReferenceFiles2018.zip,application/zip,200,"US Government Work (17 USC 105), public domain unless noted",FDA FY2018 residue monitoring: ReferenceFiles2018.zip (direct from agency)
https://www.ams.usda.gov/sites/default/files/media/PDPDatabaseInstructions.pdf,2026-09-14T20:33:18Z,e1e1bbe759d73074a9915373097b5433f05aeb4c8ef7d70c5a904949ae4bb1fe,80736,usda-ams,pdp,PDPDatabaseInstructions.pdf,application/pdf,200,"US Government Work (17 USC 105), public domain unless noted",schema/data dictionary -- required to interpret the annual zips
https://www.fda.gov/media/153142/download,2026-09-14T20:33:19Z,819ce43afa2ba067e5c6ac6e3374c7f5fcb14999a92ff7a63d6b6f08b5bb337d,754065,fda,pesticide-residue-monitoring,AnnualReport2019.pdf,application/pdf,200,"US Government Work (17 USC 105), public domain unless noted",FDA FY2019 residue monitoring: 2019 Report (PDF: 705 KB) (direct from agency)
https://www.ams.usda.gov/sites/default/files/media/PDPSearchAppDataDictionary.pdf,2026-09-14T20:33:19Z,da5a0b019cafd956b707aef30059d1e089fa9893e721c78967fd3c3942e176e1,250124,usda-ams,pdp,PDPSearchAppDataDictionary.pdf,application/pdf,200,"US Government Work (17 USC 105), public domain unless noted",schema/data dictionary -- required to interpret the annual zips
https://www.fda.gov/media/153145/download,2026-09-14T20:33:20Z,3bb0c3c0a1a6f6aa26b51714bfdc0e3e0945b59729e714788a749af23673a945,330745,fda,pesticide-residue-monitoring,UsersManual2019.pdf,application/pdf,200,"US Government Work (17 USC 105), public domain unless noted",FDA FY2019 residue monitoring: User's Manual (direct from agency)
https://www.ams.usda.gov/sites/default/files/media/PDPSearchAppUserGuide.pdf,2026-09-14T20:33:20Z,97248873b8d022134b5ed17fd6dcfe642e6ba5c30a5e3eb49d6d58af8c3be2a4,865740,usda-ams,pdp,PDPSearchAppUserGuide.pdf,application/pdf,200,"US Government Work (17 USC 105), public domain unless noted",schema/data dictionary -- required to interpret the annual zips
https://www.ams.usda.gov/sites/default/files/media/PDPAnnualSummary.pdf,2026-09-14T20:33:21Z,bc775327d82314707fed360a5bf871a0b1a9d80239eb30aded2fcd9cebb7c647,3683266,usda-ams,pdp,PDPAnnualSummary.pdf,application/pdf,200,"US Government Work (17 USC 105), public domain unless noted",schema/data dictionary -- required to interpret the annual zips
https://www.fda.gov/media/153149/download,2026-09-14T20:33:22Z,5d6859103fc92854104081a3218d7f13e4e80e8ff8918dacafb10e25063a60a2,384076,fda,pesticide-residue-monitoring,SampleData2019.zip,application/zip,200,"US Government Work (17 USC 105), public domain unless noted",FDA FY2019 residue monitoring: SampleData2019.zip (direct from agency)
https://www.ams.usda.gov/sites/default/files/media/1992%20PDP%20Annual%20Summary.pdf,2026-09-14T20:33:22Z,5cd8a887b4bd94d07a7914b66b5d9ac75b0346cb32894f11b2c1f338b0fadd01,14112156,usda-ams,pdp,1992 PDP Annual Summary.pdf,application/pdf,200,"US Government Work (17 USC 105), public domain unless noted",published summary incl. sampling design and EPA benchmark comparison
https://web.archive.org/web/20240325202825id_/https://www.nrcs.usda.gov/sites/default/files/2022-10/Region_Soil_Components_Groups.xlsx,2026-09-14T20:33:22Z,af387435f817d5a7a8514f883af3043ffc073891d5d3a02e55ce9fa9a16158cf,2385306,usda-nrcs,raca,Region_Soil_Components_Groups.xlsx,application/vnd.openxmlformats-officedocument.spreadsheetml.sheet,200,"US Government Work (17 USC 105), public domain unless noted",VIA_WAYBACK capture=20240325202825 original_url=https://www.nrcs.usda.gov/sites/default/files/2022-10/Region_Soil_Components_Groups.xlsx (agency edge returns 401 to this network). RaCA methodology / regional summary
https://www.fda.gov/media/153150/download,2026-09-14T20:33:23Z,57bd09f392fce39bab78e504ff33480b915ca93305f8de7461a3820036db01be,15427,fda,pesticide-residue-monitoring,Product2019.zip,application/zip,200,"US Government Work (17 USC 105), public domain unless noted",FDA FY2019 residue monitoring: Product2019.zip (direct from agency)
https://www.ams.usda.gov/sites/default/files/media/1993%20PDP%20Annual%20Summary.pdf,2026-09-14T20:33:23Z,a93ad76edff34cee30e3862031301c68aff92870dc6664973dc467a4df2c19ac,395550,usda-ams,pdp,1993 PDP Annual Summary.pdf,application/pdf,200,"US Government Work (17 USC 105), public domain unless noted",published summary incl. sampling design and EPA benchmark comparison
https://www.fda.gov/media/153147/download,2026-09-14T20:33:24Z,e94def812a72d10b264f4d7bf6689aa48a5864aff1cfbdcddc51ef355bfb0756,417703,fda,pesticide-residue-monitoring,Chemical2019.zip,application/zip,200,"US Government Work (17 USC 105), public domain unless noted",FDA FY2019 residue monitoring: Chemical2019.zip (direct from agency)
https://www.ams.usda.gov/sites/default/files/media/1994%20PDP%20Annual%20Summary.pdf,2026-09-14T20:33:24Z,f7884ef8d7db55c51b896faa69822d77bd781860def2e760d1178154778f6ea0,478052,usda-ams,pdp,1994 PDP Annual Summary.pdf,application/pdf,200,"US Government Work (17 USC 105), public domain unless noted",published summary incl. sampling design and EPA benchmark comparison
https://www.ams.usda.gov/sites/default/files/media/1995%20PDP%20Annual%20Summary.pdf,2026-09-14T20:33:25Z,7230d1936970c8553063c7045ffddb50ec7137737b2d6badc14be43892296950,433488,usda-ams,pdp,1995 PDP Annual Summary.pdf,application/pdf,200,"US Government Work (17 USC 105), public domain unless noted",published summary incl. sampling design and EPA benchmark comparison
https://www.fda.gov/media/153148/download,2026-09-14T20:33:26Z,06acde217b27b4a40994b30c73809b4c88082aa8b431ecb54342caff3bba6e81,6190069,fda,pesticide-residue-monitoring,CountryProductResidue2019.zip,application/zip,200,"US Government Work (17 USC 105), public domain unless noted",FDA FY2019 residue monitoring: CountryProductResidue2019.zip (direct from agency)
https://www.ams.usda.gov/sites/default/files/media/1996%20PDP%20Annual%20Summary.pdf,2026-09-14T20:33:26Z,9f2675c60fab66dbd4a3615f6d2e4268b266ebe21fdc40e9d81ea82e8b552158,547427,usda-ams,pdp,1996 PDP Annual Summary.pdf,application/pdf,200,"US Government Work (17 USC 105), public domain unless noted",published summary incl. sampling design and EPA benchmark comparison
https://www.fda.gov/media/153151/download,2026-09-14T20:33:27Z,f9ad5b46bd7e391e8b55310a8f61f6950da724ce2f35c6f2cb0fdf3c71a29420,88642,fda,pesticide-residue-monitoring,ReferenceFiles2019.zip,application/zip,200,"US Government Work (17 USC 105), public domain unless noted",FDA FY2019 residue monitoring: ReferenceFiles2019.zip (direct from agency)
https://www.ams.usda.gov/sites/default/files/media/1997%20PDP%20Annual%20Summary.pdf,2026-09-14T20:33:27Z,7dceddb640e40ed57d34a1eeb9da8c983ee9138115abbe6a6dbc9f17050f7e70,670396,usda-ams,pdp,1997 PDP Annual Summary.pdf,application/pdf,200,"US Government Work (17 USC 105), public domain unless noted",published summary incl. sampling design and EPA benchmark comparison
https://www.govinfo.gov/content/pkg/GOVPUB-A-PURL-gpo17007/pdf/GOVPUB-A-PURL-gpo17007.pdf,2026-09-14T20:33:27Z,5c211c97cbd895a0b629aadeca6b676bebfc3d5c6d67d62bd6151deafdd6d15c,8504489,usda-historical,food-composition,AH8_GOVPUB-A-PURL-gpo17007.pdf,application/pdf,200,"US Government Work (17 USC 105), public domain unless noted","Agriculture Handbook No. 8, Composition of Foods (govinfo scan)"
https://www.fda.gov/media/160464/download,2026-09-14T20:33:28Z,af380868d67bed37b8f9218fa05a9c5ea7944fd7a8d094c769c5be7a83c25527,673388,fda,pesticide-residue-monitoring,AnnualReport2020.pdf,application/pdf,200,"US Government Work (17 USC 105), public domain unless noted",FDA FY2020 residue monitoring: 2020 Report (PDF: 658 KB) (direct from agency)
https://www.ams.usda.gov/sites/default/files/media/1998%20PDP%20Annual%20Summary.pdf,2026-09-14T20:33:28Z,2183ddc7ceafe4b4210619484f0d3259c51ec4a5d466bc0c75cea3aac33bff67,882846,usda-ams,pdp,1998 PDP Annual Summary.pdf,application/pdf,200,"US Government Work (17 USC 105), public domain unless noted",published summary incl. sampling design and EPA benchmark comparison
https://www.ams.usda.gov/sites/default/files/media/1999%20PDP%20Annual%20Summary.pdf,2026-09-14T20:33:28Z,5e90fac951e662f41fa309fce0c6f19fb65c9dd96fe2c2ac70da8934d617ba4c,679383,usda-ams,pdp,1999 PDP Annual Summary.pdf,application/pdf,200,"US Government Work (17 USC 105), public domain unless noted",published summary incl. sampling design and EPA benchmark comparison
https://www.ams.usda.gov/sites/default/files/media/2000%20PDP%20Annual%20Summary.pdf,2026-09-14T20:33:29Z,9754fd479d11d66d585e9656db1be7ce706392d5a3177115a7763ac555664be3,1012604,usda-ams,pdp,2000 PDP Annual Summary.pdf,application/pdf,200,"US Government Work (17 USC 105), public domain unless noted",published summary incl. sampling design and EPA benchmark comparison
https://www.nrcs.usda.gov/sites/default/files/2022-10/Rapid_Carbon_Assessment_Workbook_215.xlsx,2026-09-14T20:33:29Z,,0,usda-nrcs,raca,Rapid_Carbon_Assessment_Workbook_215.xlsx,,NO_SNAPSHOT,US Government Work (17 USC 105),FAILED: no Wayback capture found. RaCA methodology / regional summary
https://www.fda.gov/media/160465/download,2026-09-14T20:33:30Z,1b50b26f8c9c5925fe179f5e802cb00016f57817250f601b2109a5b8ebe70001,352220,fda,pesticide-residue-monitoring,UsersManual2020.pdf,application/pdf,200,"US Government Work (17 USC 105), public domain unless noted",FDA FY2020 residue monitoring: User's Manual (direct from agency)
https://www.ams.usda.gov/sites/default/files/media/2001%20PDP%20Annual%20Summary.pdf,2026-09-14T20:33:30Z,f826f9970a749635972a2addc8c5989866ffce04f6b9e1c41dc4d00eb032cf20,878490,usda-ams,pdp,2001 PDP Annual Summary.pdf,application/pdf,200,"US Government Work (17 USC 105), public domain unless noted",published summary incl. sampling design and EPA benchmark comparison
https://www.fda.gov/media/160413/download,2026-09-14T20:33:31Z,3098bb92e11e804d7266df84398d8c07509cd45815d8246dcdc85115a34b4db4,171538,fda,pesticide-residue-monitoring,SampleData2020.zip,application/zip,200,"US Government Work (17 USC 105), public domain unless noted",FDA FY2020 residue monitoring: SampleData2020.zip (direct from agency)
https://www.ams.usda.gov/sites/default/files/media/2002%20PDP%20Annual%20Summary.pdf,2026-09-14T20:33:31Z,9a0b8d0a923661c0638918d5c6483b87ac680b8b26402c2499a76d61703b7615,1985213,usda-ams,pdp,2002 PDP Annual Summary.pdf,application/pdf,200,"US Government Work (17 USC 105), public domain unless noted",published summary incl. sampling design and EPA benchmark comparison
https://www.fda.gov/media/160409/download,2026-09-14T20:33:32Z,9ceaa8daa6a0eb2aab8ae63a64867a5c7c4b284828776cbeb5c4bc361059ac6d,10223,fda,pesticide-residue-monitoring,Product2020.zip,application/zip,200,"US Government Work (17 USC 105), public domain unless noted",FDA FY2020 residue monitoring: Product2020.zip (direct from agency)
https://www.ams.usda.gov/sites/default/files/media/2003%20PDP%20Annual%20Summary.pdf,2026-09-14T20:33:32Z,a44a874271e02ba69c85974c3b56e4ef4a90f1e6695ff2b4c9d03f705a504f9c,1468993,usda-ams,pdp,2003 PDP Annual Summary.pdf,application/pdf,200,"US Government Work (17 USC 105), public domain unless noted",published summary incl. sampling design and EPA benchmark comparison
https://archive.org/download/chemicalcomposit28atwa/chemicalcomposit28atwa.pdf,2026-09-14T20:33:32Z,27587d172b39c17228ae2b55b6097e0b7bce7c9de09c222f5e41edfde4826ef8,5111902,usda-historical,food-composition,chemicalcomposit28atwa.pdf,application/pdf,200,"US Government Work (17 USC 105), public domain unless noted","Atwater & Woods, The Chemical Composition of American Food Materials, USDA Bull. 28"
https://www.fda.gov/media/160407/download,2026-09-14T20:33:33Z,2b208e50896cc1f31e35a0fae70265ff531f96296d6a8c5c9af7cd739efe342d,332055,fda,pesticide-residue-monitoring,Chemical2020.zip,application/zip,200,"US Government Work (17 USC 105), public domain unless noted",FDA FY2020 residue monitoring: Chemical2020.zip (direct from agency)
https://www.ams.usda.gov/sites/default/files/media/2004%20PDP%20Annual%20Summary.pdf,2026-09-14T20:33:33Z,a4c692c1fff8b4a198bf6eaa7a59c12ce82a4a8085d8cbfe177d4451a88d6ebf,1310381,usda-ams,pdp,2004 PDP Annual Summary.pdf,application/pdf,200,"US Government Work (17 USC 105), public domain unless noted",published summary incl. sampling design and EPA benchmark comparison
https://www.fda.gov/media/160408/download,2026-09-14T20:33:34Z,e82ae4b650da55660236bcc2260b98fb9c697f599e5022b8a76d0c66e817cc93,3513249,fda,pesticide-residue-monitoring,CountryProductResidue2020.zip,application/zip,200,"US Government Work (17 USC 105), public domain unless noted",FDA FY2020 residue monitoring: CountryProductResidue2020.zip (direct from agency)
https://www.ams.usda.gov/sites/default/files/media/2005%20PDP%20Annual%20Summary.pdf,2026-09-14T20:33:34Z,5437623ddd734dcbc9c29e651af541a7201b26a1cd15baa2acb3cc6987b900ef,1607622,usda-ams,pdp,2005 PDP Annual Summary.pdf,application/pdf,200,"US Government Work (17 USC 105), public domain unless noted",published summary incl. sampling design and EPA benchmark comparison
https://archive.org/download/chemicalcomposit28atwa/chemicalcomposit28atwa.djvu.txt,2026-09-14T20:33:34Z,,0,usda-historical,food-composition,chemicalcomposit28atwa.djvu.txt,text/html; charset=UTF-8,404,"US Government Work (17 USC 105), public domain unless noted","FAILED: Atwater & Woods, The Chemical Composition of American Food Materials, USDA Bull. 28"
https://www.fda.gov/media/160411/download,2026-09-14T20:33:35Z,b99eb0d81282bd8d7d1c53d19844cf4189a9e371555aa5912f0b5e0fa6ee15ef,81490,fda,pesticide-residue-monitoring,ReferenceFiles2020.zip,application/zip,200,"US Government Work (17 USC 105), public domain unless noted",FDA FY2020 residue monitoring: ReferenceFiles2020.zip (direct from agency)
https://www.ams.usda.gov/sites/default/files/media/2006%20PDP%20Annual%20Summary.pdf,2026-09-14T20:33:35Z,0749be77808884efafae0154a42f6fc88fd66f17ec6483ab474ff29bd60add7e,1698140,usda-ams,pdp,2006 PDP Annual Summary.pdf,application/pdf,200,"US Government Work (17 USC 105), public domain unless noted",published summary incl. sampling design and EPA benchmark comparison
https://www.ams.usda.gov/sites/default/files/media/2007%20PDP%20Annual%20Summary.pdf,2026-09-14T20:33:36Z,095721fd5e9ce1997a775be51c655b5333a19ad93735b5bef4ee59045e84c371,2188865,usda-ams,pdp,2007 PDP Annual Summary.pdf,application/pdf,200,"US Government Work (17 USC 105), public domain unless noted",published summary incl. sampling design and EPA benchmark comparison
https://www.ams.usda.gov/sites/default/files/media/2008%20PDP%20Annual%20Summary.pdf,2026-09-14T20:33:36Z,a5b8a192f202909d2f111f03288654d57271006e2b7e9ce390dff182c43ef3b3,4453717,usda-ams,pdp,2008 PDP Annual Summary.pdf,application/pdf,200,"US Government Work (17 USC 105), public domain unless noted",published summary incl. sampling design and EPA benchmark comparison
https://www.nrcs.usda.gov/sites/default/files/2022-10/RaCA_LUGRmap.pdf,2026-09-14T20:33:36Z,,0,usda-nrcs,raca,RaCA_LUGRmap.pdf,,NO_SNAPSHOT,US Government Work (17 USC 105),FAILED: no Wayback capture found. RaCA methodology / regional summary
https://www.fda.gov/media/173207/download,2026-09-14T20:33:37Z,b977cf911403fe6c98fb64e62bf987ca48b5db18ea5fdfec69ec7076e5419820,587623,fda,pesticide-residue-monitoring,AnnualReport2021.pdf,application/pdf,200,"US Government Work (17 USC 105), public domain unless noted",FDA FY2021 residue monitoring: 2021 Report (PDF: 572 KB) (direct from agency)
https://www.ams.usda.gov/sites/default/files/media/2009%20PDP%20Annual%20Summary.pdf,2026-09-14T20:33:37Z,1fc575c5681109283e3bde7282b1b9383c40f9fddfb15e127caf453cd539df48,6645692,usda-ams,pdp,2009 PDP Annual Summary.pdf,application/pdf,200,"US Government Work (17 USC 105), public domain unless noted",published summary incl. sampling design and EPA benchmark comparison
https://www.fda.gov/media/173183/download,2026-09-14T20:33:38Z,6b0ff7ee4f380ac576d5b0c33365240a4046b0e1acd576bfd742b485e5dfa773,343354,fda,pesticide-residue-monitoring,UsersManual2021.pdf,application/pdf,200,"US Government Work (17 USC 105), public domain unless noted",FDA FY2021 residue monitoring: User's Manual (direct from agency)
https://www.ams.usda.gov/sites/default/files/media/2010%20PDP%20Annual%20Summary.pdf,2026-09-14T20:33:38Z,f8b2e6d395218000f5b5f49c4706a02704705aaf9cde9ea1543ab82b73d30845,5132441,usda-ams,pdp,2010 PDP Annual Summary.pdf,application/pdf,200,"US Government Work (17 USC 105), public domain unless noted",published summary incl. sampling design and EPA benchmark comparison
https://www.fda.gov/media/173181/download,2026-09-14T20:33:39Z,d026e1199f3ac4884ea2781057200bb0867330310617161e44d85d018e25d3e5,124396,fda,pesticide-residue-monitoring,SampleData2021.zip,application/zip,200,"US Government Work (17 USC 105), public domain unless noted",FDA FY2021 residue monitoring: SampleData2021.zip (direct from agency)
https://www.fda.gov/media/173179/download,2026-09-14T20:33:40Z,5860ac50eab76a0f560fd8b4dae6adba23c6abb0e654028ad47963559b863ecd,9287,fda,pesticide-residue-monitoring,Product2021.zip,application/zip,200,"US Government Work (17 USC 105), public domain unless noted",FDA FY2021 residue monitoring: Product2021.zip (direct from agency)
https://www.ams.usda.gov/sites/default/files/media/2011%20PDP%20Annual%20Summary.pdf,2026-09-14T20:33:40Z,9fd0fe064eb1b9a1bcc4578ee2b882edadebd91c1218ea41f9315360083aabc5,1583696,usda-ams,pdp,2011 PDP Annual Summary.pdf,application/pdf,200,"US Government Work (17 USC 105), public domain unless noted",published summary incl. sampling design and EPA benchmark comparison
https://www.ams.usda.gov/sites/default/files/media/2012PDPSummary.pdf,2026-09-14T20:33:40Z,b03bd3b851a490617f10fa9d87a5bc865d8ba965b2a129a0ab5c6c24eba835e1,1475348,usda-ams,pdp,2012PDPSummary.pdf,application/pdf,200,"US Government Work (17 USC 105), public domain unless noted",published summary incl. sampling design and EPA benchmark comparison
https://archive.org/download/chemicalcomposit28atwa_0/chemicalcomposit28atwa_0.pdf,2026-09-14T20:33:40Z,d26e5c442bd370d98263388d96257cdb799e656ac5b54bcf49cb501abd2015e6,3091463,usda-historical,food-composition,chemicalcomposit28atwa_0.pdf,application/pdf,200,"US Government Work (17 USC 105), public domain unless noted","Atwater & Woods, The Chemical Composition of American Food Materials, USDA Bull. 28"
https://www.fda.gov/media/173177/download,2026-09-14T20:33:41Z,ce2f717825ba33dc5f7168f28344b6c75a2ade5a1eb156c55c491e21d270e76f,335297,fda,pesticide-residue-monitoring,Chemical2021.zip,application/zip,200,"US Government Work (17 USC 105), public domain unless noted",FDA FY2021 residue monitoring: Chemical2021.zip (direct from agency)
https://www.ams.usda.gov/sites/default/files/media/2013PDPSummary.pdf,2026-09-14T20:33:41Z,c29f34d61d98cbcb48b57fff124d09f9e95d9cf9008886c3163a6bcbc1228353,1720379,usda-ams,pdp,2013PDPSummary.pdf,application/pdf,200,"US Government Work (17 USC 105), public domain unless noted",published summary incl. sampling design and EPA benchmark comparison
https://archive.org/download/chemicalcomposit28atwa_0/chemicalcomposit28atwa_0.djvu.txt,2026-09-14T20:33:42Z,,0,usda-historical,food-composition,chemicalcomposit28atwa_0.djvu.txt,text/html; charset=UTF-8,404,"US Government Work (17 USC 105), public domain unless noted","FAILED: Atwater & Woods, The Chemical Composition of American Food Materials, USDA Bull. 28"
https://www.fda.gov/media/173178/download,2026-09-14T20:33:43Z,0280bfd42b4ba5a6fc76b49d8c66384b29ad8b2678227cb6e8cfd90d3e1ba67e,2971916,fda,pesticide-residue-monitoring,CountryProductResidue2021.zip,application/zip,200,"US Government Work (17 USC 105), public domain unless noted",FDA FY2021 residue monitoring: CountryProductResidue2021.zip (direct from agency)
https://www.nrcs.usda.gov/sites/default/files/2022-10/RaCA_regionmap.pdf,2026-09-14T20:33:43Z,,0,usda-nrcs,raca,RaCA_regionmap.pdf,,NO_SNAPSHOT,US Government Work (17 USC 105),FAILED: no Wayback capture found. RaCA methodology / regional summary
https://www.fda.gov/media/173180/download,2026-09-14T20:33:44Z,7e84ac2815d4b6bd271c12abee7ec2dfcef92dab2ab97df2a2ed97b2a048b97c,83813,fda,pesticide-residue-monitoring,ReferenceFiles2021.zip,application/zip,200,"US Government Work (17 USC 105), public domain unless noted",FDA FY2021 residue monitoring: ReferenceFiles2021.zip (direct from agency)
https://www.fda.gov/media/181381/download,2026-09-14T20:33:45Z,fb9686962b85dedd8a0d35025894dec8a04b053cad178ad48dc04cd1c3bc1af1,996873,fda,pesticide-residue-monitoring,AnnualReport2022.pdf,application/pdf,200,"US Government Work (17 USC 105), public domain unless noted",FDA FY2022 residue monitoring: 2022 Report (PDF: 1.6MB) (direct from agency)
https://www.fda.gov/media/181382/download,2026-09-14T20:33:46Z,bb767293c6d95667a78c57f1989e41c9c9834823c0bca04de76a2f1fa2f781c4,336015,fda,pesticide-residue-monitoring,UsersManual2022.pdf,application/pdf,200,"US Government Work (17 USC 105), public domain unless noted",FDA FY2022 residue monitoring: User's Manual (direct from agency)
https://www.ams.usda.gov/sites/default/files/media/2014PDPSummary.pdf,2026-09-14T20:33:46Z,b99da33e40d00ed504319b6a833034f1d9527b3f3e65b2902557562fb8a0a087,5670620,usda-ams,pdp,2014PDPSummary.pdf,application/pdf,200,"US Government Work (17 USC 105), public domain unless noted",published summary incl. sampling design and EPA benchmark comparison
https://www.ams.usda.gov/sites/default/files/media/2015PDPSummary.pdf,2026-09-14T20:33:47Z,b036d9a813b142b65612c49cf634e10e83db3faf38727ece82670e943a3c4a09,5036571,usda-ams,pdp,2015PDPSummary.pdf,application/pdf,200,"US Government Work (17 USC 105), public domain unless noted",published summary incl. sampling design and EPA benchmark comparison
https://www.fda.gov/media/181376/download,2026-09-14T20:33:48Z,f80b33bfddb32e3a3112078f4873cedd6bd2840a32ab587a00f13f2d8612ffbc,262452,fda,pesticide-residue-monitoring,SampleData2022.zip,application/zip,200,"US Government Work (17 USC 105), public domain unless noted",FDA FY2022 residue monitoring: SampleData2022.zip (direct from agency)
https://www.ams.usda.gov/sites/default/files/media/2022PDPSummary.pdf,2026-09-14T20:33:48Z,db5661aab09d4e9d1e71dfb1d6788f7b081d7e6f7818247ae623f3bc070069e2,6922640,usda-ams,pdp,2022PDPSummary.pdf,application/pdf,200,"US Government Work (17 USC 105), public domain unless noted",published summary incl. sampling design and EPA benchmark comparison
https://www.fda.gov/media/181374/download,2026-09-14T20:33:49Z,f30dbf3a25af02f9352667684f17ae1a86c36615255e16ba5a7b08feaee1bc21,12910,fda,pesticide-residue-monitoring,Product2022.zip,application/zip,200,"US Government Work (17 USC 105), public domain unless noted",FDA FY2022 residue monitoring: Product2022.zip (direct from agency)
https://www.ams.usda.gov/sites/default/files/media/2016PDPAnnualSummary.pdf.pdf,2026-09-14T20:33:49Z,410a45b4231adcb6cac50c0e7ee5054f406614c9a37ad77d9701b0062c41073b,4848105,usda-ams,pdp,2016PDPAnnualSummary.pdf.pdf,application/pdf,200,"US Government Work (17 USC 105), public domain unless noted",published summary incl. sampling design and EPA benchmark comparison
https://archive.org/download/compositionoffoo816matt/compositionoffoo816matt.pdf,2026-09-14T20:33:49Z,d8507615c7e8cbf622f05dfc13fb1d822565fdc58dbbfe3914b9dc1624d44187,15918895,usda-historical,food-composition,compositionoffoo816matt.pdf,application/pdf,200,"US Government Work (17 USC 105), public domain unless noted",AH-8 sectional revision / related USDA composition publication
https://www.ams.usda.gov/sites/default/files/media/2017PDPAnnualSummary.pdf,2026-09-14T20:33:50Z,17c6e49a0fd7b4c602cfd37152a6d7e121abd8c43d6da4a2ebe61c3de8ff60f0,9810708,usda-ams,pdp,2017PDPAnnualSummary.pdf,application/pdf,200,"US Government Work (17 USC 105), public domain unless noted",published summary incl. sampling design and EPA benchmark comparison
https://www.nrcs.usda.gov/sites/default/files/2022-10/RaCA_sitesmap.pdf,2026-09-14T20:33:50Z,,0,usda-nrcs,raca,RaCA_sitesmap.pdf,,NO_SNAPSHOT,US Government Work (17 USC 105),FAILED: no Wayback capture found. RaCA methodology / regional summary
https://www.fda.gov/media/181377/download,2026-09-14T20:33:51Z,603453dd733b231102e9d435fa02872e322839be6e21d5f1a9bd428cf790795e,382870,fda,pesticide-residue-monitoring,Chemical2022.zip,application/zip,200,"US Government Work (17 USC 105), public domain unless noted",FDA FY2022 residue monitoring: Chemical2022.zip (direct from agency)
https://www.ams.usda.gov/sites/default/files/media/2019PDPAnnualSummary.pdf,2026-09-14T20:33:51Z,45289d38912bf4edef5b87dfd580cc0fccad08f1cde6ded0fc9d4da3c65b00c5,8580595,usda-ams,pdp,2019PDPAnnualSummary.pdf,application/pdf,200,"US Government Work (17 USC 105), public domain unless noted",published summary incl. sampling design and EPA benchmark comparison
https://www.fda.gov/media/181378/download,2026-09-14T20:33:52Z,c89078b04cfc91ee30b1929b410ba4bf82f72535fd99751c686754af3411a5a4,4625433,fda,pesticide-residue-monitoring,CountryProductResidue2022.zip,application/zip,200,"US Government Work (17 USC 105), public domain unless noted",FDA FY2022 residue monitoring: CountryProductResidue2022.zip (direct from agency)
https://www.ams.usda.gov/sites/default/files/media/2020PDPAnnualSummary.pdf,2026-09-14T20:33:52Z,989851a1d8ab58c32f89dfd0807627833a57b31918e254e19d20f0a0b0948124,7737653,usda-ams,pdp,2020PDPAnnualSummary.pdf,application/pdf,200,"US Government Work (17 USC 105), public domain unless noted",published summary incl. sampling design and EPA benchmark comparison
https://www.fda.gov/media/181375/download,2026-09-14T20:33:53Z,7cf34a7fd3cd3732f0ea7b57a246a3ddab7cebdacf3913b80828de71e176f56d,84130,fda,pesticide-residue-monitoring,ReferenceFiles2022.zip,application/zip,200,"US Government Work (17 USC 105), public domain unless noted",FDA FY2022 residue monitoring: ReferenceFiles2022.zip (direct from agency)
https://www.ams.usda.gov/sites/default/files/media/2021PDPAnnualSummary.pdf,2026-09-14T20:33:53Z,4212ead821762673e322eb8eca60d2602402d3e4dfb047227ee7b949fe867353,4707967,usda-ams,pdp,2021PDPAnnualSummary.pdf,application/pdf,200,"US Government Work (17 USC 105), public domain unless noted",published summary incl. sampling design and EPA benchmark comparison
https://www.fda.gov/media/190315/download,2026-09-14T20:33:54Z,2df619d89836ed454894c077967801e5a17d6733b79bcbc1b6f0af5198c9d88f,703020,fda,pesticide-residue-monitoring,AnnualReport2023.pdf,application/pdf,200,"US Government Work (17 USC 105), public domain unless noted",FDA FY2023 residue monitoring: 2023 Report (PDF 686KB)&nbsp; (direct from agency)
https://www.ams.usda.gov/sites/default/files/media/2023PDPAnnualSummary.pdf,2026-09-14T20:33:54Z,4b02f97ceae16319a74fdad8bde8afe109bf57acf68d01487478669894f75364,4972488,usda-ams,pdp,2023PDPAnnualSummary.pdf,application/pdf,200,"US Government Work (17 USC 105), public domain unless noted",published summary incl. sampling design and EPA benchmark comparison
https://www.nass.usda.gov/datasets/Readme.txt,2026-09-14T20:33:55Z,a6176d1769b9b1506cf5642d80de39c35060186927fd1aa90fa00da4680b88d7,5117,usda-nass,quickstats-bulk,Readme.txt,text/plain; charset=UTF-8,200,"US Government Work (17 USC 105), public domain unless noted","Quick Stats bulk dump; equivalent to API content, no key required"
https://www.fda.gov/media/190128/download,2026-09-14T20:33:56Z,9565a0613941880ffe45a9c5ca39fb791e5cebc02025651a4b8c02502c530724,334910,fda,pesticide-residue-monitoring,UsersManual2023.pdf,application/pdf,200,"US Government Work (17 USC 105), public domain unless noted",FDA FY2023 residue monitoring: User's Manual (direct from agency)
https://www.fda.gov/media/190129/download,2026-09-14T20:33:57Z,f886455e02a368a4891348e6f044c7f7d865cd6f5e0fa48da332d07369c726f9,349742,fda,pesticide-residue-monitoring,SampleData2023.zip,application/zip,200,"US Government Work (17 USC 105), public domain unless noted",FDA FY2023 residue monitoring: SampleData2023.zip (direct from agency)
https://www.nrcs.usda.gov/sites/default/files/2022-10/RaCA_region1.pdf,2026-09-14T20:33:57Z,,0,usda-nrcs,raca,RaCA_region1.pdf,,NO_SNAPSHOT,US Government Work (17 USC 105),FAILED: no Wayback capture found. RaCA methodology / regional summary
https://www.fda.gov/media/190130/download,2026-09-14T20:33:58Z,4af23cf5f2dd2febb787a42976f2509ffb0594ac4550f621b0a0bd550c264659,13342,fda,pesticide-residue-monitoring,Product2023.zip,application/zip,200,"US Government Work (17 USC 105), public domain unless noted",FDA FY2023 residue monitoring: Product2023.zip (direct from agency)
https://www.nass.usda.gov/datasets/qs.environmental_20260912.txt.gz,2026-09-14T20:33:58Z,b3fde5dd64eb2bc4fbfc14ab5910e6caea3844d42c22735979b42b78dceec081,75257442,usda-nass,quickstats-bulk,qs.environmental_20260912.txt.gz,application/x-gzip,200,"US Government Work (17 USC 105), public domain unless noted","Quick Stats bulk dump; equivalent to API content, no key required"
https://www.fda.gov/media/190131/download,2026-09-14T20:33:59Z,924801345fa62406f56b0ec66930bc73210d878d340f0371f8a942e3726e1dac,414676,fda,pesticide-residue-monitoring,Chemical2023.zip,application/zip,200,"US Government Work (17 USC 105), public domain unless noted",FDA FY2023 residue monitoring: Chemical2023.zip (direct from agency)
https://www.fda.gov/media/190132/download,2026-09-14T20:34:01Z,5ebba644df00cdf108a57687d49fd96b30b6e7c2cd98da1d7c6b0124cb9d5f02,5153082,fda,pesticide-residue-monitoring,CountryProductResidueData2023.zip,application/zip,200,"US Government Work (17 USC 105), public domain unless noted",FDA FY2023 residue monitoring: CountryProductResidueData2023.zip (direct from agency)
https://www.fda.gov/media/190133/download,2026-09-14T20:34:02Z,1bf5088397bf9eab175efacc1a2d094126528b1ee83520b6826aaca4bcaf4783,84527,fda,pesticide-residue-monitoring,ReferenceFiles2023.zip,application/zip,200,"US Government Work (17 USC 105), public domain unless noted",FDA FY2023 residue monitoring: ReferenceFiles2023.zip (direct from agency)
https://www.nrcs.usda.gov/sites/default/files/2022-10/RaCA_region2.pdf,2026-09-14T20:34:04Z,,0,usda-nrcs,raca,RaCA_region2.pdf,,NO_SNAPSHOT,US Government Work (17 USC 105),FAILED: no Wayback capture found. RaCA methodology / regional summary
https://archive.org/download/CAT87882023/CAT87882023.pdf,2026-09-14T20:34:07Z,a821b87ae7a60e1fa87b496d18b418068e6821af8d0197df5d1051156a99bd70,27230314,usda-historical,food-composition,CAT87882023.pdf,application/pdf,200,"US Government Work (17 USC 105), public domain unless noted",AH-8 sectional revision / related USDA composition publication
https://www.nrcs.usda.gov/sites/default/files/2022-10/RaCA_region3.pdf,2026-09-14T20:34:11Z,,0,usda-nrcs,raca,RaCA_region3.pdf,,NO_SNAPSHOT,US Government Work (17 USC 105),FAILED: no Wayback capture found. RaCA methodology / regional summary
https://www.nrcs.usda.gov/sites/default/files/2022-10/RaCA_region4.pdf,2026-09-14T20:34:18Z,,0,usda-nrcs,raca,RaCA_region4.pdf,,NO_SNAPSHOT,US Government Work (17 USC 105),FAILED: no Wayback capture found. RaCA methodology / regional summary
https://archive.org/download/micro_IA41152616_0421/micro_IA41152616_0421.pdf,2026-09-14T20:34:23Z,2c81239872f0efbad814442008acc9cee4c4106628163bd3cbba05f0e6c1e183,55335685,usda-historical,food-composition,micro_IA41152616_0421.pdf,application/pdf,200,"US Government Work (17 USC 105), public domain unless noted",AH-8 sectional revision / related USDA composition publication
https://www.nrcs.usda.gov/sites/default/files/2022-10/RaCA_region5.pdf,2026-09-14T20:34:25Z,,0,usda-nrcs,raca,RaCA_region5.pdf,,NO_SNAPSHOT,US Government Work (17 USC 105),FAILED: no Wayback capture found. RaCA methodology / regional summary
https://www.nass.usda.gov/datasets/qs.crops_20260912.txt.gz,2026-09-14T20:34:26Z,8f1fb1bf94b9b89a6403a581ac119506f3b72510dc6fea4d3546bf50d354a8eb,1129772944,usda-nass,quickstats-bulk,qs.crops_20260912.txt.gz,application/x-gzip,200,"US Government Work (17 USC 105), public domain unless noted","Quick Stats bulk dump; equivalent to API content, no key required"
https://archive.org/download/proceduresforcal6213merr/proceduresforcal6213merr.pdf,2026-09-14T20:34:32Z,f9808ef38635fbe34c9eaa7865a2b06fea5a22f3b98c6b6d283e551a563f32f4,2714165,usda-historical,food-composition,proceduresforcal6213merr.pdf,application/pdf,200,"US Government Work (17 USC 105), public domain unless noted",AH-8 sectional revision / related USDA composition publication
https://www.nrcs.usda.gov/sites/default/files/2022-10/RaCA_region6.pdf,2026-09-14T20:34:32Z,,0,usda-nrcs,raca,RaCA_region6.pdf,,NO_SNAPSHOT,US Government Work (17 USC 105),FAILED: no Wayback capture found. RaCA methodology / regional summary
https://archive.org/download/CAT10696850/CAT10696850.pdf,2026-09-14T20:34:36Z,7aa88a609033a15c9a3e4feb3fb4f5b64b446d2fe79e230e302d651d1a07b730,4303216,usda-historical,food-composition,CAT10696850.pdf,application/pdf,200,"US Government Work (17 USC 105), public domain unless noted",AH-8 sectional revision / related USDA composition publication
https://www.nass.usda.gov/datasets/qs.economics_20260912.txt.gz,2026-09-14T20:34:40Z,bccbe6b45bd6ba78e8de5ebc233b9d9626c89e32eafce477ada52cbaad96cc85,584398756,usda-nass,quickstats-bulk,qs.economics_20260912.txt.gz,application/x-gzip,200,"US Government Work (17 USC 105), public domain unless noted","Quick Stats bulk dump; equivalent to API content, no key required"
https://archive.org/download/CAT78693574/CAT78693574.pdf,2026-09-14T20:34:43Z,f3405800262e8f91bd3cc4070f098633aa12406b66e1f34f9fbe9792bdd538ff,4935245,usda-historical,food-composition,CAT78693574.pdf,application/pdf,200,"US Government Work (17 USC 105), public domain unless noted",AH-8 sectional revision / related USDA composition publication
https://fdc.nal.usda.gov/fdc-datasets/FoodData_Central_sr_legacy_food_csv_2018-04.zip,2026-09-14T20:34:54Z,b80817294b8850530aaedf2e515c02593b1824f763a0ff356e5c2081643e6fd0,6074592,usda-ars-fdc,fooddata-central,FoodData_Central_sr_legacy_food_csv_2018-04.zip,application/zip,200,"US Government Work (17 USC 105), public domain unless noted",SR Legacy frozen 2018-04; full release 2026-04-30
https://www.nass.usda.gov/datasets/qs.demographics_20260912.txt.gz,2026-09-14T20:35:19Z,c20fcdbb34b8f57572188bb4b32ee2faebe69cc42b7716efdea48a917188e2a2,466551782,usda-nass,quickstats-bulk,qs.demographics_20260912.txt.gz,application/x-gzip,200,"US Government Work (17 USC 105), public domain unless noted","Quick Stats bulk dump; equivalent to API content, no key required"
https://www.nass.usda.gov/datasets/qs.animals_products_20260912.txt.gz,2026-09-14T20:35:31Z,3f250c6e98a730750981311cbd0bbc1c1cd7ba04912b646d9c4cea496b7f3ebf,463736549,usda-nass,quickstats-bulk,qs.animals_products_20260912.txt.gz,application/x-gzip,200,"US Government Work (17 USC 105), public domain unless noted","Quick Stats bulk dump; equivalent to API content, no key required"
https://www.nrcs.usda.gov/sites/default/files/2022-10/RaCA_region7.pdf,2026-09-14T20:35:34Z,,0,usda-nrcs,raca,RaCA_region7.pdf,,NO_SNAPSHOT,US Government Work (17 USC 105),FAILED: no Wayback capture found. RaCA methodology / regional summary
https://www.nass.usda.gov/datasets/qs.census2022.txt.gz,2026-09-14T20:35:39Z,eca0f82dea58e1b128b82ac15f54e8bfc70cfb097e3e87710b74e7e93877dbbd,309188711,usda-nass,quickstats-bulk,qs.census2022.txt.gz,application/x-gzip,200,"US Government Work (17 USC 105), public domain unless noted","Quick Stats bulk dump; equivalent to API content, no key required"
https://www.nrcs.usda.gov/sites/default/files/2022-10/RaCA_region8.pdf,2026-09-14T20:35:41Z,,0,usda-nrcs,raca,RaCA_region8.pdf,,NO_SNAPSHOT,US Government Work (17 USC 105),FAILED: no Wayback capture found. RaCA methodology / regional summary
https://www.nrcs.usda.gov/sites/default/files/2022-10/RaCA_region9.pdf,2026-09-14T20:35:48Z,,0,usda-nrcs,raca,RaCA_region9.pdf,,NO_SNAPSHOT,US Government Work (17 USC 105),FAILED: no Wayback capture found. RaCA methodology / regional summary
https://www.nass.usda.gov/datasets/qs.census2017.txt.gz,2026-09-14T20:35:54Z,645168d78473fa48ff50f091dc0778dadef5b98013c6bef94214d71b12cec730,138140561,usda-nass,quickstats-bulk,qs.census2017.txt.gz,application/x-gzip,200,"US Government Work (17 USC 105), public domain unless noted","Quick Stats bulk dump; equivalent to API content, no key required"
https://www.nrcs.usda.gov/sites/default/files/2022-10/RaCA_region10.pdf,2026-09-14T20:35:56Z,,0,usda-nrcs,raca,RaCA_region10.pdf,,NO_SNAPSHOT,US Government Work (17 USC 105),FAILED: no Wayback capture found. RaCA methodology / regional summary
https://www.nrcs.usda.gov/sites/default/files/2022-10/RaCA_region11.pdf,2026-09-14T20:36:03Z,,0,usda-nrcs,raca,RaCA_region11.pdf,,NO_SNAPSHOT,US Government Work (17 USC 105),FAILED: no Wayback capture found. RaCA methodology / regional summary
https://www.nass.usda.gov/datasets/qs.census2012.txt.gz,2026-09-14T20:36:05Z,07ca25d7d38173a3615149fbfa1030566a5a35be2728aca2bce6ff04f21a644b,110954353,usda-nass,quickstats-bulk,qs.census2012.txt.gz,application/x-gzip,200,"US Government Work (17 USC 105), public domain unless noted","Quick Stats bulk dump; equivalent to API content, no key required"
https://www.nrcs.usda.gov/sites/default/files/2022-10/RaCA_region12.pdf,2026-09-14T20:36:10Z,,0,usda-nrcs,raca,RaCA_region12.pdf,,NO_SNAPSHOT,US Government Work (17 USC 105),FAILED: no Wayback capture found. RaCA methodology / regional summary
https://www.nass.usda.gov/datasets/qs.census2007.txt.gz,2026-09-14T20:36:13Z,b039323dcd44ac783fef48f09629cf8f88b958fda0d725978e6c750ee23e42be,76124063,usda-nass,quickstats-bulk,qs.census2007.txt.gz,application/x-gzip,200,"US Government Work (17 USC 105), public domain unless noted","Quick Stats bulk dump; equivalent to API content, no key required"
https://www.nass.usda.gov/datasets/qs.census2002.txt.gz,2026-09-14T20:36:17Z,c2837b960d274d0f8c9a210717da974709c179324fbac0ce079c8cf24449ec53,49233948,usda-nass,quickstats-bulk,qs.census2002.txt.gz,application/x-gzip,200,"US Government Work (17 USC 105), public domain unless noted","Quick Stats bulk dump; equivalent to API content, no key required"
https://fdc.nal.usda.gov/fdc-datasets/FoodData_Central_csv_2026-04-30.zip,2026-09-14T20:36:24Z,c33d91e5c44ddbcd71ed6038714fb648b26089b3f91fabfa3be63d96d5763a01,481517495,usda-ars-fdc,fooddata-central,FoodData_Central_csv_2026-04-30.zip,application/zip,200,"US Government Work (17 USC 105), public domain unless noted",SR Legacy frozen 2018-04; full release 2026-04-30
https://fdc.nal.usda.gov/fdc-datasets/FoodData_Central_foundation_food_csv_2019-12-17.zip,2026-09-14T20:36:25Z,3fd5bc83f75092c8debad6525a489df4d4f4bfd70708ddd89c4e7c253a22b980,1858767,usda-ars-fdc,fooddata-central,FoodData_Central_foundation_food_csv_2019-12-17.zip,application/zip,200,"US Government Work (17 USC 105), public domain unless noted",vintage series -- lets release-to-release drift be separated from real change
https://fdc.nal.usda.gov/fdc-datasets/FoodData_Central_foundation_food_csv_2020-04-29.zip,2026-09-14T20:36:26Z,c4791bc4e3e693b8228f8f223a54a38a4060f159f2ccfb66ce885127f1de234b,2382644,usda-ars-fdc,fooddata-central,FoodData_Central_foundation_food_csv_2020-04-29.zip,application/zip,200,"US Government Work (17 USC 105), public domain unless noted",vintage series -- lets release-to-release drift be separated from real change
https://fdc.nal.usda.gov/fdc-datasets/FoodData_Central_foundation_food_csv_2020-10-30.zip,2026-09-14T20:36:27Z,6c4ff1ac9074c6ce72fd919b90728786f7b9f395ed304a73c53f39071cadf0b5,1771612,usda-ars-fdc,fooddata-central,FoodData_Central_foundation_food_csv_2020-10-30.zip,application/zip,200,"US Government Work (17 USC 105), public domain unless noted",vintage series -- lets release-to-release drift be separated from real change
https://fdc.nal.usda.gov/fdc-datasets/FoodData_Central_foundation_food_csv_2021-04-28.zip,2026-09-14T20:36:28Z,738e3bc3e7de54697a3127417f050614967dcd7e2fcef59f074d241485450bfb,1906373,usda-ars-fdc,fooddata-central,FoodData_Central_foundation_food_csv_2021-04-28.zip,application/zip,200,"US Government Work (17 USC 105), public domain unless noted",vintage series -- lets release-to-release drift be separated from real change
https://fdc.nal.usda.gov/fdc-datasets/FoodData_Central_foundation_food_csv_2021-10-28.zip,2026-09-14T20:36:29Z,23bfd775352b1e4a536e499a519d96d720df95620b53945041edab5cdbb3f7f2,2148017,usda-ars-fdc,fooddata-central,FoodData_Central_foundation_food_csv_2021-10-28.zip,application/zip,200,"US Government Work (17 USC 105), public domain unless noted",vintage series -- lets release-to-release drift be separated from real change
https://fdc.nal.usda.gov/fdc-datasets/FoodData_Central_foundation_food_csv_2022-04-28.zip,2026-09-14T20:36:30Z,c28738c1efb8b29e5ac67289209554b837bb03b902eaadf1b43e54d2fdfb17c9,2285012,usda-ars-fdc,fooddata-central,FoodData_Central_foundation_food_csv_2022-04-28.zip,application/zip,200,"US Government Work (17 USC 105), public domain unless noted",vintage series -- lets release-to-release drift be separated from real change
https://fdc.nal.usda.gov/fdc-datasets/FoodData_Central_foundation_food_csv_2022-10-28.zip,2026-09-14T20:36:31Z,acfa20be11c3cc8950fb21abbe3fb9e79a97b4f4affcc8c33e82a8400728ab11,2479945,usda-ars-fdc,fooddata-central,FoodData_Central_foundation_food_csv_2022-10-28.zip,application/zip,200,"US Government Work (17 USC 105), public domain unless noted",vintage series -- lets release-to-release drift be separated from real change
https://fdc.nal.usda.gov/fdc-datasets/FoodData_Central_foundation_food_csv_2023-04-20.zip,2026-09-14T20:36:32Z,8e6111b9d59ce460fd32c6faa60a204132e8aba9cc80ae3284b39b0f1ef7360a,3015747,usda-ars-fdc,fooddata-central,FoodData_Central_foundation_food_csv_2023-04-20.zip,application/zip,200,"US Government Work (17 USC 105), public domain unless noted",vintage series -- lets release-to-release drift be separated from real change
https://fdc.nal.usda.gov/fdc-datasets/FoodData_Central_foundation_food_csv_2023-10-26.zip,2026-09-14T20:36:33Z,7c884e1515491ad9771a6217c99994ea74e3b01df6b7df31e7f0fd249d854a8b,2987513,usda-ars-fdc,fooddata-central,FoodData_Central_foundation_food_csv_2023-10-26.zip,application/zip,200,"US Government Work (17 USC 105), public domain unless noted",vintage series -- lets release-to-release drift be separated from real change
https://fdc.nal.usda.gov/fdc-datasets/FoodData_Central_foundation_food_csv_2024-04-18.zip,2026-09-14T20:36:34Z,b9ebc345248fe27161ec2630adff10b56a034e6c9a533956ed0c54d115a4c740,5653274,usda-ars-fdc,fooddata-central,FoodData_Central_foundation_food_csv_2024-04-18.zip,application/zip,200,"US Government Work (17 USC 105), public domain unless noted",vintage series -- lets release-to-release drift be separated from real change
https://fdc.nal.usda.gov/fdc-datasets/FoodData_Central_foundation_food_csv_2024-10-31.zip,2026-09-14T20:36:36Z,8587f941ec252bd9aaf7b85a18a42980fb540f509b34300ed8dd4d10ca9edf44,3258886,usda-ars-fdc,fooddata-central,FoodData_Central_foundation_food_csv_2024-10-31.zip,application/zip,200,"US Government Work (17 USC 105), public domain unless noted",vintage series -- lets release-to-release drift be separated from real change
https://fdc.nal.usda.gov/fdc-datasets/FoodData_Central_foundation_food_csv_2025-04-24.zip,2026-09-14T20:36:37Z,56a169d02b6db1fdad7887f10bc01001cbb06393f0fae722c4afec20d3741a2d,3424407,usda-ars-fdc,fooddata-central,FoodData_Central_foundation_food_csv_2025-04-24.zip,application/zip,200,"US Government Work (17 USC 105), public domain unless noted",vintage series -- lets release-to-release drift be separated from real change
https://fdc.nal.usda.gov/fdc-datasets/FoodData_Central_foundation_food_csv_2025-12-18.zip,2026-09-14T20:36:38Z,3850de85effd6d9aa471f48aab2a76c20f9bc5feb3f2f52c8ce693f9cf75d52b,3559820,usda-ars-fdc,fooddata-central,FoodData_Central_foundation_food_csv_2025-12-18.zip,application/zip,200,"US Government Work (17 USC 105), public domain unless noted",vintage series -- lets release-to-release drift be separated from real change
https://fdc.nal.usda.gov/fdc-datasets/FoodData_Central_foundation_food_csv_2026-04-30.zip,2026-09-14T20:36:39Z,70457ee9d9342f43bda2010318c85f04210c689fdeb9cd2da4c513b0e8dbc655,3825741,usda-ars-fdc,fooddata-central,FoodData_Central_foundation_food_csv_2026-04-30.zip,application/zip,200,"US Government Work (17 USC 105), public domain unless noted",vintage series -- lets release-to-release drift be separated from real change
https://fdc.nal.usda.gov/fdc-datasets/FoodData_Central_survey_food_csv_2020-03-31.zip,2026-09-14T20:36:40Z,9be942b9d181acb62f37ee2f4c259dae642b586b2e4fe29039cfa1847f4d5dd0,5237138,usda-ars-fdc,fooddata-central,FoodData_Central_survey_food_csv_2020-03-31.zip,application/zip,200,"US Government Work (17 USC 105), public domain unless noted","FNDDS survey foods, used with NHANES WWEIA dietary recalls"
https://fdc.nal.usda.gov/fdc-datasets/FoodData_Central_survey_food_csv_2020-10-30.zip,2026-09-14T20:36:42Z,f1392ee1706010da236cd5283b7dc2bdad9140dd7baf0bc6c360051fac606c17,4906529,usda-ars-fdc,fooddata-central,FoodData_Central_survey_food_csv_2020-10-30.zip,application/zip,200,"US Government Work (17 USC 105), public domain unless noted","FNDDS survey foods, used with NHANES WWEIA dietary recalls"
https://fdc.nal.usda.gov/fdc-datasets/FoodData_Central_survey_food_csv_2022-10-28.zip,2026-09-14T20:36:43Z,e9a10d13a975bf45087f70306fc6ce1077fe538599843f028329a8b11c37b958,4427502,usda-ars-fdc,fooddata-central,FoodData_Central_survey_food_csv_2022-10-28.zip,application/zip,200,"US Government Work (17 USC 105), public domain unless noted","FNDDS survey foods, used with NHANES WWEIA dietary recalls"
https://fdc.nal.usda.gov/fdc-datasets/FoodData_Central_survey_food_csv_2024-10-31.zip,2026-09-14T20:36:44Z,5ccc25ec2777a8982fbb61378a42f415316173eb11e48c9a8ba4cb19f5a4f29c,3325692,usda-ars-fdc,fooddata-central,FoodData_Central_survey_food_csv_2024-10-31.zip,application/zip,200,"US Government Work (17 USC 105), public domain unless noted","FNDDS survey foods, used with NHANES WWEIA dietary recalls"
https://fdc.nal.usda.gov/fdc-datasets/FoodData_Central_Supporting_Data_csv_2022-10-28.zip,2026-09-14T20:36:45Z,03f5cb6d5ec76fc5285b5af5a5d6beebe73569f0085e59f1d8c2009aae27761d,952346,usda-ars-fdc,fooddata-central,FoodData_Central_Supporting_Data_csv_2022-10-28.zip,application/zip,200,"US Government Work (17 USC 105), public domain unless noted",
https://fdc.nal.usda.gov/docs/Download_Field_Descriptions_Oct2020.pdf,2026-09-14T20:36:46Z,e21d658d4d3fa583aceaa78e23efd4e64dbf9010fd0210a87b94edbcfb56928a,148996,usda-ars-fdc,fooddata-central,Download_Field_Descriptions_Oct2020.pdf,application/pdf,200,"US Government Work (17 USC 105), public domain unless noted",field descriptions -- the FDC codebook
https://files.cdpr.ca.gov/pub/outgoing/pur_archives/1readme.txt,2026-09-14T20:36:47Z,a43fd5894f1329ba9bf3dcef534784c8f6f0524ea3eb3fd6ac6478bb3af1aab6,172,ca-dpr,pur,1readme.txt,text/plain,200,California public record,PUR archive readme
https://files.cdpr.ca.gov/pub/outgoing/pur_archives/pur1974.zip,2026-09-14T20:36:50Z,b375372c7ef01f361488096d856a5f5ebe499f997a7cd26680061a60d0fa1bb0,10792470,ca-dpr,pur,pur1974.zip,application/x-zip-compressed,200,California public record,"full-census application records, section-level (1 sq mi) geography"
https://files.cdpr.ca.gov/pub/outgoing/pur_archives/pur1975.zip,2026-09-14T20:36:52Z,4a402d596e51f54d291f591fbf62e18eced626f0e0ebf6745d1a28328c340b66,11465717,ca-dpr,pur,pur1975.zip,application/x-zip-compressed,200,California public record,"full-census application records, section-level (1 sq mi) geography"
https://files.cdpr.ca.gov/pub/outgoing/pur_archives/pur1976.zip,2026-09-14T20:36:53Z,4982b7bdee325a01291f9612d2b851d6227692d7b74a967d4afec652c4186fae,11118024,ca-dpr,pur,pur1976.zip,application/x-zip-compressed,200,California public record,"full-census application records, section-level (1 sq mi) geography"
https://files.cdpr.ca.gov/pub/outgoing/pur_archives/pur1977.zip,2026-09-14T20:36:55Z,9b36bea6e62208c94c965bb73d97f28aa1fe0b3fe74fb26e6820c7c179d31055,11668546,ca-dpr,pur,pur1977.zip,application/x-zip-compressed,200,California public record,"full-census application records, section-level (1 sq mi) geography"
https://files.cdpr.ca.gov/pub/outgoing/pur_archives/pur1978.zip,2026-09-14T20:36:56Z,d8dc02a1bf4d58349207583e97ffce5b95025fd0756b051b99a25a1d9582a203,9151761,ca-dpr,pur,pur1978.zip,application/x-zip-compressed,200,California public record,"full-census application records, section-level (1 sq mi) geography"
https://files.cdpr.ca.gov/pub/outgoing/pur_archives/pur1979.zip,2026-09-14T20:36:58Z,36e7dd701e90a411a89113f8abbf597163af041e1d14f824aa917cbadfcaeba0,13001338,ca-dpr,pur,pur1979.zip,application/x-zip-compressed,200,California public record,"full-census application records, section-level (1 sq mi) geography"
https://files.cdpr.ca.gov/pub/outgoing/pur_archives/pur1980.zip,2026-09-14T20:36:59Z,c295db9ea26309b1b5677397001edcd471eba4e6f05eb772185a3534de96791b,11790942,ca-dpr,pur,pur1980.zip,application/x-zip-compressed,200,California public record,"full-census application records, section-level (1 sq mi) geography"
https://files.cdpr.ca.gov/pub/outgoing/pur_archives/pur1981.zip,2026-09-14T20:37:01Z,e5a3615bd0fd05790d1cb2e604a822b116703eeeec79916834c1ef0e5822eb01,14327525,ca-dpr,pur,pur1981.zip,application/x-zip-compressed,200,California public record,"full-census application records, section-level (1 sq mi) geography"
https://files.cdpr.ca.gov/pub/outgoing/pur_archives/pur1982.zip,2026-09-14T20:37:02Z,3f342f0d82a6e94c50ac810cb52190454946f0afa6b9b27cd6ff56a98e68cf10,12720518,ca-dpr,pur,pur1982.zip,application/x-zip-compressed,200,California public record,"full-census application records, section-level (1 sq mi) geography"
https://www.nrcs.usda.gov/sites/default/files/2022-10/RaCA_region13.pdf,2026-09-14T20:37:12Z,,0,usda-nrcs,raca,RaCA_region13.pdf,,NO_SNAPSHOT,US Government Work (17 USC 105),FAILED: no Wayback capture found. RaCA methodology / regional summary
https://files.cdpr.ca.gov/pub/outgoing/pur_archives/pur1983.zip,2026-09-14T20:37:15Z,57072e58b52a17799c96f1b5e93f59a6764e18b1b7f8906abe4548a298ebcf43,289960542,ca-dpr,pur,pur1983.zip,application/x-zip-compressed,200,California public record,"full-census application records, section-level (1 sq mi) geography"
https://files.cdpr.ca.gov/pub/outgoing/pur_archives/pur1984.zip,2026-09-14T20:37:17Z,955041300031a6b72b33564605e06f0f3213c7d8ce77a0cc32c9b43acfd785e6,14032579,ca-dpr,pur,pur1984.zip,application/x-zip-compressed,200,California public record,"full-census application records, section-level (1 sq mi) geography"
https://files.cdpr.ca.gov/pub/outgoing/pur_archives/pur1985.zip,2026-09-14T20:37:19Z,02e62422d8e223969566fe68b8a50c093f5a9a90d179efac43b0be69d7eadd89,17735841,ca-dpr,pur,pur1985.zip,application/x-zip-compressed,200,California public record,"full-census application records, section-level (1 sq mi) geography"
https://files.cdpr.ca.gov/pub/outgoing/pur_archives/pur1986.zip,2026-09-14T20:37:21Z,2571e2ff012b60e9bebe86bcc2b41a4b14f2064a5a9fc84f22a5c9c1e1f03dc5,20469515,ca-dpr,pur,pur1986.zip,application/x-zip-compressed,200,California public record,"full-census application records, section-level (1 sq mi) geography"
https://files.cdpr.ca.gov/pub/outgoing/pur_archives/pur1987.zip,2026-09-14T20:37:24Z,17a29e8da3b67e52bbba66bbb93b77a394108db888e705a625a94b1630a89c98,21508860,ca-dpr,pur,pur1987.zip,application/x-zip-compressed,200,California public record,"full-census application records, section-level (1 sq mi) geography"
https://files.cdpr.ca.gov/pub/outgoing/pur_archives/pur1988.zip,2026-09-14T20:37:26Z,2c8cf8de63cd9a5a1091d322a4ee88084a35f1a1e7b04d117a2d9fc7d4af4ae5,18932958,ca-dpr,pur,pur1988.zip,application/x-zip-compressed,200,California public record,"full-census application records, section-level (1 sq mi) geography"
https://files.cdpr.ca.gov/pub/outgoing/pur_archives/pur1989.zip,2026-09-14T20:37:27Z,42c6c60c3c153647dc14eb67b30fcae6a042e07185937b1e3293a96d6dcf2a77,19840368,ca-dpr,pur,pur1989.zip,application/x-zip-compressed,200,California public record,"full-census application records, section-level (1 sq mi) geography"
https://files.cdpr.ca.gov/pub/outgoing/pur_archives/pur1990.zip,2026-09-14T20:37:30Z,fb84bf72625e2e365a16d9d79709bda49f09a02cb33a77ecc6956f9b6f597ae9,39489339,ca-dpr,pur,pur1990.zip,application/x-zip-compressed,200,California public record,"full-census application records, section-level (1 sq mi) geography"
https://files.cdpr.ca.gov/pub/outgoing/pur_archives/pur1991.zip,2026-09-14T20:37:35Z,6fd20de670939daa0150a61fcdfb5978acd552c06cd87d4c7bb2bfb03596350a,72273694,ca-dpr,pur,pur1991.zip,application/x-zip-compressed,200,California public record,"full-census application records, section-level (1 sq mi) geography"
https://files.cdpr.ca.gov/pub/outgoing/pur_archives/pur1992.zip,2026-09-14T20:37:43Z,d54592200ebcdb762dd2013baac0b927efeb5ebb6f35bef0a644915540ddb427,80589571,ca-dpr,pur,pur1992.zip,application/x-zip-compressed,200,California public record,"full-census application records, section-level (1 sq mi) geography"
https://files.cdpr.ca.gov/pub/outgoing/pur_archives/pur1993.zip,2026-09-14T20:37:48Z,5a3c85cb29b2836a543025863740f7fb7068f811ece119a28134845a8c8dddc6,84981585,ca-dpr,pur,pur1993.zip,application/x-zip-compressed,200,California public record,"full-census application records, section-level (1 sq mi) geography"
https://files.cdpr.ca.gov/pub/outgoing/pur_archives/pur1994.zip,2026-09-14T20:37:53Z,0e685ff1eb07b38e90f4e7a646aab91fb3830fe66d4a83956c629133db275634,95797848,ca-dpr,pur,pur1994.zip,application/x-zip-compressed,200,California public record,"full-census application records, section-level (1 sq mi) geography"
https://files.cdpr.ca.gov/pub/outgoing/pur_archives/pur1995.zip,2026-09-14T20:37:58Z,17a14f14921da0d210ba393884b2a153531ad2535f8711611cd1ec82056acc81,65849154,ca-dpr,pur,pur1995.zip,application/x-zip-compressed,200,California public record,"full-census application records, section-level (1 sq mi) geography"
https://files.cdpr.ca.gov/pub/outgoing/pur_archives/pur1996.zip,2026-09-14T20:38:02Z,f7920c131796eb08f09e8b2803a6560462e6535cd5d8b16a8dd580424dd7d38a,57617954,ca-dpr,pur,pur1996.zip,application/x-zip-compressed,200,California public record,"full-census application records, section-level (1 sq mi) geography"
https://files.cdpr.ca.gov/pub/outgoing/pur_archives/pur1997.zip,2026-09-14T20:38:06Z,301aa942d9d66f775fd2f462b4fb024c30554040415a53090173d100e0448331,59395953,ca-dpr,pur,pur1997.zip,application/x-zip-compressed,200,California public record,"full-census application records, section-level (1 sq mi) geography"
https://web.archive.org/web/20241213122904id_/https://www.nrcs.usda.gov/sites/default/files/2022-10/RaCA_region14.pdf,2026-09-14T20:38:10Z,f25138e3d1928f04191cb1851644b2e537782204a83c5bb0f1ec088a84b3422e,2919365,usda-nrcs,raca,RaCA_region14.pdf,application/pdf,200,"US Government Work (17 USC 105), public domain unless noted",VIA_WAYBACK capture=20241213122904 original_url=https://www.nrcs.usda.gov/sites/default/files/2022-10/RaCA_region14.pdf (agency edge returns 401 to this network). RaCA methodology / regional summary
https://files.cdpr.ca.gov/pub/outgoing/pur_archives/pur1998.zip,2026-09-14T20:38:11Z,60e1d6a610b8f14e8b4cfce7bd6dd0eb46efe81bc43665d8f9760f526fad5146,59038675,ca-dpr,pur,pur1998.zip,application/x-zip-compressed,200,California public record,"full-census application records, section-level (1 sq mi) geography"
https://files.cdpr.ca.gov/pub/outgoing/pur_archives/pur1999.zip,2026-09-14T20:38:14Z,b042fb6ae9694fc34f25dcdae6f1ba5858549544149d09d7c5fe59e226740f25,56875482,ca-dpr,pur,pur1999.zip,application/x-zip-compressed,200,California public record,"full-census application records, section-level (1 sq mi) geography"
https://www.nrcs.usda.gov/sites/default/files/2022-10/RaCA_region15.pdf,2026-09-14T20:38:17Z,,0,usda-nrcs,raca,RaCA_region15.pdf,,NO_SNAPSHOT,US Government Work (17 USC 105),FAILED: no Wayback capture found. RaCA methodology / regional summary
https://files.cdpr.ca.gov/pub/outgoing/pur_archives/pur2000.zip,2026-09-14T20:38:18Z,21fc8788ec291c21e9a2ed33bfc79574b664f9e47e88e075d1668d88bd9c7243,57892933,ca-dpr,pur,pur2000.zip,application/x-zip-compressed,200,California public record,"full-census application records, section-level (1 sq mi) geography"
https://files.cdpr.ca.gov/pub/outgoing/pur_archives/pur2001.zip,2026-09-14T20:38:24Z,2b1a9b2b5659b01e4d740725aac7a39ce1848e3b75ee78022e18a56532730132,67282444,ca-dpr,pur,pur2001.zip,application/x-zip-compressed,200,California public record,"full-census application records, section-level (1 sq mi) geography"
https://www.nrcs.usda.gov/sites/default/files/2022-10/RaCA_region16.pdf,2026-09-14T20:38:24Z,,0,usda-nrcs,raca,RaCA_region16.pdf,,NO_SNAPSHOT,US Government Work (17 USC 105),FAILED: no Wayback capture found. RaCA methodology / regional summary
https://files.cdpr.ca.gov/pub/outgoing/pur_archives/pur2002.zip,2026-09-14T20:38:29Z,147de897a1566e273bfa21996170b94bcc5080306d8d48aed99a585305f968db,91842373,ca-dpr,pur,pur2002.zip,application/x-zip-compressed,200,California public record,"full-census application records, section-level (1 sq mi) geography"
https://www.nrcs.usda.gov/sites/default/files/2022-10/RaCA_region18.pdf,2026-09-14T20:38:31Z,,0,usda-nrcs,raca,RaCA_region18.pdf,,NO_SNAPSHOT,US Government Work (17 USC 105),FAILED: no Wayback capture found. RaCA methodology / regional summary
https://files.cdpr.ca.gov/pub/outgoing/pur_archives/pur2003.zip,2026-09-14T20:38:32Z,f7a1c5c433c0e6ffd492a31e8de6e15cbef23dbe478776359119def44397e0eb,52070936,ca-dpr,pur,pur2003.zip,application/x-zip-compressed,200,California public record,"full-census application records, section-level (1 sq mi) geography"
https://files.cdpr.ca.gov/pub/outgoing/pur_archives/pur2004.zip,2026-09-14T20:38:35Z,26932e53c2c73aa2a122dba81dc6053893276ec127bbdb2eb8ff3144f24972e4,53066349,ca-dpr,pur,pur2004.zip,application/x-zip-compressed,200,California public record,"full-census application records, section-level (1 sq mi) geography"
https://files.cdpr.ca.gov/pub/outgoing/pur_archives/pur2005.zip,2026-09-14T20:38:39Z,5218316ef6c28e4bdb70f31f39dcf6f188b0b985734bf8214e98b424169b502f,57958129,ca-dpr,pur,pur2005.zip,application/x-zip-compressed,200,California public record,"full-census application records, section-level (1 sq mi) geography"
https://files.cdpr.ca.gov/pub/outgoing/pur_archives/pur2006.zip,2026-09-14T20:38:43Z,af64fce887ca9f207d1beb4b31a973ff7c335746a2e1d051081efbf421d647be,59820604,ca-dpr,pur,pur2006.zip,application/x-zip-compressed,200,California public record,"full-census application records, section-level (1 sq mi) geography"
https://files.cdpr.ca.gov/pub/outgoing/pur_archives/pur2007.zip,2026-09-14T20:38:46Z,8145c11217e06fd9bca782aac53c1d58cab6670af983139769d77261669f3a6f,59842758,ca-dpr,pur,pur2007.zip,application/x-zip-compressed,200,California public record,"full-census application records, section-level (1 sq mi) geography"
https://files.cdpr.ca.gov/pub/outgoing/pur_archives/pur2008.zip,2026-09-14T20:38:49Z,e203f61f6f5ea9ee4225dde6c97567181dfa4e7411b8619b4190f49f452c6ed5,100683593,ca-dpr,pur,pur2008.zip,application/x-zip-compressed,200,California public record,"full-census application records, section-level (1 sq mi) geography"
https://files.cdpr.ca.gov/pub/outgoing/pur_archives/pur2009.zip,2026-09-14T20:38:56Z,d99e951d4c6231a53a907149c9ce4bb51ace8898fc28854fff9b1317f781bb69,105822642,ca-dpr,pur,pur2009.zip,application/x-zip-compressed,200,California public record,"full-census application records, section-level (1 sq mi) geography"
https://files.cdpr.ca.gov/pub/outgoing/pur_archives/pur2010.zip,2026-09-14T20:39:02Z,f8586d9d117ee8ed5595b8cb738c650fd136fce2335e0e88d1a5a62ab9d64989,113389043,ca-dpr,pur,pur2010.zip,application/x-zip-compressed,200,California public record,"full-census application records, section-level (1 sq mi) geography"
https://files.cdpr.ca.gov/pub/outgoing/pur_archives/pur2011.zip,2026-09-14T20:39:07Z,ef6c43126f408b8cce232a61d96d86638bc0db2e8d12ca1ababa800353c6fcb9,135955902,ca-dpr,pur,pur2011.zip,application/x-zip-compressed,200,California public record,"full-census application records, section-level (1 sq mi) geography"
https://files.cdpr.ca.gov/pub/outgoing/pur_archives/pur2012.zip,2026-09-14T20:39:11Z,e71e38ea36ddf337c6f02c0537118885d11c8aca4fb916a401946e039bf637ad,140477328,ca-dpr,pur,pur2012.zip,application/x-zip-compressed,200,California public record,"full-census application records, section-level (1 sq mi) geography"
https://files.cdpr.ca.gov/pub/outgoing/pur_archives/pur2013.zip,2026-09-14T20:39:16Z,265c54db0b447184258721ce11c66f5be193653672c77cc18ce706c50c05e770,146372925,ca-dpr,pur,pur2013.zip,application/x-zip-compressed,200,California public record,"full-census application records, section-level (1 sq mi) geography"
https://files.cdpr.ca.gov/pub/outgoing/pur_archives/pur2014.zip,2026-09-14T20:39:25Z,fdc5b684ac989525ddc60ec1862d21900997ce503fb083adde04a3e6e1fde30e,148422599,ca-dpr,pur,pur2014.zip,application/x-zip-compressed,200,California public record,"full-census application records, section-level (1 sq mi) geography"
https://files.cdpr.ca.gov/pub/outgoing/pur_archives/pur2015.zip,2026-09-14T20:39:31Z,10ac32bd21e2e295f80dfe3af31942e6b1909e82922b06b33c26e1be721aac65,165817899,ca-dpr,pur,pur2015.zip,application/x-zip-compressed,200,California public record,"full-census application records, section-level (1 sq mi) geography"
https://files.cdpr.ca.gov/pub/outgoing/pur_archives/pur2016.zip,2026-09-14T20:39:36Z,51f76cecd77170adb5f9d6cfb74cac81576878ed25c7333f0f5f43e5ecf199d6,170471372,ca-dpr,pur,pur2016.zip,application/x-zip-compressed,200,California public record,"full-census application records, section-level (1 sq mi) geography"
https://files.cdpr.ca.gov/pub/outgoing/pur_archives/pur2017.zip,2026-09-14T20:39:54Z,53db65d359da8b826cd5b460333b547c160d2e7f9175f410c3d76c1390addd7b,165269190,ca-dpr,pur,pur2017.zip,application/x-zip-compressed,200,California public record,"full-census application records, section-level (1 sq mi) geography"
https://www.nrcs.usda.gov/sites/default/files/2022-10/2017NRISummary_Final.pdf,2026-09-14T20:39:58Z,,0,usda-nrcs,nri,2017NRISummary_Final.pdf,,CDX_LOOKUP_FAILED,US Government Work (17 USC 105),RETRYABLE: capture index unreachable (CDX unreachable after 5 attempts: HTTP 503). 2017 NRI Summary Report -- erosion tables; superseded by 2022 release for trend use
https://files.cdpr.ca.gov/pub/outgoing/pur_archives/pur2018.zip,2026-09-14T20:40:01Z,e2a370e71c1ed99935267deb8a113b2860482222450a19dc24fe01e170e8d1a2,175285868,ca-dpr,pur,pur2018.zip,application/x-zip-compressed,200,California public record,"full-census application records, section-level (1 sq mi) geography"
https://files.cdpr.ca.gov/pub/outgoing/pur_archives/pur2019.zip,2026-09-14T20:40:06Z,2846f3b612a57cc4a40ab4134994ce86a5086ee76388c3a4d9584fd1a09c61bc,184367051,ca-dpr,pur,pur2019.zip,application/x-zip-compressed,200,California public record,"full-census application records, section-level (1 sq mi) geography"
https://files.cdpr.ca.gov/pub/outgoing/pur_archives/pur2020.zip,2026-09-14T20:40:13Z,23e01f65792ba2b1269b820879912956c3955df5548ccd49881e76bdffafaede,187975823,ca-dpr,pur,pur2020.zip,application/x-zip-compressed,200,California public record,"full-census application records, section-level (1 sq mi) geography"
https://files.cdpr.ca.gov/pub/outgoing/pur_archives/pur2021.zip,2026-09-14T20:40:19Z,f801268b1297fe1b3628f2a752ec6cc6d28ab8c22ddd701f97f64f8e9288462b,171042565,ca-dpr,pur,pur2021.zip,application/x-zip-compressed,200,California public record,"full-census application records, section-level (1 sq mi) geography"
https://files.cdpr.ca.gov/pub/outgoing/pur_archives/pur2022.zip,2026-09-14T20:40:24Z,b4a439ceba8cea9e76b5de83fdf8d3872f87629bccbf338507d134a6b8dce0d9,162466236,ca-dpr,pur,pur2022.zip,application/x-zip-compressed,200,California public record,"full-census application records, section-level (1 sq mi) geography"
https://files.cdpr.ca.gov/pub/outgoing/pur_archives/pur2023.zip,2026-09-14T20:40:31Z,b5ee4c17eca4c8a3615ea7e293d1a718005d06eb1047261df3d2350838cdb8b1,259617346,ca-dpr,pur,pur2023.zip,application/x-zip-compressed,200,California public record,"full-census application records, section-level (1 sq mi) geography"
https://files.cdpr.ca.gov/pub/outgoing/pur_archives/Information_Data_Structure_Definitions/User%20Guide%20and%20Documentation.pdf,2026-09-14T20:40:33Z,a461807b86bf9cfe35a9244293e52e66745aeeb0c38296ce4e0d7733f85609c5,179693,ca-dpr,pur,User Guide and Documentation.pdf,application/pdf,200,California public record,PUR data structure definitions / code lookups
https://files.cdpr.ca.gov/pub/outgoing/pur_archives/Information_Data_Structure_Definitions/adjuvant_info.pdf,2026-09-14T20:40:33Z,4f5a885fcc73a130c91ebef38ca1bdc105266c24ec1ab45142c2e91f24fab877,8267,ca-dpr,pur,adjuvant_info.pdf,application/pdf,200,California public record,PUR data structure definitions / code lookups
https://files.cdpr.ca.gov/pub/outgoing/pur_archives/Information_Data_Structure_Definitions/diagram.pdf,2026-09-14T20:40:34Z,9a947cb778f9e4af905cf7f1886b79d1972e5dc75d0c469c9723e0df71a4cc5c,7367,ca-dpr,pur,diagram.pdf,application/pdf,200,California public record,PUR data structure definitions / code lookups
https://files.cdpr.ca.gov/pub/outgoing/pur_archives/Information_Data_Structure_Definitions/errors_readme.pdf,2026-09-14T20:40:35Z,fa6eed34e59d452071b6dc7d4ea3c1bee8887a316aa6db7d6b58b2190b434e1d,57754,ca-dpr,pur,errors_readme.pdf,application/pdf,200,California public record,PUR data structure definitions / code lookups
https://www.nrcs.usda.gov/sites/default/files/2022-10/2007AlaskaNRI.pdf,2026-09-14T20:43:15Z,,0,usda-nrcs,nri,2007AlaskaNRI.pdf,,CDX_LOOKUP_FAILED,US Government Work (17 USC 105),RETRYABLE: capture index unreachable (CDX unreachable after 5 attempts: HTTP 504). Alaska NRI 2007
https://www.nrcs.usda.gov/sites/default/files/2022-10/2017NRISummary_Final.pdf,2026-09-14T20:44:38Z,73375b8a715cea46481db7f1bebbdd25d5bffcd2ced99a3ca6bb49f8c286f387,10566342,usda-nrcs,nri,2017NRISummary_Final.pdf,,200,"US Government Work (17 USC 105), public domain unless noted",direct from agency via wget. 2017 NRI Summary Report -- superseded by the 2022 release for trend use
https://www.nrcs.usda.gov/sites/default/files/2022-10/2007AlaskaNRI.pdf,2026-09-14T20:44:40Z,468d98aaa23523ed37af13754857dbad84fed7aeb556a8e851f86d387f794366,1008010,usda-nrcs,nri,2007AlaskaNRI.pdf,,200,"US Government Work (17 USC 105), public domain unless noted",direct from agency via wget. Alaska NRI 2007
https://www.nrcs.usda.gov/sites/default/files/2022-09/Historical-Changes-In-Soil-Erosion_5.pdf,2026-09-14T20:44:41Z,b618ce9b03eea9d6ccaa4d5b45718a724677a7c7e397e02ff8eceec6d95707fa,5629027,usda-nrcs,nri,Historical-Changes-In-Soil-Erosion.pdf,,200,"US Government Work (17 USC 105), public domain unless noted",direct from agency via wget. NRCS historical soil erosion change analysis
https://www.nrcs.usda.gov/sites/default/files/2022-10/NRI_glossary.pdf,2026-09-14T20:44:42Z,99b1bdb16616febc959e48981ec310c1936975bcffe57c510c3205e71b21701a,244685,usda-nrcs,nri,NRI_glossary.pdf,,200,"US Government Work (17 USC 105), public domain unless noted",direct from agency via wget. NRI glossary
https://www.nrcs.usda.gov/sites/default/files/2022-10/NRI_history.pdf,2026-09-14T20:44:43Z,6373b0af7504ac75de105b693a4885582fdda0f76c67f951b84e5280db8962d6,328136,usda-nrcs,nri,NRI_history.pdf,,200,"US Government Work (17 USC 105), public domain unless noted",direct from agency via wget. NRI programme history and design changes
https://www.nrcs.usda.gov/sites/default/files/2022-10/NRI_data_estimation.pdf,2026-09-14T20:44:44Z,b652ed1d8e518f457cde1294f366346a2d60c8463cfefb39d1ef9e9fafd844bb,26529,usda-nrcs,nri,NRI_data_estimation.pdf,,200,"US Government Work (17 USC 105), public domain unless noted",direct from agency via wget. NRI estimation methodology -- documents the backward-update procedure
https://www.nrcs.usda.gov/sites/default/files/2025-09/2021-Annual-Soils-Refresh.pdf,2026-09-14T20:44:45Z,2808e3100bbabe48bf75dbf356fe915657134c9b0ac7116e3dbd9d54103d4793,119707,usda-nrcs,nri,2021-Annual-Soils-Refresh.pdf,,200,"US Government Work (17 USC 105), public domain unless noted",direct from agency via wget. SSURGO 2021 refresh notes -- non-physical causes of value change
https://www.nrcs.usda.gov/sites/default/files/2025-09/2022-Annual-Soils-Refresh.pdf,2026-09-14T20:44:46Z,77a7d35e22dcc544862d53b159573c7bd85a80426b8836f9f4d56741b5d5324e,119769,usda-nrcs,nri,2022-Annual-Soils-Refresh.pdf,,200,"US Government Work (17 USC 105), public domain unless noted",direct from agency via wget. SSURGO 2022 refresh notes -- non-physical causes of value change
https://www.nrcs.usda.gov/sites/default/files/2025-09/2023-Annual-Soils-Refresh.pdf,2026-09-14T20:44:46Z,3130f7bbf4e31a9c47c1092d27f2e6b9b1981eff4324c408bab566938235ca15,148691,usda-nrcs,nri,2023-Annual-Soils-Refresh.pdf,,200,"US Government Work (17 USC 105), public domain unless noted",direct from agency via wget. SSURGO 2023 refresh notes -- non-physical causes of value change
https://www.nrcs.usda.gov/sites/default/files/2025-09/2024-Annual-Soils-Refresh.pdf,2026-09-14T20:44:47Z,d60ad0d4b938cdbce14db6a8dd698993213b881d8573e9e26d9e0b57fc969d0d,142130,usda-nrcs,nri,2024-Annual-Soils-Refresh.pdf,,200,"US Government Work (17 USC 105), public domain unless noted",direct from agency via wget. SSURGO 2024 refresh notes -- non-physical causes of value change
https://www.nrcs.usda.gov/sites/default/files/2025-09/2025-Annual-Soils-Refresh.pdf,2026-09-14T20:44:48Z,0cb747b85ac249b452645d71545cc239c23e434b1611238eef50f273fcf7f008,130879,usda-nrcs,nri,2025-Annual-Soils-Refresh.pdf,,200,"US Government Work (17 USC 105), public domain unless noted",direct from agency via wget. SSURGO 2025 refresh notes -- non-physical causes of value change
https://www.nrcs.usda.gov/sites/default/files/2022-10/RaCA_Methodology_Sampling_Summary.pdf,2026-09-14T20:44:49Z,a44f73d4745a2f3a8029004c929877212b43bbb6ca688dd7911ab462b8fc95d1,1734997,usda-nrcs,raca,RaCA_Methodology_Sampling_Summary.pdf,,200,"US Government Work (17 USC 105), public domain unless noted",direct from agency via wget. RaCA methodology / regional summary
https://www.nrcs.usda.gov/sites/default/files/2022-10/Location_Instructions.pdf,2026-09-14T20:44:50Z,b59d424b88ed50ecebbd2f632beea44472b8edadeb1ba26e955e6661d5464c84,38856,usda-nrcs,raca,Location_Instructions.pdf,,200,"US Government Work (17 USC 105), public domain unless noted",direct from agency via wget. RaCA methodology / regional summary
https://www.nrcs.usda.gov/sites/default/files/2022-10/Alter_Site_Location.pdf,2026-09-14T20:44:51Z,18a8924caad360b9f4ce77fc7dbd8b19f8d0700a0a06cf64a134ea8fa5d229d0,58627,usda-nrcs,raca,Alter_Site_Location.pdf,,200,"US Government Work (17 USC 105), public domain unless noted",direct from agency via wget. RaCA methodology / regional summary
https://www.nrcs.usda.gov/sites/default/files/2022-10/RaCA_Field_Collection_Protocols.pdf,2026-09-14T20:44:52Z,099accbb5669d62f0d68c49fafb0ce746c6babd6f77b3d01b1cc88dafd747d9b,875844,usda-nrcs,raca,RaCA_Field_Collection_Protocols.pdf,,200,"US Government Work (17 USC 105), public domain unless noted",direct from agency via wget. RaCA methodology / regional summary
https://www.nrcs.usda.gov/sites/default/files/2022-10/Rapid_Carbon_Assessment_Field_Laboratory_Instructions.pdf,2026-09-14T20:44:53Z,819e78581436bc1adedef71327cfdf654a5b54fc51b297bb714c8d1393f32ef5,378785,usda-nrcs,raca,Rapid_Carbon_Assessment_Field_Laboratory_Instructions.pdf,,200,"US Government Work (17 USC 105), public domain unless noted",direct from agency via wget. RaCA methodology / regional summary
https://www.nrcs.usda.gov/sites/default/files/2022-10/Rapid_Carbon_Assessment_Workbook_215.xlsx,2026-09-14T20:44:54Z,372d9643db736963fd22a24954b858d4fa2522723eb33374047de778c54e6ed6,437760,usda-nrcs,raca,Rapid_Carbon_Assessment_Workbook_215.xlsx,,200,"US Government Work (17 USC 105), public domain unless noted",direct from agency via wget. RaCA methodology / regional summary
https://www.nrcs.usda.gov/sites/default/files/2022-10/RaCA_LUGRmap.pdf,2026-09-14T20:44:55Z,5d20fd801c0b5297384cee00541152051732d940287748183158b6d723993d65,8103941,usda-nrcs,raca,RaCA_LUGRmap.pdf,,200,"US Government Work (17 USC 105), public domain unless noted",direct from agency via wget. RaCA methodology / regional summary
https://www.nrcs.usda.gov/sites/default/files/2022-10/RaCA_regionmap.pdf,2026-09-14T20:44:56Z,6600a60f64e2386d1d1165b6b0e5f5995348b920708d03a365f9c645ad9f410b,2965995,usda-nrcs,raca,RaCA_regionmap.pdf,,200,"US Government Work (17 USC 105), public domain unless noted",direct from agency via wget. RaCA methodology / regional summary
https://www.nrcs.usda.gov/sites/default/files/2022-10/RaCA_sitesmap.pdf,2026-09-14T20:44:57Z,c6a12fec7788a5011ea0b24a2b11bc6393ae9c061d77f2cddbcc9bfa2287823b,5715117,usda-nrcs,raca,RaCA_sitesmap.pdf,,200,"US Government Work (17 USC 105), public domain unless noted",direct from agency via wget. RaCA methodology / regional summary
https://www.nrcs.usda.gov/sites/default/files/2022-10/RaCA_region1.pdf,2026-09-14T20:44:58Z,d6f43a05e645610da4531abbca860940db8c9d738dabd135c0ffade87c6d5f32,2654965,usda-nrcs,raca,RaCA_region1.pdf,,200,"US Government Work (17 USC 105), public domain unless noted",direct from agency via wget. RaCA methodology / regional summary
https://www.nrcs.usda.gov/sites/default/files/2022-10/RaCA_region2.pdf,2026-09-14T20:44:59Z,4b64ecee21f43c2d2a72bb8a24f46a0061e5a8c06d3570dfac9f9d32189c75fe,2740274,usda-nrcs,raca,RaCA_region2.pdf,,200,"US Government Work (17 USC 105), public domain unless noted",direct from agency via wget. RaCA methodology / regional summary
https://www.nrcs.usda.gov/sites/default/files/2022-10/RaCA_region3.pdf,2026-09-14T20:45:00Z,04cd00c95629b2f84bca7ff5d0b967d1a81aadce56d78dcc108bdc7df17021db,3220979,usda-nrcs,raca,RaCA_region3.pdf,,200,"US Government Work (17 USC 105), public domain unless noted",direct from agency via wget. RaCA methodology / regional summary
https://www.nrcs.usda.gov/sites/default/files/2022-10/RaCA_region4.pdf,2026-09-14T20:45:01Z,6b579344608bb17e81002f89635f258e9768cf6bcfc3763c079227f07d198e59,2710277,usda-nrcs,raca,RaCA_region4.pdf,,200,"US Government Work (17 USC 105), public domain unless noted",direct from agency via wget. RaCA methodology / regional summary
https://www.nrcs.usda.gov/sites/default/files/2022-10/RaCA_region5.pdf,2026-09-14T20:45:02Z,d2798322617201b4db9cf9e8a2f9b02e0934943b6d546e5c1e09dcd891c938a7,4337788,usda-nrcs,raca,RaCA_region5.pdf,,200,"US Government Work (17 USC 105), public domain unless noted",direct from agency via wget. RaCA methodology / regional summary
https://www.nrcs.usda.gov/sites/default/files/2022-10/RaCA_region6.pdf,2026-09-14T20:45:03Z,6d7ab465be44571faacc2b4a99abd40c367eed0a23188cfad445f1627763ea7b,3198511,usda-nrcs,raca,RaCA_region6.pdf,,200,"US Government Work (17 USC 105), public domain unless noted",direct from agency via wget. RaCA methodology / regional summary
https://www.nrcs.usda.gov/sites/default/files/2022-10/RaCA_region7.pdf,2026-09-14T20:45:04Z,f07374bd44bf4867342f0cd0ea9ac6957a036035063ad869ddf216027e63d395,4236366,usda-nrcs,raca,RaCA_region7.pdf,,200,"US Government Work (17 USC 105), public domain unless noted",direct from agency via wget. RaCA methodology / regional summary
https://www.nrcs.usda.gov/sites/default/files/2022-10/RaCA_region8.pdf,2026-09-14T20:45:06Z,349576e5ed9b61a75183e69397258f63337822c265e078e62097df5d625e2b7d,2799245,usda-nrcs,raca,RaCA_region8.pdf,,200,"US Government Work (17 USC 105), public domain unless noted",direct from agency via wget. RaCA methodology / regional summary
https://www.nrcs.usda.gov/sites/default/files/2022-10/RaCA_region9.pdf,2026-09-14T20:45:07Z,8e994a6e52fe22b2da45025e3d653ac723a4cc147ae24eb080fde9c31b931154,3370465,usda-nrcs,raca,RaCA_region9.pdf,,200,"US Government Work (17 USC 105), public domain unless noted",direct from agency via wget. RaCA methodology / regional summary
https://www.nrcs.usda.gov/sites/default/files/2022-10/RaCA_region10.pdf,2026-09-14T20:45:09Z,247a4b998e94f43dae90a7f862b1cad2cf1e687bb0ecfd6e159ed22b8973c665,3246100,usda-nrcs,raca,RaCA_region10.pdf,,200,"US Government Work (17 USC 105), public domain unless noted",direct from agency via wget. RaCA methodology / regional summary
https://www.nrcs.usda.gov/sites/default/files/2022-10/RaCA_region11.pdf,2026-09-14T20:45:10Z,4cdbe357a536d8af2c6ddc07ce717b170cfdddc7c97332f2956e97d85e822ec5,3464392,usda-nrcs,raca,RaCA_region11.pdf,,200,"US Government Work (17 USC 105), public domain unless noted",direct from agency via wget. RaCA methodology / regional summary
https://www.nrcs.usda.gov/sites/default/files/2022-10/RaCA_region12.pdf,2026-09-14T20:45:11Z,5637c5a7759edabdbcf1801857833aecae5aa138536f5d69def8b6f4c137c61d,2603194,usda-nrcs,raca,RaCA_region12.pdf,,200,"US Government Work (17 USC 105), public domain unless noted",direct from agency via wget. RaCA methodology / regional summary
https://www.nrcs.usda.gov/sites/default/files/2022-10/RaCA_region13.pdf,2026-09-14T20:45:12Z,b66d935574bf04ec27ead351d2da1d96929f3338c162db8671a54092823b492b,3544971,usda-nrcs,raca,RaCA_region13.pdf,,200,"US Government Work (17 USC 105), public domain unless noted",direct from agency via wget. RaCA methodology / regional summary
https://www.nrcs.usda.gov/sites/default/files/2022-10/RaCA_region15.pdf,2026-09-14T20:45:13Z,417844e0180efcdf7d64d7f28aefdde678ea3c0a570672861a9494162f96048c,2479022,usda-nrcs,raca,RaCA_region15.pdf,,200,"US Government Work (17 USC 105), public domain unless noted",direct from agency via wget. RaCA methodology / regional summary
https://www.nrcs.usda.gov/sites/default/files/2022-10/RaCA_region16.pdf,2026-09-14T20:45:14Z,3543efa4ea506125241c7228d45d129ad00e42a7dd17b9694d3449f703d4bd33,3384700,usda-nrcs,raca,RaCA_region16.pdf,,200,"US Government Work (17 USC 105), public domain unless noted",direct from agency via wget. RaCA methodology / regional summary
https://www.nrcs.usda.gov/sites/default/files/2022-10/RaCA_region18.pdf,2026-09-14T20:45:15Z,49e687996b4f890e3696feb0b7856af1169565645375d832e2ea9dac46127005,3415285,usda-nrcs,raca,RaCA_region18.pdf,,200,"US Government Work (17 USC 105), public domain unless noted",direct from agency via wget. RaCA methodology / regional summary
https://www.waterqualitydata.us/data/Result/search,2026-09-14T20:45:37Z,0f3620dc027836118ec860f89842a42906327d858ced9a7989ab41d658276215,42820812,epa-usgs-wqp,pesticide-water-quality,wqp_results_Glyphosate.csv,text/csv;charset=UTF-8,200,Public domain (federal) / varies by contributing state agency,"WQP Result records for Glyphosate, sample date >= 01-01-2000"
https://baserow.datarescueproject.org/api/database/views/...,2026-09-14T20:48:39Z,4f53cda18c2baa0c0354bb5f9a3ecbe5ed12ab4d8e11ba873c2f11161202b945,2,datarescueproject,rescue-tracker,backups_fields.json,application/json,200,community catalogue; see datarescueproject.org,Baserow field schema for the backups grid
https://baserow.datarescueproject.org/api/database/views/...,2026-09-14T20:48:39Z,a5b2c038762d5b9642dfc7e846713eb4081cf90dce39af1418856320fb05d021,10203559,datarescueproject,rescue-tracker,backups_rows.json,application/json,200,community catalogue; see datarescueproject.org,Data Rescue Project backups catalogue
https://baserow.datarescueproject.org/api/database/views/...,2026-09-14T20:48:40Z,4f53cda18c2baa0c0354bb5f9a3ecbe5ed12ab4d8e11ba873c2f11161202b945,2,datarescueproject,rescue-tracker,maintainers_fields.json,application/json,200,community catalogue; see datarescueproject.org,Baserow field schema for the maintainers gallery
https://baserow.datarescueproject.org/api/database/views/...,2026-09-14T20:48:40Z,844b02a6ca4a8b543f483b26982fe1d81e00dfce1fdc98b73b12e06fc3d3cad6,11830,datarescueproject,rescue-tracker,maintainers_rows.json,application/json,200,community catalogue; see datarescueproject.org,Data Rescue Project maintainers list
https://www.waterqualitydata.us/data/Result/search,2026-09-14T20:49:21Z,7b67e3819e91445895a67bb4f83ce0dbd028c5347cf269b1a86f5d70fabe9d6f,217487653,epa-usgs-wqp,pesticide-water-quality,wqp_results_Atrazine.csv,text/csv;charset=UTF-8,200,Public domain (federal) / varies by contributing state agency,"WQP Result records for Atrazine, sample date >= 01-01-2000"
https://www.waterqualitydata.us/data/Result/search,2026-09-14T20:52:36Z,a25b80beeaab6c9d758cab357a2d1844d7e3dec6e33cc7b725c1a1bfb82d1fdd,197765976,epa-usgs-wqp,pesticide-water-quality,wqp_results_Metolachlor.csv,text/csv;charset=UTF-8,200,Public domain (federal) / varies by contributing state agency,"WQP Result records for Metolachlor, sample date >= 01-01-2000"
https://www.waterqualitydata.us/data/Result/search,2026-09-14T20:54:11Z,9950205378bfc46e743bd18854622d2c3b1ec7fb33a4aea07e4517bd9a16b079,91400140,epa-usgs-wqp,pesticide-water-quality,wqp_results_24D.csv,text/csv;charset=UTF-8,200,Public domain (federal) / varies by contributing state agency,"WQP Result records for 2,4-D, sample date >= 01-01-2000"
https://www.waterqualitydata.us/data/Result/search,2026-09-14T20:57:20Z,cd971181e124e137f2f28f69cedd93a6a0dd142257d7a459f1d0dc1e661d5c5e,172166362,epa-usgs-wqp,pesticide-water-quality,wqp_results_Acetochlor.csv,text/csv;charset=UTF-8,200,Public domain (federal) / varies by contributing state agency,"WQP Result records for Acetochlor, sample date >= 01-01-2000"
https://www.waterqualitydata.us/data/Result/search,2026-09-14T20:59:10Z,7efbf7a7a6a6d6c7f373426c1127bffcc6fc25c4f9504999c27f089b679f3e4a,107934208,epa-usgs-wqp,pesticide-water-quality,wqp_results_Pendimethalin.csv,text/csv;charset=UTF-8,200,Public domain (federal) / varies by contributing state agency,"WQP Result records for Pendimethalin, sample date >= 01-01-2000"
https://www.fda.gov/media/103511/download,2026-09-14T21:00:03Z,,0,fda,pesticide-residue-monitoring,AnnualReport2014.pdf,text/html; charset=UTF-8,401,"US Government Work (17 USC 105), public domain unless noted",FAILED: FDA FY2014 residue monitoring: 2014 Report (PDF: 548KB) (direct from agency)
https://www.waterqualitydata.us/data/Result/search,2026-09-14T21:00:20Z,7c11dc366d0ba71cbecd444ea2cecad25fb0920e4d6574adf660d680e224244d,54438120,epa-usgs-wqp,pesticide-water-quality,wqp_results_Chlorothalonil.csv,text/csv;charset=UTF-8,200,Public domain (federal) / varies by contributing state agency,"WQP Result records for Chlorothalonil, sample date >= 01-01-2000"
https://www.waterqualitydata.us/data/Result/search,2026-09-14T21:02:08Z,57d4fac0f558c35bd76339b7354b55214c954ab4f72d7c88e5883101e1f29b1a,108386941,epa-usgs-wqp,pesticide-water-quality,wqp_results_Trifluralin.csv,text/csv;charset=UTF-8,200,Public domain (federal) / varies by contributing state agency,"WQP Result records for Trifluralin, sample date >= 01-01-2000"
https://web.archive.org/web/20190817212739id_/https://www.fda.gov/media/103511/download,2026-09-14T21:02:28Z,fe219f03e75193c41e9d606ca47536919031a2d0e08c9cf3ae13a29b7c36eeff,469521,fda,pesticide-residue-monitoring,AnnualReport2014.pdf,application/pdf,200,"US Government Work (17 USC 105), public domain unless noted",VIA_WAYBACK capture=20190817212739 original_url=https://www.fda.gov/media/103511/download (agency edge returns 401 to this network). FDA FY2014: 2014 Report (PDF: 548KB)
https://www.fda.gov/media/103526/download,2026-09-14T21:02:29Z,,0,fda,pesticide-residue-monitoring,SampleData2014.zip,text/html; charset=UTF-8,401,"US Government Work (17 USC 105), public domain unless noted",FAILED: FDA FY2014 residue monitoring: SampleData2014.zip (direct from agency)
https://wwwn.cdc.gov/Nchs/Data/Nhanes/Public/2005/DataFiles/DEMO_D.xpt,2026-09-14T21:03:11Z,bf9cc79cce501b2fbe5aa8d5b403b618548d02d4aefeb528335cdd9f4c40a3af,3566560,cdc-nhanes,demographics,DEMO_D.xpt,text/plain,200,"US Government Work (17 USC 105), public domain unless noted",NHANES demographics 2005-2006: Demographic Variables &amp; Sample Weights (carries MEC weights + design vars)
https://wwwn.cdc.gov/Nchs/Data/Nhanes/Public/2005/DataFiles/DEMO_D.htm,2026-09-14T21:03:12Z,0aec18aba7676aa3ade3d925763c6852e9e2d85c6dadc90bdbe062723d5c60ee,147978,cdc-nhanes,demographics,DEMO_D.htm,text/html,200,"US Government Work (17 USC 105), public domain unless noted",NHANES demographics codebook
https://wwwn.cdc.gov/Nchs/Data/Nhanes/Public/2007/DataFiles/DEMO_E.xpt,2026-09-14T21:03:13Z,02b8e97703d04bc99769c751881bece51ac9ba68cf18a2992a45d3bdfb856147,3498080,cdc-nhanes,demographics,DEMO_E.xpt,text/plain,200,"US Government Work (17 USC 105), public domain unless noted",NHANES demographics 2007-2008: Demographic Variables &amp; Sample Weights (carries MEC weights + design vars)
https://wwwn.cdc.gov/Nchs/Data/Nhanes/Public/2007/DataFiles/DEMO_E.htm,2026-09-14T21:03:13Z,0bb161439f6a387f44f2afb642451193190d76a92ad6de6c7ae83668d4647a64,158272,cdc-nhanes,demographics,DEMO_E.htm,text/html,200,"US Government Work (17 USC 105), public domain unless noted",NHANES demographics codebook
https://wwwn.cdc.gov/Nchs/Data/Nhanes/Public/2003/DataFiles/DEMO_C.xpt,2026-09-14T21:03:14Z,2a2fdb88263337bfa06f0516bfb419631595f0a0ee88fb96069bed13d1857c6f,3569840,cdc-nhanes,demographics,DEMO_C.xpt,text/plain,200,"US Government Work (17 USC 105), public domain unless noted",NHANES demographics 2003-2004: Demographic Variables &amp; Sample Weights (carries MEC weights + design vars)
https://wwwn.cdc.gov/Nchs/Data/Nhanes/Public/2003/DataFiles/DEMO_C.htm,2026-09-14T21:03:14Z,d4193186dc2c10290c9b191acd4871a92c56250b8087b4becb50736383c417c3,149547,cdc-nhanes,demographics,DEMO_C.htm,text/html,200,"US Government Work (17 USC 105), public domain unless noted",NHANES demographics codebook
https://wwwn.cdc.gov/Nchs/Data/Nhanes/Public/2001/DataFiles/DEMO_B.xpt,2026-09-14T21:03:15Z,6458dc2307cee244ab6ba26f70ec78c7b842ffc68e668bc43f0ab6b9737937d9,3273520,cdc-nhanes,demographics,DEMO_B.xpt,text/plain,200,"US Government Work (17 USC 105), public domain unless noted",NHANES demographics 2001-2002: Demographic Variables &amp; Sample Weights (carries MEC weights + design vars)
https://wwwn.cdc.gov/Nchs/Data/Nhanes/Public/2001/DataFiles/DEMO_B.htm,2026-09-14T21:03:15Z,a2e47fd9692f9e62a4823f746bbdb60b67a67b60946ded4f7f30102ebcf20825,135103,cdc-nhanes,demographics,DEMO_B.htm,text/html,200,"US Government Work (17 USC 105), public domain unless noted",NHANES demographics codebook
https://wwwn.cdc.gov/Nchs/Data/Nhanes/Public/1999/DataFiles/DEMO.xpt,2026-09-14T21:03:16Z,a17bd1ebfd6007b8dc93f16259cb090678eb6c467a39363b7e932bba15febf89,11500560,cdc-nhanes,demographics,DEMO.xpt,text/plain,200,"US Government Work (17 USC 105), public domain unless noted",NHANES demographics 1999-2000: Demographic Variables &amp; Sample Weights (carries MEC weights + design vars)
https://wwwn.cdc.gov/Nchs/Data/Nhanes/Public/1999/DataFiles/DEMO.htm,2026-09-14T21:03:17Z,3757ef13473397ba968273ee4e7d449c3e2dfa0adb45a0faabddd438ff3e23f9,339632,cdc-nhanes,demographics,DEMO.htm,text/html,200,"US Government Work (17 USC 105), public domain unless noted",NHANES demographics codebook
https://wwwn.cdc.gov/Nchs/Data/Nhanes/Public/2009/DataFiles/DEMO_F.xpt,2026-09-14T21:03:18Z,78c4d4a6e5eafa9da3bbb24a90d140fef5d8c0cda932a7ff8ee609288d4fae07,3631600,cdc-nhanes,demographics,DEMO_F.xpt,text/plain,200,"US Government Work (17 USC 105), public domain unless noted",NHANES demographics 2009-2010: Demographic Variables &amp; Sample Weights (carries MEC weights + design vars)
https://wwwn.cdc.gov/Nchs/Data/Nhanes/Public/2009/DataFiles/DEMO_F.htm,2026-09-14T21:03:18Z,c3a26469d6f9f53bedf47f9313eba66fead267a6777e5aab43cf4184ec7b2564,154401,cdc-nhanes,demographics,DEMO_F.htm,text/html,200,"US Government Work (17 USC 105), public domain unless noted",NHANES demographics codebook
https://wwwn.cdc.gov/Nchs/Data/Nhanes/Public/2011/DataFiles/DEMO_G.xpt,2026-09-14T21:03:19Z,eaf0525d1952626885af3e935415a1f66ad62c18698080e7354789c125af252d,3753760,cdc-nhanes,demographics,DEMO_G.xpt,text/plain,200,"US Government Work (17 USC 105), public domain unless noted",NHANES demographics 2011-2012: Demographic Variables &amp; Sample Weights (carries MEC weights + design vars)
https://wwwn.cdc.gov/Nchs/Data/Nhanes/Public/2011/DataFiles/DEMO_G.htm,2026-09-14T21:03:19Z,5a8b2bc790f2a70705f035c398a76f7a8bbb5ec92323929cbbf04eb0428f59d7,167583,cdc-nhanes,demographics,DEMO_G.htm,text/html,200,"US Government Work (17 USC 105), public domain unless noted",NHANES demographics codebook
https://wwwn.cdc.gov/Nchs/Data/Nhanes/Public/2013/DataFiles/DEMO_H.xpt,2026-09-14T21:03:20Z,f8f0cbb3085a323d4cde22349b164878fea1e64dbc404e65b5815c7816b547d7,3833200,cdc-nhanes,demographics,DEMO_H.xpt,text/plain,200,"US Government Work (17 USC 105), public domain unless noted",NHANES demographics 2013-2014: Demographic Variables and Sample Weights (carries MEC weights + design vars)
https://wwwn.cdc.gov/Nchs/Data/Nhanes/Public/2013/DataFiles/DEMO_H.htm,2026-09-14T21:03:20Z,686d31f7e0857fd0c16c9a9a4e9878ad1d6e3ec4cba9a904fcce4048c9506b68,170377,cdc-nhanes,demographics,DEMO_H.htm,text/html,200,"US Government Work (17 USC 105), public domain unless noted",NHANES demographics codebook
https://wwwn.cdc.gov/Nchs/Data/Nhanes/Public/2015/DataFiles/DEMO_I.xpt,2026-09-14T21:03:21Z,c9297c6c37ae8f78f29be9568fa2a03cf3b112616a39afee04030fc775a66a0d,3756480,cdc-nhanes,demographics,DEMO_I.xpt,text/plain,200,"US Government Work (17 USC 105), public domain unless noted",NHANES demographics 2015-2016: Demographic Variables and Sample Weights (carries MEC weights + design vars)
https://wwwn.cdc.gov/Nchs/Data/Nhanes/Public/2015/DataFiles/DEMO_I.htm,2026-09-14T21:03:21Z,ae488b8a00e7cdbae20f2fb279819dcb180b03373efa13abf784c52a0b82e473,172117,cdc-nhanes,demographics,DEMO_I.htm,text/html,200,"US Government Work (17 USC 105), public domain unless noted",NHANES demographics codebook
https://wwwn.cdc.gov/Nchs/Data/Nhanes/Public/2017/DataFiles/DEMO_J.xpt,2026-09-14T21:03:22Z,c0b46e0345ea19404928656277c8b0d10b0cca348a9b2fe4fc3c67e8b7ee73ec,3412720,cdc-nhanes,demographics,DEMO_J.xpt,text/plain,200,"US Government Work (17 USC 105), public domain unless noted",NHANES demographics 2017-2018: Demographic Variables and Sample Weights (carries MEC weights + design vars)
https://wwwn.cdc.gov/Nchs/Data/Nhanes/Public/2017/DataFiles/DEMO_J.htm,2026-09-14T21:03:22Z,07f8f1e7f884fab180ccf53c705652de9d663833fdad85b0d759919c8464cde0,167262,cdc-nhanes,demographics,DEMO_J.htm,text/html,200,"US Government Work (17 USC 105), public domain unless noted",NHANES demographics codebook
https://wwwn.cdc.gov/Nchs/Data/Nhanes/Public/2017/DataFiles/P_DEMO.xpt,2026-09-14T21:03:23Z,2e46c6c26bf77cd8989f64011ace12cbf42c0f3e03414eb59acc5328c8f87913,3614720,cdc-nhanes,demographics,P_DEMO.xpt,text/plain,200,"US Government Work (17 USC 105), public domain unless noted",NHANES demographics 2017-2020: Demographic Variables and Sample Weights (carries MEC weights + design vars)
https://wwwn.cdc.gov/Nchs/Data/Nhanes/Public/2017/DataFiles/P_DEMO.htm,2026-09-14T21:03:23Z,6ac8f9b394615b8b53e1de3bc089c51bd8f1004c01efb746e303476c1f918b86,89096,cdc-nhanes,demographics,P_DEMO.htm,text/html,200,"US Government Work (17 USC 105), public domain unless noted",NHANES demographics codebook
https://wwwn.cdc.gov/Nchs/Data/Nhanes/Public/2021/DataFiles/DEMO_L.xpt,2026-09-14T21:03:24Z,ca4374a158b493b8b0163e1388da21d57a18d1b9cecff2aa4e2fa2bec494fe23,2582160,cdc-nhanes,demographics,DEMO_L.xpt,text/plain,200,"US Government Work (17 USC 105), public domain unless noted",NHANES demographics 2021-2023: Demographic Variables and Sample Weights (carries MEC weights + design vars)
https://wwwn.cdc.gov/Nchs/Data/Nhanes/Public/2021/DataFiles/DEMO_L.htm,2026-09-14T21:03:24Z,d85d99207a3f03345f1f16223537005bc85b9ea3a67e84c8f0543aaf89d43975,88008,cdc-nhanes,demographics,DEMO_L.htm,text/html,200,"US Government Work (17 USC 105), public domain unless noted",NHANES demographics codebook
https://web.archive.org/web/20190724002143id_/https://www.fda.gov/media/103526/download,2026-09-14T21:03:36Z,9161aad1bd5f85d77156fd18815491ffbb305c8663d9ae10c7b4172edcb8c3e7,445799,fda,pesticide-residue-monitoring,SampleData2014.zip,application/zip,200,"US Government Work (17 USC 105), public domain unless noted",VIA_WAYBACK capture=20190724002143 original_url=https://www.fda.gov/media/103526/download (agency edge returns 401 to this network). FDA FY2014: SampleData2014.zip
https://www.fda.gov/media/103535/download,2026-09-14T21:03:38Z,9e857d8febe8ec22be09e461f0f9e79abd2c115e995c8d44b4369fcd05241d67,24578,fda,pesticide-residue-monitoring,Product2014.zip,application/zip,200,"US Government Work (17 USC 105), public domain unless noted",FDA FY2014 residue monitoring: Product2014.zip (direct from agency)
https://www.fda.gov/media/103551/download,2026-09-14T21:03:40Z,,0,fda,pesticide-residue-monitoring,CountryProductResidue2014.zip,text/html; charset=UTF-8,401,"US Government Work (17 USC 105), public domain unless noted",FAILED: FDA FY2014 residue monitoring: CountryProductResidue2014.zip (direct from agency)
https://www.waterqualitydata.us/data/Result/search,2026-09-14T21:04:05Z,9a2a93fa3dc470c43c09aae1ce6210a52df34002435d4c95df47af437dcafbe6,129253758,epa-usgs-wqp,pesticide-water-quality,wqp_results_Chlorpyrifos.csv,text/csv;charset=UTF-8,200,Public domain (federal) / varies by contributing state agency,"WQP Result records for Chlorpyrifos, sample date >= 01-01-2000"
https://www.waterqualitydata.us/data/Result/search,2026-09-14T21:04:08Z,eb71e8687892c21a3aa1a37be37514da6b6c78f53ce535d43308efbf92e70167,105906,epa-usgs-wqp,pesticide-water-quality,wqp_results_Paraquat.csv,text/csv;charset=UTF-8,200,Public domain (federal) / varies by contributing state agency,"WQP Result records for Paraquat, sample date >= 01-01-2000"
https://www.fda.gov/media/103551/download,2026-09-14T21:06:01Z,,0,fda,pesticide-residue-monitoring,CountryProductResidue2014.zip,,CDX_LOOKUP_FAILED,US Government Work (17 USC 105),RETRYABLE: capture index unreachable (CDX unreachable after 5 attempts: HTTP 503). FDA FY2014: CountryProductResidue2014.zip
https://www.fda.gov/media/103519/download,2026-09-14T21:06:04Z,,0,fda,pesticide-residue-monitoring,UsersManual2014.pdf,text/html; charset=UTF-8,401,"US Government Work (17 USC 105), public domain unless noted",FAILED: FDA FY2014 residue monitoring: User's Manual (direct from agency)
https://wwwn.cdc.gov/Nchs/Data/Nhanes/Public/2013/DataFiles/ALB_CR_H.xpt,2026-09-14T21:06:40Z,65adbd6c87541464e69fa2da54fb2c5e9e0c198fa322943a21ccbcacd8c40670,399600,cdc-nhanes,lab-and-dietary,ALB_CR_H.xpt,text/plain,200,"US Government Work (17 USC 105), public domain unless noted",NHANES urinary albumin & creatinine 2013-2014 -- needed to creatinine-correct urinary pesticide metabolites
https://wwwn.cdc.gov/Nchs/Data/Nhanes/Public/2015/DataFiles/ALB_CR_I.xpt,2026-09-14T21:06:42Z,af61c16db8d9e96549bf0fb446049ff0631ae1ccf7e2dcd017d28edba84dbe3d,552800,cdc-nhanes,lab-and-dietary,ALB_CR_I.xpt,text/plain,200,"US Government Work (17 USC 105), public domain unless noted",NHANES urinary albumin & creatinine 2015-2016 -- needed to creatinine-correct urinary pesticide metabolites
https://wwwn.cdc.gov/Nchs/Data/Nhanes/Public/2017/DataFiles/ALB_CR_J.xpt,2026-09-14T21:06:43Z,0017a7b8d87d29009923e22300b4ec393b06c9bbf6147eb6b2d777aca605bcbf,509760,cdc-nhanes,lab-and-dietary,ALB_CR_J.xpt,text/plain,200,"US Government Work (17 USC 105), public domain unless noted",NHANES urinary albumin & creatinine 2017-2018 -- needed to creatinine-correct urinary pesticide metabolites
https://www.waterqualitydata.us/data/Result/search,2026-09-14T21:07:06Z,787f82f7741f122007b3db878afcc86ade07d7891a5ea778ce2fe9b071399699,174406296,epa-usgs-wqp,pesticide-water-quality,wqp_results_Alachlor.csv,text/csv;charset=UTF-8,200,Public domain (federal) / varies by contributing state agency,"WQP Result records for Alachlor, sample date >= 01-01-2000"
https://www.waterqualitydata.us/data/Result/search,2026-09-14T21:08:32Z,a018180dd417dbb5a352964af2b9ad175a23a20b914882888b3780cff121aa14,64800348,epa-usgs-wqp,pesticide-water-quality,wqp_results_Dicamba.csv,text/csv;charset=UTF-8,200,Public domain (federal) / varies by contributing state agency,"WQP Result records for Dicamba, sample date >= 01-01-2000"
https://www.fda.gov/media/103519/download,2026-09-14T21:09:20Z,,0,fda,pesticide-residue-monitoring,UsersManual2014.pdf,,CDX_LOOKUP_FAILED,US Government Work (17 USC 105),RETRYABLE: capture index unreachable (CDX unreachable after 5 attempts: HTTP 504). FDA FY2014: User's Manual
https://www.fda.gov/media/109100/download,2026-09-14T21:09:25Z,,0,fda,pesticide-residue-monitoring,Product2015.zip,text/html; charset=UTF-8,401,"US Government Work (17 USC 105), public domain unless noted",FAILED: FDA FY2015 residue monitoring: Product2015.zip (direct from agency)
https://wwwn.cdc.gov/Nchs/Data/Nhanes/Public/2001/DataFiles/L06_2_B.xpt,2026-09-14T21:11:10Z,631d846c5942b4256bcab334315b16f478318ec3a518aaa0f82f731b17a3698a,87200,cdc-nhanes,lab-and-dietary,L06_2_B.xpt,text/plain,200,"US Government Work (17 USC 105), public domain unless noted","NHANES Laboratory 2001-2002: Cadmium, Lead, Total Mercury, Ferritin, Serum Folate, RBC Folate, Vitamin B12, Homocysteine, Methylmalonic acid, Cotinine - Blood, Second Exam"
https://wwwn.cdc.gov/Nchs/Data/Nhanes/Public/2001/DataFiles/L06_2_B.htm,2026-09-14T21:11:11Z,5d92f70c94b3993fc02f2b50a5c906a12d30afc0dc6a83fed4cfbbbdd5b25a9c,64281,cdc-nhanes,lab-and-dietary,L06_2_B.htm,text/html,200,"US Government Work (17 USC 105), public domain unless noted",NHANES codebook for L06_2_B.xpt
https://wwwn.cdc.gov/Nchs/Data/Nhanes/Public/2011/DataFiles/PBCD_G.xpt,2026-09-14T21:11:12Z,996cc3daaae69bf043785b274b02d4921dd2e49ec819c528707752d675ebd191,1149360,cdc-nhanes,lab-and-dietary,PBCD_G.xpt,text/plain,200,"US Government Work (17 USC 105), public domain unless noted","NHANES Laboratory 2011-2012: Cadmium, Lead, Total Mercury, Selenium, &amp; Manganese - Blood"
https://wwwn.cdc.gov/Nchs/Data/Nhanes/Public/2011/DataFiles/PBCD_G.htm,2026-09-14T21:11:12Z,c9648581f80982e8ef6b5e8c6ae7112032c9399696d650638b9925c2e1ab09c6,41521,cdc-nhanes,lab-and-dietary,PBCD_G.htm,text/html,200,"US Government Work (17 USC 105), public domain unless noted",NHANES codebook for PBCD_G.xpt
https://wwwn.cdc.gov/Nchs/Data/Nhanes/Public/2011/DataFiles/CUSEZN_G.xpt,2026-09-14T21:11:13Z,e4716d3b1b5df5f13c66614b10836ddc0518f1aaf24c858534e1f855130a3f5d,188800,cdc-nhanes,lab-and-dietary,CUSEZN_G.xpt,text/plain,200,"US Government Work (17 USC 105), public domain unless noted","NHANES Laboratory 2011-2012: Copper, Selenium &amp; Zinc - Serum"
https://wwwn.cdc.gov/Nchs/Data/Nhanes/Public/2011/DataFiles/CUSEZN_G.htm,2026-09-14T21:11:13Z,b553ba89fd6686be92e064c6c585ba941f6f3ae4c511e53333ec3e69d8232156,27375,cdc-nhanes,lab-and-dietary,CUSEZN_G.htm,text/html,200,"US Government Work (17 USC 105), public domain unless noted",NHANES codebook for CUSEZN_G.xpt
https://wwwn.cdc.gov/Nchs/Data/Nhanes/Public/2013/DataFiles/CUSEZN_H.xpt,2026-09-14T21:11:14Z,e649a3b8084ca77619f1b9e87809961eb9367bee48bbe88eb5d3a9887052ed4c,200400,cdc-nhanes,lab-and-dietary,CUSEZN_H.xpt,text/plain,200,"US Government Work (17 USC 105), public domain unless noted","NHANES Laboratory 2013-2014: Copper, Selenium &amp; Zinc - Serum"
https://wwwn.cdc.gov/Nchs/Data/Nhanes/Public/2013/DataFiles/CUSEZN_H.htm,2026-09-14T21:11:14Z,c68c84423b15de963aa82ce8df6f85c7c05d75fbddd24cfa79a4b0ee9748fb20,31694,cdc-nhanes,lab-and-dietary,CUSEZN_H.htm,text/html,200,"US Government Work (17 USC 105), public domain unless noted",NHANES codebook for CUSEZN_H.xpt
https://wwwn.cdc.gov/Nchs/Data/Nhanes/Public/2015/DataFiles/CUSEZN_I.xpt,2026-09-14T21:11:15Z,54204a31bf0b16574ba6fa08e1bb58cb91cc7e228605972762f31c52c7f00415,174160,cdc-nhanes,lab-and-dietary,CUSEZN_I.xpt,text/plain,200,"US Government Work (17 USC 105), public domain unless noted","NHANES Laboratory 2015-2016: Copper, Selenium &amp; Zinc - Serum"
https://wwwn.cdc.gov/Nchs/Data/Nhanes/Public/2015/DataFiles/CUSEZN_I.htm,2026-09-14T21:11:15Z,9db8813d3381787075d20e9d45abbf150f89ff3d3db3acc65cd2c9b20dc9effb,30475,cdc-nhanes,lab-and-dietary,CUSEZN_I.htm,text/html,200,"US Government Work (17 USC 105), public domain unless noted",NHANES codebook for CUSEZN_I.xpt
https://wwwn.cdc.gov/Nchs/Data/Nhanes/Public/2007/DataFiles/EPH_E.xpt,2026-09-14T21:11:17Z,910d9fa838e507213b3e855723a1948d454a69ceccdd915017819519b3737894,416640,cdc-nhanes,lab-and-dietary,EPH_E.xpt,text/plain,200,"US Government Work (17 USC 105), public domain unless noted",NHANES Laboratory 2007-2008: Environmental Phenols
https://wwwn.cdc.gov/Nchs/Data/Nhanes/Public/2007/DataFiles/EPH_E.htm,2026-09-14T21:11:17Z,7adaa1548f5de03e848268d29d678a8b62f8b595b7d09f635f0255042d86cc7b,48735,cdc-nhanes,lab-and-dietary,EPH_E.htm,text/html,200,"US Government Work (17 USC 105), public domain unless noted",NHANES codebook for EPH_E.xpt
https://wwwn.cdc.gov/Nchs/Data/Nhanes/Public/2003/DataFiles/L24EPH_C.xpt,2026-09-14T21:11:18Z,6b43a28169311434bda6e770eebe317ae3a29d0a288960d22318cc73cfd4394b,190080,cdc-nhanes,lab-and-dietary,L24EPH_C.xpt,text/plain,200,"US Government Work (17 USC 105), public domain unless noted",NHANES Laboratory 2003-2004: Environmental Phenols
https://wwwn.cdc.gov/Nchs/Data/Nhanes/Public/2003/DataFiles/L24EPH_C.htm,2026-09-14T21:11:18Z,6509fb6058c9bfb73edb422cf71ad7e51805e3b8cb4ba0252701db1dedea78c2,27921,cdc-nhanes,lab-and-dietary,L24EPH_C.htm,text/html,200,"US Government Work (17 USC 105), public domain unless noted",NHANES codebook for L24EPH_C.xpt
https://wwwn.cdc.gov/Nchs/Data/Nhanes/Public/2009/DataFiles/EPH_F.xpt,2026-09-14T21:11:19Z,e75b15b903e9f7a309b447f3126e44e6bb1391f46d3a3568a7746626dafde179,432000,cdc-nhanes,lab-and-dietary,EPH_F.xpt,text/plain,200,"US Government Work (17 USC 105), public domain unless noted",NHANES Laboratory 2009-2010: Environmental Phenols
https://wwwn.cdc.gov/Nchs/Data/Nhanes/Public/2009/DataFiles/EPH_F.htm,2026-09-14T21:11:19Z,8da64650cb1dcffb0869de092c91359cb7f4135de340f5fde458a1964ce2ddfe,48727,cdc-nhanes,lab-and-dietary,EPH_F.htm,text/html,200,"US Government Work (17 USC 105), public domain unless noted",NHANES codebook for EPH_F.xpt
https://wwwn.cdc.gov/Nchs/Data/Nhanes/Public/2005/DataFiles/EPH_D.xpt,2026-09-14T21:11:20Z,5cb93fd82a17031be8ea663a769b0d7d85086cf1987b7b0fbfa7b029aed61420,404480,cdc-nhanes,lab-and-dietary,EPH_D.xpt,text/plain,200,"US Government Work (17 USC 105), public domain unless noted",NHANES Laboratory 2005-2006: Environmental Phenols &amp; Parabens
https://wwwn.cdc.gov/Nchs/Data/Nhanes/Public/2005/DataFiles/EPH_D.htm,2026-09-14T21:11:20Z,16463fb6041bf76b2ebed8c1851d4d6deb83fe9a72ebec2e4e80f68df90998f9,49812,cdc-nhanes,lab-and-dietary,EPH_D.htm,text/html,200,"US Government Work (17 USC 105), public domain unless noted",NHANES codebook for EPH_D.xpt
https://wwwn.cdc.gov/Nchs/Data/Nhanes/Public/2011/DataFiles/EPH_G.xpt,2026-09-14T21:11:21Z,31c5d95a4b6f0bedcf2523e3d80129fd961aab8d186b88c5b710f68fd0a53d2b,355920,cdc-nhanes,lab-and-dietary,EPH_G.xpt,text/plain,200,"US Government Work (17 USC 105), public domain unless noted",NHANES Laboratory 2011-2012: Environmental Phenols &amp; Parabens
https://wwwn.cdc.gov/Nchs/Data/Nhanes/Public/2011/DataFiles/EPH_G.htm,2026-09-14T21:11:21Z,74be3044122d68503290ba4609961657fd8b54d0b6c1d61c636adf1a9b7c3bed,44318,cdc-nhanes,lab-and-dietary,EPH_G.htm,text/html,200,"US Government Work (17 USC 105), public domain unless noted",NHANES codebook for EPH_G.xpt
https://wwwn.cdc.gov/Nchs/Data/Nhanes/Public/2003/DataFiles/L39EPP_C.xpt,2026-09-14T21:11:23Z,3130e61c47d52e3b9ff8141e79eedeb5fa5f08dd73e3dd0d57f5290f1632faa5,304000,cdc-nhanes,lab-and-dietary,L39EPP_C.xpt,text/plain,200,"US Government Work (17 USC 105), public domain unless noted",NHANES Laboratory 2003-2004: Erythrocyte Protoporphyrin &amp; Selenium
https://wwwn.cdc.gov/Nchs/Data/Nhanes/Public/2003/DataFiles/L39EPP_C.htm,2026-09-14T21:11:23Z,8d50922587c8e3337bf468a4cf06f8f5adf711ebcd86404a25669f8543bffb70,26415,cdc-nhanes,lab-and-dietary,L39EPP_C.htm,text/html,200,"US Government Work (17 USC 105), public domain unless noted",NHANES codebook for L39EPP_C.xpt
https://wwwn.cdc.gov/Nchs/Data/Nhanes/Public/2007/DataFiles/FERTIN_E.xpt,2026-09-14T21:11:24Z,885c4a8c159a79bd9110e608f5b8b8305276c83679cf8291b92b18ed17922e44,77520,cdc-nhanes,lab-and-dietary,FERTIN_E.xpt,text/plain,200,"US Government Work (17 USC 105), public domain unless noted",NHANES Laboratory 2007-2008: Ferritin
https://wwwn.cdc.gov/Nchs/Data/Nhanes/Public/2007/DataFiles/FERTIN_E.htm,2026-09-14T21:11:24Z,8559c0eaa7d2bd4aaf171944384bf20796e08df00f01467efe87ca0807c5b9d0,10960,cdc-nhanes,lab-and-dietary,FERTIN_E.htm,text/html,200,"US Government Work (17 USC 105), public domain unless noted",NHANES codebook for FERTIN_E.xpt
https://wwwn.cdc.gov/Nchs/Data/Nhanes/Public/2005/DataFiles/FERTIN_D.xpt,2026-09-14T21:11:25Z,dffa06c8c096f5a1f8c7227574a900762153a8491ace4973e6af8c6c8447a2e3,95040,cdc-nhanes,lab-and-dietary,FERTIN_D.xpt,text/plain,200,"US Government Work (17 USC 105), public domain unless noted",NHANES Laboratory 2005-2006: Ferritin
https://wwwn.cdc.gov/Nchs/Data/Nhanes/Public/2005/DataFiles/FERTIN_D.htm,2026-09-14T21:11:25Z,4d2225a9c66ffc315639b4a9ff3ca0f1293415f032420211539e3ce904a39d5c,11375,cdc-nhanes,lab-and-dietary,FERTIN_D.htm,text/html,200,"US Government Work (17 USC 105), public domain unless noted",NHANES codebook for FERTIN_D.xpt
https://wwwn.cdc.gov/Nchs/Data/Nhanes/Public/2009/DataFiles/FERTIN_F.xpt,2026-09-14T21:11:26Z,b50a5172c2eaab3a31d6ca1b16258f2fe91a5ad561db143e34269f6f0f1caeb0,85760,cdc-nhanes,lab-and-dietary,FERTIN_F.xpt,text/plain,200,"US Government Work (17 USC 105), public domain unless noted",NHANES Laboratory 2009-2010: Ferritin
https://wwwn.cdc.gov/Nchs/Data/Nhanes/Public/2009/DataFiles/FERTIN_F.htm,2026-09-14T21:11:26Z,418b675be6c9e6a9ff8c05c8f9d3381cf40340f207921cca682e329f36da43bc,12226,cdc-nhanes,lab-and-dietary,FERTIN_F.htm,text/html,200,"US Government Work (17 USC 105), public domain unless noted",NHANES codebook for FERTIN_F.xpt
https://wwwn.cdc.gov/Nchs/Data/Nhanes/Public/2015/DataFiles/FERTIN_I.xpt,2026-09-14T21:11:27Z,250da32041fbcb4b82bbab591c0a031672ca59e8cddb7ad3b4a558d2795c8ef7,79280,cdc-nhanes,lab-and-dietary,FERTIN_I.xpt,text/plain,200,"US Government Work (17 USC 105), public domain unless noted",NHANES Laboratory 2015-2016: Ferritin
https://wwwn.cdc.gov/Nchs/Data/Nhanes/Public/2015/DataFiles/FERTIN_I.htm,2026-09-14T21:11:27Z,b8ce3d66ffd5bb3c3705b5a852924eafe0260e4a53df9d0a69d5c9bf77dbecda,24889,cdc-nhanes,lab-and-dietary,FERTIN_I.htm,text/html,200,"US Government Work (17 USC 105), public domain unless noted",NHANES codebook for FERTIN_I.xpt
https://wwwn.cdc.gov/Nchs/Data/Nhanes/Public/2017/DataFiles/FERTIN_J.xpt,2026-09-14T21:11:28Z,6bc5775797aafbd627316b6208418275fb8951cd571276e1a64436769afa16d5,177200,cdc-nhanes,lab-and-dietary,FERTIN_J.xpt,text/plain,200,"US Government Work (17 USC 105), public domain unless noted",NHANES Laboratory 2017-2018: Ferritin
https://wwwn.cdc.gov/Nchs/Data/Nhanes/Public/2017/DataFiles/FERTIN_J.htm,2026-09-14T21:11:29Z,94b4d6840ea2b26f6bb08833555bb93e16292588d4d0b8207706c94cd4b2239a,17594,cdc-nhanes,lab-and-dietary,FERTIN_J.htm,text/html,200,"US Government Work (17 USC 105), public domain unless noted",NHANES codebook for FERTIN_J.xpt
https://wwwn.cdc.gov/Nchs/Data/Nhanes/Public/2017/DataFiles/P_FERTIN.xpt,2026-09-14T21:11:30Z,8464b13160fc38cce793f07ff1e658dae27a4c201956ef2bbde0925dd4a6f186,288800,cdc-nhanes,lab-and-dietary,P_FERTIN.xpt,text/plain,200,"US Government Work (17 USC 105), public domain unless noted",NHANES Laboratory 2017-2020: Ferritin
https://wwwn.cdc.gov/Nchs/Data/Nhanes/Public/2017/DataFiles/P_FERTIN.htm,2026-09-14T21:11:30Z,5483263031d2ba367befbde671e2231fc1fbd38c0bd8c8e86528912ace1dcc7a,19766,cdc-nhanes,lab-and-dietary,P_FERTIN.htm,text/html,200,"US Government Work (17 USC 105), public domain unless noted",NHANES codebook for P_FERTIN.xpt
https://wwwn.cdc.gov/Nchs/Data/Nhanes/Public/2021/DataFiles/FERTIN_L.xpt,2026-09-14T21:11:31Z,9d3e4d4f330553cd82d731c302a3a200d6f75cb1c1b4565a62ce9396d4cc3795,83360,cdc-nhanes,lab-and-dietary,FERTIN_L.xpt,text/plain,200,"US Government Work (17 USC 105), public domain unless noted",NHANES Laboratory 2021-2023: Ferritin
https://wwwn.cdc.gov/Nchs/Data/Nhanes/Public/2021/DataFiles/FERTIN_L.htm,2026-09-14T21:11:31Z,fc19ae88b9494aa7623bb6f866a391ec7e31b02e8c8ad89def1aeca346bc8001,20456,cdc-nhanes,lab-and-dietary,FERTIN_L.htm,text/html,200,"US Government Work (17 USC 105), public domain unless noted",NHANES codebook for FERTIN_L.xpt
https://wwwn.cdc.gov/Nchs/Data/Nhanes/Public/2003/DataFiles/L06TFR_C.xpt,2026-09-14T21:11:32Z,595da8878ae3821edd5da494861b1d4ee9e6beab6a96593804c3882d9382ebb5,115360,cdc-nhanes,lab-and-dietary,L06TFR_C.xpt,text/plain,200,"US Government Work (17 USC 105), public domain unless noted",NHANES Laboratory 2003-2004: Ferritin &amp; Transferrin Receptor
https://wwwn.cdc.gov/Nchs/Data/Nhanes/Public/2003/DataFiles/L06TFR_C.htm,2026-09-14T21:11:32Z,5a800db8295d7d9ca6aed594665c9bdcb70cec6d54b9afedceef1096d59946a0,17037,cdc-nhanes,lab-and-dietary,L06TFR_C.htm,text/html,200,"US Government Work (17 USC 105), public domain unless noted",NHANES codebook for L06TFR_C.xpt
https://wwwn.cdc.gov/Nchs/Data/Nhanes/Public/2011/DataFiles/FOLATE_G.xpt,2026-09-14T21:11:33Z,366c0fc98433a072a75193ef84a2451f917979d3667a9bc6ceab6120ba65fba7,216160,cdc-nhanes,lab-and-dietary,FOLATE_G.xpt,text/plain,200,"US Government Work (17 USC 105), public domain unless noted",NHANES Laboratory 2011-2012: Folate - RBC
https://wwwn.cdc.gov/Nchs/Data/Nhanes/Public/2011/DataFiles/FOLATE_G.htm,2026-09-14T21:11:33Z,be5401f9adb3813a48472edfe91c1dd734c0b0d150e41812c69ba179fba38615,34980,cdc-nhanes,lab-and-dietary,FOLATE_G.htm,text/html,200,"US Government Work (17 USC 105), public domain unless noted",NHANES codebook for FOLATE_G.xpt
https://wwwn.cdc.gov/Nchs/Data/Nhanes/Public/2013/DataFiles/FOLATE_H.xpt,2026-09-14T21:11:34Z,f99d49fc03a5b01c12298afb1f3e8b74c204f14f39f39dba4fa3fe0a0d1c6c80,227360,cdc-nhanes,lab-and-dietary,FOLATE_H.xpt,text/plain,200,"US Government Work (17 USC 105), public domain unless noted",NHANES Laboratory 2013-2014: Folate - RBC
https://wwwn.cdc.gov/Nchs/Data/Nhanes/Public/2013/DataFiles/FOLATE_H.htm,2026-09-14T21:11:34Z,b53b1808b4e52eff4d3adc07a0458ce8bc33f2b7024dd894e3930d51e7fe03bc,34136,cdc-nhanes,lab-and-dietary,FOLATE_H.htm,text/html,200,"US Government Work (17 USC 105), public domain unless noted",NHANES codebook for FOLATE_H.xpt
https://wwwn.cdc.gov/Nchs/Data/Nhanes/Public/2015/DataFiles/FOLATE_I.xpt,2026-09-14T21:11:36Z,8e1f5210df3f0cc1e4b45194ef7d9718c65b2f2146522974d3356a291f452140,221200,cdc-nhanes,lab-and-dietary,FOLATE_I.xpt,text/plain,200,"US Government Work (17 USC 105), public domain unless noted",NHANES Laboratory 2015-2016: Folate - RBC
https://wwwn.cdc.gov/Nchs/Data/Nhanes/Public/2015/DataFiles/FOLATE_I.htm,2026-09-14T21:11:36Z,f9e836b49dd0e29d772bb0d4672de40b22e0180f37484b245e3cd91dd4401cef,19308,cdc-nhanes,lab-and-dietary,FOLATE_I.htm,text/html,200,"US Government Work (17 USC 105), public domain unless noted",NHANES codebook for FOLATE_I.xpt
https://wwwn.cdc.gov/Nchs/Data/Nhanes/Public/2017/DataFiles/FOLATE_J.xpt,2026-09-14T21:11:37Z,b591315268970e8680ef0b14f26c0cb7d0c7c5d2f536ed48b41739cd2f97a6ca,164240,cdc-nhanes,lab-and-dietary,FOLATE_J.xpt,text/plain,200,"US Government Work (17 USC 105), public domain unless noted",NHANES Laboratory 2017-2018: Folate - RBC
https://wwwn.cdc.gov/Nchs/Data/Nhanes/Public/2017/DataFiles/FOLATE_J.htm,2026-09-14T21:11:37Z,0977130395dd0b69fb3e099209b4042a60eb15aa6d58353371eacb1e169eba56,22015,cdc-nhanes,lab-and-dietary,FOLATE_J.htm,text/html,200,"US Government Work (17 USC 105), public domain unless noted",NHANES codebook for FOLATE_J.xpt
https://wwwn.cdc.gov/Nchs/Data/Nhanes/Public/2017/DataFiles/P_FOLATE.xpt,2026-09-14T21:11:38Z,a63359849117fc90a457d3eb14e8328e62fcc0211012c2882ae52e289264dce3,269680,cdc-nhanes,lab-and-dietary,P_FOLATE.xpt,text/plain,200,"US Government Work (17 USC 105), public domain unless noted",NHANES Laboratory 2017-2020: Folate - RBC
https://wwwn.cdc.gov/Nchs/Data/Nhanes/Public/2017/DataFiles/P_FOLATE.htm,2026-09-14T21:11:38Z,c1adb274bce093167bc3d98584e5cfeea1b420f762534e85ef2e585e2a5abffa,24269,cdc-nhanes,lab-and-dietary,P_FOLATE.htm,text/html,200,"US Government Work (17 USC 105), public domain unless noted",NHANES codebook for P_FOLATE.xpt
https://wwwn.cdc.gov/Nchs/Data/Nhanes/Public/2021/DataFiles/FOLATE_L.xpt,2026-09-14T21:11:39Z,b106d4c3f484503309d4daa320a88753d2a54f110881691ee6f4d879e6565441,280560,cdc-nhanes,lab-and-dietary,FOLATE_L.xpt,text/plain,200,"US Government Work (17 USC 105), public domain unless noted",NHANES Laboratory 2021-2023: Folate - RBC
https://wwwn.cdc.gov/Nchs/Data/Nhanes/Public/2021/DataFiles/FOLATE_L.htm,2026-09-14T21:11:39Z,0d6752b9a5e590e94620ce44ca3fb8b8a36f285e0ae20a7f0461dbe079ecdd68,22078,cdc-nhanes,lab-and-dietary,FOLATE_L.htm,text/html,200,"US Government Work (17 USC 105), public domain unless noted",NHANES codebook for FOLATE_L.xpt
https://wwwn.cdc.gov/Nchs/Data/Nhanes/Public/2005/DataFiles/FOLATE_D.xpt,2026-09-14T21:11:40Z,b213c41ef7f74fc8898b1f592eb5754e745a809ed5e63440f0f6df2f41d65e50,379040,cdc-nhanes,lab-and-dietary,FOLATE_D.xpt,text/plain,200,"US Government Work (17 USC 105), public domain unless noted",NHANES Laboratory 2005-2006: Folate - RBC &amp; Serum
https://wwwn.cdc.gov/Nchs/Data/Nhanes/Public/2005/DataFiles/FOLATE_D.htm,2026-09-14T21:11:40Z,d1c0ec94ecaee98b2c50b45149212e2a47fa54d02e13e4fa8a1021fb75efa039,15616,cdc-nhanes,lab-and-dietary,FOLATE_D.htm,text/html,200,"US Government Work (17 USC 105), public domain unless noted",NHANES codebook for FOLATE_D.xpt
https://wwwn.cdc.gov/Nchs/Data/Nhanes/Public/2007/DataFiles/FOLATE_E.xpt,2026-09-14T21:11:41Z,0f5186035b5eb46fc0c37907989e1b9105a2dff97fecec752c2d4ed5dffc5ea4,373760,cdc-nhanes,lab-and-dietary,FOLATE_E.xpt,text/plain,200,"US Government Work (17 USC 105), public domain unless noted",NHANES Laboratory 2007-2008: Folate - RBC &amp; Serum
https://wwwn.cdc.gov/Nchs/Data/Nhanes/Public/2007/DataFiles/FOLATE_E.htm,2026-09-14T21:11:41Z,855f12c294ac1f6bc70997f9e267e9359cfed95bfd794a9f1f0248c248c518a9,32628,cdc-nhanes,lab-and-dietary,FOLATE_E.htm,text/html,200,"US Government Work (17 USC 105), public domain unless noted",NHANES codebook for FOLATE_E.xpt
https://wwwn.cdc.gov/Nchs/Data/Nhanes/Public/2009/DataFiles/FOLATE_F.xpt,2026-09-14T21:11:42Z,e6c141d36f4df8ba74231912f031c752c8aad1ebb76141db75fc8ba5883597d3,394880,cdc-nhanes,lab-and-dietary,FOLATE_F.xpt,text/plain,200,"US Government Work (17 USC 105), public domain unless noted",NHANES Laboratory 2009-2010: Folate - RBC &amp; Serum
https://wwwn.cdc.gov/Nchs/Data/Nhanes/Public/2009/DataFiles/FOLATE_F.htm,2026-09-14T21:11:43Z,8e77fb6b061f647a3a06f47f55feb30154154800c0843fc13dd091cb1d9115fc,32754,cdc-nhanes,lab-and-dietary,FOLATE_F.htm,text/html,200,"US Government Work (17 USC 105), public domain unless noted",NHANES codebook for FOLATE_F.xpt
https://www.waterqualitydata.us/data/Result/search,2026-09-14T21:11:43Z,f100673eda7ff4f4dc6f643908d68c6dcabcb807fe594b502b4336d701f6ab02,174747874,epa-usgs-wqp,pesticide-water-quality,wqp_results_Simazine.csv,text/csv;charset=UTF-8,200,Public domain (federal) / varies by contributing state agency,"WQP Result records for Simazine, sample date >= 01-01-2000"
https://wwwn.cdc.gov/Nchs/Data/Nhanes/Public/2003/DataFiles/L06NB_C.xpt,2026-09-14T21:11:43Z,19fd14bd89b228e78782d130964c39a35a7cd03ad5f0fc1442f7ee168e35c918,515840,cdc-nhanes,lab-and-dietary,L06NB_C.xpt,text/plain,200,"US Government Work (17 USC 105), public domain unless noted","NHANES Laboratory 2003-2004: Folate - RBC &amp; Serum, and Vitamin B12"
https://wwwn.cdc.gov/Nchs/Data/Nhanes/Public/2003/DataFiles/L06NB_C.htm,2026-09-14T21:11:44Z,f18aeb301a80f8cfb01202b49200f419502c74fcb53cbd221f47a0445cc16952,19921,cdc-nhanes,lab-and-dietary,L06NB_C.htm,text/html,200,"US Government Work (17 USC 105), public domain unless noted",NHANES codebook for L06NB_C.xpt
https://wwwn.cdc.gov/Nchs/Data/Nhanes/Public/2007/DataFiles/FOLFMS_E.xpt,2026-09-14T21:11:45Z,60ea081e58a5e1fcb1b650bebd80b8d971b7638af528666c9a9df68cc5c16352,151520,cdc-nhanes,lab-and-dietary,FOLFMS_E.xpt,text/plain,200,"US Government Work (17 USC 105), public domain unless noted",NHANES Laboratory 2007-2008: Folate Forms - Individual - Serum
https://wwwn.cdc.gov/Nchs/Data/Nhanes/Public/2007/DataFiles/FOLFMS_E.htm,2026-09-14T21:11:45Z,2eb1e1a90d6f18b2f0b8814211b06f834f43d13ad07c8fbda2e2f18068897af0,34860,cdc-nhanes,lab-and-dietary,FOLFMS_E.htm,text/html,200,"US Government Work (17 USC 105), public domain unless noted",NHANES codebook for FOLFMS_E.xpt
https://wwwn.cdc.gov/Nchs/Data/Nhanes/Public/2013/DataFiles/FOLFMS_H.xpt,2026-09-14T21:11:47Z,6fac0b1f687eb751b52e2cdf16b9b0de32f5666b6941d99d877a4bc5d0f77450,1133520,cdc-nhanes,lab-and-dietary,FOLFMS_H.xpt,text/plain,200,"US Government Work (17 USC 105), public domain unless noted",NHANES Laboratory 2013-2014: Folate Forms - Total &amp; Individual - Serum
https://wwwn.cdc.gov/Nchs/Data/Nhanes/Public/2013/DataFiles/FOLFMS_H.htm,2026-09-14T21:11:47Z,6622060f1efb9841abe8d4bb8e974e2997c27eddbfdba00eb51ca74492d59751,87525,cdc-nhanes,lab-and-dietary,FOLFMS_H.htm,text/html,200,"US Government Work (17 USC 105), public domain unless noted",NHANES codebook for FOLFMS_H.xpt
https://wwwn.cdc.gov/Nchs/Data/Nhanes/Public/2011/DataFiles/FOLFMS_G.xpt,2026-09-14T21:11:49Z,6a6999f9a41fea1abc832e6cce30587aa7217dabb3220b52905d0e7b949836c0,1077600,cdc-nhanes,lab-and-dietary,FOLFMS_G.xpt,text/plain,200,"US Government Work (17 USC 105), public domain unless noted",NHANES Laboratory 2011-2012: Folate Forms - Total &amp; Individual - Serum
https://wwwn.cdc.gov/Nchs/Data/Nhanes/Public/2011/DataFiles/FOLFMS_G.htm,2026-09-14T21:11:49Z,65580d2fdeda2325b65a2f9038ce486650b56770d1899b67e9ffa1be3ef7eeb3,169673,cdc-nhanes,lab-and-dietary,FOLFMS_G.htm,text/html,200,"US Government Work (17 USC 105), public domain unless noted",NHANES codebook for FOLFMS_G.xpt
https://wwwn.cdc.gov/Nchs/Data/Nhanes/Public/2015/DataFiles/FOLFMS_I.xpt,2026-09-14T21:11:50Z,3898c7565300c9968bb2b532b6d65bb838e5484efc171069ed7e81df3277ad73,1102720,cdc-nhanes,lab-and-dietary,FOLFMS_I.xpt,text/plain,200,"US Government Work (17 USC 105), public domain unless noted",NHANES Laboratory 2015-2016: Folate Forms - Total &amp; Individual - Serum
https://wwwn.cdc.gov/Nchs/Data/Nhanes/Public/2015/DataFiles/FOLFMS_I.htm,2026-09-14T21:11:50Z,72ee68be57b242eaf8fed1c4193c46cf542c4a40fa5bdffa3032937d8ff46198,62791,cdc-nhanes,lab-and-dietary,FOLFMS_I.htm,text/html,200,"US Government Work (17 USC 105), public domain unless noted",NHANES codebook for FOLFMS_I.xpt
https://wwwn.cdc.gov/Nchs/Data/Nhanes/Public/2017/DataFiles/FOLFMS_J.xpt,2026-09-14T21:11:51Z,8ddb4faabc4ac7160d2923cbf6a2b61aa7489bb3c01c5945b77c818540d62dac,654800,cdc-nhanes,lab-and-dietary,FOLFMS_J.xpt,text/plain,200,"US Government Work (17 USC 105), public domain unless noted",NHANES Laboratory 2017-2018: Folate Forms - Total &amp; Individual - Serum
https://wwwn.cdc.gov/Nchs/Data/Nhanes/Public/2017/DataFiles/FOLFMS_J.htm,2026-09-14T21:11:52Z,a20ac577c01b16ea20ce19c0077bf9cfc4b6aae664eacdeb6fb4a9c9e47343d1,50342,cdc-nhanes,lab-and-dietary,FOLFMS_J.htm,text/html,200,"US Government Work (17 USC 105), public domain unless noted",NHANES codebook for FOLFMS_J.xpt
https://wwwn.cdc.gov/Nchs/Data/Nhanes/Public/2017/DataFiles/P_FOLFMS.xpt,2026-09-14T21:11:53Z,2436da78513c44383e57f9a57b6b27b5b0c5eb9d536e0df68c345513f9837ac3,1076400,cdc-nhanes,lab-and-dietary,P_FOLFMS.xpt,text/plain,200,"US Government Work (17 USC 105), public domain unless noted",NHANES Laboratory 2017-2020: Folate Forms - Total &amp; Individual - Serum
https://wwwn.cdc.gov/Nchs/Data/Nhanes/Public/2017/DataFiles/P_FOLFMS.htm,2026-09-14T21:11:53Z,6ab325ee9ba86560d10c625ee872362c0a0b7168f7ab9a3257e7b22750b790bb,55114,cdc-nhanes,lab-and-dietary,P_FOLFMS.htm,text/html,200,"US Government Work (17 USC 105), public domain unless noted",NHANES codebook for P_FOLFMS.xpt
https://wwwn.cdc.gov/Nchs/Data/Nhanes/Public/2021/DataFiles/FFMR_L.xpt,2026-09-14T21:11:54Z,85831b575001e8ab4ce29c35dd5af035b9d344abe7956a46f827dda5414fd860,971040,cdc-nhanes,lab-and-dietary,FFMR_L.xpt,text/plain,200,"US Government Work (17 USC 105), public domain unless noted",NHANES Laboratory 2021-2023: Folate Forms - Total &amp; Individual – Washed RBCs
https://wwwn.cdc.gov/Nchs/Data/Nhanes/Public/2021/DataFiles/FFMR_L.htm,2026-09-14T21:11:54Z,d718bb63a19fe28c44becdc646497e9711d9975e5b51dba4cb620cf29bcccbb6,49282,cdc-nhanes,lab-and-dietary,FFMR_L.htm,text/html,200,"US Government Work (17 USC 105), public domain unless noted",NHANES codebook for FFMR_L.xpt
https://wwwn.cdc.gov/Nchs/Data/Nhanes/Public/2013/DataFiles/SSGLYP_H.xpt,2026-09-14T21:11:55Z,77a1563539fa712d393d9d3dbdf4b2da29a54c177c57a4942e278217643b98f7,75440,cdc-nhanes,lab-and-dietary,SSGLYP_H.xpt,text/plain,200,"US Government Work (17 USC 105), public domain unless noted",NHANES Laboratory 2013-2014: Glyphosate (GLYP) - Urine
https://wwwn.cdc.gov/Nchs/Data/Nhanes/Public/2013/DataFiles/SSGLYP_H.htm,2026-09-14T21:11:55Z,e124b0061a779a9b1989005f701718533742540e3d48d442c1a1f557ae238ca0,18009,cdc-nhanes,lab-and-dietary,SSGLYP_H.htm,text/html,200,"US Government Work (17 USC 105), public domain unless noted",NHANES codebook for SSGLYP_H.xpt
https://wwwn.cdc.gov/Nchs/Data/Nhanes/Public/2015/DataFiles/SSGLYP_I.xpt,2026-09-14T21:11:56Z,8c524d1bb954a4862b92d6e1f0840659755d7ba04ea33ad2da374ff1a35ce992,103840,cdc-nhanes,lab-and-dietary,SSGLYP_I.xpt,text/plain,200,"US Government Work (17 USC 105), public domain unless noted",NHANES Laboratory 2015-2016: Glyphosate (GLYP) - Urine (Surplus)
https://wwwn.cdc.gov/Nchs/Data/Nhanes/Public/2015/DataFiles/SSGLYP_I.htm,2026-09-14T21:11:56Z,af825cff5f993ed64d507a9792c5ffca31df51d4d8bf5e19e00f11c17fe4e854,18900,cdc-nhanes,lab-and-dietary,SSGLYP_I.htm,text/html,200,"US Government Work (17 USC 105), public domain unless noted",NHANES codebook for SSGLYP_I.xpt
https://www.fda.gov/media/109125/download,2026-09-14T21:11:56Z,,0,fda,pesticide-residue-monitoring,Chemical2015.zip,text/html; charset=UTF-8,401,"US Government Work (17 USC 105), public domain unless noted",FAILED: FDA FY2015 residue monitoring: Chemical2015.zip (direct from agency)
https://wwwn.cdc.gov/Nchs/Data/Nhanes/Public/2017/DataFiles/SSGLYP_J.xpt,2026-09-14T21:11:57Z,19d43e2e3f42736db60fc88fb61b2203d574e45d187d4fe00b8e10f97e70cd88,96880,cdc-nhanes,lab-and-dietary,SSGLYP_J.xpt,text/plain,200,"US Government Work (17 USC 105), public domain unless noted",NHANES Laboratory 2017-2018: Glyphosate (GLYP) - Urine (Surplus)
https://wwwn.cdc.gov/Nchs/Data/Nhanes/Public/2017/DataFiles/SSGLYP_J.htm,2026-09-14T21:11:57Z,2ac22dd30ab623cf23dc0d845cbe92ca6f171dde660e4293ad473a06aa9b30d8,19822,cdc-nhanes,lab-and-dietary,SSGLYP_J.htm,text/html,200,"US Government Work (17 USC 105), public domain unless noted",NHANES codebook for SSGLYP_J.xpt
https://wwwn.cdc.gov/Nchs/Data/Nhanes/Public/2017/DataFiles/FETIB_J.xpt,2026-09-14T21:11:58Z,c9d2c1de16a88f36468696d2e4394f34ee0e52b97540e2715a9530ab38d32deb,462880,cdc-nhanes,lab-and-dietary,FETIB_J.xpt,text/plain,200,"US Government Work (17 USC 105), public domain unless noted",NHANES Laboratory 2017-2018: Iron Status - Serum
https://wwwn.cdc.gov/Nchs/Data/Nhanes/Public/2017/DataFiles/FETIB_J.htm,2026-09-14T21:11:58Z,2f2d3881c0739422c59f1911e4c1598c42f2a1430259dcc1555e8e8e5efebab4,28864,cdc-nhanes,lab-and-dietary,FETIB_J.htm,text/html,200,"US Government Work (17 USC 105), public domain unless noted",NHANES codebook for FETIB_J.xpt
https://wwwn.cdc.gov/Nchs/Data/Nhanes/Public/2017/DataFiles/P_FETIB.xpt,2026-09-14T21:11:59Z,2965da51c055bdffc6b5a52e6f753bc0db44a4aa5567d56e4ecd80b8989922eb,751520,cdc-nhanes,lab-and-dietary,P_FETIB.xpt,text/plain,200,"US Government Work (17 USC 105), public domain unless noted",NHANES Laboratory 2017-2020: Iron Status - Serum
https://wwwn.cdc.gov/Nchs/Data/Nhanes/Public/2017/DataFiles/P_FETIB.htm,2026-09-14T21:12:00Z,424a5994ca425d3b61398fc41ea9acc19331e5e4c66db43d87b90e38b547eeaf,31380,cdc-nhanes,lab-and-dietary,P_FETIB.htm,text/html,200,"US Government Work (17 USC 105), public domain unless noted",NHANES codebook for P_FETIB.xpt
https://wwwn.cdc.gov/Nchs/Data/Nhanes/Public/2005/DataFiles/FETIB_D.xpt,2026-09-14T21:12:01Z,8de4fa26d39763c893cd89ac6a6c1db8cdaf43ea96c5bb4e596e9ec3e1df5c2b,171440,cdc-nhanes,lab-and-dietary,FETIB_D.xpt,text/plain,200,"US Government Work (17 USC 105), public domain unless noted","NHANES Laboratory 2005-2006: Iron, Total Iron Binding Capacity (TIBC), &amp; Transferrin Saturation"
https://wwwn.cdc.gov/Nchs/Data/Nhanes/Public/2005/DataFiles/FETIB_D.htm,2026-09-14T21:12:01Z,862d0f4e74321d84edf38a96c7e46d989626e66559422458b1a2bbd23d0c7df6,17384,cdc-nhanes,lab-and-dietary,FETIB_D.htm,text/html,200,"US Government Work (17 USC 105), public domain unless noted",NHANES codebook for FETIB_D.xpt
https://wwwn.cdc.gov/Nchs/Data/Nhanes/Public/2003/DataFiles/L40FE_C.xpt,2026-09-14T21:12:02Z,9d1bc4b018d10263e8ca9fc5939be7794c6c1fa973d3188e50116d09391818e2,157040,cdc-nhanes,lab-and-dietary,L40FE_C.xpt,text/plain,200,"US Government Work (17 USC 105), public domain unless noted","NHANES Laboratory 2003-2004: Iron, Total Iron Binding Capacity (TIBC), &amp; Transferrin Saturation"
https://wwwn.cdc.gov/Nchs/Data/Nhanes/Public/2003/DataFiles/L40FE_C.htm,2026-09-14T21:12:02Z,2853cd754ba9f5acc6c7166503e722154896bc4402a0fb8ae5ddcdf0b7e61992,17696,cdc-nhanes,lab-and-dietary,L40FE_C.htm,text/html,200,"US Government Work (17 USC 105), public domain unless noted",NHANES codebook for L40FE_C.xpt
https://wwwn.cdc.gov/Nchs/Data/Nhanes/Public/2001/DataFiles/L40FE_B.xpt,2026-09-14T21:12:03Z,e4d50bca7544af94f762c1a6d74b76adef60c2720808e439f60ee7dc0ecfbf65,478240,cdc-nhanes,lab-and-dietary,L40FE_B.xpt,text/plain,200,"US Government Work (17 USC 105), public domain unless noted","NHANES Laboratory 2001-2002: Iron, Total Iron Binding Capacity (TIBC), &amp; Transferrin Saturation"
https://wwwn.cdc.gov/Nchs/Data/Nhanes/Public/2001/DataFiles/L40FE_B.htm,2026-09-14T21:12:03Z,ad9e6617a428341c8a25f5b35cc617f144c0ea197aa9fabe4e08bca4d965c72f,18956,cdc-nhanes,lab-and-dietary,L40FE_B.htm,text/html,200,"US Government Work (17 USC 105), public domain unless noted",NHANES codebook for L40FE_B.xpt
https://wwwn.cdc.gov/Nchs/Data/Nhanes/Public/2015/DataFiles/PBCD_I.xpt,2026-09-14T21:12:05Z,7556d180dbe580ebf439b22201b02db408ee995640e29946e7e60f43f583aa9d,794000,cdc-nhanes,lab-and-dietary,PBCD_I.xpt,text/plain,200,"US Government Work (17 USC 105), public domain unless noted","NHANES Laboratory 2015-2016: Lead, Cadmium, Total Mercury, Selenium &amp; Manganese - Blood"
https://wwwn.cdc.gov/Nchs/Data/Nhanes/Public/2015/DataFiles/PBCD_I.htm,2026-09-14T21:12:05Z,7a3a28b6582f187d10922f3510b53a2118aaeaa4f9ea7d7c079ccc35f68f6292,54857,cdc-nhanes,lab-and-dietary,PBCD_I.htm,text/html,200,"US Government Work (17 USC 105), public domain unless noted",NHANES codebook for PBCD_I.xpt
https://wwwn.cdc.gov/Nchs/Data/Nhanes/Public/2017/DataFiles/PBCD_J.xpt,2026-09-14T21:12:06Z,66859650ceda3969f2b20da86eaca22197cfc93544598bd7a738329515e8c895,1073840,cdc-nhanes,lab-and-dietary,PBCD_J.xpt,text/plain,200,"US Government Work (17 USC 105), public domain unless noted","NHANES Laboratory 2017-2018: Lead, Cadmium, Total Mercury, Selenium, &amp; Manganese - Blood"
https://wwwn.cdc.gov/Nchs/Data/Nhanes/Public/2017/DataFiles/PBCD_J.htm,2026-09-14T21:12:06Z,227abbcee9018c64f305787cc6c261458fce379bd406c841ffb086a9c60c7b63,55445,cdc-nhanes,lab-and-dietary,PBCD_J.htm,text/html,200,"US Government Work (17 USC 105), public domain unless noted",NHANES codebook for PBCD_J.xpt
https://www.waterqualitydata.us/data/Result/search,2026-09-14T21:12:07Z,5b66c17031d6e808e75f76869b7f00b79772349d351f91d3f08962b6ed5469a8,23390302,epa-usgs-wqp,pesticide-water-quality,wqp_results_Acephate.csv,text/csv;charset=UTF-8,200,Public domain (federal) / varies by contributing state agency,"WQP Result records for Acephate, sample date >= 01-01-2000"
https://wwwn.cdc.gov/Nchs/Data/Nhanes/Public/2017/DataFiles/P_PBCD.xpt,2026-09-14T21:12:08Z,2d9385c8cf779ebf5988c5ebb178e519c7c5d5bc6fb343392f311fee8c680716,1765840,cdc-nhanes,lab-and-dietary,P_PBCD.xpt,text/plain,200,"US Government Work (17 USC 105), public domain unless noted","NHANES Laboratory 2017-2020: Lead, Cadmium, Total Mercury, Selenium, &amp; Manganese - Blood"
https://wwwn.cdc.gov/Nchs/Data/Nhanes/Public/2017/DataFiles/P_PBCD.htm,2026-09-14T21:12:08Z,eac534565ec91ef08ec612bb109ce0a67876266722de677f600e23babfd46d8f,52901,cdc-nhanes,lab-and-dietary,P_PBCD.htm,text/html,200,"US Government Work (17 USC 105), public domain unless noted",NHANES codebook for P_PBCD.xpt
https://wwwn.cdc.gov/Nchs/Data/Nhanes/Public/2021/DataFiles/PBCD_L.xpt,2026-09-14T21:12:09Z,4197ce4dbf9e29be9891aa03e3b0972ffcf8fed21cd55092218f11d80b7e7bd1,1190000,cdc-nhanes,lab-and-dietary,PBCD_L.xpt,text/plain,200,"US Government Work (17 USC 105), public domain unless noted","NHANES Laboratory 2021-2023: Lead, Cadmium, Total Mercury, Selenium, &amp; Manganese – Blood"
https://wwwn.cdc.gov/Nchs/Data/Nhanes/Public/2021/DataFiles/PBCD_L.htm,2026-09-14T21:12:09Z,e951d396bf532ba1991d485a2e12ae52b495caf9e29254dd2ad09c2b7c6e1c3b,57205,cdc-nhanes,lab-and-dietary,PBCD_L.htm,text/html,200,"US Government Work (17 USC 105), public domain unless noted",NHANES codebook for PBCD_L.xpt
https://wwwn.cdc.gov/Nchs/Data/Nhanes/Public/2013/DataFiles/PBCD_H.xpt,2026-09-14T21:12:10Z,fd354c927ba6344256bdef540ce32821ed35a85f18a4014a94be337f148afd26,809920,cdc-nhanes,lab-and-dietary,PBCD_H.xpt,text/plain,200,"US Government Work (17 USC 105), public domain unless noted","NHANES Laboratory 2013-2014: Lead, Cadmium, Total Mercury, Selenium, and Manganese - Blood"
https://wwwn.cdc.gov/Nchs/Data/Nhanes/Public/2013/DataFiles/PBCD_H.htm,2026-09-14T21:12:11Z,7b860c5fdfbc282041a93891f536f3b5a5df587ded730525ad1c8dbda7fabdfc,55135,cdc-nhanes,lab-and-dietary,PBCD_H.htm,text/html,200,"US Government Work (17 USC 105), public domain unless noted",NHANES codebook for PBCD_H.xpt
https://wwwn.cdc.gov/Nchs/Data/Nhanes/Public/2005/DataFiles/OPD_D.xpt,2026-09-14T21:12:12Z,336f928b649af0e787b42064a6e2289f7d04173113207ee4d2b6eca44cf385a6,333600,cdc-nhanes,lab-and-dietary,OPD_D.xpt,text/plain,200,"US Government Work (17 USC 105), public domain unless noted",NHANES Laboratory 2005-2006: Organophosphate Insecticides - Diakyl Phosphate Metabolites - Urine
https://wwwn.cdc.gov/Nchs/Data/Nhanes/Public/2005/DataFiles/OPD_D.htm,2026-09-14T21:12:12Z,15691ea7c56c1de8f47929975b7901284826998099dad3ac2a67cdbabc34a7a4,37662,cdc-nhanes,lab-and-dietary,OPD_D.htm,text/html,200,"US Government Work (17 USC 105), public domain unless noted",NHANES codebook for OPD_D.xpt
https://wwwn.cdc.gov/Nchs/Data/Nhanes/Public/2003/DataFiles/L26OPD_C.xpt,2026-09-14T21:12:13Z,a6a9ee1d7bfe143705cedbd8daee8e167f5e544b77e370b5b26e12096ba6d6c3,316320,cdc-nhanes,lab-and-dietary,L26OPD_C.xpt,text/plain,200,"US Government Work (17 USC 105), public domain unless noted",NHANES Laboratory 2003-2004: Organophosphate Insecticides - Diakyl Phosphate Metabolites - Urine
https://wwwn.cdc.gov/Nchs/Data/Nhanes/Public/2003/DataFiles/L26OPD_C.htm,2026-09-14T21:12:13Z,301cf94c79ff140463bfcd804e51cad70e2cf739435f31c653d4d09fbbf5cc52,40557,cdc-nhanes,lab-and-dietary,L26OPD_C.htm,text/html,200,"US Government Work (17 USC 105), public domain unless noted",NHANES codebook for L26OPD_C.xpt
https://wwwn.cdc.gov/Nchs/Data/Nhanes/Public/2007/DataFiles/OPD_E.xpt,2026-09-14T21:12:14Z,f154cc8cab076e84ca9799156e76359c570310b8a5872e50679c2fb14952b03d,326160,cdc-nhanes,lab-and-dietary,OPD_E.xpt,text/plain,200,"US Government Work (17 USC 105), public domain unless noted",NHANES Laboratory 2007-2008: Organophosphate Insecticides - Diakyl Phosphate Metabolites - Urine
https://wwwn.cdc.gov/Nchs/Data/Nhanes/Public/2007/DataFiles/OPD_E.htm,2026-09-14T21:12:14Z,d3e5ccdfa26b7aec677402d9d9495eff233d9b87244ab6d2ecbcedc0b4286d63,40380,cdc-nhanes,lab-and-dietary,OPD_E.htm,text/html,200,"US Government Work (17 USC 105), public domain unless noted",NHANES codebook for OPD_E.xpt
https://wwwn.cdc.gov/Nchs/Data/Nhanes/Public/2011/DataFiles/OPD_G.xpt,2026-09-14T21:12:15Z,0f2e5981e505c4d555a4071ee4bcdcd1eb3c5c7134d23f1911160e7e4d019d2c,283280,cdc-nhanes,lab-and-dietary,OPD_G.xpt,text/plain,200,"US Government Work (17 USC 105), public domain unless noted",NHANES Laboratory 2011-2012: Organophosphate Insecticides - Dialkyl Phosphate Metabolites - Urine
https://wwwn.cdc.gov/Nchs/Data/Nhanes/Public/2011/DataFiles/OPD_G.htm,2026-09-14T21:12:15Z,50e9c77b57e88959809cf09c0fbf654f3e6d7f16f2ab42e209e519455e8cf01b,43610,cdc-nhanes,lab-and-dietary,OPD_G.htm,text/html,200,"US Government Work (17 USC 105), public domain unless noted",NHANES codebook for OPD_G.xpt
https://wwwn.cdc.gov/Nchs/Data/Nhanes/Public/2015/DataFiles/OPD_I.xpt,2026-09-14T21:12:16Z,3caaab677cfeb4e66bca4c93f600cad8544aab8047103e57612f01a86e87dcfe,361680,cdc-nhanes,lab-and-dietary,OPD_I.xpt,text/plain,200,"US Government Work (17 USC 105), public domain unless noted",NHANES Laboratory 2015-2016: Organophosphate Insecticides - Dialkyl Phosphate Metabolites - Urine
https://wwwn.cdc.gov/Nchs/Data/Nhanes/Public/2015/DataFiles/OPD_I.htm,2026-09-14T21:12:16Z,aa8618ee819b7d211502192b775b5e43e5e49f0d544d0c1b24399b19cf404a8b,42572,cdc-nhanes,lab-and-dietary,OPD_I.htm,text/html,200,"US Government Work (17 USC 105), public domain unless noted",NHANES codebook for OPD_I.xpt
https://wwwn.cdc.gov/Nchs/Data/Nhanes/Public/2017/DataFiles/OPD_J.xpt,2026-09-14T21:12:17Z,0f9bfbd323d16cccbc744125d10a9c1242a739dc5f4669e050066ddc9a1a5bca,337200,cdc-nhanes,lab-and-dietary,OPD_J.xpt,text/plain,200,"US Government Work (17 USC 105), public domain unless noted",NHANES Laboratory 2017-2018: Organophosphate Insecticides - Dialkyl Phosphate Metabolites - Urine
https://wwwn.cdc.gov/Nchs/Data/Nhanes/Public/2017/DataFiles/OPD_J.htm,2026-09-14T21:12:17Z,d7704b008b09558e0129489eead7f0de888e304aa6e84e97b866d926b2403acc,50745,cdc-nhanes,lab-and-dietary,OPD_J.htm,text/html,200,"US Government Work (17 USC 105), public domain unless noted",NHANES codebook for OPD_J.xpt
https://wwwn.cdc.gov/Nchs/Data/Nhanes/Public/2017/DataFiles/P_OPD.xpt,2026-09-14T21:12:18Z,bffdcf1ef981a3e5e4ccdcc465c508e70fc23b446f912109fcb5741185b6eb11,554800,cdc-nhanes,lab-and-dietary,P_OPD.xpt,text/plain,200,"US Government Work (17 USC 105), public domain unless noted",NHANES Laboratory 2017-2020: Organophosphate Insecticides - Dialkyl Phosphate Metabolites - Urine
https://wwwn.cdc.gov/Nchs/Data/Nhanes/Public/2017/DataFiles/P_OPD.htm,2026-09-14T21:12:19Z,ac0cb345ebafa2a9a9c5bf4fcfdf970bae2e5ac2202125d0249de186cf1a669d,44539,cdc-nhanes,lab-and-dietary,P_OPD.htm,text/html,200,"US Government Work (17 USC 105), public domain unless noted",NHANES codebook for P_OPD.xpt
https://wwwn.cdc.gov/Nchs/Data/Nhanes/Public/2005/DataFiles/CARB_D.xpt,2026-09-14T21:12:20Z,36c8f2efa545112ee4a572b42c1d6de54f82d13de8e4b05c61fbd4a11dd63d33,333600,cdc-nhanes,lab-and-dietary,CARB_D.xpt,text/plain,200,"US Government Work (17 USC 105), public domain unless noted",NHANES Laboratory 2005-2006: Pesticides - Carbamates &amp; Organophosphorus Metabolites - Urine
https://wwwn.cdc.gov/Nchs/Data/Nhanes/Public/2005/DataFiles/CARB_D.htm,2026-09-14T21:12:20Z,518261d66c915e61c8a267ea3e9edff9b19cd91dd6abbd46b9b132cc721dd15c,37789,cdc-nhanes,lab-and-dietary,CARB_D.htm,text/html,200,"US Government Work (17 USC 105), public domain unless noted",NHANES codebook for CARB_D.xpt
https://www.waterqualitydata.us/data/Result/search,2026-09-14T21:12:20Z,166695e60f009820cee753579a4b77c57e921c8b733d0065b57f6658d780b6c8,10170229,epa-usgs-wqp,pesticide-water-quality,wqp_results_Glufosinate.csv,text/csv;charset=UTF-8,200,Public domain (federal) / varies by contributing state agency,"WQP Result records for Glufosinate, sample date >= 01-01-2000"
https://wwwn.cdc.gov/Nchs/Data/Nhanes/Public/2007/DataFiles/CARB_E.xpt,2026-09-14T21:12:21Z,fffb62049be567588f9fce59344981639f573aaf118e32b0c50e430535058f3a,326160,cdc-nhanes,lab-and-dietary,CARB_E.xpt,text/plain,200,"US Government Work (17 USC 105), public domain unless noted",NHANES Laboratory 2007-2008: Pesticides - Carbamates &amp; Organophosphorus Metabolites - Urine
https://wwwn.cdc.gov/Nchs/Data/Nhanes/Public/2007/DataFiles/CARB_E.htm,2026-09-14T21:12:21Z,01f7dfe154d132cff16c78891036f754aa5a28fc4a9d3f5e49e047e93548f3ce,38149,cdc-nhanes,lab-and-dietary,CARB_E.htm,text/html,200,"US Government Work (17 USC 105), public domain unless noted",NHANES codebook for CARB_E.xpt
https://wwwn.cdc.gov/Nchs/Data/Nhanes/Public/2003/DataFiles/L26UPP_C.xpt,2026-09-14T21:12:22Z,4a1fdea71e16cab64707a3bc0de7c78cb25d6e60764005536ebcc33bdde1e271,1241920,cdc-nhanes,lab-and-dietary,L26UPP_C.xpt,text/plain,200,"US Government Work (17 USC 105), public domain unless noted","NHANES Laboratory 2003-2004: Pesticides - Current Use - Urine (Formerly Priority Pesticides, Non-persistent Pesticide Metabolites)"
https://wwwn.cdc.gov/Nchs/Data/Nhanes/Public/2003/DataFiles/L26UPP_C.htm,2026-09-14T21:12:22Z,853306df66e193cb979a6f88975cb476fca04e4b1d4c90081dbed90fb9b872db,137356,cdc-nhanes,lab-and-dietary,L26UPP_C.htm,text/html,200,"US Government Work (17 USC 105), public domain unless noted",NHANES codebook for L26UPP_C.xpt
https://wwwn.cdc.gov/Nchs/Data/Nhanes/Public/2005/DataFiles/UPP_D.xpt,2026-09-14T21:12:23Z,06e0a0a2ea2233d0ac5f584f53f6edfe48c9419e36c89bf6d3145012db56d15e,821760,cdc-nhanes,lab-and-dietary,UPP_D.xpt,text/plain,200,"US Government Work (17 USC 105), public domain unless noted","NHANES Laboratory 2005-2006: Pesticides - Current Use - Urine (Formerly Priority Pesticides, Non-persistent Pesticide Metabolites)"
https://wwwn.cdc.gov/Nchs/Data/Nhanes/Public/2005/DataFiles/UPP_D.htm,2026-09-14T21:12:23Z,b083f334e9803cc36a84451ef0565a4e9be074197d76a136fdecc5f236284619,85149,cdc-nhanes,lab-and-dietary,UPP_D.htm,text/html,200,"US Government Work (17 USC 105), public domain unless noted",NHANES codebook for UPP_D.xpt
https://wwwn.cdc.gov/Nchs/Data/Nhanes/Public/2001/DataFiles/L26PP_B.xpt,2026-09-14T21:12:24Z,e04161ec876d7a42b17548acaba0de974530409d3d7576d8686724a97ebdcfea,1167200,cdc-nhanes,lab-and-dietary,L26PP_B.xpt,text/plain,200,"US Government Work (17 USC 105), public domain unless noted","NHANES Laboratory 2001-2002: Pesticides - Current Use - Urine (Formerly Priority Pesticides, Non-persistent Pesticide Metabolites)"
https://wwwn.cdc.gov/Nchs/Data/Nhanes/Public/2001/DataFiles/L26PP_B.htm,2026-09-14T21:12:25Z,9d5ae1c70f0a8a978451bcc9fa9ed3e6619b30ddce01cbfa55699749e7391828,104629,cdc-nhanes,lab-and-dietary,L26PP_B.htm,text/html,200,"US Government Work (17 USC 105), public domain unless noted",NHANES codebook for L26PP_B.xpt
https://wwwn.cdc.gov/Nchs/Data/Nhanes/Public/2007/DataFiles/UPP_E.xpt,2026-09-14T21:12:26Z,407765e0452b25811b9c2ad404c5f7848bd30e6b146ee22decc6c15ef10ea363,803360,cdc-nhanes,lab-and-dietary,UPP_E.xpt,text/plain,200,"US Government Work (17 USC 105), public domain unless noted","NHANES Laboratory 2007-2008: Pesticides - Current Use - Urine (Formerly Priority Pesticides, Non-persistent Pesticide Metabolites)"
https://wwwn.cdc.gov/Nchs/Data/Nhanes/Public/2007/DataFiles/UPP_E.htm,2026-09-14T21:12:26Z,0183bf1da32ae7f971ff5e103437d2f6bd68a613615635de387ba9fe6c26d54c,85440,cdc-nhanes,lab-and-dietary,UPP_E.htm,text/html,200,"US Government Work (17 USC 105), public domain unless noted",NHANES codebook for UPP_E.xpt
https://wwwn.cdc.gov/Nchs/Data/Nhanes/Public/1999/DataFiles/LAB26PP.xpt,2026-09-14T21:12:29Z,446f6bc9a43b0c644f1488e7a046348633214abaf4654e6617a30f450625dbe4,1611920,cdc-nhanes,lab-and-dietary,LAB26PP.xpt,text/plain,200,"US Government Work (17 USC 105), public domain unless noted","NHANES Laboratory 1999-2000: Pesticides - Current Use - Urine (Formerly Priority Pesticides, Non-persistent Pesticide Metabolites)"
https://wwwn.cdc.gov/Nchs/Data/Nhanes/Public/1999/DataFiles/LAB26PP.htm,2026-09-14T21:12:29Z,91a53ddb09d045c250710c665faded12b29ce2db8e1b913e66cb203f086ae29f,194587,cdc-nhanes,lab-and-dietary,LAB26PP.htm,text/html,200,"US Government Work (17 USC 105), public domain unless noted",NHANES codebook for LAB26PP.xpt
https://wwwn.cdc.gov/Nchs/Data/Nhanes/Public/2005/DataFiles/PP_D.xpt,2026-09-14T21:12:30Z,573438ff53ac65abf12c79ac5d15e1486a5ad28de8521d5a175af2d76d4785a8,276960,cdc-nhanes,lab-and-dietary,PP_D.xpt,text/plain,200,"US Government Work (17 USC 105), public domain unless noted",NHANES Laboratory 2005-2006: Pesticides - Environmental - Urine
https://wwwn.cdc.gov/Nchs/Data/Nhanes/Public/2005/DataFiles/PP_D.htm,2026-09-14T21:12:30Z,cca4b2bab55b9ecee3b88801d3573a7639a49d4e96cc1dabd559ccd369e14100,35675,cdc-nhanes,lab-and-dietary,PP_D.htm,text/html,200,"US Government Work (17 USC 105), public domain unless noted",NHANES codebook for PP_D.xpt
https://wwwn.cdc.gov/Nchs/Data/Nhanes/Public/2003/DataFiles/L24PP_C.xpt,2026-09-14T21:12:31Z,1f4f41524da2a35fce91ff053e50042fc8101f1fee4cddae09275be43798ce35,274240,cdc-nhanes,lab-and-dietary,L24PP_C.xpt,text/plain,200,"US Government Work (17 USC 105), public domain unless noted",NHANES Laboratory 2003-2004: Pesticides - Environmental - Urine
https://wwwn.cdc.gov/Nchs/Data/Nhanes/Public/2003/DataFiles/L24PP_C.htm,2026-09-14T21:12:31Z,e38d6e1195567a380bffce329cc98864603bb4572bc7d5676fb39a9bab9d2348,35605,cdc-nhanes,lab-and-dietary,L24PP_C.htm,text/html,200,"US Government Work (17 USC 105), public domain unless noted",NHANES codebook for L24PP_C.xpt
https://wwwn.cdc.gov/Nchs/Data/Nhanes/Public/2007/DataFiles/PP_E.xpt,2026-09-14T21:12:32Z,37a6192c891fd593f559dc55614fe42f4e106e0551ac4ae909c1edb48c68c5e3,285280,cdc-nhanes,lab-and-dietary,PP_E.xpt,text/plain,200,"US Government Work (17 USC 105), public domain unless noted",NHANES Laboratory 2007-2008: Pesticides - Environmental - Urine
https://wwwn.cdc.gov/Nchs/Data/Nhanes/Public/2007/DataFiles/PP_E.htm,2026-09-14T21:12:33Z,afafd4f2e5b09bc18939beb723b4bfd06a44e68e9e4315dd3df0bc2bdd021f21,35476,cdc-nhanes,lab-and-dietary,PP_E.htm,text/html,200,"US Government Work (17 USC 105), public domain unless noted",NHANES codebook for PP_E.xpt
https://wwwn.cdc.gov/Nchs/Data/Nhanes/Public/2009/DataFiles/PP_F.xpt,2026-09-14T21:12:34Z,12c1c0c04a28c079549a5668741b10861c150a71f737ecbe1579f91af61281a6,295760,cdc-nhanes,lab-and-dietary,PP_F.xpt,text/plain,200,"US Government Work (17 USC 105), public domain unless noted",NHANES Laboratory 2009-2010: Pesticides - Environmental - Urine
https://wwwn.cdc.gov/Nchs/Data/Nhanes/Public/2009/DataFiles/PP_F.htm,2026-09-14T21:12:34Z,765a5384f53d6bcebe451d1b98319c2cbce9ab39ea3d05580ff447e928e2ab23,35459,cdc-nhanes,lab-and-dietary,PP_F.htm,text/html,200,"US Government Work (17 USC 105), public domain unless noted",NHANES codebook for PP_F.xpt
https://wwwn.cdc.gov/Nchs/Data/Nhanes/Public/2011/DataFiles/PP_G.xpt,2026-09-14T21:12:35Z,b1ca9e985ad9c9732c1e41909edf580638a51880cbba8d47292bb5945bbf3e3c,147040,cdc-nhanes,lab-and-dietary,PP_G.xpt,text/plain,200,"US Government Work (17 USC 105), public domain unless noted",NHANES Laboratory 2011-2012: Pesticides - Environmental - Urine
https://wwwn.cdc.gov/Nchs/Data/Nhanes/Public/2011/DataFiles/PP_G.htm,2026-09-14T21:12:35Z,4ce4803a2d7bb38b8376d0df73a9003254108cb141eb2fa685636430169f326a,22509,cdc-nhanes,lab-and-dietary,PP_G.htm,text/html,200,"US Government Work (17 USC 105), public domain unless noted",NHANES codebook for PP_G.xpt
https://wwwn.cdc.gov/Nchs/Data/Nhanes/Public/2001/DataFiles/SSPST_B.xpt,2026-09-14T21:12:36Z,d639c1281636a25651145248a5a88541b60bb905565cfb40d37091f756cda382,11520,cdc-nhanes,lab-and-dietary,SSPST_B.xpt,text/plain,200,"US Government Work (17 USC 105), public domain unless noted",NHANES Laboratory 2001-2002: Pesticides - Organochlorine Metabolites - Serum - Pooled Samples (Surplus)
https://wwwn.cdc.gov/Nchs/Data/Nhanes/Public/2001/DataFiles/SSPST_B.htm,2026-09-14T21:12:36Z,6be71b37f457bc6d331edf21f2a6b0b52647b4b56b1cecc4aca331ec94f0079d,43941,cdc-nhanes,lab-and-dietary,SSPST_B.htm,text/html,200,"US Government Work (17 USC 105), public domain unless noted",NHANES codebook for SSPST_B.xpt
https://wwwn.cdc.gov/Nchs/Data/Nhanes/Public/2003/DataFiles/L28OCP_C.xpt,2026-09-14T21:12:37Z,bb6bc226c269aae6f269671a5c5678d1cd6644c818e59fa474749d1347f8abc2,773040,cdc-nhanes,lab-and-dietary,L28OCP_C.xpt,text/plain,200,"US Government Work (17 USC 105), public domain unless noted",NHANES Laboratory 2003-2004: Pesticides - Organochlorine Metabolites - Serum (Surplus)
https://wwwn.cdc.gov/Nchs/Data/Nhanes/Public/2003/DataFiles/L28OCP_C.htm,2026-09-14T21:12:37Z,780ab026f87a07a9e47a9b92c2d22ab83febe9da22d8771b49f4157b0bd31634,100051,cdc-nhanes,lab-and-dietary,L28OCP_C.htm,text/html,200,"US Government Work (17 USC 105), public domain unless noted",NHANES codebook for L28OCP_C.xpt
https://wwwn.cdc.gov/Nchs/Data/Nhanes/Public/2005/DataFiles/PSTPOL_D.xpt,2026-09-14T21:12:38Z,3b8523c623e54696bbebb5884313c5491f537849b0789f372d1e4bfba7d34556,70640,cdc-nhanes,lab-and-dietary,PSTPOL_D.xpt,text/plain,200,"US Government Work (17 USC 105), public domain unless noted",NHANES Laboratory 2005-2006: Pesticides - Organochlorine Pesticides - Pooled Samples
https://wwwn.cdc.gov/Nchs/Data/Nhanes/Public/2005/DataFiles/PSTPOL_D.htm,2026-09-14T21:12:38Z,44b12291c067bcd9bbda3a223912ea4a7973b96647462942fe4db11a43fc261c,85187,cdc-nhanes,lab-and-dietary,PSTPOL_D.htm,text/html,200,"US Government Work (17 USC 105), public domain unless noted",NHANES codebook for PSTPOL_D.xpt
https://wwwn.cdc.gov/Nchs/Data/Nhanes/Public/2007/DataFiles/PSTPOL_E.xpt,2026-09-14T21:12:39Z,5b31f824a742672d1c139bed53139dacc3264fe595e05a24f5fe357e699cc4f4,75120,cdc-nhanes,lab-and-dietary,PSTPOL_E.xpt,text/plain,200,"US Government Work (17 USC 105), public domain unless noted",NHANES Laboratory 2007-2008: Pesticides - Organochlorine Pesticides - Pooled Samples
https://wwwn.cdc.gov/Nchs/Data/Nhanes/Public/2007/DataFiles/PSTPOL_E.htm,2026-09-14T21:12:39Z,fe5a956baa9e5570bd74e9061c114c604ea36b63b9d85a5349b53e451cb9ae7a,116399,cdc-nhanes,lab-and-dietary,PSTPOL_E.htm,text/html,200,"US Government Work (17 USC 105), public domain unless noted",NHANES codebook for PSTPOL_E.xpt
https://wwwn.cdc.gov/Nchs/Data/Nhanes/Public/2009/DataFiles/PSTPOL_F.xpt,2026-09-14T21:12:40Z,0b9d599d784540229351024d37082e2877f6a1c2bcd2ac55a6acd0d459e40a61,77200,cdc-nhanes,lab-and-dietary,PSTPOL_F.xpt,text/plain,200,"US Government Work (17 USC 105), public domain unless noted",NHANES Laboratory 2009-2010: Pesticides - Organochlorine Pesticides - Pooled Samples
https://wwwn.cdc.gov/Nchs/Data/Nhanes/Public/2009/DataFiles/PSTPOL_F.htm,2026-09-14T21:12:40Z,32d8b02fa1b9104df8ef51f16110dc608b06d849ece659922b738c27f11e133e,118887,cdc-nhanes,lab-and-dietary,PSTPOL_F.htm,text/html,200,"US Government Work (17 USC 105), public domain unless noted",NHANES codebook for PSTPOL_F.xpt
https://wwwn.cdc.gov/Nchs/Data/Nhanes/Public/2011/DataFiles/PSTPOL_G.xpt,2026-09-14T21:12:41Z,06252e801a49597f53485f577ddc28d185c3316a05723e0416fc81a8300dfa1f,65200,cdc-nhanes,lab-and-dietary,PSTPOL_G.xpt,text/plain,200,"US Government Work (17 USC 105), public domain unless noted",NHANES Laboratory 2011-2012: Pesticides - Organochlorine Pesticides - Pooled Samples
https://wwwn.cdc.gov/Nchs/Data/Nhanes/Public/2011/DataFiles/PSTPOL_G.htm,2026-09-14T21:12:41Z,90539f4dd1af89de64fcf895adfc22df4390ef96adcf28288e5590492bd69392,129133,cdc-nhanes,lab-and-dietary,PSTPOL_G.htm,text/html,200,"US Government Work (17 USC 105), public domain unless noted",NHANES codebook for PSTPOL_G.xpt
https://wwwn.cdc.gov/Nchs/Data/Nhanes/Public/2013/DataFiles/PSTPOL_H.xpt,2026-09-14T21:12:42Z,2cac7a6157eb0986c06f2e01b856810390e6b17cfb069205b0916eb3d34c6c95,65920,cdc-nhanes,lab-and-dietary,PSTPOL_H.xpt,text/plain,200,"US Government Work (17 USC 105), public domain unless noted",NHANES Laboratory 2013-2014: Pesticides - Organochlorine Pesticides - Pooled Samples
https://wwwn.cdc.gov/Nchs/Data/Nhanes/Public/2013/DataFiles/PSTPOL_H.htm,2026-09-14T21:12:42Z,6afcf3b957c4cf23c2b53d21f046c0f10f09782b0e7adbb04e11afb808897f26,141459,cdc-nhanes,lab-and-dietary,PSTPOL_H.htm,text/html,200,"US Government Work (17 USC 105), public domain unless noted",NHANES codebook for PSTPOL_H.xpt
https://wwwn.cdc.gov/Nchs/Data/Nhanes/Public/2015/DataFiles/PSTPOL_I.xpt,2026-09-14T21:12:43Z,f3792598a543afb7c72f4f4b5eb6e5d64e94dd321d197b1b74bab28a93c61525,61840,cdc-nhanes,lab-and-dietary,PSTPOL_I.xpt,text/plain,200,"US Government Work (17 USC 105), public domain unless noted",NHANES Laboratory 2015-2016: Pesticides - Organochlorine Pesticides - Pooled Samples
https://wwwn.cdc.gov/Nchs/Data/Nhanes/Public/2015/DataFiles/PSTPOL_I.htm,2026-09-14T21:12:44Z,6b3a03ce6e2880b5a24708f32f5431683ae41c0cbdbe836a25c8a528ecd8bcc0,144711,cdc-nhanes,lab-and-dietary,PSTPOL_I.htm,text/html,200,"US Government Work (17 USC 105), public domain unless noted",NHANES codebook for PSTPOL_I.xpt
https://wwwn.cdc.gov/Nchs/Data/Nhanes/Public/2007/DataFiles/UPHOPM_E.xpt,2026-09-14T21:12:45Z,a0fdf7f22937563d613bad59077b1c8cd238f44198ff5b7804489dc33755513c,499760,cdc-nhanes,lab-and-dietary,UPHOPM_E.xpt,text/plain,200,"US Government Work (17 USC 105), public domain unless noted","NHANES Laboratory 2007-2008: Pyrethroids, Herbicides, &amp; OP Metabolites - Urine"
https://wwwn.cdc.gov/Nchs/Data/Nhanes/Public/2007/DataFiles/UPHOPM_E.htm,2026-09-14T21:12:45Z,e61178ba3afd7efc7911ddfef8bc94764409892116072b5fd6a991d537f393de,59141,cdc-nhanes,lab-and-dietary,UPHOPM_E.htm,text/html,200,"US Government Work (17 USC 105), public domain unless noted",NHANES codebook for UPHOPM_E.xpt
https://wwwn.cdc.gov/Nchs/Data/Nhanes/Public/2009/DataFiles/UPHOPM_F.xpt,2026-09-14T21:12:46Z,d0ed8e8ca94863a5b4dfba8a51b01c704492aa34733220890a54b32a584a3ab5,524960,cdc-nhanes,lab-and-dietary,UPHOPM_F.xpt,text/plain,200,"US Government Work (17 USC 105), public domain unless noted","NHANES Laboratory 2009-2010: Pyrethroids, Herbicides, &amp; OP Metabolites - Urine"
https://wwwn.cdc.gov/Nchs/Data/Nhanes/Public/2009/DataFiles/UPHOPM_F.htm,2026-09-14T21:12:46Z,cb6a4750a0415741d3bbac634a53a2c1dfe44b6cacc0a08e16b9db956b41e251,59145,cdc-nhanes,lab-and-dietary,UPHOPM_F.htm,text/html,200,"US Government Work (17 USC 105), public domain unless noted",NHANES codebook for UPHOPM_F.xpt
https://wwwn.cdc.gov/Nchs/Data/Nhanes/Public/2011/DataFiles/UPHOPM_G.xpt,2026-09-14T21:12:47Z,b049a464cf513ec242323d61d4afbb19ab8b8f633c7fb630e83e0224f46b8a1f,283280,cdc-nhanes,lab-and-dietary,UPHOPM_G.xpt,text/plain,200,"US Government Work (17 USC 105), public domain unless noted","NHANES Laboratory 2011-2012: Pyrethroids, Herbicides, &amp; Organophosphorus Metabolites - Urine"
https://wwwn.cdc.gov/Nchs/Data/Nhanes/Public/2011/DataFiles/UPHOPM_G.htm,2026-09-14T21:12:47Z,5465a17c1477982cef47c5e91961819256fc949355ff9814b9cee90a5f50e9c6,42694,cdc-nhanes,lab-and-dietary,UPHOPM_G.htm,text/html,200,"US Government Work (17 USC 105), public domain unless noted",NHANES codebook for UPHOPM_G.xpt
https://wwwn.cdc.gov/Nchs/Data/Nhanes/Public/2013/DataFiles/UPHOPM_H.xpt,2026-09-14T21:12:48Z,db590e8fff2e74e07334d1c4d78b522d7b71e00fdae2a7904556e8ff258b778c,356160,cdc-nhanes,lab-and-dietary,UPHOPM_H.xpt,text/plain,200,"US Government Work (17 USC 105), public domain unless noted","NHANES Laboratory 2013-2014: Pyrethroids, Herbicides, &amp; Organophosphorus Metabolites - Urine"
https://wwwn.cdc.gov/Nchs/Data/Nhanes/Public/2013/DataFiles/UPHOPM_H.htm,2026-09-14T21:12:49Z,a007c8a5ba404531340fabbd27a12bffb780be1047ae3905e597ceefd03e008c,55394,cdc-nhanes,lab-and-dietary,UPHOPM_H.htm,text/html,200,"US Government Work (17 USC 105), public domain unless noted",NHANES codebook for UPHOPM_H.xpt
https://wwwn.cdc.gov/Nchs/Data/Nhanes/Public/2015/DataFiles/UPHOPM_I.xpt,2026-09-14T21:12:50Z,e0c8c2546cb1f11378c84414d10d25fc35e348924c4e495cfb82442e7734b642,464800,cdc-nhanes,lab-and-dietary,UPHOPM_I.xpt,text/plain,200,"US Government Work (17 USC 105), public domain unless noted","NHANES Laboratory 2015-2016: Pyrethroids, Herbicides, &amp; Organophosphorus Metabolites - Urine"
https://wwwn.cdc.gov/Nchs/Data/Nhanes/Public/2015/DataFiles/UPHOPM_I.htm,2026-09-14T21:12:50Z,b379d22d3a8e0ddbc21a7c2e07392367082f4205037fdd9618bb1d3bbed4225c,50690,cdc-nhanes,lab-and-dietary,UPHOPM_I.htm,text/html,200,"US Government Work (17 USC 105), public domain unless noted",NHANES codebook for UPHOPM_I.xpt
https://wwwn.cdc.gov/Nchs/Data/Nhanes/Public/2017/DataFiles/UPHOPM_J.xpt,2026-09-14T21:12:51Z,6bbb2edeed637b8a95768296f15fe22fb472eddeb2863b8f90e50087f48295e3,433280,cdc-nhanes,lab-and-dietary,UPHOPM_J.xpt,text/plain,200,"US Government Work (17 USC 105), public domain unless noted","NHANES Laboratory 2017-2018: Pyrethroids, Herbicides, &amp; Organophosphorus Metabolites – Urine"
https://wwwn.cdc.gov/Nchs/Data/Nhanes/Public/2017/DataFiles/UPHOPM_J.htm,2026-09-14T21:12:51Z,0d4a4b1af0db8c6c945d263dad52938ba425b21e025dc9c49eecdfe111901f7b,50616,cdc-nhanes,lab-and-dietary,UPHOPM_J.htm,text/html,200,"US Government Work (17 USC 105), public domain unless noted",NHANES codebook for UPHOPM_J.xpt
https://wwwn.cdc.gov/Nchs/Data/Nhanes/Public/2021/DataFiles/FOLFMS_L.xpt,2026-09-14T21:12:52Z,2a6e49bf7ee810a73f0f2b009dff8089c6c13deca8ab338ea5cbfe7fc3a39bfe,1120080,cdc-nhanes,lab-and-dietary,FOLFMS_L.xpt,text/plain,200,"US Government Work (17 USC 105), public domain unless noted",NHANES Laboratory 2021-2023: Serum Folate Forms - Total &amp; Individual - Serum
https://wwwn.cdc.gov/Nchs/Data/Nhanes/Public/2021/DataFiles/FOLFMS_L.htm,2026-09-14T21:12:53Z,98b20300df8f8a1aca67a8077059f9d9cb6b99db2a3951c5c05a719542885c2c,46994,cdc-nhanes,lab-and-dietary,FOLFMS_L.htm,text/html,200,"US Government Work (17 USC 105), public domain unless noted",NHANES codebook for FOLFMS_L.xpt
https://wwwn.cdc.gov/Nchs/Data/Nhanes/Public/2005/DataFiles/VITAEC_D.xpt,2026-09-14T21:12:54Z,67beb79d270e694e9a75015908d226863f55893bd556776a740ac0421828a78c,1621440,cdc-nhanes,lab-and-dietary,VITAEC_D.xpt,text/plain,200,"US Government Work (17 USC 105), public domain unless noted","NHANES Laboratory 2005-2006: Vitamin A, Vitamin E &amp; Carotenoids"
https://wwwn.cdc.gov/Nchs/Data/Nhanes/Public/2005/DataFiles/VITAEC_D.htm,2026-09-14T21:12:54Z,5dd3cbe172c177eae0c21faa750f390e30d4b5b1ed287928a81db5068068daa4,68367,cdc-nhanes,lab-and-dietary,VITAEC_D.htm,text/html,200,"US Government Work (17 USC 105), public domain unless noted",NHANES codebook for VITAEC_D.xpt
https://wwwn.cdc.gov/Nchs/Data/Nhanes/Public/2003/DataFiles/L45VIT_C.xpt,2026-09-14T21:12:55Z,56ebc58a11a6b8ddae27c24adcca185321c22e31e990725a7ee1ae4e5021d434,2752640,cdc-nhanes,lab-and-dietary,L45VIT_C.xpt,text/plain,200,"US Government Work (17 USC 105), public domain unless noted","NHANES Laboratory 2003-2004: Vitamin A, Vitamin E &amp; Carotenoids"
https://wwwn.cdc.gov/Nchs/Data/Nhanes/Public/2003/DataFiles/L45VIT_C.htm,2026-09-14T21:12:55Z,6f0f0eaeca63d177ea4218eb71a3b9c25f7662539bf699267804cb88ab130a57,113633,cdc-nhanes,lab-and-dietary,L45VIT_C.htm,text/html,200,"US Government Work (17 USC 105), public domain unless noted",NHANES codebook for L45VIT_C.xpt
https://wwwn.cdc.gov/Nchs/Data/Nhanes/Public/2001/DataFiles/L06VIT_B.xpt,2026-09-14T21:12:56Z,24997d11658604e9223c27b17dd1d26226936dfa08c5139ccd2bb3b72bb9fab4,1708240,cdc-nhanes,lab-and-dietary,L06VIT_B.xpt,text/plain,200,"US Government Work (17 USC 105), public domain unless noted","NHANES Laboratory 2001-2002: Vitamin A, Vitamin E &amp; Carotenoids"
https://wwwn.cdc.gov/Nchs/Data/Nhanes/Public/2001/DataFiles/L06VIT_B.htm,2026-09-14T21:12:57Z,61046c3d7f2b39b597d5313a5c45c77f9a5e1c3365d01b9face8bfebb0bd99ad,67133,cdc-nhanes,lab-and-dietary,L06VIT_B.htm,text/html,200,"US Government Work (17 USC 105), public domain unless noted",NHANES codebook for L06VIT_B.xpt
https://wwwn.cdc.gov/Nchs/Data/Nhanes/Public/2017/DataFiles/VITAEC_J.xpt,2026-09-14T21:12:59Z,c1f3b976abe6766cf612a6448c81073aa767750d26e093a4b09f6d0078c51708,2385520,cdc-nhanes,lab-and-dietary,VITAEC_J.xpt,text/plain,200,"US Government Work (17 USC 105), public domain unless noted","NHANES Laboratory 2017-2018: Vitamin A, Vitamin E &amp; Carotenoids"
https://wwwn.cdc.gov/Nchs/Data/Nhanes/Public/2017/DataFiles/VITAEC_J.htm,2026-09-14T21:12:59Z,f4f5299f069c22e0d6cfd5b851f352f35931bf73965041666ee8eae1273950e4,101891,cdc-nhanes,lab-and-dietary,VITAEC_J.htm,text/html,200,"US Government Work (17 USC 105), public domain unless noted",NHANES codebook for VITAEC_J.xpt
https://wwwn.cdc.gov/Nchs/Data/Nhanes/Public/2001/DataFiles/VIT_2_B.xpt,2026-09-14T21:13:00Z,6dda4373025de70881d274d47a32134b9a7c9a0805611a03f23de8517944090b,109920,cdc-nhanes,lab-and-dietary,VIT_2_B.xpt,text/plain,200,"US Government Work (17 USC 105), public domain unless noted","NHANES Laboratory 2001-2002: Vitamin A, Vitamin E, &amp; Carotenoids, Second Exam"
https://wwwn.cdc.gov/Nchs/Data/Nhanes/Public/2001/DataFiles/VIT_2_B.htm,2026-09-14T21:13:00Z,75c35074287c7ac0382d839e2722cebe3cfff88d2a70b8cea20d652130c0f1d9,52586,cdc-nhanes,lab-and-dietary,VIT_2_B.htm,text/html,200,"US Government Work (17 USC 105), public domain unless noted",NHANES codebook for VIT_2_B.xpt
https://wwwn.cdc.gov/Nchs/Data/Nhanes/Public/2005/DataFiles/B12_D.xpt,2026-09-14T21:13:01Z,6dcc58cf6dc5bece78e8464dc146b072bd23c877987349942ce3a5aff8d0f305,227760,cdc-nhanes,lab-and-dietary,B12_D.xpt,text/plain,200,"US Government Work (17 USC 105), public domain unless noted",NHANES Laboratory 2005-2006: Vitamin B12
https://wwwn.cdc.gov/Nchs/Data/Nhanes/Public/2005/DataFiles/B12_D.htm,2026-09-14T21:13:01Z,ebaa5cdf7aadf4bcf98a1995d7c8168831470d0bba67ad729b97c54f4e9e709b,11613,cdc-nhanes,lab-and-dietary,B12_D.htm,text/html,200,"US Government Work (17 USC 105), public domain unless noted",NHANES codebook for B12_D.xpt
https://wwwn.cdc.gov/Nchs/Data/Nhanes/Public/2011/DataFiles/VITB12_G.xpt,2026-09-14T21:13:02Z,d7d422ae7f631e5150a518aa4f7dce6eee68e841d2de64709905fc2ba92820f2,128880,cdc-nhanes,lab-and-dietary,VITB12_G.xpt,text/plain,200,"US Government Work (17 USC 105), public domain unless noted",NHANES Laboratory 2011-2012: Vitamin B12
https://wwwn.cdc.gov/Nchs/Data/Nhanes/Public/2011/DataFiles/VITB12_G.htm,2026-09-14T21:13:02Z,c7f739d2e264a68e742b9e0739a2d83eea776253dbe9df58086fde8f5e789f65,16108,cdc-nhanes,lab-and-dietary,VITB12_G.htm,text/html,200,"US Government Work (17 USC 105), public domain unless noted",NHANES codebook for VITB12_G.xpt
https://wwwn.cdc.gov/Nchs/Data/Nhanes/Public/2013/DataFiles/VITB12_H.xpt,2026-09-14T21:13:03Z,6d280479d279379a1f67278722e3b6a1f1a3566c06dfc3a1f02c9713975633ae,138880,cdc-nhanes,lab-and-dietary,VITB12_H.xpt,text/plain,200,"US Government Work (17 USC 105), public domain unless noted",NHANES Laboratory 2013-2014: Vitamin B12
https://wwwn.cdc.gov/Nchs/Data/Nhanes/Public/2013/DataFiles/VITB12_H.htm,2026-09-14T21:13:03Z,302516f82aea269b03ac18b9306a80608a115eaf6b4efcec348ea8261c9cfb79,20819,cdc-nhanes,lab-and-dietary,VITB12_H.htm,text/html,200,"US Government Work (17 USC 105), public domain unless noted",NHANES codebook for VITB12_H.xpt
https://wwwn.cdc.gov/Nchs/Data/Nhanes/Public/2005/DataFiles/VIT_B6_D.xpt,2026-09-14T21:13:04Z,94758ae73e88ec1ff86a3d095025d748c95864df7200cf29a8cb96dc092df318,227760,cdc-nhanes,lab-and-dietary,VIT_B6_D.xpt,text/plain,200,"US Government Work (17 USC 105), public domain unless noted",NHANES Laboratory 2005-2006: Vitamin B6
https://wwwn.cdc.gov/Nchs/Data/Nhanes/Public/2005/DataFiles/VIT_B6_D.htm,2026-09-14T21:13:05Z,0f4031038755b9408e752927f25490dfd037bbcece0a268fb418770007ae2d9a,14847,cdc-nhanes,lab-and-dietary,VIT_B6_D.htm,text/html,200,"US Government Work (17 USC 105), public domain unless noted",NHANES codebook for VIT_B6_D.xpt
https://wwwn.cdc.gov/Nchs/Data/Nhanes/Public/2003/DataFiles/L43_C.xpt,2026-09-14T21:13:06Z,353910d00f26685f600ab19146d445add5adc005fe5625c494c35371b3d182ba,147920,cdc-nhanes,lab-and-dietary,L43_C.xpt,text/plain,200,"US Government Work (17 USC 105), public domain unless noted",NHANES Laboratory 2003-2004: Vitamin B6
https://wwwn.cdc.gov/Nchs/Data/Nhanes/Public/2003/DataFiles/L43_C.htm,2026-09-14T21:13:06Z,e62535538a85c20e9cf819fe14022fe6c08f882ea45a244561d3b3b895cdd390,11858,cdc-nhanes,lab-and-dietary,L43_C.htm,text/html,200,"US Government Work (17 USC 105), public domain unless noted",NHANES codebook for L43_C.xpt
https://wwwn.cdc.gov/Nchs/Data/Nhanes/Public/2007/DataFiles/VIT_B6_E.xpt,2026-09-14T21:13:07Z,ce00e8885a4777c91e84ad6c13ef065f98089afae6cd2850b4712f77eddf78c2,224640,cdc-nhanes,lab-and-dietary,VIT_B6_E.xpt,text/plain,200,"US Government Work (17 USC 105), public domain unless noted",NHANES Laboratory 2007-2008: Vitamin B6
https://wwwn.cdc.gov/Nchs/Data/Nhanes/Public/2007/DataFiles/VIT_B6_E.htm,2026-09-14T21:13:07Z,8bfc5ce3cd5f80a0ae6354a14c7bf5b2a6b23b3e63e411713d46a680ab39dc95,14845,cdc-nhanes,lab-and-dietary,VIT_B6_E.htm,text/html,200,"US Government Work (17 USC 105), public domain unless noted",NHANES codebook for VIT_B6_E.xpt
https://wwwn.cdc.gov/Nchs/Data/Nhanes/Public/2009/DataFiles/VIT_B6_F.xpt,2026-09-14T21:13:08Z,7733b753730a023560065ba25e6feba74373e8c7420373ff687b731eef752caa,237280,cdc-nhanes,lab-and-dietary,VIT_B6_F.xpt,text/plain,200,"US Government Work (17 USC 105), public domain unless noted",NHANES Laboratory 2009-2010: Vitamin B6
https://wwwn.cdc.gov/Nchs/Data/Nhanes/Public/2009/DataFiles/VIT_B6_F.htm,2026-09-14T21:13:08Z,562b193b95d2b33befd3787598fce495041ad3698d0861f94c6c32f21519527b,12895,cdc-nhanes,lab-and-dietary,VIT_B6_F.htm,text/html,200,"US Government Work (17 USC 105), public domain unless noted",NHANES codebook for VIT_B6_F.xpt
https://wwwn.cdc.gov/Nchs/Data/Nhanes/Public/2003/DataFiles/L06VIT_C.xpt,2026-09-14T21:13:09Z,2927adaeb7e9bb6c817c4f66896839abdcb73d699ce25fd51fbcce0ad8c59bae,192800,cdc-nhanes,lab-and-dietary,L06VIT_C.xpt,text/plain,200,"US Government Work (17 USC 105), public domain unless noted",NHANES Laboratory 2003-2004: Vitamin C
https://wwwn.cdc.gov/Nchs/Data/Nhanes/Public/2003/DataFiles/L06VIT_C.htm,2026-09-14T21:13:09Z,e6b47701fa64c8b244578b08b86e41bca78b48322c75f7106d3174fc2f75684e,15266,cdc-nhanes,lab-and-dietary,L06VIT_C.htm,text/html,200,"US Government Work (17 USC 105), public domain unless noted",NHANES codebook for L06VIT_C.xpt
https://wwwn.cdc.gov/Nchs/Data/Nhanes/Public/2005/DataFiles/VIC_D.xpt,2026-09-14T21:13:11Z,9cc460cc0cce1e64cb24e9bd297d3aea998ec34979d6a4a843b333a90a3afe52,195280,cdc-nhanes,lab-and-dietary,VIC_D.xpt,text/plain,200,"US Government Work (17 USC 105), public domain unless noted",NHANES Laboratory 2005-2006: Vitamin C
https://wwwn.cdc.gov/Nchs/Data/Nhanes/Public/2005/DataFiles/VIC_D.htm,2026-09-14T21:13:11Z,0b61d89fde7ca9a73871d15d978851f0f82f70eb8e97e80714f829767fd50b07,11109,cdc-nhanes,lab-and-dietary,VIC_D.htm,text/html,200,"US Government Work (17 USC 105), public domain unless noted",NHANES codebook for VIC_D.xpt
https://wwwn.cdc.gov/Nchs/Data/Nhanes/Public/2017/DataFiles/VIC_J.xpt,2026-09-14T21:13:12Z,bd711aa673a716825a8975d4a5e358182d628dc281c889d185e6e532abd37092,239200,cdc-nhanes,lab-and-dietary,VIC_J.xpt,text/plain,200,"US Government Work (17 USC 105), public domain unless noted",NHANES Laboratory 2017-2018: Vitamin C
https://wwwn.cdc.gov/Nchs/Data/Nhanes/Public/2017/DataFiles/VIC_J.htm,2026-09-14T21:13:12Z,22f49b58ff0f31a9a8d0850c4bf2c0bad52dac12190fbc6d224be4b17285bf8c,19953,cdc-nhanes,lab-and-dietary,VIC_J.htm,text/html,200,"US Government Work (17 USC 105), public domain unless noted",NHANES codebook for VIC_J.xpt
https://wwwn.cdc.gov/Nchs/Data/Nhanes/Public/2011/DataFiles/VID_G.xpt,2026-09-14T21:13:13Z,c8e3868b2d497b31b3c6378ed715379a4e8772d1f1aacea47e32854d7574f54c,646880,cdc-nhanes,lab-and-dietary,VID_G.xpt,text/plain,200,"US Government Work (17 USC 105), public domain unless noted",NHANES Laboratory 2011-2012: Vitamin D
https://wwwn.cdc.gov/Nchs/Data/Nhanes/Public/2011/DataFiles/VID_G.htm,2026-09-14T21:13:13Z,fc6b4234f14a13b528457d423762db51afc853f65e14717b370990bc7cac287d,31901,cdc-nhanes,lab-and-dietary,VID_G.htm,text/html,200,"US Government Work (17 USC 105), public domain unless noted",NHANES codebook for VID_G.xpt
https://wwwn.cdc.gov/Nchs/Data/Nhanes/Public/2013/DataFiles/VID_H.xpt,2026-09-14T21:13:15Z,1fd6e73b0b8b27098a652cb72bfc30d38d2cbd36daafeebee18a6cb68d0c1b01,680400,cdc-nhanes,lab-and-dietary,VID_H.xpt,text/plain,200,"US Government Work (17 USC 105), public domain unless noted",NHANES Laboratory 2013-2014: Vitamin D
https://wwwn.cdc.gov/Nchs/Data/Nhanes/Public/2013/DataFiles/VID_H.htm,2026-09-14T21:13:15Z,4d5142991dcdd13337c1e291311e49ce53d44ca3c4882129dd7af13d6353a777,30594,cdc-nhanes,lab-and-dietary,VID_H.htm,text/html,200,"US Government Work (17 USC 105), public domain unless noted",NHANES codebook for VID_H.xpt
https://wwwn.cdc.gov/Nchs/Data/Nhanes/Public/2015/DataFiles/VID_I.xpt,2026-09-14T21:13:16Z,e1d0d9f22aed3e185efebf43a542e8b2a5d31d488fddbc676690c320a59ec5ab,661920,cdc-nhanes,lab-and-dietary,VID_I.xpt,text/plain,200,"US Government Work (17 USC 105), public domain unless noted",NHANES Laboratory 2015-2016: Vitamin D
https://wwwn.cdc.gov/Nchs/Data/Nhanes/Public/2015/DataFiles/VID_I.htm,2026-09-14T21:13:16Z,66ed994a587cb4ee9cc2ebf5490d6c03abf6c797edc267a9a73eadf3e3a671a8,32184,cdc-nhanes,lab-and-dietary,VID_I.htm,text/html,200,"US Government Work (17 USC 105), public domain unless noted",NHANES codebook for VID_I.xpt
https://wwwn.cdc.gov/Nchs/Data/Nhanes/Public/2017/DataFiles/VID_J.xpt,2026-09-14T21:13:17Z,5a688e2107758b9344a222823fbdce4838928bbec70e1fd2f34e3ef5c45a95ac,604400,cdc-nhanes,lab-and-dietary,VID_J.xpt,text/plain,200,"US Government Work (17 USC 105), public domain unless noted",NHANES Laboratory 2017-2018: Vitamin D
https://wwwn.cdc.gov/Nchs/Data/Nhanes/Public/2017/DataFiles/VID_J.htm,2026-09-14T21:13:17Z,432eb706a803400a464677d6c382d497f803c2cb52003931e4981f5bf36480d4,30333,cdc-nhanes,lab-and-dietary,VID_J.htm,text/html,200,"US Government Work (17 USC 105), public domain unless noted",NHANES codebook for VID_J.xpt
https://www.fda.gov/media/108686/download,2026-09-14T21:13:17Z,,0,fda,pesticide-residue-monitoring,UsersManual2015.pdf,text/html; charset=UTF-8,401,"US Government Work (17 USC 105), public domain unless noted",FAILED: FDA FY2015 residue monitoring: User's Manual (direct from agency)
https://wwwn.cdc.gov/Nchs/Data/Nhanes/Public/2021/DataFiles/VID_L.xpt,2026-09-14T21:13:18Z,5901de08d633fa31f2199af53e49f434e89a2bf2cc26539b84d1787f85166fa7,700320,cdc-nhanes,lab-and-dietary,VID_L.xpt,text/plain,200,"US Government Work (17 USC 105), public domain unless noted",NHANES Laboratory 2021-2023: Vitamin D
https://wwwn.cdc.gov/Nchs/Data/Nhanes/Public/2021/DataFiles/VID_L.htm,2026-09-14T21:13:18Z,e7ae44a6cf8b4aba018d14ee291f74bea8e12ee9fb690399f06f54755ec276f4,33867,cdc-nhanes,lab-and-dietary,VID_L.htm,text/html,200,"US Government Work (17 USC 105), public domain unless noted",NHANES codebook for VID_L.xpt
https://wwwn.cdc.gov/Nchs/Data/Nhanes/Public/1999/DataFiles/DRXIFF.xpt,2026-09-14T21:13:28Z,48b478991fbd577486a861fc63057df558dd49828abac513183edcc3e3515bd5,71600960,cdc-nhanes,lab-and-dietary,DRXIFF.xpt,text/plain,200,"US Government Work (17 USC 105), public domain unless noted",NHANES Dietary 1999-2000: Dietary Interview - Individual Foods
https://wwwn.cdc.gov/Nchs/Data/Nhanes/Public/1999/DataFiles/DRXIFF.htm,2026-09-14T21:13:28Z,90d33616058144e97b750a0ccf42aed650873d7e213f6138a18bb99642103e67,177013,cdc-nhanes,lab-and-dietary,DRXIFF.htm,text/html,200,"US Government Work (17 USC 105), public domain unless noted",NHANES codebook for DRXIFF.xpt
https://wwwn.cdc.gov/Nchs/Data/Nhanes/Public/2001/DataFiles/DRXIFF_B.xpt,2026-09-14T21:13:36Z,24866960f4eaad9cda6464f4330624f8a3d548f7a3dc29daca0426036e849068,85813680,cdc-nhanes,lab-and-dietary,DRXIFF_B.xpt,text/plain,200,"US Government Work (17 USC 105), public domain unless noted",NHANES Dietary 2001-2002: Dietary Interview - Individual Foods
https://wwwn.cdc.gov/Nchs/Data/Nhanes/Public/2001/DataFiles/DRXIFF_B.htm,2026-09-14T21:13:36Z,b8ddf5125a0014ba80d77e5592abcd2230f1569b362055a3bc0b0fce7c5c3057,182216,cdc-nhanes,lab-and-dietary,DRXIFF_B.htm,text/html,200,"US Government Work (17 USC 105), public domain unless noted",NHANES codebook for DRXIFF_B.xpt
https://wwwn.cdc.gov/Nchs/Data/Nhanes/Public/2003/DataFiles/DR1IFF_C.xpt,2026-09-14T21:13:42Z,942e4b6cf7d72fe773f81705eba1bc566eb2e028c781b0aaba116fb7626f5e0b,86055840,cdc-nhanes,lab-and-dietary,DR1IFF_C.xpt,text/plain,200,"US Government Work (17 USC 105), public domain unless noted","NHANES Dietary 2003-2004: Dietary Interview - Individual Foods, First Day"
https://wwwn.cdc.gov/Nchs/Data/Nhanes/Public/2003/DataFiles/DR1IFF_C.htm,2026-09-14T21:13:43Z,126b12aabbe57b6d2526471ae5049ba82f5153da3624304deecdd3174c1c2737,269375,cdc-nhanes,lab-and-dietary,DR1IFF_C.htm,text/html,200,"US Government Work (17 USC 105), public domain unless noted",NHANES codebook for DR1IFF_C.xpt
https://wwwn.cdc.gov/Nchs/Data/Nhanes/Public/2009/DataFiles/DR1IFF_F.xpt,2026-09-14T21:13:52Z,d2e2cf8195695f8c8a3890b62231fa71b344824fd531a86a483da8e1ccd30034,102686560,cdc-nhanes,lab-and-dietary,DR1IFF_F.xpt,text/plain,200,"US Government Work (17 USC 105), public domain unless noted","NHANES Dietary 2009-2010: Dietary Interview - Individual Foods, First Day"
https://wwwn.cdc.gov/Nchs/Data/Nhanes/Public/2009/DataFiles/DR1IFF_F.htm,2026-09-14T21:13:52Z,c84af8281e16b2ceadcaa0b90e48d1459b84f1057c5081a93e2273b669644be2,280659,cdc-nhanes,lab-and-dietary,DR1IFF_F.htm,text/html,200,"US Government Work (17 USC 105), public domain unless noted",NHANES codebook for DR1IFF_F.xpt
https://wwwn.cdc.gov/Nchs/Data/Nhanes/Public/2007/DataFiles/DR1IFF_E.xpt,2026-09-14T21:14:01Z,aedfffe65f5a845d69099ad170474bfe022e15eb3baa708e741682bf7fa60550,99090720,cdc-nhanes,lab-and-dietary,DR1IFF_E.xpt,text/plain,200,"US Government Work (17 USC 105), public domain unless noted","NHANES Dietary 2007-2008: Dietary Interview - Individual Foods, First Day"
https://wwwn.cdc.gov/Nchs/Data/Nhanes/Public/2007/DataFiles/DR1IFF_E.htm,2026-09-14T21:14:02Z,f2af0b556da0dd06edc1f7993f6bac97124c7920c31320c844c4ae0bd6d73fee,282514,cdc-nhanes,lab-and-dietary,DR1IFF_E.htm,text/html,200,"US Government Work (17 USC 105), public domain unless noted",NHANES codebook for DR1IFF_E.xpt
https://wwwn.cdc.gov/Nchs/Data/Nhanes/Public/2011/DataFiles/DR1IFF_G.xpt,2026-09-14T21:14:12Z,bf40537bd378f95377b7c274198ac0e7b3a1fbf70b2ad9d995ccc72943b2c061,86034720,cdc-nhanes,lab-and-dietary,DR1IFF_G.xpt,text/plain,200,"US Government Work (17 USC 105), public domain unless noted","NHANES Dietary 2011-2012: Dietary Interview - Individual Foods, First Day"
https://wwwn.cdc.gov/Nchs/Data/Nhanes/Public/2011/DataFiles/DR1IFF_G.htm,2026-09-14T21:14:12Z,f883564f7fe9f5e30ecf6c93970f9a40bc140f1277229e3fb79484d5adbdbfff,291993,cdc-nhanes,lab-and-dietary,DR1IFF_G.htm,text/html,200,"US Government Work (17 USC 105), public domain unless noted",NHANES codebook for DR1IFF_G.xpt
https://wwwn.cdc.gov/Nchs/Data/Nhanes/Public/2005/DataFiles/DR1IFF_D.xpt,2026-09-14T21:14:21Z,4bd05ebd1f1692645a2b73b96d30e94d0c2dc65e0c2c28100650d657d81eae5c,97580560,cdc-nhanes,lab-and-dietary,DR1IFF_D.xpt,text/plain,200,"US Government Work (17 USC 105), public domain unless noted","NHANES Dietary 2005-2006: Dietary Interview - Individual Foods, First Day"
https://wwwn.cdc.gov/Nchs/Data/Nhanes/Public/2005/DataFiles/DR1IFF_D.htm,2026-09-14T21:14:21Z,77faab790e01387601eee59e48ce765f132386a94f434aa2564b682f7161e357,543674,cdc-nhanes,lab-and-dietary,DR1IFF_D.htm,text/html,200,"US Government Work (17 USC 105), public domain unless noted",NHANES codebook for DR1IFF_D.xpt
https://wwwn.cdc.gov/Nchs/Data/Nhanes/Public/2013/DataFiles/DR1IFF_H.xpt,2026-09-14T21:14:27Z,2af08841d72b4b4f03fdeddb3e666e1fee2b86d7b0d99d74b3b6f7125b560af7,88309280,cdc-nhanes,lab-and-dietary,DR1IFF_H.xpt,text/plain,200,"US Government Work (17 USC 105), public domain unless noted","NHANES Dietary 2013-2014: Dietary Interview - Individual Foods, First Day"
https://wwwn.cdc.gov/Nchs/Data/Nhanes/Public/2013/DataFiles/DR1IFF_H.htm,2026-09-14T21:14:27Z,b9eb03a7e1beb4b136f60bd2d6a55dc5eb21da21deac6ce861abcce8a5941590,282649,cdc-nhanes,lab-and-dietary,DR1IFF_H.htm,text/html,200,"US Government Work (17 USC 105), public domain unless noted",NHANES codebook for DR1IFF_H.xpt
https://wwwn.cdc.gov/Nchs/Data/Nhanes/Public/2015/DataFiles/DR1IFF_I.xpt,2026-09-14T21:14:35Z,36b516fa303611f075e80ce1c44360a8c964261adcc67b7aa3f2df8b937532f5,81647760,cdc-nhanes,lab-and-dietary,DR1IFF_I.xpt,text/plain,200,"US Government Work (17 USC 105), public domain unless noted","NHANES Dietary 2015-2016: Dietary Interview - Individual Foods, First Day"
https://wwwn.cdc.gov/Nchs/Data/Nhanes/Public/2015/DataFiles/DR1IFF_I.htm,2026-09-14T21:14:35Z,1da419de6454f4b7534ad05905eb92bc1c2dc8ddd6bc0f5061745bcb630cc909,281128,cdc-nhanes,lab-and-dietary,DR1IFF_I.htm,text/html,200,"US Government Work (17 USC 105), public domain unless noted",NHANES codebook for DR1IFF_I.xpt
https://wwwn.cdc.gov/Nchs/Data/Nhanes/Public/2017/DataFiles/DR1IFF_J.xpt,2026-09-14T21:14:41Z,dc0d7a563f393bd368e23b524fbfd6f98a960f3932bfa8931ca35e6dbb0b6d4f,75735520,cdc-nhanes,lab-and-dietary,DR1IFF_J.xpt,text/plain,200,"US Government Work (17 USC 105), public domain unless noted","NHANES Dietary 2017-2018: Dietary Interview - Individual Foods, First Day"
https://wwwn.cdc.gov/Nchs/Data/Nhanes/Public/2017/DataFiles/DR1IFF_J.htm,2026-09-14T21:14:41Z,6a0aa067344fa3f9b4264aea008369b9579b9f4e62b98291bf1cdcbeb17fbcce,281407,cdc-nhanes,lab-and-dietary,DR1IFF_J.htm,text/html,200,"US Government Work (17 USC 105), public domain unless noted",NHANES codebook for DR1IFF_J.xpt
https://wwwn.cdc.gov/Nchs/Data/Nhanes/Public/2017/DataFiles/P_DR1IFF.xpt,2026-09-14T21:14:50Z,264a4dfd66455f106a8ac25a745ebb4e065564b049b45000a5f9c44296d48dec,123600000,cdc-nhanes,lab-and-dietary,P_DR1IFF.xpt,text/plain,200,"US Government Work (17 USC 105), public domain unless noted","NHANES Dietary 2017-2020: Dietary Interview - Individual Foods, First Day"
https://wwwn.cdc.gov/Nchs/Data/Nhanes/Public/2017/DataFiles/P_DR1IFF.htm,2026-09-14T21:14:50Z,06e80e8884b4a9ab71522544bf052bf0322638bed476e4513a766d1300190243,285063,cdc-nhanes,lab-and-dietary,P_DR1IFF.htm,text/html,200,"US Government Work (17 USC 105), public domain unless noted",NHANES codebook for P_DR1IFF.xpt
https://wwwn.cdc.gov/Nchs/Data/Nhanes/Public/2021/DataFiles/DR1IFF_L.xpt,2026-09-14T21:14:55Z,97177395e5fd1322ec8cb72d271a3f8d46e6a83b1105f89f6ef6f39f156037b3,67290480,cdc-nhanes,lab-and-dietary,DR1IFF_L.xpt,text/plain,200,"US Government Work (17 USC 105), public domain unless noted","NHANES Dietary 2021-2023: Dietary Interview - Individual Foods, First Day"
https://wwwn.cdc.gov/Nchs/Data/Nhanes/Public/2021/DataFiles/DR1IFF_L.htm,2026-09-14T21:14:56Z,98e2942937957ce1613bb24b85517584e97c9a01a1fc586ad8a9de4ecaf1697d,282373,cdc-nhanes,lab-and-dietary,DR1IFF_L.htm,text/html,200,"US Government Work (17 USC 105), public domain unless noted",NHANES codebook for DR1IFF_L.xpt
https://wwwn.cdc.gov/Nchs/Data/Nhanes/Public/2003/DataFiles/DR2IFF_C.xpt,2026-09-14T21:15:01Z,80ffe49e1414ea07c385d1aeb8c3074a365420a2f4cec9c1d66cb44f651ac755,79303680,cdc-nhanes,lab-and-dietary,DR2IFF_C.xpt,text/plain,200,"US Government Work (17 USC 105), public domain unless noted","NHANES Dietary 2003-2004: Dietary Interview - Individual Foods, Second Day"
https://wwwn.cdc.gov/Nchs/Data/Nhanes/Public/2003/DataFiles/DR2IFF_C.htm,2026-09-14T21:15:01Z,48c2b1281bacaa49c6039b32a71c957b313795d01b616bf7d464b9009656335d,269345,cdc-nhanes,lab-and-dietary,DR2IFF_C.htm,text/html,200,"US Government Work (17 USC 105), public domain unless noted",NHANES codebook for DR2IFF_C.xpt
https://www.waterqualitydata.us/data/Result/search,2026-09-14T21:15:05Z,e7f45a2d4c7158be3a7339112b4ad55a562b9218c53b8815a0d4cdb0b6793de0,148004007,epa-usgs-wqp,pesticide-water-quality,wqp_results_Metribuzin.csv,text/csv;charset=UTF-8,200,Public domain (federal) / varies by contributing state agency,"WQP Result records for Metribuzin, sample date >= 01-01-2000"
https://wwwn.cdc.gov/Nchs/Data/Nhanes/Public/2009/DataFiles/DR2IFF_F.xpt,2026-09-14T21:15:09Z,f88569d8c7a147690b5ba36300308db3b041e846d55a37499108aa725252ed80,87828560,cdc-nhanes,lab-and-dietary,DR2IFF_F.xpt,text/plain,200,"US Government Work (17 USC 105), public domain unless noted","NHANES Dietary 2009-2010: Dietary Interview - Individual Foods, Second Day"
https://wwwn.cdc.gov/Nchs/Data/Nhanes/Public/2009/DataFiles/DR2IFF_F.htm,2026-09-14T21:15:09Z,5567c8ac1f90be42cffea448c64cd052916ba6c5ad299387b4756798bb828f1c,280635,cdc-nhanes,lab-and-dietary,DR2IFF_F.htm,text/html,200,"US Government Work (17 USC 105), public domain unless noted",NHANES codebook for DR2IFF_F.xpt
https://wwwn.cdc.gov/Nchs/Data/Nhanes/Public/2007/DataFiles/DR2IFF_E.xpt,2026-09-14T21:15:16Z,6c605cd47b92e161aa2194448653e0d8beaec0fc97b1c048d76441c320accc0b,82524560,cdc-nhanes,lab-and-dietary,DR2IFF_E.xpt,text/plain,200,"US Government Work (17 USC 105), public domain unless noted","NHANES Dietary 2007-2008: Dietary Interview - Individual Foods, Second Day"
https://wwwn.cdc.gov/Nchs/Data/Nhanes/Public/2007/DataFiles/DR2IFF_E.htm,2026-09-14T21:15:17Z,7ce8c415dd464a5160cd2a8bfeb1ee8dba6c62eb9c72db781d6ea099a0cacfda,282477,cdc-nhanes,lab-and-dietary,DR2IFF_E.htm,text/html,200,"US Government Work (17 USC 105), public domain unless noted",NHANES codebook for DR2IFF_E.xpt
https://web.archive.org/web/20190817233726id_/https://www.fda.gov/media/108686/download,2026-09-14T21:15:18Z,7cae30193e808b9db7c36bf259019e7d21e317b8f0930e588aa5935736b1f1e8,188105,fda,pesticide-residue-monitoring,UsersManual2015.pdf,application/pdf,200,"US Government Work (17 USC 105), public domain unless noted",VIA_WAYBACK capture=20190817233726 original_url=https://www.fda.gov/media/108686/download (agency edge returns 401 to this network). FDA FY2015: User's Manual
https://www.fda.gov/media/117094/download,2026-09-14T21:15:21Z,,0,fda,pesticide-residue-monitoring,SampleData2016.zip,text/html; charset=UTF-8,401,"US Government Work (17 USC 105), public domain unless noted",FAILED: FDA FY2016 residue monitoring: SampleData2016.zip (direct from agency)
<<<<<<< Updated upstream
https://wwwn.cdc.gov/Nchs/Data/Nhanes/Public/2011/DataFiles/DR2IFF_G.xpt,2026-09-14T21:15:23Z,676f5d0af9aaa82e0b733ed21b0637864b737ffb4187c3739261199fc032fca8,76241360,cdc-nhanes,lab-and-dietary,DR2IFF_G.xpt,text/plain,200,"US Government Work (17 USC 105), public domain unless noted","NHANES Dietary 2011-2012: Dietary Interview - Individual Foods, Second Day"
https://wwwn.cdc.gov/Nchs/Data/Nhanes/Public/2011/DataFiles/DR2IFF_G.htm,2026-09-14T21:15:23Z,324c762f8658c4b46f8c60bbda5fa3496e8be24d60efd7e4367cd7b3e226cb9f,291958,cdc-nhanes,lab-and-dietary,DR2IFF_G.htm,text/html,200,"US Government Work (17 USC 105), public domain unless noted",NHANES codebook for DR2IFF_G.xpt
https://wwwn.cdc.gov/Nchs/Data/Nhanes/Public/2005/DataFiles/DR2IFF_D.xpt,2026-09-14T21:15:31Z,70470e0643268ee6f54d3959c00889dbe5683202be0c296238d4bda1a3e6a336,87760720,cdc-nhanes,lab-and-dietary,DR2IFF_D.xpt,text/plain,200,"US Government Work (17 USC 105), public domain unless noted","NHANES Dietary 2005-2006: Dietary Interview - Individual Foods, Second Day"
https://wwwn.cdc.gov/Nchs/Data/Nhanes/Public/2005/DataFiles/DR2IFF_D.htm,2026-09-14T21:15:31Z,4d6058f0a804ecafe5bdf120212571266b90757359bec25ef09d90f59d0b89a3,543588,cdc-nhanes,lab-and-dietary,DR2IFF_D.htm,text/html,200,"US Government Work (17 USC 105), public domain unless noted",NHANES codebook for DR2IFF_D.xpt
https://wwwn.cdc.gov/Nchs/Data/Nhanes/Public/2013/DataFiles/DR2IFF_H.xpt,2026-09-14T21:15:38Z,7aaccb4622a6aaf334655812517f02faa666870b4cd0000efe330b6c8effd9b6,75664960,cdc-nhanes,lab-and-dietary,DR2IFF_H.xpt,text/plain,200,"US Government Work (17 USC 105), public domain unless noted","NHANES Dietary 2013-2014: Dietary Interview - Individual Foods, Second Day"
https://wwwn.cdc.gov/Nchs/Data/Nhanes/Public/2013/DataFiles/DR2IFF_H.htm,2026-09-14T21:15:38Z,2616786a9fd7ed58803d748122c91cced051b905590b0a3a92a04acfe5ead606,282597,cdc-nhanes,lab-and-dietary,DR2IFF_H.htm,text/html,200,"US Government Work (17 USC 105), public domain unless noted",NHANES codebook for DR2IFF_H.xpt
https://wwwn.cdc.gov/Nchs/Data/Nhanes/Public/2015/DataFiles/DR2IFF_I.xpt,2026-09-14T21:15:44Z,00c11f34fb2ef383d8c974d71c98edfdb9855aafc5aee7fc33ee3cea55b26ef1,67669440,cdc-nhanes,lab-and-dietary,DR2IFF_I.xpt,text/plain,200,"US Government Work (17 USC 105), public domain unless noted","NHANES Dietary 2015-2016: Dietary Interview - Individual Foods, Second Day"
https://wwwn.cdc.gov/Nchs/Data/Nhanes/Public/2015/DataFiles/DR2IFF_I.htm,2026-09-14T21:15:44Z,ddba5b25c8ef29e9a87025c5bb12d8ff235b3644cdca05f0544835b9412986a2,280854,cdc-nhanes,lab-and-dietary,DR2IFF_I.htm,text/html,200,"US Government Work (17 USC 105), public domain unless noted",NHANES codebook for DR2IFF_I.xpt
https://wwwn.cdc.gov/Nchs/Data/Nhanes/Public/2017/DataFiles/DR2IFF_J.xpt,2026-09-14T21:15:50Z,805af3e91647dc4e62aff5b3758cfb94802123f443ca6bc0e0cb2ead93e5f895,62844480,cdc-nhanes,lab-and-dietary,DR2IFF_J.xpt,text/plain,200,"US Government Work (17 USC 105), public domain unless noted","NHANES Dietary 2017-2018: Dietary Interview - Individual Foods, Second Day"
https://wwwn.cdc.gov/Nchs/Data/Nhanes/Public/2017/DataFiles/DR2IFF_J.htm,2026-09-14T21:15:50Z,632f064dba97bec4a178d1926bb7084f7fd5600b211d594964f16cdbe2b6d4db,281096,cdc-nhanes,lab-and-dietary,DR2IFF_J.htm,text/html,200,"US Government Work (17 USC 105), public domain unless noted",NHANES codebook for DR2IFF_J.xpt
https://wwwn.cdc.gov/Nchs/Data/Nhanes/Public/2017/DataFiles/P_DR2IFF.xpt,2026-09-14T21:15:58Z,6f5807d841fb9e183ba5ad6a9e0ebcef534f96c4ffb8e59afd01293dc7cf55e0,100473120,cdc-nhanes,lab-and-dietary,P_DR2IFF.xpt,text/plain,200,"US Government Work (17 USC 105), public domain unless noted","NHANES Dietary 2017-2020: Dietary Interview - Individual Foods, Second Day"
https://wwwn.cdc.gov/Nchs/Data/Nhanes/Public/2017/DataFiles/P_DR2IFF.htm,2026-09-14T21:15:58Z,70fa6a546b1c2e46e4272844ff4503180ddc391feae98306490138563f26a52e,285019,cdc-nhanes,lab-and-dietary,P_DR2IFF.htm,text/html,200,"US Government Work (17 USC 105), public domain unless noted",NHANES codebook for P_DR2IFF.xpt
https://wwwn.cdc.gov/Nchs/Data/Nhanes/Public/2021/DataFiles/DR2IFF_L.xpt,2026-09-14T21:16:04Z,7c06a8ed008e3ea063a62cd97fe26bf3b59322e31dda4b5bc9c217a6a5482a04,59170000,cdc-nhanes,lab-and-dietary,DR2IFF_L.xpt,text/plain,200,"US Government Work (17 USC 105), public domain unless noted","NHANES Dietary 2021-2023: Dietary Interview - Individual Foods, Second Day"
https://wwwn.cdc.gov/Nchs/Data/Nhanes/Public/2021/DataFiles/DR2IFF_L.htm,2026-09-14T21:16:04Z,2930e137027e1029670069d1c12201dd495d4517e4373e8865b4c6fd7ea6859b,282237,cdc-nhanes,lab-and-dietary,DR2IFF_L.htm,text/html,200,"US Government Work (17 USC 105), public domain unless noted",NHANES codebook for DR2IFF_L.xpt
https://wwwn.cdc.gov/Nchs/Data/Nhanes/Public/1999/DataFiles/DRXTOT.xpt,2026-09-14T21:16:06Z,655869c938565c8001988211e5829c59ddcaa509ff82c7ecf154b9a0cdba7751,9895440,cdc-nhanes,lab-and-dietary,DRXTOT.xpt,text/plain,200,"US Government Work (17 USC 105), public domain unless noted",NHANES Dietary 1999-2000: Dietary Interview - Total Nutrient Intakes
https://wwwn.cdc.gov/Nchs/Data/Nhanes/Public/1999/DataFiles/DRXTOT.htm,2026-09-14T21:16:06Z,3810d16eedaee48d724ec5d7856011a5b5fe439e7b48da97b2994c1bf72a05fe,288285,cdc-nhanes,lab-and-dietary,DRXTOT.htm,text/html,200,"US Government Work (17 USC 105), public domain unless noted",NHANES codebook for DRXTOT.xpt
https://wwwn.cdc.gov/Nchs/Data/Nhanes/Public/2001/DataFiles/DRXTOT_B.xpt,2026-09-14T21:16:08Z,a3c6546c27c9e8b7bb91d8bb520cd770d98fb097b176b44b51e747d3fc194da7,11922560,cdc-nhanes,lab-and-dietary,DRXTOT_B.xpt,text/plain,200,"US Government Work (17 USC 105), public domain unless noted",NHANES Dietary 2001-2002: Dietary Interview - Total Nutrient Intakes
https://wwwn.cdc.gov/Nchs/Data/Nhanes/Public/2001/DataFiles/DRXTOT_B.htm,2026-09-14T21:16:08Z,6843cf81bfeb297e848a7c3ed1dbc64483f3807e9cc1dcec94b17db87c5bcee9,318926,cdc-nhanes,lab-and-dietary,DRXTOT_B.htm,text/html,200,"US Government Work (17 USC 105), public domain unless noted",NHANES codebook for DRXTOT_B.xpt
https://wwwn.cdc.gov/Nchs/Data/Nhanes/Public/2003/DataFiles/DR1TOT_C.xpt,2026-09-14T21:16:10Z,0624f6b4d4a0c442cbe82e1ec7a2c829ef102939025b56625f07c4832e8b8ab6,12366160,cdc-nhanes,lab-and-dietary,DR1TOT_C.xpt,text/plain,200,"US Government Work (17 USC 105), public domain unless noted","NHANES Dietary 2003-2004: Dietary Interview - Total Nutrient Intakes, First Day"
https://wwwn.cdc.gov/Nchs/Data/Nhanes/Public/2003/DataFiles/DR1TOT_C.htm,2026-09-14T21:16:10Z,ceae88a6548e3cf787c5684ccc2d58d54c6846343642bbb56ba8988a6f0baf9d,401174,cdc-nhanes,lab-and-dietary,DR1TOT_C.htm,text/html,200,"US Government Work (17 USC 105), public domain unless noted",NHANES codebook for DR1TOT_C.xpt
https://wwwn.cdc.gov/Nchs/Data/Nhanes/Public/2009/DataFiles/DR1TOT_F.xpt,2026-09-14T21:16:12Z,7ff258b1cb2020509d0d0ad3afb49797ca5196d085bac3e45cc6df149d93091c,13640000,cdc-nhanes,lab-and-dietary,DR1TOT_F.xpt,text/plain,200,"US Government Work (17 USC 105), public domain unless noted","NHANES Dietary 2009-2010: Dietary Interview - Total Nutrient Intakes, First Day"
https://wwwn.cdc.gov/Nchs/Data/Nhanes/Public/2009/DataFiles/DR1TOT_F.htm,2026-09-14T21:16:12Z,695428481b60ffa8de1595acc991490e782a1a5ca63bcb78ee2b91cf1bdc498e,444756,cdc-nhanes,lab-and-dietary,DR1TOT_F.htm,text/html,200,"US Government Work (17 USC 105), public domain unless noted",NHANES codebook for DR1TOT_F.xpt
https://wwwn.cdc.gov/Nchs/Data/Nhanes/Public/2007/DataFiles/DR1TOT_E.xpt,2026-09-14T21:16:14Z,c177e58fe5d06e8a5ecc83bbc45cf3e4b280d3efe20de173c6d32bb2a3fac0ac,12831440,cdc-nhanes,lab-and-dietary,DR1TOT_E.xpt,text/plain,200,"US Government Work (17 USC 105), public domain unless noted","NHANES Dietary 2007-2008: Dietary Interview - Total Nutrient Intakes, First Day"
https://wwwn.cdc.gov/Nchs/Data/Nhanes/Public/2007/DataFiles/DR1TOT_E.htm,2026-09-14T21:16:15Z,e5021c74e6075dd6a33a0c504ef19f13055d9a10655530ffcde0f1e62c317bc6,442254,cdc-nhanes,lab-and-dietary,DR1TOT_E.htm,text/html,200,"US Government Work (17 USC 105), public domain unless noted",NHANES codebook for DR1TOT_E.xpt
https://wwwn.cdc.gov/Nchs/Data/Nhanes/Public/2011/DataFiles/DR1TOT_G.xpt,2026-09-14T21:16:16Z,d5589de4cd987eef86dd13b3b2bc3db9186ab80a87c96a3968421ddef9235c57,12424880,cdc-nhanes,lab-and-dietary,DR1TOT_G.xpt,text/plain,200,"US Government Work (17 USC 105), public domain unless noted","NHANES Dietary 2011-2012: Dietary Interview - Total Nutrient Intakes, First Day"
https://wwwn.cdc.gov/Nchs/Data/Nhanes/Public/2011/DataFiles/DR1TOT_G.htm,2026-09-14T21:16:17Z,91880aaaa3d765782d2d0d05a682e6c18b7b9dbbf207a04449ee1ed9a74e6ea3,455083,cdc-nhanes,lab-and-dietary,DR1TOT_G.htm,text/html,200,"US Government Work (17 USC 105), public domain unless noted",NHANES codebook for DR1TOT_G.xpt
https://wwwn.cdc.gov/Nchs/Data/Nhanes/Public/2005/DataFiles/DR1TOT_D.xpt,2026-09-14T21:16:18Z,83a720fba7e4d6832058b1142fb4060e590d3b83607029117cfa078bcb1214fb,12759120,cdc-nhanes,lab-and-dietary,DR1TOT_D.xpt,text/plain,200,"US Government Work (17 USC 105), public domain unless noted","NHANES Dietary 2005-2006: Dietary Interview - Total Nutrient Intakes, First Day"
https://wwwn.cdc.gov/Nchs/Data/Nhanes/Public/2005/DataFiles/DR1TOT_D.htm,2026-09-14T21:16:19Z,0507c2b06dfa4ba87d9f129e3381a533af86660d45d8adf4a8464f1429f659a5,699492,cdc-nhanes,lab-and-dietary,DR1TOT_D.htm,text/html,200,"US Government Work (17 USC 105), public domain unless noted",NHANES codebook for DR1TOT_D.xpt
https://wwwn.cdc.gov/Nchs/Data/Nhanes/Public/2013/DataFiles/DR1TOT_H.xpt,2026-09-14T21:16:21Z,4fc45d48cf8a4bdcca615efa895e7e05414ca4d549bd75c8115e06abcc86cdc3,13212960,cdc-nhanes,lab-and-dietary,DR1TOT_H.xpt,text/plain,200,"US Government Work (17 USC 105), public domain unless noted","NHANES Dietary 2013-2014: Dietary Interview - Total Nutrient Intakes, First Day"
https://wwwn.cdc.gov/Nchs/Data/Nhanes/Public/2013/DataFiles/DR1TOT_H.htm,2026-09-14T21:16:21Z,d430cc7c326d52cfa0405b062a6c5c0767a532fd70f130e4123b4c710a513e46,453820,cdc-nhanes,lab-and-dietary,DR1TOT_H.htm,text/html,200,"US Government Work (17 USC 105), public domain unless noted",NHANES codebook for DR1TOT_H.xpt
https://wwwn.cdc.gov/Nchs/Data/Nhanes/Public/2015/DataFiles/DR1TOT_I.xpt,2026-09-14T21:16:23Z,185b8f112cdf22175470fe8cc7d4d20800fe28e8ac37c50dc4bf197d40333b6e,12851440,cdc-nhanes,lab-and-dietary,DR1TOT_I.xpt,text/plain,200,"US Government Work (17 USC 105), public domain unless noted","NHANES Dietary 2015-2016: Dietary Interview - Total Nutrient Intakes, First Day"
https://wwwn.cdc.gov/Nchs/Data/Nhanes/Public/2015/DataFiles/DR1TOT_I.htm,2026-09-14T21:16:23Z,e72f7d4aae58648b513049b970bc76bf7a06c113ca4e604d9b5a543009acb9b7,449903,cdc-nhanes,lab-and-dietary,DR1TOT_I.htm,text/html,200,"US Government Work (17 USC 105), public domain unless noted",NHANES codebook for DR1TOT_I.xpt
https://wwwn.cdc.gov/Nchs/Data/Nhanes/Public/2017/DataFiles/DR1TOT_J.xpt,2026-09-14T21:16:25Z,390ae5205acfbcb87e0ca3d9aabd1c801b60657d3f2802ac08d5b3ed93f0af6d,11722480,cdc-nhanes,lab-and-dietary,DR1TOT_J.xpt,text/plain,200,"US Government Work (17 USC 105), public domain unless noted","NHANES Dietary 2017-2018: Dietary Interview - Total Nutrient Intakes, First Day"
https://wwwn.cdc.gov/Nchs/Data/Nhanes/Public/2017/DataFiles/DR1TOT_J.htm,2026-09-14T21:16:25Z,557fdeea3572f115c5114fc6440acb1c7d0dc909e2097b9f06b06e3922350ec2,449486,cdc-nhanes,lab-and-dietary,DR1TOT_J.htm,text/html,200,"US Government Work (17 USC 105), public domain unless noted",NHANES codebook for DR1TOT_J.xpt
https://wwwn.cdc.gov/Nchs/Data/Nhanes/Public/2017/DataFiles/P_DR1TOT.xpt,2026-09-14T21:16:27Z,02cf0fcb15cdef9442594747a6699c43a65fd280f0f807e82ca0b888b0d97b5e,19243440,cdc-nhanes,lab-and-dietary,P_DR1TOT.xpt,text/plain,200,"US Government Work (17 USC 105), public domain unless noted","NHANES Dietary 2017-2020: Dietary Interview - Total Nutrient Intakes, First Day"
https://wwwn.cdc.gov/Nchs/Data/Nhanes/Public/2017/DataFiles/P_DR1TOT.htm,2026-09-14T21:16:27Z,78c14dba6a8c4687f1298d9486c143c43d99dc41827abc1fd0588b236bd5ff27,453488,cdc-nhanes,lab-and-dietary,P_DR1TOT.htm,text/html,200,"US Government Work (17 USC 105), public domain unless noted",NHANES codebook for P_DR1TOT.xpt
https://www.waterqualitydata.us/data/Result/search,2026-09-14T21:16:29Z,0061c60a6a8f81426299b81ea2ad14b629a1c155e3e21dff50622719ddd3e11d,79623906,epa-usgs-wqp,pesticide-water-quality,wqp_results_Imidacloprid.csv,text/csv;charset=UTF-8,200,Public domain (federal) / varies by contributing state agency,"WQP Result records for Imidacloprid, sample date >= 01-01-2000"
https://wwwn.cdc.gov/Nchs/Data/Nhanes/Public/2021/DataFiles/DR1TOT_L.xpt,2026-09-14T21:16:30Z,73a3097aab64000f9c1d138367363ca605968b691e349981132bd6032ca6c9ef,11932080,cdc-nhanes,lab-and-dietary,DR1TOT_L.xpt,text/plain,200,"US Government Work (17 USC 105), public domain unless noted","NHANES Dietary 2021-2023: Dietary Interview - Total Nutrient Intakes, First Day"
https://wwwn.cdc.gov/Nchs/Data/Nhanes/Public/2021/DataFiles/DR1TOT_L.htm,2026-09-14T21:16:30Z,1e27b66f35dca58a76ad661a682a87bf9f473dc86aca70ec8e5f1400adc4b5a2,450252,cdc-nhanes,lab-and-dietary,DR1TOT_L.htm,text/html,200,"US Government Work (17 USC 105), public domain unless noted",NHANES codebook for DR1TOT_L.xpt
https://wwwn.cdc.gov/Nchs/Data/Nhanes/Public/2003/DataFiles/DR2TOT_C.xpt,2026-09-14T21:16:31Z,2949672b030a1936a13ef74e205e259c0c2d95f6f07c877de6d8f88af97df8af,6260800,cdc-nhanes,lab-and-dietary,DR2TOT_C.xpt,text/plain,200,"US Government Work (17 USC 105), public domain unless noted","NHANES Dietary 2003-2004: Dietary Interview - Total Nutrient Intakes, Second Day"
https://wwwn.cdc.gov/Nchs/Data/Nhanes/Public/2003/DataFiles/DR2TOT_C.htm,2026-09-14T21:16:31Z,98a3dadabab1de20f59aae01e06d5675da8c6681c18e1a7f26be0f7b4d1b1e3a,227674,cdc-nhanes,lab-and-dietary,DR2TOT_C.htm,text/html,200,"US Government Work (17 USC 105), public domain unless noted",NHANES codebook for DR2TOT_C.xpt
https://wwwn.cdc.gov/Nchs/Data/Nhanes/Public/2009/DataFiles/DR2TOT_F.xpt,2026-09-14T21:16:33Z,214759831d18d9bc0f0b2975fed277a7836e4d35774c5dc655643b582a28adbe,6820400,cdc-nhanes,lab-and-dietary,DR2TOT_F.xpt,text/plain,200,"US Government Work (17 USC 105), public domain unless noted","NHANES Dietary 2009-2010: Dietary Interview - Total Nutrient Intakes, Second Day"
https://wwwn.cdc.gov/Nchs/Data/Nhanes/Public/2009/DataFiles/DR2TOT_F.htm,2026-09-14T21:16:33Z,dc4f0a556e7cd46705f1068750530696a9e197636a106561b0de3d6592f5802a,268856,cdc-nhanes,lab-and-dietary,DR2TOT_F.htm,text/html,200,"US Government Work (17 USC 105), public domain unless noted",NHANES codebook for DR2TOT_F.xpt
https://wwwn.cdc.gov/Nchs/Data/Nhanes/Public/2007/DataFiles/DR2TOT_E.xpt,2026-09-14T21:16:35Z,9980449a908bb2f21a9bc9f68117662bbf109f87bb36acc76480afd880e10ac9,6494400,cdc-nhanes,lab-and-dietary,DR2TOT_E.xpt,text/plain,200,"US Government Work (17 USC 105), public domain unless noted","NHANES Dietary 2007-2008: Dietary Interview - Total Nutrient Intakes, Second Day"
https://wwwn.cdc.gov/Nchs/Data/Nhanes/Public/2007/DataFiles/DR2TOT_E.htm,2026-09-14T21:16:35Z,825001cbfff2aa4ae1857e5b746e0cb7cc14f5c934831ccc58471b42353dc4b2,270619,cdc-nhanes,lab-and-dietary,DR2TOT_E.htm,text/html,200,"US Government Work (17 USC 105), public domain unless noted",NHANES codebook for DR2TOT_E.xpt
https://wwwn.cdc.gov/Nchs/Data/Nhanes/Public/2011/DataFiles/DR2TOT_G.xpt,2026-09-14T21:16:36Z,fade17bfa233609832197f8dee2dc95d86ba320831034f647aec96487a6316ba,6212880,cdc-nhanes,lab-and-dietary,DR2TOT_G.xpt,text/plain,200,"US Government Work (17 USC 105), public domain unless noted","NHANES Dietary 2011-2012: Dietary Interview - Total Nutrient Intakes, Second Day"
https://wwwn.cdc.gov/Nchs/Data/Nhanes/Public/2011/DataFiles/DR2TOT_G.htm,2026-09-14T21:16:36Z,1aef0f9b529ce4d7d84f18841a63613409b17053d3c19e000e96680968330e61,279389,cdc-nhanes,lab-and-dietary,DR2TOT_G.htm,text/html,200,"US Government Work (17 USC 105), public domain unless noted",NHANES codebook for DR2TOT_G.xpt
https://wwwn.cdc.gov/Nchs/Data/Nhanes/Public/2005/DataFiles/DR2TOT_D.xpt,2026-09-14T21:16:38Z,d7476e3fa08b0fc04bed3d6f24dc05546a147c237f44721a2fed8fff7883f511,6459680,cdc-nhanes,lab-and-dietary,DR2TOT_D.xpt,text/plain,200,"US Government Work (17 USC 105), public domain unless noted","NHANES Dietary 2005-2006: Dietary Interview - Total Nutrient Intakes, Second Day"
https://wwwn.cdc.gov/Nchs/Data/Nhanes/Public/2005/DataFiles/DR2TOT_D.htm,2026-09-14T21:16:38Z,d59ab7706a3a36334b5f6220c4ebd9684834a311baede5f2cab84755134b87c4,531742,cdc-nhanes,lab-and-dietary,DR2TOT_D.htm,text/html,200,"US Government Work (17 USC 105), public domain unless noted",NHANES codebook for DR2TOT_D.xpt
https://wwwn.cdc.gov/Nchs/Data/Nhanes/Public/2013/DataFiles/DR2TOT_H.xpt,2026-09-14T21:16:40Z,12fa3550afbd57ec62d1543c668f1736387f3421fc6668369b5fa4c15a369f91,6685520,cdc-nhanes,lab-and-dietary,DR2TOT_H.xpt,text/plain,200,"US Government Work (17 USC 105), public domain unless noted","NHANES Dietary 2013-2014: Dietary Interview - Total Nutrient Intakes, Second Day"
https://wwwn.cdc.gov/Nchs/Data/Nhanes/Public/2013/DataFiles/DR2TOT_H.htm,2026-09-14T21:16:40Z,28ac8abce29221644f0004b73cfab8cc98954fbbc69e19d8edd474feb7cb8567,278001,cdc-nhanes,lab-and-dietary,DR2TOT_H.htm,text/html,200,"US Government Work (17 USC 105), public domain unless noted",NHANES codebook for DR2TOT_H.xpt
https://wwwn.cdc.gov/Nchs/Data/Nhanes/Public/2015/DataFiles/DR2TOT_I.xpt,2026-09-14T21:16:41Z,0940dad7ba10cb705945665de06329affb3a59495d4947b7249602ae18d92643,6502560,cdc-nhanes,lab-and-dietary,DR2TOT_I.xpt,text/plain,200,"US Government Work (17 USC 105), public domain unless noted","NHANES Dietary 2015-2016: Dietary Interview - Total Nutrient Intakes, Second Day"
https://wwwn.cdc.gov/Nchs/Data/Nhanes/Public/2015/DataFiles/DR2TOT_I.htm,2026-09-14T21:16:42Z,6fd335314ce3b76390f05ca198e58046bdc63ba1ce39448ed3008a2b94a356d2,274155,cdc-nhanes,lab-and-dietary,DR2TOT_I.htm,text/html,200,"US Government Work (17 USC 105), public domain unless noted",NHANES codebook for DR2TOT_I.xpt
https://wwwn.cdc.gov/Nchs/Data/Nhanes/Public/2017/DataFiles/DR2TOT_J.xpt,2026-09-14T21:16:43Z,b73be9b0a4787e73eb831d22b356d03657ffae7d41e5713b60aaa49b828d9c1b,5931360,cdc-nhanes,lab-and-dietary,DR2TOT_J.xpt,text/plain,200,"US Government Work (17 USC 105), public domain unless noted","NHANES Dietary 2017-2018: Dietary Interview - Total Nutrient Intakes, Second Day"
https://wwwn.cdc.gov/Nchs/Data/Nhanes/Public/2017/DataFiles/DR2TOT_J.htm,2026-09-14T21:16:44Z,cebf73337b340e2ddcd35a5f6864b9cfa2be73e3c561fc8979c04e3300ced67a,273740,cdc-nhanes,lab-and-dietary,DR2TOT_J.htm,text/html,200,"US Government Work (17 USC 105), public domain unless noted",NHANES codebook for DR2TOT_J.xpt
https://wwwn.cdc.gov/Nchs/Data/Nhanes/Public/2017/DataFiles/P_DR2TOT.xpt,2026-09-14T21:16:46Z,2013d36582131ffc810bb025e11c8a0c6533b5e59197ad2aa76f4d52db81bb5a,9736640,cdc-nhanes,lab-and-dietary,P_DR2TOT.xpt,text/plain,200,"US Government Work (17 USC 105), public domain unless noted","NHANES Dietary 2017-2020: Dietary Interview - Total Nutrient Intakes, Second Day"
https://wwwn.cdc.gov/Nchs/Data/Nhanes/Public/2017/DataFiles/P_DR2TOT.htm,2026-09-14T21:16:46Z,414940121a0392026f8cf8447e286d6e99f65234db45e81dded9001e47f5db48,277547,cdc-nhanes,lab-and-dietary,P_DR2TOT.htm,text/html,200,"US Government Work (17 USC 105), public domain unless noted",NHANES codebook for P_DR2TOT.xpt
https://wwwn.cdc.gov/Nchs/Data/Nhanes/Public/2021/DataFiles/DR2TOT_L.xpt,2026-09-14T21:16:48Z,516b2d97e87bbf2b4f9b35611050d328924db9cd1494eadcf8503a520c795862,6037440,cdc-nhanes,lab-and-dietary,DR2TOT_L.xpt,text/plain,200,"US Government Work (17 USC 105), public domain unless noted","NHANES Dietary 2021-2023: Dietary Interview - Total Nutrient Intakes, Second Day"
https://wwwn.cdc.gov/Nchs/Data/Nhanes/Public/2021/DataFiles/DR2TOT_L.htm,2026-09-14T21:16:49Z,5bdb77d682e131ead8c0f68d61f0325de87706e86f43c5b8f7415155be841e8d,274534,cdc-nhanes,lab-and-dietary,DR2TOT_L.htm,text/html,200,"US Government Work (17 USC 105), public domain unless noted",NHANES codebook for DR2TOT_L.xpt
https://wwwn.cdc.gov/Nchs/Data/Nhanes/Public/1999/DataFiles/DRXFMT.xpt,2026-09-14T21:16:50Z,7182e2f8b9f9070a0d671f719c0ebec20fd1d1c70261cb56db2af53dd17f3597,328880,cdc-nhanes,lab-and-dietary,DRXFMT.xpt,text/plain,200,"US Government Work (17 USC 105), public domain unless noted",NHANES Dietary 1999-2000: Dietary Interview Technical Support File - Food Code Format File
https://wwwn.cdc.gov/Nchs/Data/Nhanes/Public/1999/DataFiles/DRXFMT.htm,2026-09-14T21:16:50Z,0f2c7f3d98bdc9b41cc108d7c994a43bf4e420f5cd6028a86a516e1ef9fece53,3665,cdc-nhanes,lab-and-dietary,DRXFMT.htm,text/html,200,"US Government Work (17 USC 105), public domain unless noted",NHANES codebook for DRXFMT.xpt
https://wwwn.cdc.gov/Nchs/Data/Nhanes/Public/2001/DataFiles/DRXFMT_B.xpt,2026-09-14T21:16:51Z,dc294a7d002c37d45910d49bedc9b55323c82defd335d8c2d1fcf1d6c78545f3,531280,cdc-nhanes,lab-and-dietary,DRXFMT_B.xpt,text/plain,200,"US Government Work (17 USC 105), public domain unless noted",NHANES Dietary 2001-2002: Dietary Interview Technical Support File - Food Code Format File
https://wwwn.cdc.gov/Nchs/Data/Nhanes/Public/2001/DataFiles/DRXFMT_B.htm,2026-09-14T21:16:51Z,48f8b23723138a526513b244431abbbff54a008d60b75537444e275c50c0896d,3604,cdc-nhanes,lab-and-dietary,DRXFMT_B.htm,text/html,200,"US Government Work (17 USC 105), public domain unless noted",NHANES codebook for DRXFMT_B.xpt
https://wwwn.cdc.gov/Nchs/Data/Nhanes/Public/2003/DataFiles/DRXFCD_C.xpt,2026-09-14T21:16:52Z,ef1c665144fb7d7c8417e24e088ee57654ae2a9db8844059f5452a3f42fc3517,1861120,cdc-nhanes,lab-and-dietary,DRXFCD_C.xpt,text/plain,200,"US Government Work (17 USC 105), public domain unless noted",NHANES Dietary 2003-2004: Dietary Interview Technical Support File - Food Codes
https://wwwn.cdc.gov/Nchs/Data/Nhanes/Public/2003/DataFiles/DRXFCD_C.htm,2026-09-14T21:16:52Z,d27caa0d8ffcd80ca4b55401aa90d06a776a4123f5e71a6bba3f43ae66f1a487,9966,cdc-nhanes,lab-and-dietary,DRXFCD_C.htm,text/html,200,"US Government Work (17 USC 105), public domain unless noted",NHANES codebook for DRXFCD_C.xpt
https://wwwn.cdc.gov/Nchs/Data/Nhanes/Public/2009/DataFiles/DRXFCD_F.xpt,2026-09-14T21:16:53Z,497f5a25b917c73ee77b808e117260e55315e3366d56eb82676fc8fbe4ad9e7e,1945040,cdc-nhanes,lab-and-dietary,DRXFCD_F.xpt,text/plain,200,"US Government Work (17 USC 105), public domain unless noted",NHANES Dietary 2009-2010: Dietary Interview Technical Support File - Food Codes
https://wwwn.cdc.gov/Nchs/Data/Nhanes/Public/2009/DataFiles/DRXFCD_F.htm,2026-09-14T21:16:54Z,dd212e6f2a3f198f7fa6b433dd064d618575c9cbebe2848b63f988f2757d5ba3,104714,cdc-nhanes,lab-and-dietary,DRXFCD_F.htm,text/html,200,"US Government Work (17 USC 105), public domain unless noted",NHANES codebook for DRXFCD_F.xpt
https://wwwn.cdc.gov/Nchs/Data/Nhanes/Public/2007/DataFiles/DRXFCD_E.xpt,2026-09-14T21:16:55Z,45ce671e91b3db1de54b34fb52a5fb9dd1bd9be1eb19ca4180f8c453343cd729,1924640,cdc-nhanes,lab-and-dietary,DRXFCD_E.xpt,text/plain,200,"US Government Work (17 USC 105), public domain unless noted",NHANES Dietary 2007-2008: Dietary Interview Technical Support File - Food Codes
https://wwwn.cdc.gov/Nchs/Data/Nhanes/Public/2007/DataFiles/DRXFCD_E.htm,2026-09-14T21:16:55Z,5f9225a264cfaff792679874561a449b69396ffbf18dbf9774ac875c2adec5cc,106532,cdc-nhanes,lab-and-dietary,DRXFCD_E.htm,text/html,200,"US Government Work (17 USC 105), public domain unless noted",NHANES codebook for DRXFCD_E.xpt
https://wwwn.cdc.gov/Nchs/Data/Nhanes/Public/2011/DataFiles/DRXFCD_G.xpt,2026-09-14T21:16:56Z,85baa08f9048e6fe37132268239ea00e13d409f4b187a783d821b3c9b7e4ba79,2195200,cdc-nhanes,lab-and-dietary,DRXFCD_G.xpt,text/plain,200,"US Government Work (17 USC 105), public domain unless noted",NHANES Dietary 2011-2012: Dietary Interview Technical Support File - Food Codes
https://wwwn.cdc.gov/Nchs/Data/Nhanes/Public/2011/DataFiles/DRXFCD_G.htm,2026-09-14T21:16:56Z,73f11fc03a1ac00ebafe6e3a3eee11333f6c7cd514eb2671754df92d01fa3d97,114657,cdc-nhanes,lab-and-dietary,DRXFCD_G.htm,text/html,200,"US Government Work (17 USC 105), public domain unless noted",NHANES codebook for DRXFCD_G.xpt
https://wwwn.cdc.gov/Nchs/Data/Nhanes/Public/2005/DataFiles/DRXFCD_D.xpt,2026-09-14T21:16:57Z,2a540b6508cb68cb5c46943038f2e414b685863669c6f6e6f4e144cf855f04bb,1856080,cdc-nhanes,lab-and-dietary,DRXFCD_D.xpt,text/plain,200,"US Government Work (17 USC 105), public domain unless noted",NHANES Dietary 2005-2006: Dietary Interview Technical Support File - Food Codes
https://wwwn.cdc.gov/Nchs/Data/Nhanes/Public/2005/DataFiles/DRXFCD_D.htm,2026-09-14T21:16:57Z,38e36484e778ed3dd372561a65c22774c9f5abc05b26919aa1b1fae70b4eeec8,371428,cdc-nhanes,lab-and-dietary,DRXFCD_D.htm,text/html,200,"US Government Work (17 USC 105), public domain unless noted",NHANES codebook for DRXFCD_D.xpt
https://wwwn.cdc.gov/Nchs/Data/Nhanes/Public/2013/DataFiles/DRXFCD_H.xpt,2026-09-14T21:16:59Z,55d80e980daec183fd4815d8f0b907065996b6aa4b68dc5e4b51f8ba6f9729ee,2288880,cdc-nhanes,lab-and-dietary,DRXFCD_H.xpt,text/plain,200,"US Government Work (17 USC 105), public domain unless noted",NHANES Dietary 2013-2014: Dietary Interview Technical Support File - Food Codes
https://wwwn.cdc.gov/Nchs/Data/Nhanes/Public/2013/DataFiles/DRXFCD_H.htm,2026-09-14T21:16:59Z,41d17177bfcd336b9756c25b1c1b495080036946350a69c798d91bbfc0e3407c,106734,cdc-nhanes,lab-and-dietary,DRXFCD_H.htm,text/html,200,"US Government Work (17 USC 105), public domain unless noted",NHANES codebook for DRXFCD_H.xpt
https://wwwn.cdc.gov/Nchs/Data/Nhanes/Public/2015/DataFiles/DRXFCD_I.xpt,2026-09-14T21:17:00Z,3ea8b5d3fff62e86633f83cd7721345fc38e556072b75a5672052b36a2dfb282,2191120,cdc-nhanes,lab-and-dietary,DRXFCD_I.xpt,text/plain,200,"US Government Work (17 USC 105), public domain unless noted",NHANES Dietary 2015-2016: Dietary Interview Technical Support File - Food Codes
https://wwwn.cdc.gov/Nchs/Data/Nhanes/Public/2015/DataFiles/DRXFCD_I.htm,2026-09-14T21:17:00Z,212cac53ee29b2fe227dbdbcfa883e9228369c5b5a651ae0ad7dbd8e5a079b8c,105176,cdc-nhanes,lab-and-dietary,DRXFCD_I.htm,text/html,200,"US Government Work (17 USC 105), public domain unless noted",NHANES codebook for DRXFCD_I.xpt
https://wwwn.cdc.gov/Nchs/Data/Nhanes/Public/2017/DataFiles/DRXFCD_J.xpt,2026-09-14T21:17:01Z,583e6e2153af1f200388371317b3866f02ca6ab66a16c2aba7c0614bad1f9a03,2891120,cdc-nhanes,lab-and-dietary,DRXFCD_J.xpt,text/plain,200,"US Government Work (17 USC 105), public domain unless noted",NHANES Dietary 2017-2018: Dietary Interview Technical Support File - Food Codes
https://wwwn.cdc.gov/Nchs/Data/Nhanes/Public/2017/DataFiles/DRXFCD_J.htm,2026-09-14T21:17:01Z,01ea2bb8cb432531c418828c8fd75f9c8d5c1f57721d3b6ab626ec833630d0cb,100091,cdc-nhanes,lab-and-dietary,DRXFCD_J.htm,text/html,200,"US Government Work (17 USC 105), public domain unless noted",NHANES codebook for DRXFCD_J.xpt
https://wwwn.cdc.gov/Nchs/Data/Nhanes/Public/2017/DataFiles/P_DRXFCD.xpt,2026-09-14T21:17:03Z,36b15b43b89bbc71dcc8c7ca9e5e0a870d7e259e06c2673bf6d9361902bc46d2,4974080,cdc-nhanes,lab-and-dietary,P_DRXFCD.xpt,text/plain,200,"US Government Work (17 USC 105), public domain unless noted",NHANES Dietary 2017-2020: Dietary Interview Technical Support File - Food Codes
https://wwwn.cdc.gov/Nchs/Data/Nhanes/Public/2017/DataFiles/P_DRXFCD.htm,2026-09-14T21:17:03Z,843a6424d07c34bb74c1281720ed2e1385e1dceae69ff748680bce3d4de851e9,109037,cdc-nhanes,lab-and-dietary,P_DRXFCD.htm,text/html,200,"US Government Work (17 USC 105), public domain unless noted",NHANES codebook for P_DRXFCD.xpt
https://wwwn.cdc.gov/Nchs/Data/Nhanes/Public/2021/DataFiles/DRXFCD_L.xpt,2026-09-14T21:17:04Z,1101ce9dd5b58f138a4f44c14de39925664dda401588c130f5281ad289dfa34c,1457040,cdc-nhanes,lab-and-dietary,DRXFCD_L.xpt,text/plain,200,"US Government Work (17 USC 105), public domain unless noted",NHANES Dietary 2021-2023: Dietary Interview Technical Support File - Food Codes
https://wwwn.cdc.gov/Nchs/Data/Nhanes/Public/2021/DataFiles/DRXFCD_L.htm,2026-09-14T21:17:04Z,a4dd7d4f3f0aadaaa5d14bca85e4d93f6c2e29904f5f093d7ba706753d3136ac,106996,cdc-nhanes,lab-and-dietary,DRXFCD_L.htm,text/html,200,"US Government Work (17 USC 105), public domain unless noted",NHANES codebook for DRXFCD_L.xpt
https://wwwn.cdc.gov/Nchs/Data/Nhanes/Public/2009/DataFiles/DRXMCD_F.xpt,2026-09-14T21:17:05Z,04e99d9d690b5e3cd009344d9436322729fda663b0dd83a8f10446ac3d65aa41,360880,cdc-nhanes,lab-and-dietary,DRXMCD_F.xpt,text/plain,200,"US Government Work (17 USC 105), public domain unless noted",NHANES Dietary 2009-2010: Dietary Interview Technical Support File - Modification Codes
https://wwwn.cdc.gov/Nchs/Data/Nhanes/Public/2009/DataFiles/DRXMCD_F.htm,2026-09-14T21:17:05Z,24948f8e3c3eb7c956d3733cf24ae027d0fb96f8cba579f91bdc9abdfe07d66e,102992,cdc-nhanes,lab-and-dietary,DRXMCD_F.htm,text/html,200,"US Government Work (17 USC 105), public domain unless noted",NHANES codebook for DRXMCD_F.xpt
https://wwwn.cdc.gov/Nchs/Data/Nhanes/Public/2007/DataFiles/DRXMCD_E.xpt,2026-09-14T21:17:06Z,570b7b0e1b0347fa47a064150f45156af0c6580f5bc05e9dd1bea53ba54da83d,334880,cdc-nhanes,lab-and-dietary,DRXMCD_E.xpt,text/plain,200,"US Government Work (17 USC 105), public domain unless noted",NHANES Dietary 2007-2008: Dietary Interview Technical Support File - Modification Codes
https://wwwn.cdc.gov/Nchs/Data/Nhanes/Public/2007/DataFiles/DRXMCD_E.htm,2026-09-14T21:17:06Z,c61cce4b327a46fb19225b3e74318e8164b44c0e966d31ba4d1707a590d8efe8,104810,cdc-nhanes,lab-and-dietary,DRXMCD_E.htm,text/html,200,"US Government Work (17 USC 105), public domain unless noted",NHANES codebook for DRXMCD_E.xpt
https://wwwn.cdc.gov/Nchs/Data/Nhanes/Public/2011/DataFiles/DRXMCD_G.xpt,2026-09-14T21:17:07Z,2da1f72ff295a8eb722b120a29652929a28ed94e3df729b641bf6d2bd58b6d5d,239200,cdc-nhanes,lab-and-dietary,DRXMCD_G.xpt,text/plain,200,"US Government Work (17 USC 105), public domain unless noted",NHANES Dietary 2011-2012: Dietary Interview Technical Support File - Modification Codes
https://wwwn.cdc.gov/Nchs/Data/Nhanes/Public/2011/DataFiles/DRXMCD_G.htm,2026-09-14T21:17:07Z,45acaf097f82e2e2ed8e3a091139f6ae7f864e1cca342517be247d7ab81fc859,112935,cdc-nhanes,lab-and-dietary,DRXMCD_G.htm,text/html,200,"US Government Work (17 USC 105), public domain unless noted",NHANES codebook for DRXMCD_G.xpt
https://wwwn.cdc.gov/Nchs/Data/Nhanes/Public/2005/DataFiles/DRXMCD_D.xpt,2026-09-14T21:17:08Z,c67ea210ba6ef69b85c008148cd5546b022164a664c51f1a0f126c186f4349cf,323280,cdc-nhanes,lab-and-dietary,DRXMCD_D.xpt,text/plain,200,"US Government Work (17 USC 105), public domain unless noted",NHANES Dietary 2005-2006: Dietary Interview Technical Support File - Modification Codes
https://wwwn.cdc.gov/Nchs/Data/Nhanes/Public/2005/DataFiles/DRXMCD_D.htm,2026-09-14T21:17:08Z,375596847a763ffe2bff679a1d7a69d2833edd5346574de55c676b04545ab394,369700,cdc-nhanes,lab-and-dietary,DRXMCD_D.htm,text/html,200,"US Government Work (17 USC 105), public domain unless noted",NHANES codebook for DRXMCD_D.xpt
https://wwwn.cdc.gov/Nchs/Data/Nhanes/Public/2003/DataFiles/DRXMCD_C.xpt,2026-09-14T21:17:09Z,ac696bcfe7c1d6d4b3dddab1775ad58a6cd3a12f6c8f370b3d63c23522461e48,286640,cdc-nhanes,lab-and-dietary,DRXMCD_C.xpt,text/plain,200,"US Government Work (17 USC 105), public domain unless noted",NHANES Dietary 2003-2004: Dietary Interview Technical Support File - Modification Codes
https://wwwn.cdc.gov/Nchs/Data/Nhanes/Public/2003/DataFiles/DRXMCD_C.htm,2026-09-14T21:17:09Z,9d822542890081daae63f523615fba1ae4d2546fd83c02711fa7c81a8cbfda2c,8207,cdc-nhanes,lab-and-dietary,DRXMCD_C.htm,text/html,200,"US Government Work (17 USC 105), public domain unless noted",NHANES codebook for DRXMCD_C.xpt
https://www.waterqualitydata.us/data/Result/search,2026-09-14T21:18:06Z,c132c7d6ce881b0f9588e56e0579e799b0ca45f4dc785b0b5e5ff1077a269749,82765808,epa-usgs-wqp,pesticide-water-quality,wqp_results_Diuron.csv,text/csv;charset=UTF-8,200,Public domain (federal) / varies by contributing state agency,"WQP Result records for Diuron, sample date >= 01-01-2000"
https://www.waterqualitydata.us/data/Station/search,2026-09-14T21:18:12Z,68d621cc8639573f8728d07d777be95634e229ce93fcbebaa36088bb3b2153b5,2019151,epa-usgs-wqp,pesticide-water-quality,wqp_stations_Glyphosate.csv,text/csv;charset=UTF-8,200,"US Government Work (17 USC 105), public domain unless noted",WQP monitoring locations sampled for Glyphosate
https://www.waterqualitydata.us/data/Station/search,2026-09-14T21:18:42Z,3f1560ab4dc5629ff7c1ff4766a3e7d0f1e3668e2257e434b6869919f1cc3368,12210645,epa-usgs-wqp,pesticide-water-quality,wqp_stations_Atrazine.csv,text/csv;charset=UTF-8,200,"US Government Work (17 USC 105), public domain unless noted",WQP monitoring locations sampled for Atrazine
https://www.waterqualitydata.us/data/Station/search,2026-09-14T21:19:07Z,62fcc82e71c2714416afd182f7321e316969d912174bca7510f73d285632327e,9759667,epa-usgs-wqp,pesticide-water-quality,wqp_stations_Chlorpyrifos.csv,text/csv;charset=UTF-8,200,"US Government Work (17 USC 105), public domain unless noted",WQP monitoring locations sampled for Chlorpyrifos
https://www.fda.gov/media/159745/download,2026-09-14T21:20:21Z,ba1f8c1ed5a35fe4faef6e48db6c4490d88405739a4480e623fdbc3097e9f1ef,2932818,fda,total-diet-study,FY2018-FY2020__media159745,application/pdf,200,"US Government Work (17 USC 105), public domain unless noted",TDS: FY2018-FY2020 (direct from agency)
https://www.fda.gov/media/159751/download,2026-09-14T21:20:22Z,7bd1a43ea706715b7f450d2756592fdd403635cd73ea0693505280b2f3e3f985,2809588,fda,total-diet-study,FY2018-FY2020_TDS_Elements_Report_Supplement_Summary_of__media159751,application/pdf,200,"US Government Work (17 USC 105), public domain unless noted",TDS: FY2018-FY2020 TDS Elements Report Supplement: Summary of Analytical Results (in PDF) (direct from agency)
https://www.fda.gov/media/159749/download,2026-09-14T21:20:23Z,f9f35ff6ab3fb9dc2dcd2b403c8279c0794463cf971787a97c393493d48aea19,389586,fda,total-diet-study,in_Excel__media159749,application/vnd.openxmlformats-officedocument.spreadsheetml.sheet,200,"US Government Work (17 USC 105), public domain unless noted",TDS: (in Excel) (direct from agency)
https://www.fda.gov/media/174923/download,2026-09-14T21:20:24Z,8266c851a74ce470ae0a87c5ab127793ec0f0d84019a3beaec3ce183c3148be2,1799479,fda,total-diet-study,FY2018-FY2020__media174923,application/pdf,200,"US Government Work (17 USC 105), public domain unless noted",TDS: FY2018-FY2020 (direct from agency)
https://www.fda.gov/media/159746/download,2026-09-14T21:20:25Z,07f188430292d93f403d45a9c1698452fb782137119e240ae27d5cd2c174294b,106116,fda,total-diet-study,FY18-FY20_Elements_Data_Key__media159746,application/pdf,200,"US Government Work (17 USC 105), public domain unless noted",TDS: FY18-FY20 Elements Data Key (direct from agency)
https://www.fda.gov/media/174924/download,2026-09-14T21:20:26Z,d17c4fb85bd13371009840c024f4c4817a0659dc170e1473a528182787c0d289,105026,fda,total-diet-study,FY18-FY20_Radionuclides_Data_Key__media174924,application/pdf,200,"US Government Work (17 USC 105), public domain unless noted",TDS: FY18-FY20 Radionuclides Data Key (direct from agency)
https://www.fda.gov/media/159750/download,2026-09-14T21:20:27Z,e358bdff4203eba66825edb8cc131669cdc3205cce752c2e898b5a2aa9e6c46c,6262478,fda,total-diet-study,FY2018-FY2020nbspAnalytical_Results__media159750,text/plain; charset=UTF-8,200,"US Government Work (17 USC 105), public domain unless noted",TDS: FY2018-FY2020&nbsp;Analytical Results (direct from agency)
https://www.fda.gov/media/174926/download,2026-09-14T21:20:28Z,b8f49d5200c7f2f24f4f20585af41d8cc2837d6a82a06d67e1766286cbb883cb,391849,fda,total-diet-study,FY2018-FY2020_Analytical_Results__media174926,text/plain; charset=UTF-8,200,"US Government Work (17 USC 105), public domain unless noted",TDS: FY2018-FY2020 Analytical Results (direct from agency)
=======
https://www.fda.gov/media/117090/download,2026-09-14T21:17:47Z,,0,fda,pesticide-residue-monitoring,Chemical2016.zip,text/html; charset=UTF-8,401,"US Government Work (17 USC 105), public domain unless noted",FAILED: FDA FY2016 residue monitoring: Chemical2016.zip (direct from agency)
https://www.fda.gov/media/117091/download,2026-09-14T21:19:24Z,,0,fda,pesticide-residue-monitoring,CountryProductResidue2016.zip,text/html; charset=UTF-8,401,"US Government Work (17 USC 105), public domain unless noted",FAILED: FDA FY2016 residue monitoring: CountryProductResidue2016.zip (direct from agency)
https://www.fda.gov/media/117091/download,2026-09-14T21:21:51Z,,0,fda,pesticide-residue-monitoring,CountryProductResidue2016.zip,,CDX_LOOKUP_FAILED,US Government Work (17 USC 105),RETRYABLE: capture index unreachable (CDX unreachable after 5 attempts: HTTP 503). FDA FY2016: CountryProductResidue2016.zip
https://www.fda.gov/media/130291/download,2026-09-14T21:21:56Z,,0,fda,pesticide-residue-monitoring,AnnualReport2017.pdf,text/html; charset=UTF-8,401,"US Government Work (17 USC 105), public domain unless noted",FAILED: FDA FY2017 residue monitoring: 2017 Report (PDF: 576 KB) (direct from agency)
https://www.fda.gov/media/130339/download,2026-09-14T21:23:03Z,,0,fda,pesticide-residue-monitoring,SampleData2017.zip,text/html; charset=UTF-8,401,"US Government Work (17 USC 105), public domain unless noted",FAILED: FDA FY2017 residue monitoring: SampleData2017.zip (direct from agency)
https://www.fda.gov/media/130340/download,2026-09-14T21:24:03Z,,0,fda,pesticide-residue-monitoring,Product2017.zip,text/html; charset=UTF-8,401,"US Government Work (17 USC 105), public domain unless noted",FAILED: FDA FY2017 residue monitoring: Product2017.zip (direct from agency)
https://www.fda.gov/media/130290/download,2026-09-14T21:24:27Z,,0,fda,pesticide-residue-monitoring,UsersManual2017.pdf,text/html; charset=UTF-8,401,"US Government Work (17 USC 105), public domain unless noted",FAILED: FDA FY2017 residue monitoring: User's Manual (direct from agency)
https://www.fda.gov/media/130290/download,2026-09-14T21:25:53Z,,0,fda,pesticide-residue-monitoring,UsersManual2017.pdf,,CDX_LOOKUP_FAILED,US Government Work (17 USC 105),RETRYABLE: capture index unreachable (CDX unreachable after 5 attempts: HTTP 503). FDA FY2017: User's Manual
https://www.fda.gov/media/140802/download,2026-09-14T21:25:54Z,,0,fda,pesticide-residue-monitoring,AnnualReport2018.pdf,text/html; charset=UTF-8,401,"US Government Work (17 USC 105), public domain unless noted",FAILED: FDA FY2018 residue monitoring: 2018 Report (PDF: 595 KB) (direct from agency)
https://web.archive.org/web/20201113191647id_/https://www.fda.gov/media/140802/download,2026-09-14T21:26:34Z,204fa7a4a9a3fb32ae745b947eb26e6a37f3b9ccfd49b76f3527bf6bc5108d0d,609644,fda,pesticide-residue-monitoring,AnnualReport2018.pdf,application/pdf,200,"US Government Work (17 USC 105), public domain unless noted",VIA_WAYBACK capture=20201113191647 original_url=https://www.fda.gov/media/140802/download (agency edge returns 401 to this network). FDA FY2018: 2018 Report (PDF: 595 KB)
https://www.fda.gov/media/140803/download,2026-09-14T21:26:36Z,,0,fda,pesticide-residue-monitoring,UsersManual2018.pdf,text/html; charset=UTF-8,401,"US Government Work (17 USC 105), public domain unless noted",FAILED: FDA FY2018 residue monitoring: User's Manual (direct from agency)
https://web.archive.org/web/20201127042950id_/https://www.fda.gov/media/140803/download,2026-09-14T21:27:14Z,95acbbc48d00feb1596e6919e268665389b6d6fc4433f8b4e4d4c11df4ef91ad,159061,fda,pesticide-residue-monitoring,UsersManual2018.pdf,application/pdf,200,"US Government Work (17 USC 105), public domain unless noted",VIA_WAYBACK capture=20201127042950 original_url=https://www.fda.gov/media/140803/download (agency edge returns 401 to this network). FDA FY2018: User's Manual
https://www.fda.gov/media/140801/download,2026-09-14T21:27:16Z,,0,fda,pesticide-residue-monitoring,SampleData2018.zip,text/html; charset=UTF-8,401,"US Government Work (17 USC 105), public domain unless noted",FAILED: FDA FY2018 residue monitoring: SampleData2018.zip (direct from agency)
https://www.fda.gov/media/140801/download,2026-09-14T21:28:41Z,,0,fda,pesticide-residue-monitoring,SampleData2018.zip,,CDX_LOOKUP_FAILED,US Government Work (17 USC 105),RETRYABLE: capture index unreachable (CDX unreachable after 5 attempts: HTTP 503). FDA FY2018: SampleData2018.zip
https://www.fda.gov/media/140797/download,2026-09-14T21:28:45Z,,0,fda,pesticide-residue-monitoring,Chemical2018.zip,text/html; charset=UTF-8,401,"US Government Work (17 USC 105), public domain unless noted",FAILED: FDA FY2018 residue monitoring: Chemical2018.zip (direct from agency)
https://www.fda.gov/media/140798/download,2026-09-14T21:29:51Z,,0,fda,pesticide-residue-monitoring,CountryProductResidue2018.zip,text/html; charset=UTF-8,401,"US Government Work (17 USC 105), public domain unless noted",FAILED: FDA FY2018 residue monitoring: CountryProductResidue2018.zip (direct from agency)
https://www.fda.gov/media/140800/download,2026-09-14T21:31:30Z,,0,fda,pesticide-residue-monitoring,ReferenceFiles2018.zip,text/html; charset=UTF-8,401,"US Government Work (17 USC 105), public domain unless noted",FAILED: FDA FY2018 residue monitoring: ReferenceFiles2018.zip (direct from agency)
https://www.fda.gov/media/140800/download,2026-09-14T21:33:51Z,,0,fda,pesticide-residue-monitoring,ReferenceFiles2018.zip,,CDX_LOOKUP_FAILED,US Government Work (17 USC 105),RETRYABLE: capture index unreachable (CDX unreachable after 5 attempts: HTTP 503). FDA FY2018: ReferenceFiles2018.zip
https://www.fda.gov/media/153145/download,2026-09-14T21:33:54Z,,0,fda,pesticide-residue-monitoring,UsersManual2019.pdf,text/html; charset=UTF-8,401,"US Government Work (17 USC 105), public domain unless noted",FAILED: FDA FY2019 residue monitoring: User's Manual (direct from agency)
https://www.fda.gov/media/153145/download,2026-09-14T21:35:20Z,,0,fda,pesticide-residue-monitoring,UsersManual2019.pdf,,CDX_LOOKUP_FAILED,US Government Work (17 USC 105),RETRYABLE: capture index unreachable (CDX unreachable after 5 attempts: HTTP 503). FDA FY2019: User's Manual
https://www.fda.gov/media/153148/download,2026-09-14T21:35:27Z,,0,fda,pesticide-residue-monitoring,CountryProductResidue2019.zip,text/html; charset=UTF-8,401,"US Government Work (17 USC 105), public domain unless noted",FAILED: FDA FY2019 residue monitoring: CountryProductResidue2019.zip (direct from agency)
>>>>>>> Stashed changes
https://www.nrcs.usda.gov/sites/default/files/2026-02/2022%20NRI%20Summary%20Report.pdf,2026-09-14T21:36:19Z,5aa1b976a225772166322b2f0f392648f8061222d5ddad277ce2ac4ef322c58c,12666474,usda-nrcs,nri,2022_NRI_Summary_Report.pdf,,200,"US Government Work (17 USC 105), public domain unless noted",direct from agency via wget. 2022 NRI Summary Report (Sept 2025) -- erosion by state/year and erosion relative to T. Direct from agency via wget; the sole Internet Archive capture is truncated at 5 MiB.
